food_id,food_name_original,food_name_normalized,source,source_url,category_original,category_normalized,water_g,energy_kcal,protein_g,fat_g,carbohydrate_g,fiber_g,ash_g,calcium_mg,phosphorus_mg,iron_mg,sodium_mg,potassium_mg,copper_mg,zinc_mg,retinol_mcg,beta_carotene_mcg,carotene_total_mcg,vitamin_a_mcg,vitamin_b1_mg,vitamin_b2_mg,niacin_mg,vitamin_c_mg,edible_portion_percent,unit_basis,scraped_at,cleaned_at,missing_nutrient_count,completeness_score,notes
tkpi_0001,"Beras giling, mentah (Rice, raw)","beras giling, mentah (rice, raw)",TKPI,https://www.panganku.org/id-ID/view,Serealia,serealia,,357.0,8.4,1.7,77.1,0.2,0.8,147.0,81.0,1.8,27.0,71.0,0.1,0.5,0.0,0.0,0.0,,0.2,0.08,2.6,0.0,,per 100g,2026-07-01T04:14:08.471742Z,2026-07-01T04:14:08.471742Z,3,0.8696,
tkpi_0002,"Beras giling var pelita, mentah (Rice, raw)","beras giling var pelita, mentah (rice, raw)",TKPI,https://www.panganku.org/id-ID/view,Serealia,serealia,,369.0,9.5,1.4,77.1,0.4,0.6,68.0,171.0,1.4,34.0,0.0,0.0,0.0,0.0,0.0,0.0,,0.26,0.0,0.0,0.0,,per 100g,2026-07-01T04:14:08.471742Z,2026-07-01T04:14:08.471742Z,3,0.8696,
tkpi_0003,"Beras giling var rojolele, mentah (Rice. Raw)","beras giling var rojolele, mentah (rice. raw)",TKPI,https://www.panganku.org/id-ID/view,Serealia,serealia,12.0,357.0,8.4,1.7,77.1,0.2,0.8,147.0,81.0,1.8,34.0,112.9,0.14,0.1,,0.0,80.0,,0.2,0.02,1.5,0.0,,per 100g,2026-07-01T04:14:08.471742Z,2026-07-01T04:14:08.471742Z,3,0.8696,
tkpi_0004,"Beras hitam, mentah (Rice, raw)","beras hitam, mentah (rice, raw)",TKPI,https://www.panganku.org/id-ID/view,Serealia,serealia,12.9,351.0,8.0,1.3,76.9,20.1,0.9,6.0,198.0,0.1,15.0,105.0,0.1,1.6,0.0,0.0,0.0,,0.21,0.06,0.0,0.0,,per 100g,2026-07-01T04:14:08.471742Z,2026-07-01T04:14:08.471742Z,2,0.913,
tkpi_0005,"Beras jagung kuning, kering, mentah (Corn, yellow","beras jagung kuning, kering, mentah (corn, yellow",TKPI,https://www.panganku.org/id-ID/view,Serealia,serealia,10.8,358.0,5.5,0.1,82.7,10.0,0.9,20.0,90.0,1.4,1.0,80.0,0.1,4.1,,641.0,,,0.12,0.08,1.0,3.0,,per 100g,2026-07-01T04:14:08.471742Z,2026-07-01T04:14:08.471742Z,4,0.8261,
tkpi_0006,"Beras jagung putih, kering, mentah (Corn, white, died, crushed, raw)","beras jagung putih, kering, mentah (corn, white, died, crushed, raw)",TKPI,https://www.panganku.org/id-ID/view,Serealia,serealia,22.5,307.0,4.8,0.1,71.8,10.0,0.8,17.0,78.0,1.2,1.0,70.0,0.1,3.5,,301.0,,,0.15,0.07,0.9,0.0,,per 100g,2026-07-01T04:14:08.471742Z,2026-07-01T04:14:08.471742Z,4,0.8261,
tkpi_0007,"Beras ketan hitam tumbuk, mentah (Glutinous rice, black, husk,raw)","beras ketan hitam tumbuk, mentah (glutinous rice, black, husk,raw)",TKPI,https://www.panganku.org/id-ID/view,Serealia,serealia,13.7,360.0,8.0,2.3,74.5,1.0,1.5,10.0,347.0,6.2,11.0,288.0,0.28,2.2,0.0,0.0,0.0,,0.24,0.1,2.0,0.0,,per 100g,2026-07-01T04:14:08.471742Z,2026-07-01T04:14:08.471742Z,2,0.913,
tkpi_0008,"Beras ketan putih tumbuk, mentah (Glutinous rice, white, husk,raw)","beras ketan putih tumbuk, mentah (glutinous rice, white, husk,raw)",TKPI,https://www.panganku.org/id-ID/view,Serealia,serealia,12.9,361.0,7.4,0.8,78.4,0.4,0.5,13.0,157.0,3.4,3.0,282.0,0.28,2.2,0.0,0.0,0.0,,0.28,0.0,1.4,0.0,,per 100g,2026-07-01T04:14:08.471742Z,2026-07-01T04:14:08.471742Z,2,0.913,
tkpi_0009,"Beras ladang, mentah (Rice, raw)","beras ladang, mentah (rice, raw)",TKPI,https://www.panganku.org/id-ID/view,Serealia,serealia,9.8,376.0,7.5,3.8,78.0,5.9,0.9,20.0,110.0,0.8,10.0,70.0,0.1,1.4,0.0,0.0,,,0.2,0.2,5.1,0.0,,per 100g,2026-07-01T04:14:08.471742Z,2026-07-01T04:14:08.471742Z,3,0.8696,
tkpi_0010,"Beras menir, mentah (Rice, crushed, raw)","beras menir, mentah (rice, crushed, raw)",TKPI,https://www.panganku.org/id-ID/view,Serealia,serealia,12.0,362.0,7.7,4.4,73.0,0.2,0.2,22.0,272.0,3.7,90.0,201.0,0.1,0.5,0.0,0.0,,,0.55,0.0,1.9,0.0,,per 100g,2026-07-01T04:14:08.471742Z,2026-07-01T04:14:08.471742Z,3,0.8696,
tkpi_0011,"Beras parboiled (Rice, parboiled)","beras parboiled (rice, parboiled)",TKPI,https://www.panganku.org/id-ID/view,Serealia,serealia,10.0,353.0,6.8,0.6,80.0,0.5,2.5,5.0,142.0,0.8,2.0,46.0,0.28,1.0,0.0,0.0,,,0.22,0.11,3.4,0.0,,per 100g,2026-07-01T04:14:08.471742Z,2026-07-01T04:14:08.471742Z,3,0.8696,
tkpi_0012,"Beras tumbuk, mentah (Rice with husk, raw)","beras tumbuk, mentah (rice with husk, raw)",TKPI,https://www.panganku.org/id-ID/view,Serealia,serealia,11.5,354.0,7.8,0.4,79.9,3.8,0.4,3.0,112.0,0.6,5.0,85.0,0.5,1.5,0.0,0.0,,,0.25,0.22,5.1,0.0,,per 100g,2026-07-01T04:14:08.471742Z,2026-07-01T04:14:08.471742Z,3,0.8696,
tkpi_0013,"Beras tumbuk merah, mentah (Rice, brown with husk, raw)","beras tumbuk merah, mentah (rice, brown with husk, raw)",TKPI,https://www.panganku.org/id-ID/view,Serealia,serealia,14.6,352.0,7.3,0.9,76.2,0.8,1.0,15.0,257.0,4.2,10.0,202.0,0.36,1.9,0.0,0.0,0.0,,0.34,0.0,3.3,0.0,,per 100g,2026-07-01T04:14:08.471742Z,2026-07-01T04:14:08.471742Z,2,0.913,
tkpi_0014,"Cantel, mentah (Sorghum, raw)","cantel, mentah (sorghum, raw)",TKPI,https://www.panganku.org/id-ID/view,Serealia,serealia,11.0,366.0,11.0,3.3,73.0,1.2,1.7,28.0,287.0,4.4,7.0,249.0,,,0.0,0.0,,,0.09,0.14,2.8,0.0,,per 100g,2026-07-01T04:14:08.471742Z,2026-07-01T04:14:08.471742Z,5,0.7826,
tkpi_0015,"Jagung muda, kuning, mentah (Corn,baby, yellow, raw)","jagung muda, kuning, mentah (corn,baby, yellow, raw)",TKPI,https://www.panganku.org/id-ID/view,Serealia,serealia,61.8,147.0,5.1,0.7,31.5,1.3,0.9,6.0,122.0,1.1,5.0,33.6,0.13,0.9,0.0,113.0,261.0,,0.24,0.1,0.8,9.0,,per 100g,2026-07-01T04:14:08.471742Z,2026-07-01T04:14:08.471742Z,2,0.913,
tkpi_0016,"Jagung kuning pipil, kering, mentah (Corn, yellow, raw)","jagung kuning pipil, kering, mentah (corn, yellow, raw)",TKPI,https://www.panganku.org/id-ID/view,Serealia,serealia,11.5,366.0,9.8,7.3,69.1,2.2,2.4,30.0,538.0,2.3,5.0,79.4,0.1,4.1,,636.0,641.0,,0.12,0.12,1.8,3.0,,per 100g,2026-07-01T04:14:08.471742Z,2026-07-01T04:14:08.471742Z,3,0.8696,
tkpi_0017,"Jagung pipil var. harapan, kering (Corn, dried, raw)","jagung pipil var. harapan, kering (corn, dried, raw)",TKPI,https://www.panganku.org/id-ID/view,Serealia,serealia,11.3,367.0,6.2,5.1,76.2,2.6,1.2,7.0,354.0,2.8,1.0,79.6,0.1,4.1,,637.0,385.0,,0.19,0.08,1.0,0.0,,per 100g,2026-07-01T04:14:08.471742Z,2026-07-01T04:14:08.471742Z,3,0.8696,
tkpi_0018,"Jagung pipil var. metro, kering (Corn, dried, raw)","jagung pipil var. metro, kering (corn, dried, raw)",TKPI,https://www.panganku.org/id-ID/view,Serealia,serealia,10.6,368.0,5.5,4.6,78.0,2.9,1.3,7.0,300.0,2.4,1.0,80.2,0.1,4.1,,642.0,554.0,,0.16,0.08,1.0,0.0,,per 100g,2026-07-01T04:14:08.471742Z,2026-07-01T04:14:08.471742Z,3,0.8696,
tkpi_0019,"Jali, mentah (Job's tear/adlay, raw)","jali, mentah (jobs tear/adlay, raw)",TKPI,https://www.panganku.org/id-ID/view,Serealia,serealia,23.0,324.0,11.0,4.0,61.0,3.1,1.0,213.0,176.0,11.0,24.0,,0.1,0.4,,,,,0.14,0.08,1.8,0.0,,per 100g,2026-07-01T04:14:08.471742Z,2026-07-01T04:14:08.471742Z,6,0.7391,
tkpi_0020,"Jawawut, mentah (Italian millet, raw)","jawawut, mentah (italian millet, raw)",TKPI,https://www.panganku.org/id-ID/view,Serealia,serealia,11.9,364.0,9.7,3.5,73.4,8.2,1.5,28.0,311.0,5.3,7.0,255.1,0.45,1.5,,33.0,,,0.33,0.28,4.5,,,per 100g,2026-07-01T04:14:08.471742Z,2026-07-01T04:14:08.471742Z,5,0.7826,
tkpi_0021,"Jampang huma, mentah (Ragi millet, raw)","jampang huma, mentah (ragi millet, raw)",TKPI,https://www.panganku.org/id-ID/view,Serealia,serealia,11.7,350.0,6.2,1.4,78.2,1.7,2.5,329.0,254.0,5.3,53.0,396.7,0.7,1.6,,33.0,,,0.51,0.3,0.7,0.0,,per 100g,2026-07-01T04:14:08.471742Z,2026-07-01T04:14:08.471742Z,4,0.8261,
tkpi_0022,Nasi,nasi,TKPI,https://www.panganku.org/id-ID/view,Serealia,serealia,56.7,180.0,3.0,0.3,39.8,0.2,0.2,25.0,27.0,0.4,1.0,38.0,0.1,0.6,0.0,0.0,,,0.05,0.1,2.6,0.0,,per 100g,2026-07-01T04:14:08.471742Z,2026-07-01T04:14:08.471742Z,3,0.8696,
tkpi_0023,Nasi tim,nasi tim,TKPI,https://www.panganku.org/id-ID/view,Serealia,serealia,71.0,120.0,2.4,0.4,26.0,0.5,0.2,3.0,7.0,0.4,0.0,23.9,0.1,0.4,,0.0,,,0.1,0.0,1.4,0.0,,per 100g,2026-07-01T04:14:08.471742Z,2026-07-01T04:14:08.471742Z,4,0.8261,
tkpi_0024,Tapai beras,tapai beras,TKPI,https://www.panganku.org/id-ID/view,Serealia,serealia,75.5,99.0,1.7,0.3,22.4,0.0,0.1,4.0,19.0,0.0,26.0,2.0,0.1,0.5,0.0,0.0,0.0,,0.0,0.0,0.0,0.0,,per 100g,2026-07-01T04:14:08.471742Z,2026-07-01T04:14:08.471742Z,2,0.913,Nasi yang difermentasi 2-3 hari dengan ragi dibungkus daun pisang
tkpi_0025,"Tepung beras, mentah","tepung beras, mentah",TKPI,https://www.panganku.org/id-ID/view,Serealia,serealia,12.0,353.0,7.0,0.5,80.0,2.4,0.5,5.0,140.0,0.8,5.0,241.0,0.1,0.8,0.0,0.0,0.0,,0.12,0.1,1.2,0.0,,per 100g,2026-07-01T04:14:08.471742Z,2026-07-01T04:14:08.471742Z,2,0.913,
tkpi_0026,Nasi beras merah,nasi beras merah,TKPI,https://www.panganku.org/id-ID/view,Serealia,serealia,64.0,149.0,2.8,0.4,32.5,0.3,0.3,6.0,63.0,0.8,5.0,91.4,0.2,0.9,0.0,0.0,0.0,,0.06,0.0,1.6,0.0,,per 100g,2026-07-01T04:14:08.471742Z,2026-07-01T04:14:08.471742Z,2,0.913,
tkpi_0027,"Bihun, mentah","bihun, mentah",TKPI,https://www.panganku.org/id-ID/view,Serealia,serealia,12.9,348.0,4.7,0.1,82.1,1.2,0.2,6.0,35.0,1.8,12.0,5.0,0.08,0.7,0.0,0.0,0.0,,0.0,0.0,0.2,0.0,,per 100g,2026-07-01T04:14:08.471742Z,2026-07-01T04:14:08.471742Z,2,0.913,
tkpi_0028,Bihun goreng instan,bihun goreng instan,TKPI,https://www.panganku.org/id-ID/view,Serealia,serealia,9.0,381.0,6.1,3.9,80.3,,0.7,266.0,151.0,2.9,928.0,,,,58.0,,400.0,,0.37,,,0.0,,per 100g,2026-07-01T04:14:08.471742Z,2026-07-01T04:14:08.471742Z,9,0.6087,
tkpi_0029,"Bihun Jagung, mentah","bihun jagung, mentah",TKPI,https://www.panganku.org/id-ID/view,Serealia,serealia,11.3,354.0,0.5,0.3,87.4,3.0,0.5,13.0,111.0,0.6,49.0,1.4,0.4,0.0,,0.0,0.0,,0.02,0.02,0.3,0.0,,per 100g,2026-07-01T04:14:08.471742Z,2026-07-01T04:14:08.471742Z,3,0.8696,"Bihun, produk setengah jadi berbahan dasar tepung jagung"
tkpi_0030,Nasi jagung,nasi jagung,TKPI,https://www.panganku.org/id-ID/view,Serealia,serealia,11.0,357.0,8.8,0.5,79.5,6.2,0.3,5.0,43.0,0.6,2.0,30.4,0.1,0.3,,0.0,0.0,,0.3,0.02,0.1,0.0,,per 100g,2026-07-01T04:14:08.471742Z,2026-07-01T04:14:08.471742Z,3,0.8696,Nasi yang berasal dari beras berbahan dasar jagung pipil
tkpi_0031,"Jagung muda, rebus","jagung muda, rebus",TKPI,https://www.panganku.org/id-ID/view,Serealia,serealia,53.2,142.0,5.0,0.7,30.3,0.8,0.8,5.0,105.0,0.8,5.0,24.3,0.2,0.9,,145.0,225.0,,0.15,0.0,0.7,0.0,,per 100g,2026-07-01T04:14:08.471742Z,2026-07-01T04:14:08.471742Z,3,0.8696,
tkpi_0032,"Jagung kuning, tepung","jagung kuning, tepung",TKPI,https://www.panganku.org/id-ID/view,Serealia,serealia,12.0,355.0,9.2,3.9,73.7,7.2,1.2,10.0,256.0,2.4,11.0,24.4,0.23,1.7,,0.0,510.0,,0.38,0.02,0.3,,,per 100g,2026-07-01T04:14:08.471742Z,2026-07-01T04:14:08.471742Z,4,0.8261,
tkpi_0033,"Jagung kuning pipil, rebus","jagung kuning pipil, rebus",TKPI,https://www.panganku.org/id-ID/view,Serealia,serealia,63.7,154.0,3.8,3.5,28.4,0.7,0.6,7.0,171.0,0.5,5.0,56.4,0.1,4.4,,818.0,234.0,,0.08,0.1,1.7,0.0,,per 100g,2026-07-01T04:14:08.471742Z,2026-07-01T04:14:08.471742Z,3,0.8696,
tkpi_0034,Tepung jagung putih,tepung jagung putih,TKPI,https://www.panganku.org/id-ID/view,Serealia,serealia,12.0,355.0,9.2,3.9,73.7,7.2,1.2,10.0,256.0,2.4,11.0,24.4,0.23,1.7,,0.0,0.0,,0.38,0.02,0.3,,,per 100g,2026-07-01T04:14:08.471742Z,2026-07-01T04:14:08.471742Z,4,0.8261,
tkpi_0035,Ketupat ketan,ketupat ketan,TKPI,https://www.panganku.org/id-ID/view,Serealia,serealia,52.0,212.0,4.0,4.6,38.6,0.2,0.9,8.0,46.0,1.0,,,,,0.0,0.0,0.0,,0.07,,0.2,0.0,,per 100g,2026-07-01T04:14:08.471742Z,2026-07-01T04:14:08.471742Z,7,0.6957,
tkpi_0036,"Ketan hitam, matang","ketan hitam, matang",TKPI,https://www.panganku.org/id-ID/view,Serealia,serealia,56.9,181.0,4.0,1.2,37.3,0.3,0.6,9.0,144.0,1.7,9.0,18.4,0.1,0.7,0.0,0.0,0.0,,0.06,0.0,0.5,0.0,,per 100g,2026-07-01T04:14:08.471742Z,2026-07-01T04:14:08.471742Z,2,0.913,
tkpi_0037,Tapai ketan hitam,tapai ketan hitam,TKPI,https://www.panganku.org/id-ID/view,Serealia,serealia,50.2,166.0,3.8,1.0,34.4,0.3,0.6,8.0,106.0,1.6,5.0,12.0,,,,,0.0,,0.02,,,0.0,,per 100g,2026-07-01T04:14:08.471742Z,2026-07-01T04:14:08.471742Z,8,0.6522,Ketan hitam matang yang difermentasi 2-3 hari dengan ragi dibungkus daun pisang
tkpi_0038,"Ketan putih, matang","ketan putih, matang",TKPI,https://www.panganku.org/id-ID/view,Serealia,serealia,60.7,163.0,3.0,0.4,35.7,0.2,0.2,4.0,55.0,0.7,8.0,16.8,0.1,0.7,0.0,0.0,0.0,,0.07,0.0,0.5,0.0,,per 100g,2026-07-01T04:14:08.471742Z,2026-07-01T04:14:08.471742Z,2,0.913,
tkpi_0039,Tapai ketan putih,tapai ketan putih,TKPI,https://www.panganku.org/id-ID/view,Serealia,serealia,58.9,172.0,3.0,0.5,37.5,0.6,0.1,6.0,35.0,0.5,1.0,,,,0.0,0.0,0.0,,0.04,0.0,0.2,0.0,,per 100g,2026-07-01T04:14:08.471742Z,2026-07-01T04:14:08.471742Z,5,0.7826,Ketan putih matang  yang difermentasi 2-3 hari dengan ragi dibungkus daun pisang
tkpi_0040,"Maizena, tepung","maizena, tepung",TKPI,https://www.panganku.org/id-ID/view,Serealia,serealia,14.0,341.0,0.3,0.0,85.0,7.0,0.7,20.0,30.0,1.5,6.0,9.0,0.22,1.6,0.0,0.0,0.0,,0.0,0.09,1.3,0.0,,per 100g,2026-07-01T04:14:08.471742Z,2026-07-01T04:14:08.471742Z,2,0.913,
tkpi_0041,"Makaroni, mentah","makaroni, mentah",TKPI,https://www.panganku.org/id-ID/view,Serealia,serealia,11.7,353.0,8.7,0.4,78.7,4.9,2.5,20.0,80.0,0.3,5.0,0.0,0.28,1.4,,,0.0,,0.1,0.13,2.2,0.0,,per 100g,2026-07-01T04:14:08.471742Z,2026-07-01T04:14:08.471742Z,4,0.8261,
tkpi_0042,Mi basah,mi basah,TKPI,https://www.panganku.org/id-ID/view,Serealia,serealia,80.0,88.0,0.6,3.3,14.0,0.1,2.1,14.0,13.0,6.8,63.0,13.5,0.06,0.4,,0.0,,,0.0,0.0,0.0,0.0,,per 100g,2026-07-01T04:14:08.471742Z,2026-07-01T04:14:08.471742Z,4,0.8261,
tkpi_0043,Mi kering,mi kering,TKPI,https://www.panganku.org/id-ID/view,Serealia,serealia,10.6,339.0,10.0,1.7,6.3,0.4,1.4,31.0,143.0,3.9,760.0,83.0,0.29,1.9,,,0.0,,0.0,0.08,2.2,0.0,,per 100g,2026-07-01T04:14:08.471742Z,2026-07-01T04:14:08.471742Z,4,0.8261,
tkpi_0044,Misoa,misoa,TKPI,https://www.panganku.org/id-ID/view,Serealia,serealia,10.0,345.0,8.5,2.2,78.0,0.5,1.3,52.0,120.0,8.7,3.064,44.0,0.08,0.0,0.0,0.0,0.0,,0.0,0.02,0.2,0.0,,per 100g,2026-07-01T04:14:08.471742Z,2026-07-01T04:14:08.471742Z,2,0.913,"Seperti mie, bentuk pipih"
tkpi_0045,Roti putih,roti putih,TKPI,https://www.panganku.org/id-ID/view,Serealia,serealia,40.0,248.0,8.0,1.2,50.0,9.1,0.8,10.0,95.0,1.5,530.0,91.0,0.15,0.9,0.0,0.0,0.0,,0.1,0.29,2.4,0.0,,per 100g,2026-07-01T04:14:08.471742Z,2026-07-01T04:14:08.471742Z,2,0.913,
tkpi_0046,Tepung terigu,tepung terigu,TKPI,https://www.panganku.org/id-ID/view,Serealia,serealia,11.8,333.0,9.0,1.0,77.2,0.3,1.0,22.0,150.0,1.3,2.0,0.0,0.0,2.8,0.0,0.0,0.0,,0.1,0.07,1.0,0.0,,per 100g,2026-07-01T04:14:08.471742Z,2026-07-01T04:14:08.471742Z,2,0.913,
tkpi_0047,Amparan tatak,amparan tatak,TKPI,https://www.panganku.org/id-ID/view,Serealia,serealia,58.4,191.0,1.3,5.5,34.0,,0.8,,,,,,,,,,,,,,,,,per 100g,2026-07-01T04:14:08.471742Z,2026-07-01T04:14:08.471742Z,17,0.2609,"Seperti kue talam. Berbahan dasar tepung beras, santan, dan pisang"
tkpi_0048,"Apang kukus, kue","apang kukus, kue",TKPI,https://www.panganku.org/id-ID/view,Serealia,serealia,49.5,202.0,3.0,0.3,46.7,,0.5,,,,,,,,,,,,,,,,,per 100g,2026-07-01T04:14:08.471742Z,2026-07-01T04:14:08.471742Z,17,0.2609,"Seperti kue mangkok. Berbahan dasar tepung beras, santan dan gula merah yang diolah dengan cara di kukus"
tkpi_0049,"Apem, kue","apem, kue",TKPI,https://www.panganku.org/id-ID/view,Serealia,serealia,63.1,148.0,2.0,0.5,33.9,,0.5,,,,,,,,,,,,,,,,,per 100g,2026-07-01T04:14:08.471742Z,2026-07-01T04:14:08.471742Z,17,0.2609,"Seperti kue mangkok. Berbahan dasar tepung beras, santan dan gula merah yang diolah dengan cara di kukus"
tkpi_0050,Biskuit,biskuit,TKPI,https://www.panganku.org/id-ID/view,Serealia,serealia,2.2,458.0,6.9,14.4,75.1,2.1,1.4,62.0,87.0,2.7,241.0,20.3,0.16,0.6,0.0,14.0,,,0.09,0.15,1.4,0.0,,per 100g,2026-07-01T04:14:08.471742Z,2026-07-01T04:14:08.471742Z,3,0.8696,
tkpi_0051,"Bakpia, kue","bakpia, kue",TKPI,https://www.panganku.org/id-ID/view,Serealia,serealia,38.9,272.0,8.7,6.7,44.1,0.9,1.6,194.0,117.0,4.5,,,,,,,1.392,,0.31,1.0,2.9,0.0,,per 100g,2026-07-01T04:14:08.471742Z,2026-07-01T04:14:08.471742Z,8,0.6522,
tkpi_0052,Bakwan,bakwan,TKPI,https://www.panganku.org/id-ID/view,Serealia,serealia,40.5,280.0,8.2,10.2,39.0,3.4,2.1,204.0,79.0,7.0,,,,,0.0,,0.0,,0.08,,,0.0,,per 100g,2026-07-01T04:14:08.471742Z,2026-07-01T04:14:08.471742Z,9,0.6087,Di Jawa Barat disebut bala-bala; di Jawa Timur disebut ote-ote. Berbahan dasar campuran tepung terigu dan sayuran yang diolah dengan cara di goreng
tkpi_0053,Bantal,bantal,TKPI,https://www.panganku.org/id-ID/view,Serealia,serealia,52.3,190.0,3.3,0.3,43.5,3.4,0.6,9.0,0.0,0.4,164.0,84.0,0.2,0.9,,,,,0.27,0.02,3.6,,,per 100g,2026-07-01T04:14:08.471742Z,2026-07-01T04:14:08.471742Z,6,0.7391,Jajanan dari ketan dan kacang tolo dibungkus daun kelapa diolah dengan cara dikukus. (Lontong ketan dan kacang)
tkpi_0054,Baruasa,baruasa,TKPI,https://www.panganku.org/id-ID/view,Serealia,serealia,5.3,417.0,6.5,8.2,79.3,,0.7,,,,,,,,,,,,,,,,,per 100g,2026-07-01T04:14:08.471742Z,2026-07-01T04:14:08.471742Z,17,0.2609,"Kue kering berbahan dasar tepung beras, gula pasir, telur, kelapa parut diolah dengan cara dipanggang"
tkpi_0055,Batar daan,batar daan,TKPI,https://www.panganku.org/id-ID/view,Serealia,serealia,75.3,107.0,2.2,2.2,19.6,,0.7,20.0,30.0,0.6,200.0,90.0,0.1,,,,,,0.18,0.02,,,,per 100g,2026-07-01T04:14:08.471742Z,2026-07-01T04:14:08.471742Z,9,0.6087,"Semacam bubur jagung yang dilengkapi dengan campuran daging, kacang tanah, sayuran, dan belimbing"
tkpi_0056,Bika ambon,bika ambon,TKPI,https://www.panganku.org/id-ID/view,Serealia,serealia,51.5,199.0,2.1,1.5,44.4,0.3,0.6,45.0,28.0,1.8,,,,,0.0,,408.0,,0.1,,0.0,0.0,,per 100g,2026-07-01T04:14:08.471742Z,2026-07-01T04:14:08.471742Z,8,0.6522,"Kue basah berbahan dasar tepung terigu, tepung tapioka, ragi, gula pasir, telur, santan diolah dengan cara dipanggang"
tkpi_0057,Bingka,bingka,TKPI,https://www.panganku.org/id-ID/view,Serealia,serealia,44.4,273.0,5.3,10.6,39.1,,0.6,,,,,,,,,,,,,,,,,per 100g,2026-07-01T04:14:08.471742Z,2026-07-01T04:14:08.471742Z,17,0.2609,"Seperti kue lumpur. Berbahan dasar tepung terigu, kentang, telur, santan, gula, garam"
tkpi_0058,Bobengka,bobengka,TKPI,https://www.panganku.org/id-ID/view,Serealia,serealia,46.3,225.0,5.3,2.6,45.2,,0.6,,,,,,,,,,,,,,,,,per 100g,2026-07-01T04:14:08.471742Z,2026-07-01T04:14:08.471742Z,17,0.2609,"Berbahan dasar tepung terigu, gula merah/gula kelapa,kenari yang diolah dengan cara dipanggang"
tkpi_0059,Bolu peca,bolu peca,TKPI,https://www.panganku.org/id-ID/view,Serealia,serealia,55.6,197.0,3.3,4.6,35.6,,0.9,,0.0,0.0,0.0,0.0,,,,,,,,0.0,0.0,0.0,,per 100g,2026-07-01T04:14:08.471742Z,2026-07-01T04:14:08.471742Z,10,0.5652,Berbahan dasar tepung terigu atau tepung ketan dengan gula merah yang diolah dengan cara dikukus
tkpi_0060,Brem,brem,TKPI,https://www.panganku.org/id-ID/view,Serealia,serealia,37.4,249.0,3.4,0.4,58.0,0.0,0.9,198.0,86.0,2.0,,,,,0.0,,240.0,,0.34,0.0,0.0,0.0,,per 100g,2026-07-01T04:14:08.471742Z,2026-07-01T04:14:08.471742Z,7,0.6957,Sari dari fermentasi ketan hitam atau ketan putih
tkpi_0061,Bubur tinotuan (Manado),bubur tinotuan (manado),TKPI,https://www.panganku.org/id-ID/view,Serealia,serealia,80.9,156.0,2.3,0.2,15.6,8.2,1.0,41.0,20.0,0.4,486.0,164.0,0.3,0.4,,1.437,,,0.1,0.04,,15.0,,per 100g,2026-07-01T04:14:08.471742Z,2026-07-01T04:14:08.471742Z,5,0.7826,"Bubur berisi beras, singkong, jagung, labu kuning, kangkung, daun gedi, daun leilem, daun kemangi."
tkpi_0062,Cake tape,cake tape,TKPI,https://www.panganku.org/id-ID/view,Serealia,serealia,32.2,323.0,4.9,11.5,50.1,1.4,1.4,131.0,83.0,2.6,,,,,26.0,,1.872,,0.38,0.16,0.3,0.0,,per 100g,2026-07-01T04:14:08.471742Z,2026-07-01T04:14:08.471742Z,7,0.6957,
tkpi_0063,Cangkuning,cangkuning,TKPI,https://www.panganku.org/id-ID/view,Serealia,serealia,57.5,204.0,2.8,7.5,31.4,,0.8,,,,,,,,,,,,,,,,,per 100g,2026-07-01T04:14:08.471742Z,2026-07-01T04:14:08.471742Z,17,0.2609,Seperti kue bugis. Berbahan dasar tepung ketan hitam
tkpi_0064,Dodol bali,dodol bali,TKPI,https://www.panganku.org/id-ID/view,Serealia,serealia,26.5,298.0,3.7,2.1,65.9,0.4,1.8,70.0,76.0,2.5,,,,,0.0,0.0,496.0,,0.28,,2.5,0.0,,per 100g,2026-07-01T04:14:08.471742Z,2026-07-01T04:14:08.471742Z,7,0.6957,"Bahan dasar terdir dari tepung beras ketan, kacang tanah, gula merah, gula pasir, santan, dengan kemasan daun jagung"
tkpi_0065,Dodol galamai,dodol galamai,TKPI,https://www.panganku.org/id-ID/view,Serealia,serealia,16.5,348.0,0.4,3.8,76.1,0.5,1.2,41.0,144.0,2.6,38.0,76.0,0.3,2.1,0.0,0.0,0.0,,0.03,0.06,1.8,0.0,,per 100g,2026-07-01T04:14:08.471742Z,2026-07-01T04:14:08.471742Z,2,0.913,"Bahan dasar terdiri dari Tepung beras ketan, gula, dan santan"
tkpi_0066,Dodol kedondong,dodol kedondong,TKPI,https://www.panganku.org/id-ID/view,Serealia,serealia,26.4,331.0,1.9,7.6,63.8,1.0,0.4,90.0,55.0,2.3,,,,,0.0,,408.0,,0.11,,0.8,5.0,,per 100g,2026-07-01T04:14:08.471742Z,2026-07-01T04:14:08.471742Z,8,0.6522,"Bahan dasar terdiri dari Tepung beras ketan, gula , santan, kedondong"
tkpi_0067,Dodol manado,dodol manado,TKPI,https://www.panganku.org/id-ID/view,Serealia,serealia,26.1,373.0,4.3,16.5,51.9,0.4,1.2,41.0,142.0,2.4,35.0,72.0,0.3,2.1,0.0,0.0,0.0,,0.04,0.06,2.1,0.0,,per 100g,2026-07-01T04:14:08.471742Z,2026-07-01T04:14:08.471742Z,2,0.913,"Nama lainnya adalah Dodol amuran. Bahan dasar terdiri dari Tepung ketan putih, gula, santan, kenari atau kacang lainnya"
tkpi_0068,Emping beras,emping beras,TKPI,https://www.panganku.org/id-ID/view,Serealia,serealia,13.6,403.0,10.6,2.2,85.3,0.2,1.9,11.0,240.0,0.3,1.0,113.0,0.3,2.4,,,0.0,,0.0,0.16,,0.0,,per 100g,2026-07-01T04:14:08.471742Z,2026-07-01T04:14:08.471742Z,5,0.7826,Beras disangrai kemudian ditumbuk dengan alu di dalam lesung kayu. Makanan ini dihidangkan dengan cara digoreng dicampur kelapa dan gula merah
tkpi_0069,Gemblong,gemblong,TKPI,https://www.panganku.org/id-ID/view,Serealia,serealia,36.2,274.0,1.7,5.4,55.5,2.2,1.2,69.0,55.0,3.3,,,,,0.0,0.0,0.0,,0.0,,,0.0,,per 100g,2026-07-01T04:14:08.471742Z,2026-07-01T04:14:08.471742Z,8,0.6522,"Bahan dasar terdiri dari beras ketan, kelapa, gula merah"
tkpi_0070,Gendar goreng,gendar goreng,TKPI,https://www.panganku.org/id-ID/view,Serealia,serealia,30.4,407.0,6.4,28.2,32.0,0.1,3.0,216.0,62.0,1.6,,,,,0.0,,184.0,,0.16,0.0,0.6,0.0,,per 100g,2026-07-01T04:14:08.471742Z,2026-07-01T04:14:08.471742Z,7,0.6957,Kerupuk dari nasi/beras
tkpi_0071,Intip goreng,intip goreng,TKPI,https://www.panganku.org/id-ID/view,Serealia,serealia,6.5,474.0,7.6,21.6,62.3,1.2,2.0,36.0,64.0,2.5,0.0,38.0,0.05,0.5,,0.0,200.0,,0.25,0.03,0.8,0.0,,per 100g,2026-07-01T04:14:08.471742Z,2026-07-01T04:14:08.471742Z,3,0.8696,Nasi kering dengan gula merah
tkpi_0072,Jagung gerontol,jagung gerontol,TKPI,https://www.panganku.org/id-ID/view,Serealia,serealia,61.7,156.0,2.7,1.3,33.3,1.0,0.8,51.0,105.0,1.2,,,,,0.0,,162.0,,0.08,0.0,0.0,0.0,,per 100g,2026-07-01T04:14:08.471742Z,2026-07-01T04:14:08.471742Z,7,0.6957,"Pipil jagung kering direbus disajikan dengan kelapa parut, gula pasir, dan garam"
tkpi_0073,Jagung titi,jagung titi,TKPI,https://www.panganku.org/id-ID/view,Serealia,serealia,9.2,374.0,9.4,2.2,79.1,0.8,0.1,14.0,142.0,2.9,,,9.0,,,,11.507,,0.2,,,,,per 100g,2026-07-01T04:14:08.471742Z,2026-07-01T04:14:08.471742Z,10,0.5652,Jagung pipil disangrai kemudian dipipihkan
tkpi_0074,Japilus,japilus,TKPI,https://www.panganku.org/id-ID/view,Serealia,serealia,3.8,500.0,1.2,25.1,67.3,0.4,2.7,186.0,29.0,4.9,,,,,0.0,,0.0,,0.17,0.03,0.4,0.0,,per 100g,2026-07-01T04:14:08.471742Z,2026-07-01T04:14:08.471742Z,7,0.6957,
tkpi_0075,Kakicak,kakicak,TKPI,https://www.panganku.org/id-ID/view,Serealia,serealia,43.9,296.0,3.4,15.1,36.7,,0.9,,,,,,,,,,,,,,,,,per 100g,2026-07-01T04:14:08.471742Z,2026-07-01T04:14:08.471742Z,17,0.2609,"nama lain hintakungkaruang, seperti candil berbahan dasar tepung ketan, terigu dan gula merah"
tkpi_0076,Kambose,kambose,TKPI,https://www.panganku.org/id-ID/view,Serealia,serealia,61.5,164.0,3.0,2.4,32.6,4.3,0.7,16.0,36.0,0.7,0.0,32.0,0.1,1.6,0.0,256.0,,,0.1,0.1,0.4,,,per 100g,2026-07-01T04:14:08.471742Z,2026-07-01T04:14:08.471742Z,4,0.8261,Jagung pipil direbus
tkpi_0077,Kapusa,kapusa,TKPI,https://www.panganku.org/id-ID/view,Serealia,serealia,63.5,158.0,4.4,3.2,27.8,5.3,1.0,79.0,115.0,1.2,104.0,149.0,0.5,1.1,0.0,1.374,,,0.06,0.05,0.1,0.0,,per 100g,2026-07-01T04:14:08.471742Z,2026-07-01T04:14:08.471742Z,3,0.8696,Jagung pipil direbus dengan santan bersama kacang merah
tkpi_0078,Keddo bodong,keddo bodong,TKPI,https://www.panganku.org/id-ID/view,Serealia,serealia,33.9,290.0,4.6,5.7,55.2,,0.6,,,,,,,,,,,,,,,,,per 100g,2026-07-01T04:14:08.471742Z,2026-07-01T04:14:08.471742Z,17,0.2609,
tkpi_0079,"Kelepon, kue","kelepon, kue",TKPI,https://www.panganku.org/id-ID/view,Serealia,serealia,49.6,215.0,3.7,3.7,41.8,1.0,1.2,232.0,45.0,3.3,,,,,0.0,,872.0,,0.09,0.07,0.2,0.0,,per 100g,2026-07-01T04:14:08.471742Z,2026-07-01T04:14:08.471742Z,7,0.6957,"Bahan dasar terdiri dari Tepung beras/ketan, parutan kelapa, gula merah (bentuk bulat hijau isi cairan gula merah)"
tkpi_0080,Kereput,kereput,TKPI,https://www.panganku.org/id-ID/view,Serealia,serealia,3.5,580.0,4.8,39.6,51.1,,1.0,,,,,,,,,,,,,,,,,per 100g,2026-07-01T04:14:08.471742Z,2026-07-01T04:14:08.471742Z,17,0.2609,
tkpi_0081,Ketoprak,ketoprak,TKPI,https://www.panganku.org/id-ID/view,Serealia,serealia,69.1,153.0,7.9,7.7,13.0,2.9,2.6,153.0,134.0,3.4,,,,,3.0,,435.0,,0.05,,,0.0,,per 100g,2026-07-01T04:14:08.471742Z,2026-07-01T04:14:08.471742Z,9,0.6087,"Bahan utama ketupat, tahu goreng, bihun dan tauge yang diseduh, saus kacang"
tkpi_0082,Ketupat kandangan,ketupat kandangan,TKPI,https://www.panganku.org/id-ID/view,Serealia,serealia,78.5,109.0,2.2,5.2,13.4,,0.7,,,,,,,,,,,,,,,,,per 100g,2026-07-01T04:14:08.471742Z,2026-07-01T04:14:08.471742Z,17,0.2609,Ketupat dengan kuah santan dan ayam
tkpi_0083,Koya,koya,TKPI,https://www.panganku.org/id-ID/view,Serealia,serealia,13.2,366.0,4.2,4.3,77.5,0.8,0.8,153.0,222.0,7.0,,,,,0.0,,,,,,,0.0,,per 100g,2026-07-01T04:14:08.471742Z,2026-07-01T04:14:08.471742Z,11,0.5217,Kue kering.  Bahan dasar terdiri dari kacang kedelai sangrai diihaluskan dan dicampur  gula halus kemudian dipanggang.
tkpi_0084,Koya mirasa,koya mirasa,TKPI,https://www.panganku.org/id-ID/view,Serealia,serealia,7.2,370.0,8.0,1.0,82.2,0.4,1.6,83.0,110.0,17.0,,,,,3.0,,144.0,,0.19,0.45,2.6,0.0,,per 100g,2026-07-01T04:14:08.471742Z,2026-07-01T04:14:08.471742Z,7,0.6957,
tkpi_0085,Koyabu,koyabu,TKPI,https://www.panganku.org/id-ID/view,Serealia,serealia,44.2,241.0,3.4,4.3,47.2,,0.9,,,,,,,,,,,,,,,,,per 100g,2026-07-01T04:14:08.471742Z,2026-07-01T04:14:08.471742Z,17,0.2609,"Bahan dasar : tepung ketan putih, kelapa, dan gula merah. Dibungkus dengan daun pandan segitiga dan dikukus"
tkpi_0086,Kue ali,kue ali,TKPI,https://www.panganku.org/id-ID/view,Serealia,serealia,12.8,440.0,3.8,18.5,64.5,0.3,0.4,27.0,47.0,2.5,,,,,0.0,,0.0,,0.13,0.09,0.0,0.0,,per 100g,2026-07-01T04:14:08.471742Z,2026-07-01T04:14:08.471742Z,7,0.6957,Bentuk seperti donat kecil (kue cincin). Bahan dasar terdiri dari tepung beras dan gula merah
tkpi_0087,Kue bangen,kue bangen,TKPI,https://www.panganku.org/id-ID/view,Serealia,serealia,5.6,442.0,3.3,14.7,74.2,,2.2,,,,,,,,,,,,,,,,,per 100g,2026-07-01T04:14:08.471742Z,2026-07-01T04:14:08.471742Z,17,0.2609,
tkpi_0088,Kue gelang,kue gelang,TKPI,https://www.panganku.org/id-ID/view,Serealia,serealia,7.1,448.0,5.8,16.1,70.0,,1.0,,,,,,,,,,,,,,,,,per 100g,2026-07-01T04:14:08.471742Z,2026-07-01T04:14:08.471742Z,17,0.2609,"Bahan dasar terdiri dari Terigu, kacang tanah, gula jawa, santan, kuning telur, bentuk seperti donat"
tkpi_0089,Kue jahe,kue jahe,TKPI,https://www.panganku.org/id-ID/view,Serealia,serealia,3.7,425.0,1.6,8.8,84.6,1.2,1.3,155.0,61.0,4.0,,,,,,,0.0,,0.2,,,0.0,,per 100g,2026-07-01T04:14:08.471742Z,2026-07-01T04:14:08.471742Z,10,0.5652,"Kukis dari terigu, gula merah, jahe"
tkpi_0090,Kue kelapa,kue kelapa,TKPI,https://www.panganku.org/id-ID/view,Serealia,serealia,3.3,591.0,5.6,42.1,47.5,,1.5,32.0,180.0,1.6,33.0,443.0,0.5,1.1,,,,,,,,,,per 100g,2026-07-01T04:14:08.471742Z,2026-07-01T04:14:08.471742Z,10,0.5652,"Kue kering berbahan dasar kelapa parut sangrai dicampur telur, gula halus, mentega dan terigu kemudian dipanggang"
tkpi_0091,Kue koa,kue koa,TKPI,https://www.panganku.org/id-ID/view,Serealia,serealia,14.5,340.0,4.8,0.4,79.3,,1.0,,,,,,,,,,,,,,,,,per 100g,2026-07-01T04:14:08.471742Z,2026-07-01T04:14:08.471742Z,17,0.2609,
tkpi_0092,Kue ku temu,kue ku temu,TKPI,https://www.panganku.org/id-ID/view,Serealia,serealia,46.2,214.0,3.5,0.2,49.6,,0.5,,,,,,,,,,,,,,,,,per 100g,2026-07-01T04:14:08.471742Z,2026-07-01T04:14:08.471742Z,17,0.2609,"Kue basah. Bahan dasar kue: tepung ketan, gula halus, dan pewarna merah. Bahan isi kue: kacang hijau kupas dan gula halus. Diolah dengan cara dikukus"
tkpi_0093,Kue lumpur,kue lumpur,TKPI,https://www.panganku.org/id-ID/view,Serealia,serealia,40.1,291.0,3.6,11.1,44.1,,1.1,96.0,60.0,2.3,,,,,20.0,,400.0,,0.24,,,,,per 100g,2026-07-01T04:14:08.471742Z,2026-07-01T04:14:08.471742Z,11,0.5217,"Bahan dasar terdiri dari Terigu, kentang,  telur, santan diolah dengan cara panggang"
tkpi_0094,Kue pelita,kue pelita,TKPI,https://www.panganku.org/id-ID/view,Serealia,serealia,71.0,141.0,5.3,5.5,17.6,,0.6,,,,,,,,,,,,,,,,,per 100g,2026-07-01T04:14:08.471742Z,2026-07-01T04:14:08.471742Z,17,0.2609,"Bahan dasar terdiri dari Tepung beras, nangka, santan, dan garam seperti talam"
tkpi_0095,Kue putu cangkir,kue putu cangkir,TKPI,https://www.panganku.org/id-ID/view,Serealia,serealia,32.6,304.0,5.3,7.0,54.9,0.9,0.2,18.0,193.0,4.0,,,,,0.0,,0.0,,0.06,,,0.0,,per 100g,2026-07-01T04:14:08.471742Z,2026-07-01T04:14:08.471742Z,9,0.6087,"Bahan dasar terdiri dari Tepung beras, kelapa, gula merah"
tkpi_0096,Kue sus,kue sus,TKPI,https://www.panganku.org/id-ID/view,Serealia,serealia,56.6,221.0,7.5,10.2,24.8,,0.9,105.0,85.0,2.5,,,,,26.0,,1.3,,0.12,,,0.0,,per 100g,2026-07-01T04:14:08.471742Z,2026-07-01T04:14:08.471742Z,10,0.5652,
tkpi_0097,Kue timphan,kue timphan,TKPI,https://www.panganku.org/id-ID/view,Serealia,serealia,43.0,247.0,2.9,4.2,49.5,,0.4,16.0,107.0,1.8,95.0,56.0,1.3,0.8,,,,,0.17,,,,,per 100g,2026-07-01T04:14:08.471742Z,2026-07-01T04:14:08.471742Z,9,0.6087,"Bahan dasar : tepung ketan,santan, isi angka/unti,dll. Dibungkus dengan daun pisang memanjang dan dikukus"
tkpi_0098,Laksa/Putu mayang,laksa/putu mayang,TKPI,https://www.panganku.org/id-ID/view,Serealia,serealia,73.2,121.0,1.7,3.4,21.1,,0.6,,,,,,,,,,,,,,,,,per 100g,2026-07-01T04:14:08.471742Z,2026-07-01T04:14:08.471742Z,17,0.2609,
tkpi_0099,Lapis legit,lapis legit,TKPI,https://www.panganku.org/id-ID/view,Serealia,serealia,21.3,389.0,6.6,15.7,55.5,0.5,0.9,16.0,136.0,1.9,,,,,41.0,,1.032,,0.26,0.09,3.0,0.0,,per 100g,2026-07-01T04:14:08.471742Z,2026-07-01T04:14:08.471742Z,7,0.6957,"Nama lainnya adalah Spekkoek. Sejenis kue berbahan dasar tepung terigu, kuning telur, gula, dan mentega atau margarin. Umumnya berwarna kuning dan coklat."
tkpi_0100,Lupis ketan,lupis ketan,TKPI,https://www.panganku.org/id-ID/view,Serealia,serealia,61.0,164.0,1.8,2.1,34.5,0.7,0.6,119.0,31.0,1.5,,,,,0.0,,0.0,,0.09,0.0,0.2,0.0,,per 100g,2026-07-01T04:14:08.471742Z,2026-07-01T04:14:08.471742Z,7,0.6957,"Bahan dasar terdiri dari Ketan, gula jawa, kelapa"
tkpi_0101,Manan samin,manan samin,TKPI,https://www.panganku.org/id-ID/view,Serealia,serealia,27.1,379.0,3.4,18.1,50.6,,0.8,,,,,,,,,,,,,,,,,per 100g,2026-07-01T04:14:08.471742Z,2026-07-01T04:14:08.471742Z,17,0.2609,Bolu ubi
tkpi_0102,Martabak india,martabak india,TKPI,https://www.panganku.org/id-ID/view,Serealia,serealia,65.8,153.0,4.5,4.2,24.3,,1.2,14.0,108.0,2.4,240.0,112.0,0.4,0.5,,,,,,,,,,per 100g,2026-07-01T04:14:08.471742Z,2026-07-01T04:14:08.471742Z,10,0.5652,"Martabak telur, kuah kari"
tkpi_0103,Martabak mesir,martabak mesir,TKPI,https://www.panganku.org/id-ID/view,Serealia,serealia,40.2,278.0,5.1,8.6,45.0,,1.1,49.0,168.0,3.4,193.0,123.0,0.2,0.9,,,,,,,,,,per 100g,2026-07-01T04:14:08.471742Z,2026-07-01T04:14:08.471742Z,10,0.5652,Martabak telur
tkpi_0104,Masekat,masekat,TKPI,https://www.panganku.org/id-ID/view,Serealia,serealia,15.6,369.0,2.1,7.0,74.1,4.0,0.8,17.0,52.0,0.8,141.0,12.0,0.4,0.3,155.0,,,,,,,,,per 100g,2026-07-01T04:14:08.471742Z,2026-07-01T04:14:08.471742Z,8,0.6522,"Meuseukat./ seperti dodol. Bahan dasar terdiri dari gula, tepung terigu, anans, jeruk peras, mentega."
tkpi_0105,Mie aceh rebus,mie aceh rebus,TKPI,https://www.panganku.org/id-ID/view,Serealia,serealia,74.6,113.0,3.0,3.2,18.1,,1.1,22.0,44.0,1.4,191.0,36.0,0.2,0.3,0.0,0.0,,,0.0,0.0,0.0,0.0,,per 100g,2026-07-01T04:14:08.471742Z,2026-07-01T04:14:08.471742Z,4,0.8261,"Sama dengan mie rebus, tapi berempah (bumbu aceh)"
tkpi_0106,Mie ayam,mie ayam,TKPI,https://www.panganku.org/id-ID/view,Serealia,serealia,78.6,102.0,6.2,3.9,10.5,,0.8,262.0,51.0,1.8,279.0,,,,39.0,,166.0,,0.85,,0.0,0.0,,per 100g,2026-07-01T04:14:08.471742Z,2026-07-01T04:14:08.471742Z,8,0.6522,
tkpi_0107,Mie bakso,mie bakso,TKPI,https://www.panganku.org/id-ID/view,Serealia,serealia,74.5,114.0,5.3,3.0,16.4,0.1,0.8,286.0,53.0,1.9,760.0,,,,17.0,,180.0,,0.16,,,0.0,,per 100g,2026-07-01T04:14:08.471742Z,2026-07-01T04:14:08.471742Z,8,0.6522,
tkpi_0108,Mie celon,mie celon,TKPI,https://www.panganku.org/id-ID/view,Serealia,serealia,75.9,102.0,3.0,2.1,17.8,,1.2,12.0,84.0,1.4,451.0,112.0,0.1,0.5,0.0,0.0,,,0.0,0.0,0.0,0.0,,per 100g,2026-07-01T04:14:08.471742Z,2026-07-01T04:14:08.471742Z,4,0.8261,
tkpi_0109,Mie pangsit basah,mie pangsit basah,TKPI,https://www.panganku.org/id-ID/view,Serealia,serealia,79.2,105.0,5.9,4.9,9.4,,0.7,208.0,48.0,2.0,530.0,,,,25.0,,620.0,,0.46,,,0.0,,per 100g,2026-07-01T04:14:08.471742Z,2026-07-01T04:14:08.471742Z,9,0.6087,Mie ayam dengan pangsit basah
tkpi_0110,Nasi gemuk,nasi gemuk,TKPI,https://www.panganku.org/id-ID/view,Serealia,serealia,61.4,192.0,3.8,8.8,24.4,0.7,1.6,15.0,74.0,1.0,355.0,63.0,0.2,1.4,0.0,0.0,,,0.19,0.05,2.0,0.0,,per 100g,2026-07-01T04:14:08.471742Z,2026-07-01T04:14:08.471742Z,3,0.8696,Nasi berbumbu mirip nasi uduk (beras dan santan)
tkpi_0111,Nasi gurih,nasi gurih,TKPI,https://www.panganku.org/id-ID/view,Serealia,serealia,60.5,190.0,4.7,7.5,26.0,0.7,1.3,12.0,62.0,0.8,296.0,52.0,0.2,1.2,0.0,0.0,,,0.11,0.06,2.1,0.0,,per 100g,2026-07-01T04:14:08.471742Z,2026-07-01T04:14:08.471742Z,3,0.8696,Beras yang dimasak dengan santan
tkpi_0112,Nasi minyak,nasi minyak,TKPI,https://www.panganku.org/id-ID/view,Serealia,serealia,53.3,207.0,3.5,5.0,37.1,0.8,1.1,26.0,100.0,1.5,74.0,174.0,0.2,2.2,0.0,0.0,,,0.14,0.07,2.6,0.0,,per 100g,2026-07-01T04:14:08.471742Z,2026-07-01T04:14:08.471742Z,3,0.8696,Palembang: Nasi dengan minyak samin. Jambi: nasi minyak dimakan dengan kuah kari
tkpi_0113,Nasi rames,nasi rames,TKPI,https://www.panganku.org/id-ID/view,Serealia,serealia,65.8,155.0,10.3,4.2,19.1,,0.6,239.0,62.0,1.8,265.0,,,,96.0,,3.14,,0.59,0.0,,,,per 100g,2026-07-01T04:14:08.471742Z,2026-07-01T04:14:08.471742Z,9,0.6087,Nasi lengkap dengan sayur dan lauknya
tkpi_0114,Nopia spesial,nopia spesial,TKPI,https://www.panganku.org/id-ID/view,Serealia,serealia,11.5,387.0,5.3,7.6,74.3,0.3,1.3,903.0,133.0,4.2,,,,,,,512.0,,0.17,,,0.0,,per 100g,2026-07-01T04:14:08.471742Z,2026-07-01T04:14:08.471742Z,10,0.5652,Kue kering. Bahan dasar terdiri dari Tepung terigu dibentuk bulat diisi gula merah dan dipanggang
tkpi_0115,Onde-onde,onde-onde,TKPI,https://www.panganku.org/id-ID/view,Serealia,serealia,27.7,336.0,4.0,9.8,57.9,,0.6,,,,,,,,,,,,,,,,,per 100g,2026-07-01T04:14:08.471742Z,2026-07-01T04:14:08.471742Z,17,0.2609,"Kue dari tepung ketan, tepung beras, gula pasir, garam, dibentuk bulat diisi kacang hijau, gula pasir, di lumuri biji wijen, dan digoreng"
tkpi_0116,Padamaran,padamaran,TKPI,https://www.panganku.org/id-ID/view,Serealia,serealia,67.6,171.0,3.9,8.9,18.8,,0.8,,,,,,,,,,,,,,,,,per 100g,2026-07-01T04:14:08.471742Z,2026-07-01T04:14:08.471742Z,17,0.2609,"Kue basah berbahan dasar tepung beras, santan, gula merah, air daun suji, dikukus dalam daun pisang"
tkpi_0117,Pastel,pastel,TKPI,https://www.panganku.org/id-ID/view,Serealia,serealia,38.3,307.0,4.5,13.3,42.4,,1.5,296.0,53.0,2.5,,,,,0.0,,5.36,,0.15,,,0.0,,per 100g,2026-07-01T04:14:08.471742Z,2026-07-01T04:14:08.471742Z,10,0.5652,"Kue dengan kulit tepung terigu, diisi sayuran atau soun atau ayam, dan digoreng. Di Makasar dikenal dengan Jalangkote"
tkpi_0118,Pulut,pulut,TKPI,https://www.panganku.org/id-ID/view,Serealia,serealia,49.1,216.0,2.6,3.1,44.4,,0.8,6.0,70.0,3.8,100.0,22.0,0.4,1.3,0.0,0.0,,,0.14,,,,,per 100g,2026-07-01T04:14:08.471742Z,2026-07-01T04:14:08.471742Z,7,0.6957,Bahan dasar terdiri dari Beras ketan putih dengan santan dimasak dengan cara dikukus
tkpi_0119,Pundut nasi,pundut nasi,TKPI,https://www.panganku.org/id-ID/view,Serealia,serealia,77.8,104.0,1.9,4.1,15.1,0.4,1.1,26.0,100.0,1.5,74.0,174.0,0.0,0.0,,,,,,,,,,per 100g,2026-07-01T04:14:08.471742Z,2026-07-01T04:14:08.471742Z,9,0.6087,"Nasi yang dimasak dengan santan dan kelapa parut, sedikit gula pasir"
tkpi_0120,Putri hijau,putri hijau,TKPI,https://www.panganku.org/id-ID/view,Serealia,serealia,54.8,189.0,5.4,2.1,37.2,,0.5,,,,,,,,,,,,,,,,,per 100g,2026-07-01T04:14:08.471742Z,2026-07-01T04:14:08.471742Z,17,0.2609,"Kue basah. Bahan dasar terdiri dari beras ketan putih, santan. Bahan lapisan: telur, gula pasir dan santan. Dikukus"
tkpi_0121,Putri selat,putri selat,TKPI,https://www.panganku.org/id-ID/view,Serealia,serealia,66.6,163.0,2.2,6.5,23.8,,0.9,72.0,3.0,4.0,6.0,68.0,,,0.0,0.0,,,,,,,,per 100g,2026-07-01T04:14:08.471742Z,2026-07-01T04:14:08.471742Z,10,0.5652,"Kue berbahan dasar tepung beras dan sagu, santan, gula pasir, dikukus seperti kue lapis/talam dengan tampilan berwarna-warni"
tkpi_0122,Putu sopa,putu sopa,TKPI,https://www.panganku.org/id-ID/view,Serealia,serealia,50.7,215.0,3.3,4.1,41.1,,0.8,,,,,,,,,,,,,,,,,per 100g,2026-07-01T04:14:08.471742Z,2026-07-01T04:14:08.471742Z,17,0.2609,"(Putu soppa). Bahan dasar terdiri dari Beras ketan, tepung beras diolah dengan cara dikukus dan  diberi kelapa parut"
tkpi_0123,Renggi goreng,renggi goreng,TKPI,https://www.panganku.org/id-ID/view,Serealia,serealia,8.8,471.0,4.7,21.8,64.1,6.4,0.6,4.0,80.0,1.1,126.0,29.0,0.9,1.3,0.0,0.0,0.0,,0.53,0.05,8.2,0.0,,per 100g,2026-07-01T04:14:08.471742Z,2026-07-01T04:14:08.471742Z,2,0.913,"Kerupuk ketan. Nama lain rengginang. Bahan dasar terdiri dari nasi ketan dibentuk bulat tipis yang dikukus, lalu dijemur, dan setelah itu digoreng"
tkpi_0124,Roti boong,roti boong,TKPI,https://www.panganku.org/id-ID/view,Serealia,serealia,34.0,341.0,5.5,16.2,43.3,,1.0,15.0,65.0,1.1,161.0,41.0,,0.9,,,,,0.4,0.3,2.4,0.0,,per 100g,2026-07-01T04:14:08.471742Z,2026-07-01T04:14:08.471742Z,7,0.6957,"Kue seperti donat berbetuk bulat lonjong dengan proses digoreng berbahan dasar tepung terigu, gula pasir, telur ayam, mentega ,air soda dan ragi"
tkpi_0125,Roti warna sawo matang,roti warna sawo matang,TKPI,https://www.panganku.org/id-ID/view,Serealia,serealia,40.0,249.0,7.9,1.5,49.7,,0.9,20.0,140.0,2.5,500.0,91.0,,,0.0,0.0,0.0,,0.15,,,0.0,,per 100g,2026-07-01T04:14:08.471742Z,2026-07-01T04:14:08.471742Z,7,0.6957,
tkpi_0126,Sarimuka,sarimuka,TKPI,https://www.panganku.org/id-ID/view,Serealia,serealia,61.5,166.0,2.3,2.8,32.9,,0.5,36.0,13.0,2.0,3.0,34.0,0.0,0.0,,,,,,,,,,per 100g,2026-07-01T04:14:08.471742Z,2026-07-01T04:14:08.471742Z,10,0.5652,"Kue basah. Bahan dasar terdiri dari beras ketan, gula merah, gula pasir, santan, telur ayam diolah dengan cara dikukus"
tkpi_0127,Spaghetti,spaghetti,TKPI,https://www.panganku.org/id-ID/view,Serealia,serealia,66.1,139.0,7.4,2.1,22.6,,2.1,109.0,53.0,4.7,,,,,42.0,,940.0,,0.35,,,0.0,,per 100g,2026-07-01T04:14:08.471742Z,2026-07-01T04:14:08.471742Z,10,0.5652,Salah satu jenis pasta.  Berbentuk panjang seperti lidi berbahan dasar terigu dan air.
tkpi_0128,Srikaya ketan,srikaya ketan,TKPI,https://www.panganku.org/id-ID/view,Serealia,serealia,41.0,265.0,2.7,6.4,49.1,,0.8,,,,,,,,,,,,,,,,,per 100g,2026-07-01T04:14:08.471742Z,2026-07-01T04:14:08.471742Z,17,0.2609,"Nama lainnya adalah srikaya pulut. Kue kue basah terdiri dari 2 lapisan. Lapisan bawah: Beras ketan dan santan.  Lapisan atas srikaya: telur ayam, terigu, gula pasir, dan santan. Diolah dengan cara dikukus"
tkpi_0129,Sunduk lawang,sunduk lawang,TKPI,https://www.panganku.org/id-ID/view,Serealia,serealia,63.4,181.0,1.9,1.3,32.4,,1.0,,,,,,,,,,,,,,,,,per 100g,2026-07-01T04:14:08.471742Z,2026-07-01T04:14:08.471742Z,17,0.2609,"Kue basah berbahan dasar tepung beras, kanji, gula merah, santan dibungkus daun pisang. Diolah dengan cara dikukus"
tkpi_0130,Suwir-suwir,suwir-suwir,TKPI,https://www.panganku.org/id-ID/view,Serealia,serealia,13.4,347.0,0.5,0.9,84.2,0.8,1.0,42.0,40.0,4.3,,,,,1.0,,240.0,,0.13,,0.9,0.0,,per 100g,2026-07-01T04:14:08.471742Z,2026-07-01T04:14:08.471742Z,8,0.6522,
tkpi_0131,Tipa-tipa,tipa-tipa,TKPI,https://www.panganku.org/id-ID/view,Serealia,serealia,11.3,355.0,6.2,1.2,79.8,1.3,1.5,17.0,328.0,1.6,,,,,0.0,0.0,0.0,,0.26,0.04,1.5,0.0,,per 100g,2026-07-01T04:14:08.471742Z,2026-07-01T04:14:08.471742Z,6,0.7391,Seperti emping beras. Bahan dasar terdiri dari beras dari padi muda disangrai lalu ditumbuk kemudian ditambah kelapa parut dan gula putih
tkpi_0132,Wajit camilan,wajit camilan,TKPI,https://www.panganku.org/id-ID/view,Serealia,serealia,27.1,303.0,6.3,2.7,63.3,6.9,0.6,61.0,302.0,5.5,,,,,0.0,,0.0,,0.03,,,0.0,,per 100g,2026-07-01T04:14:08.471742Z,2026-07-01T04:14:08.471742Z,9,0.6087,"Seperti dodol. Bahan dasar terdiri dari Tepung ketan, gula merah, kelapa dibungkus kulit jagung berbentuk segitiga"
tkpi_0133,Widaran,widaran,TKPI,https://www.panganku.org/id-ID/view,Serealia,serealia,7.0,424.0,1.3,10.7,80.7,0.2,0.3,49.0,88.0,2.5,,,,,21.0,,440.0,,0.13,0.2,2.2,0.0,,per 100g,2026-07-01T04:14:08.471742Z,2026-07-01T04:14:08.471742Z,7,0.6957,"Kue kering dengan rasa manis dan gurih. Bahan dasar terdiri dari  tepung ketan putih, santan, dan telur ayam.  Untuk jenis manis  ditambah gula. Diolah dengan cara digoreng"
tkpi_0134,Wingko babat,wingko babat,TKPI,https://www.panganku.org/id-ID/view,Serealia,serealia,29.7,355.0,3.2,15.1,51.4,2.4,0.7,47.0,63.0,1.1,,,,,0.0,,0.0,,0.08,0.08,0.0,0.0,,per 100g,2026-07-01T04:14:08.471742Z,2026-07-01T04:14:08.471742Z,7,0.6957,"Kue basah berBahan dasar terdiri dari tepung ketan , gula pasir, tepung kanji, santan, parutan kelapa muda. Diolah dengan cara dipanggang"
tkpi_0135,Yangko,yangko,TKPI,https://www.panganku.org/id-ID/view,Serealia,serealia,37.4,254.0,3.0,1.1,58.1,0.8,0.4,184.0,24.0,2.6,,,,,0.0,,96.0,,0.15,,0.0,0.0,,per 100g,2026-07-01T04:14:08.471742Z,2026-07-01T04:14:08.471742Z,8,0.6522,"Bahan dasar terdiri dari Tepung ketan, tepung maizena, santan, pewarna makanan. Bahan isi: kacang tanah, gula pasir. Diolah dengan cara dikukus lalu dibalut tepung gula. Berbentuk kotak dan kenyal"
tkpi_0136,"Arrowroot, segar (Arrowroot, fresh)","arrowroot, segar (arrowroot, fresh)",TKPI,https://www.panganku.org/id-ID/view,Umbi Berpati,umbi berpati,73.5,102.0,1.0,0.2,24.1,1.7,1.2,28.0,35.0,1.7,36.0,626.6,0.2,0.8,0.0,15.0,0.0,,0.06,0.1,2.3,2.0,,per 100g,2026-07-01T04:14:08.471742Z,2026-07-01T04:14:08.471742Z,2,0.913,
tkpi_0137,"Batatas gembili, segar (Lesser yam, fresh)","batatas gembili, segar (lesser yam, fresh)",TKPI,https://www.panganku.org/id-ID/view,Umbi Berpati,umbi berpati,76.7,76.0,1.1,0.9,16.0,4.2,0.7,0.0,40.0,0.2,10.0,200.0,0.2,0.3,0.0,0.0,0.0,,0.06,0.0,0.9,0.0,,per 100g,2026-07-01T04:14:08.471742Z,2026-07-01T04:14:08.471742Z,2,0.913,
tkpi_0138,"Batatas kelapa, ubi, segar","batatas kelapa, ubi, segar",TKPI,https://www.panganku.org/id-ID/view,Umbi Berpati,umbi berpati,76.1,89.0,1.1,0.1,21.0,4.0,0.7,0.0,40.0,0.2,20.0,340.0,0.1,0.2,0.0,0.0,0.0,,0.38,0.0,0.9,0.0,,per 100g,2026-07-01T04:14:08.471742Z,2026-07-01T04:14:08.471742Z,2,0.913,
tkpi_0139,"Belitung, talas, segar (Taro, belitung, steamed)","belitung, talas, segar (taro, belitung, steamed)",TKPI,https://www.panganku.org/id-ID/view,Umbi Berpati,umbi berpati,63.1,145.0,1.2,0.4,34.2,1.5,1.1,26.0,54.0,1.4,6.0,536.1,0.2,0.9,0.0,0.0,0.0,,0.1,0.1,2.3,2.0,,per 100g,2026-07-01T04:14:08.471742Z,2026-07-01T04:14:08.471742Z,2,0.913,
tkpi_0140,"Bengkuang, segar (Yam bean, fresh)","bengkuang, segar (yam bean, fresh)",TKPI,https://www.panganku.org/id-ID/view,Umbi Berpati,umbi berpati,85.1,59.0,1.4,0.2,12.8,1.0,0.5,15.0,18.0,0.6,2.0,244.3,0.1,0.3,,0.0,,,0.04,0.1,0.2,20.0,,per 100g,2026-07-01T04:14:08.471742Z,2026-07-01T04:14:08.471742Z,4,0.8261,
tkpi_0141,"Bentul (Komba),  talas, segar (Taro, bentul, fresh)","bentul (komba), talas, segar (taro, bentul, fresh)",TKPI,https://www.panganku.org/id-ID/view,Umbi Berpati,umbi berpati,75.8,98.0,1.6,0.7,20.9,0.7,1.8,44.0,66.0,1.5,,195.5,0.2,0.6,0.0,0.0,0.0,,0.02,0.1,0.8,0.0,,per 100g,2026-07-01T04:14:08.471742Z,2026-07-01T04:14:08.471742Z,3,0.8696,
tkpi_0142,"Gadeng/Gadung, kering (Asiatic bitter yam, fresh)","gadeng/gadung, kering (asiatic bitter yam, fresh)",TKPI,https://www.panganku.org/id-ID/view,Umbi Berpati,umbi berpati,20.2,322.0,2.4,0.6,76.6,,0.2,39.0,22.0,2.2,5.0,2.0,0.5,0.2,0.0,0.0,0.0,,0.45,0.02,1.0,0.0,,per 100g,2026-07-01T04:14:08.471742Z,2026-07-01T04:14:08.471742Z,3,0.8696,
tkpi_0143,"Gadung, ubi, segar (Asiatic bitter yam, fresh)","gadung, ubi, segar (asiatic bitter yam, fresh)",TKPI,https://www.panganku.org/id-ID/view,Umbi Berpati,umbi berpati,74.4,100.0,0.9,0.3,23.5,2.1,0.9,79.0,66.0,0.9,8.0,687.2,0.2,0.2,0.0,0.0,0.0,,0.23,0.0,0.5,2.0,,per 100g,2026-07-01T04:14:08.471742Z,2026-07-01T04:14:08.471742Z,2,0.913,
tkpi_0144,"Ganyong, segar (Canna, fresh)","ganyong, segar (canna, fresh)",TKPI,https://www.panganku.org/id-ID/view,Umbi Berpati,umbi berpati,79.9,77.0,0.6,0.2,18.4,0.8,0.9,15.0,67.0,1.0,,,,,0.0,0.0,0.0,,0.1,,,9.0,,per 100g,2026-07-01T04:14:08.471742Z,2026-07-01T04:14:08.471742Z,8,0.6522,
tkpi_0145,"Gembili, ubi, segar (Lesser yam, fresh)","gembili, ubi, segar (lesser yam, fresh)",TKPI,https://www.panganku.org/id-ID/view,Umbi Berpati,umbi berpati,66.4,131.0,1.1,0.2,31.3,1.1,1.0,14.0,56.0,0.6,10.0,200.0,0.2,0.3,0.0,0.0,0.0,,0.08,0.0,0.9,4.0,,per 100g,2026-07-01T04:14:08.471742Z,2026-07-01T04:14:08.471742Z,2,0.913,
tkpi_0146,"Hofa/Ubi hutan, segar","hofa/ubi hutan, segar",TKPI,https://www.panganku.org/id-ID/view,Umbi Berpati,umbi berpati,67.9,127.0,1.2,0.5,29.5,3.4,0.9,30.0,8.0,0.7,3.0,4.0,0.1,0.2,0.0,0.0,0.0,,0.3,0.05,0.6,0.0,,per 100g,2026-07-01T04:14:08.471742Z,2026-07-01T04:14:08.471742Z,2,0.913,
tkpi_0147,"Kaburan, ubi, segar (Lesser yam, fresh)","kaburan, ubi, segar (lesser yam, fresh)",TKPI,https://www.panganku.org/id-ID/view,Umbi Berpati,umbi berpati,66.5,133.0,1.0,0.2,32.2,0.7,0.5,65.0,50.0,0.6,10.0,899.2,0.2,0.2,0.0,0.0,0.0,,0.01,0.0,0.3,0.0,,per 100g,2026-07-01T04:14:08.471742Z,2026-07-01T04:14:08.471742Z,2,0.913,
tkpi_0148,"Kentang, segar (Yam, fresh)","kentang, segar (yam, fresh)",TKPI,https://www.panganku.org/id-ID/view,Umbi Berpati,umbi berpati,83.4,62.0,2.1,0.2,13.5,0.5,0.8,63.0,58.0,0.7,7.0,396.0,0.4,0.3,0.0,0.0,0.0,,0.09,0.1,1.0,21.0,,per 100g,2026-07-01T04:14:08.471742Z,2026-07-01T04:14:08.471742Z,2,0.913,
tkpi_0149,"Kentang hitam, segar (Madagascar potato, fresh)","kentang hitam, segar (madagascar potato, fresh)",TKPI,https://www.panganku.org/id-ID/view,Umbi Berpati,umbi berpati,64.0,142.0,0.9,0.4,33.7,5.4,1.0,34.0,75.0,0.2,22.0,890.3,0.9,0.6,,0.0,,,0.02,0.1,2.2,38.0,,per 100g,2026-07-01T04:14:08.471742Z,2026-07-01T04:14:08.471742Z,4,0.8261,
tkpi_0150,"Keribang, ubi, segar","keribang, ubi, segar",TKPI,https://www.panganku.org/id-ID/view,Umbi Berpati,umbi berpati,67.0,137.0,1.3,1.1,29.8,0.6,0.8,45.0,56.0,0.8,10.0,885.8,0.2,0.3,0.0,0.0,0.0,,0.0,0.0,0.7,0.0,,per 100g,2026-07-01T04:14:08.471742Z,2026-07-01T04:14:08.471742Z,2,0.913,
tkpi_0151,"Ketela pohon/ singkong, segar (Cassava, fresh)","ketela pohon/ singkong, segar (cassava, fresh)",TKPI,https://www.panganku.org/id-ID/view,Umbi Berpati,umbi berpati,61.4,154.0,1.0,0.3,36.8,0.9,0.5,77.0,24.0,1.1,2.0,394.0,0.3,0.4,0.0,0.0,0.0,,0.06,0.1,0.5,31.0,,per 100g,2026-07-01T04:14:08.471742Z,2026-07-01T04:14:08.471742Z,2,0.913,
tkpi_0152,Lepok/Ubi rumput,lepok/ubi rumput,TKPI,https://www.panganku.org/id-ID/view,Umbi Berpati,umbi berpati,55.3,181.0,2.8,1.2,39.8,10.7,0.9,7.0,50.0,3.1,116.0,306.0,1.6,0.9,0.0,0.0,0.0,,0.28,0.05,1.5,0.0,,per 100g,2026-07-01T04:14:08.471742Z,2026-07-01T04:14:08.471742Z,2,0.913,
tkpi_0153,"Sagu aren, kering (Sugar palm, dried)","sagu aren, kering (sugar palm, dried)",TKPI,https://www.panganku.org/id-ID/view,Umbi Berpati,umbi berpati,11.9,355.0,0.6,1.1,85.6,0.3,0.8,91.0,167.0,2.2,2.0,200.0,0.0,0.3,,,0.0,,0.04,0.1,0.5,0.0,,per 100g,2026-07-01T04:14:08.471742Z,2026-07-01T04:14:08.471742Z,4,0.8261,
tkpi_0154,"Sagu aren, segar (Sugar palm, fresh)","sagu aren, segar (sugar palm, fresh)",TKPI,https://www.panganku.org/id-ID/view,Umbi Berpati,umbi berpati,42.5,231.0,0.6,0.2,56.6,3.2,0.1,20.0,20.0,0.1,7.0,0.0,0.1,0.1,0.0,,0.0,,0.2,0.0,0.0,0.0,,per 100g,2026-07-01T04:14:08.471742Z,2026-07-01T04:14:08.471742Z,3,0.8696,
tkpi_0155,"Sagu kasbi segar (Cassava  starch, fresh)","sagu kasbi segar (cassava starch, fresh)",TKPI,https://www.panganku.org/id-ID/view,Umbi Berpati,umbi berpati,42.5,230.0,0.6,0.2,56.5,3.0,0.2,20.0,1.0,0.3,100.0,410.0,0.1,0.2,0.0,0.0,0.0,,0.1,0.0,0.0,0.0,,per 100g,2026-07-01T04:14:08.471742Z,2026-07-01T04:14:08.471742Z,2,0.913,
tkpi_0156,Sagu lempeng (Sago palm),sagu lempeng (sago palm),TKPI,https://www.panganku.org/id-ID/view,Umbi Berpati,umbi berpati,13.5,347.0,0.9,0.3,85.2,4.7,0.1,30.0,30.0,0.2,11.0,0.0,0.1,0.1,0.0,0.0,,,0.3,0.0,0.0,0.0,,per 100g,2026-07-01T04:14:08.471742Z,2026-07-01T04:14:08.471742Z,3,0.8696,
tkpi_0157,"Sagu singkong, kering (Cassava, starch, dried)","sagu singkong, kering (cassava, starch, dried)",TKPI,https://www.panganku.org/id-ID/view,Umbi Berpati,umbi berpati,12.0,362.0,0.5,0.3,86.9,,0.3,0.0,0.0,0.0,,,,,,0.0,0.0,,0.0,,,0.0,,per 100g,2026-07-01T04:14:08.471742Z,2026-07-01T04:14:08.471742Z,10,0.5652,
tkpi_0158,"Sente, talas, segar (Giant taro, fresh)","sente, talas, segar (giant taro, fresh)",TKPI,https://www.panganku.org/id-ID/view,Umbi Berpati,umbi berpati,14.0,353.0,0.7,0.2,84.7,6.6,0.4,11.0,13.0,1.5,30.0,694.6,0.6,2.2,,41.0,,,0.05,0.2,2.8,5.0,,per 100g,2026-07-01T04:14:08.471742Z,2026-07-01T04:14:08.471742Z,4,0.8261,
tkpi_0159,"Suweg, talas, segar (Elephant yam)","suweg, talas, segar (elephant yam)",TKPI,https://www.panganku.org/id-ID/view,Umbi Berpati,umbi berpati,80.1,74.0,1.4,0.1,17.2,1.4,1.2,42.0,46.0,1.3,7.0,400.0,0.1,0.1,0.0,24.0,254.0,,0.04,0.0,0.4,2.0,,per 100g,2026-07-01T04:14:08.471742Z,2026-07-01T04:14:08.471742Z,2,0.913,
tkpi_0160,"Talas bogor, segar (Taro, bogor, fresh)","talas bogor, segar (taro, bogor, fresh)",TKPI,https://www.panganku.org/id-ID/view,Umbi Berpati,umbi berpati,72.4,108.0,1.4,0.4,25.0,0.9,0.8,47.0,67.0,0.7,10.0,448.0,0.2,0.7,0.0,0.0,0.0,,0.06,0.07,1.0,4.0,,per 100g,2026-07-01T04:14:08.471742Z,2026-07-01T04:14:08.471742Z,2,0.913,
tkpi_0161,"Talas pontianak, segar (Taro, pontianak, fresh)","talas pontianak, segar (taro, pontianak, fresh)",TKPI,https://www.panganku.org/id-ID/view,Umbi Berpati,umbi berpati,60.0,163.0,2.3,0.5,36.4,0.7,0.9,45.0,80.0,1.7,14.0,323.1,0.3,1.0,0.0,0.0,0.0,,0.02,0.1,1.3,,,per 100g,2026-07-01T04:14:08.471742Z,2026-07-01T04:14:08.471742Z,3,0.8696,
tkpi_0162,"Talas viqueque, segar","talas viqueque, segar",TKPI,https://www.panganku.org/id-ID/view,Umbi Berpati,umbi berpati,70.6,115.0,1.8,0.5,25.9,8.6,1.2,50.0,220.0,0.9,1.0,70.0,0.3,1.0,0.0,0.0,0.0,,0.08,0.1,0.9,,,per 100g,2026-07-01T04:14:08.471742Z,2026-07-01T04:14:08.471742Z,3,0.8696,
tkpi_0163,"Ubi jalar, kuning, segar (Sweet potato, yellowish, fresh)","ubi jalar, kuning, segar (sweet potato, yellowish, fresh)",TKPI,https://www.panganku.org/id-ID/view,Umbi Berpati,umbi berpati,72.6,119.0,0.5,0.4,25.1,4.2,1.0,30.0,40.0,0.4,3.0,1.0,0.1,0.2,0.0,794.0,4.948,,0.06,0.07,0.7,21.0,,per 100g,2026-07-01T04:14:08.471742Z,2026-07-01T04:14:08.471742Z,2,0.913,
tkpi_0164,"Ubi jalar manis, segar (Cassava starch, fresh)","ubi jalar manis, segar (cassava starch, fresh)",TKPI,https://www.panganku.org/id-ID/view,Umbi Berpati,umbi berpati,78.4,83.0,1.5,0.2,18.8,0.6,1.1,27.0,162.0,2.1,52.0,320.7,0.1,0.3,0.0,0.0,0.0,,0.02,0.0,0.4,0.0,,per 100g,2026-07-01T04:14:08.471742Z,2026-07-01T04:14:08.471742Z,2,0.913,
tkpi_0165,"Ubi jalar merah, segar (Sweet potato, redish, fresh)","ubi jalar merah, segar (sweet potato, redish, fresh)",TKPI,https://www.panganku.org/id-ID/view,Umbi Berpati,umbi berpati,61.9,151.0,1.6,0.3,35.4,0.7,0.6,29.0,74.0,0.7,92.0,565.6,0.3,0.5,0.0,0.0,1.208,,0.13,0.08,0.7,11.0,,per 100g,2026-07-01T04:14:08.471742Z,2026-07-01T04:14:08.471742Z,2,0.913,
tkpi_0166,"Ubi jalar putih, segar (Sweet potato, whitish, fresh)","ubi jalar putih, segar (sweet potato, whitish, fresh)",TKPI,https://www.panganku.org/id-ID/view,Umbi Berpati,umbi berpati,77.8,88.0,0.4,0.4,20.6,4.0,0.8,30.0,10.0,0.5,2.0,4.0,0.1,0.2,0.0,13.0,264.0,,0.25,0.06,0.5,36.0,,per 100g,2026-07-01T04:14:08.471742Z,2026-07-01T04:14:08.471742Z,2,0.913,
tkpi_0167,Ubi jalar tinta/ kemayung,ubi jalar tinta/ kemayung,TKPI,https://www.panganku.org/id-ID/view,Umbi Berpati,umbi berpati,72.5,108.0,0.5,0.4,25.6,4.2,1.0,30.0,40.0,0.5,1.0,1.0,0.1,0.2,0.0,13.0,0.0,,0.09,0.06,0.6,24.0,,per 100g,2026-07-01T04:14:08.471742Z,2026-07-01T04:14:08.471742Z,2,0.913,
tkpi_0168,"Umbi Uwi, segar","umbi uwi, segar",TKPI,https://www.panganku.org/id-ID/view,Umbi Berpati,umbi berpati,69.7,120.0,2.8,0.5,82.3,2.6,0.9,9.0,42.0,1.3,12.0,412.0,0.3,0.6,,0.0,0.0,,0.02,0.5,0.2,4.0,,per 100g,2026-07-01T04:14:08.471742Z,2026-07-01T04:14:08.471742Z,3,0.8696,
tkpi_0169,"Batatas kelapa, ubi, bakar","batatas kelapa, ubi, bakar",TKPI,https://www.panganku.org/id-ID/view,Umbi Berpati,umbi berpati,73.2,110.0,1.4,1.1,23.4,4.5,0.7,1.0,46.0,0.2,12.0,230.0,0.2,0.3,0.0,0.0,0.0,,1.13,0.0,0.0,0.0,,per 100g,2026-07-01T04:14:08.471742Z,2026-07-01T04:14:08.471742Z,2,0.913,
tkpi_0170,"Batatas kelapa, ubi, kukus","batatas kelapa, ubi, kukus",TKPI,https://www.panganku.org/id-ID/view,Umbi Berpati,umbi berpati,75.7,92.0,1.2,0.3,21.0,4.1,1.8,0.0,42.0,0.2,10.0,209.0,0.2,0.3,0.0,0.0,0.0,,0.28,0.0,0.7,0.0,,per 100g,2026-07-01T04:14:08.471742Z,2026-07-01T04:14:08.471742Z,2,0.913,
tkpi_0171,"Batatas tali, ubi, rebus","batatas tali, ubi, rebus",TKPI,https://www.panganku.org/id-ID/view,Umbi Berpati,umbi berpati,53.2,182.0,2.4,0.4,42.2,9.2,1.8,1.0,80.0,0.3,20.0,402.0,0.3,0.6,0.0,0.0,0.0,,0.27,0.0,1.3,0.0,,per 100g,2026-07-01T04:14:08.471742Z,2026-07-01T04:14:08.471742Z,2,0.913,
tkpi_0172,"Belitung, talas, kukus","belitung, talas, kukus",TKPI,https://www.panganku.org/id-ID/view,Umbi Berpati,umbi berpati,63.1,145.0,1.2,0.4,34.2,1.0,1.1,21.0,48.0,0.9,7.0,552.6,0.2,0.9,0.0,0.0,0.0,,0.08,0.1,2.3,1.0,,per 100g,2026-07-01T04:14:08.471742Z,2026-07-01T04:14:08.471742Z,2,0.913,
tkpi_0173,"Bentul, talas, kukus","bentul, talas, kukus",TKPI,https://www.panganku.org/id-ID/view,Umbi Berpati,umbi berpati,81.1,71.0,2.3,0.3,15.4,0.5,0.9,29.0,26.0,0.6,,201.0,0.2,0.6,0.0,0.0,0.0,,0.06,0.0,0.0,21.0,,per 100g,2026-07-01T04:14:08.471742Z,2026-07-01T04:14:08.471742Z,3,0.8696,
tkpi_0174,"Gadung, ubi, kukus","gadung, ubi, kukus",TKPI,https://www.panganku.org/id-ID/view,Umbi Berpati,umbi berpati,77.4,88.0,0.6,0.3,20.9,0.9,0.8,26.0,47.0,0.4,6.0,584.0,0.2,0.2,0.0,0.0,0.0,,0.03,0.0,0.4,0.0,,per 100g,2026-07-01T04:14:08.471742Z,2026-07-01T04:14:08.471742Z,2,0.913,
tkpi_0175,"Ganyong, rebus","ganyong, rebus",TKPI,https://www.panganku.org/id-ID/view,Umbi Berpati,umbi berpati,74.1,100.0,0.8,0.2,23.8,0.9,1.1,15.0,65.0,0.9,,,,,0.0,0.0,0.0,,0.04,,,6.0,,per 100g,2026-07-01T04:14:08.471742Z,2026-07-01T04:14:08.471742Z,8,0.6522,
tkpi_0176,Ketela pohon/singkong kukus,ketela pohon/singkong kukus,TKPI,https://www.panganku.org/id-ID/view,Umbi Berpati,umbi berpati,61.5,153.0,1.2,0.3,36.4,1.3,0.6,56.0,22.0,0.4,2.0,345.3,0.3,0.1,0.0,0.0,0.0,,0.0,0.0,0.3,20.0,,per 100g,2026-07-01T04:14:08.471742Z,2026-07-01T04:14:08.471742Z,2,0.913,
tkpi_0177,"Suweg, talas, kukus","suweg, talas, kukus",TKPI,https://www.panganku.org/id-ID/view,Umbi Berpati,umbi berpati,75.5,93.0,1.5,0.1,21.9,0.9,1.0,50.0,58.0,0.8,6.0,350.3,0.1,0.1,0.0,0.0,283.0,,0.09,0.0,0.3,0.0,,per 100g,2026-07-01T04:14:08.471742Z,2026-07-01T04:14:08.471742Z,2,0.913,
tkpi_0178,"Talas bogor, kukus","talas bogor, kukus",TKPI,https://www.panganku.org/id-ID/view,Umbi Berpati,umbi berpati,69.2,120.0,1.5,0.3,28.2,0.7,0.8,31.0,63.0,0.7,11.0,498.0,0.2,0.6,0.0,0.0,0.0,,0.05,0.6,0.8,2.0,,per 100g,2026-07-01T04:14:08.471742Z,2026-07-01T04:14:08.471742Z,2,0.913,
tkpi_0179,"Ubi jalar, kuning, kukus","ubi jalar, kuning, kukus",TKPI,https://www.panganku.org/id-ID/view,Umbi Berpati,umbi berpati,74.2,100.0,0.7,0.3,23.8,1.0,1.0,44.0,46.0,0.4,3.0,0.8,0.1,0.2,0.0,819.0,4.427,,0.0,0.1,0.6,16.0,,per 100g,2026-07-01T04:14:08.471742Z,2026-07-01T04:14:08.471742Z,2,0.913,
tkpi_0180,Ubi jalar tinta/ kemayung kukus,ubi jalar tinta/ kemayung kukus,TKPI,https://www.panganku.org/id-ID/view,Umbi Berpati,umbi berpati,58.5,165.0,0.9,0.2,39.8,1.1,0.6,20.0,23.0,0.8,1.0,0.9,0.1,0.2,0.0,0.0,0.0,,0.02,0.1,0.5,0.0,,per 100g,2026-07-01T04:14:08.471742Z,2026-07-01T04:14:08.471742Z,2,0.913,
tkpi_0181,Bagea kelapa asin,bagea kelapa asin,TKPI,https://www.panganku.org/id-ID/view,Umbi Berpati,umbi berpati,3.5,450.0,3.2,13.9,78.1,,1.3,38.0,38.0,0.3,74.0,0.0,0.2,0.2,0.0,0.0,0.0,,0.3,0.0,0.0,0.0,,per 100g,2026-07-01T04:14:08.471742Z,2026-07-01T04:14:08.471742Z,3,0.8696,"Kue berbahan dasar sagu, kelapa, dan garam."
tkpi_0182,Bagea kelapa manis,bagea kelapa manis,TKPI,https://www.panganku.org/id-ID/view,Umbi Berpati,umbi berpati,3.0,452.0,1.3,13.8,80.6,,1.3,38.0,39.0,0.3,75.0,0.0,0.2,0.2,0.0,0.0,0.0,,0.0,0.0,0.0,0.0,,per 100g,2026-07-01T04:14:08.471742Z,2026-07-01T04:14:08.471742Z,3,0.8696,"Kue berbahan dasar sagu, kelapa, dan gula"
tkpi_0183,Bagea kenari asin,bagea kenari asin,TKPI,https://www.panganku.org/id-ID/view,Umbi Berpati,umbi berpati,2.8,529.0,3.2,29.1,63.6,,1.3,38.0,40.0,0.4,74.0,0.0,0.2,0.2,0.0,0.0,0.0,,0.3,0.0,0.0,0.0,,per 100g,2026-07-01T04:14:08.471742Z,2026-07-01T04:14:08.471742Z,3,0.8696,"Kue berbahan dasar sagu, kelapa, garam,  dan kenari"
tkpi_0184,Bagea kenari manis,bagea kenari manis,TKPI,https://www.panganku.org/id-ID/view,Umbi Berpati,umbi berpati,3.1,523.0,3.2,28.2,64.2,,1.3,38.0,39.0,0.3,74.0,0.0,0.2,0.2,0.0,0.0,0.0,,0.3,0.0,0.0,0.0,,per 100g,2026-07-01T04:14:08.471742Z,2026-07-01T04:14:08.471742Z,3,0.8696,"Kue berbahan dasar sagu, kelapa, gula, dan  kenari"
tkpi_0185,Bagea kw 1,bagea kw 1,TKPI,https://www.panganku.org/id-ID/view,Umbi Berpati,umbi berpati,7.2,416.0,6.5,9.4,76.3,0.4,0.6,49.0,77.0,4.9,,,,,13.0,,312.0,,0.08,,2.6,0.0,,per 100g,2026-07-01T04:14:08.471742Z,2026-07-01T04:14:08.471742Z,8,0.6522,
tkpi_0186,Bagea kw 2,bagea kw 2,TKPI,https://www.panganku.org/id-ID/view,Umbi Berpati,umbi berpati,7.9,382.0,0.3,3.5,87.2,0.9,1.1,172.0,120.0,7.6,,,,,0.0,0.0,0.0,,0.02,,,0.0,,per 100g,2026-07-01T04:14:08.471742Z,2026-07-01T04:14:08.471742Z,8,0.6522,
tkpi_0187,Beras Cerdas,beras cerdas,TKPI,https://www.panganku.org/id-ID/view,Umbi Berpati,umbi berpati,11.3,350.0,2.7,1.1,82.3,6.2,2.6,28.0,351.0,2.9,358.0,568.0,0.2,0.9,,0.0,0.0,,0.02,0.2,0.3,0.0,,per 100g,2026-07-01T04:14:08.471742Z,2026-07-01T04:14:08.471742Z,3,0.8696,Bahan dasar terdiri dari Tepung jagung dan tepung mocaf dengan perbandingan 40 : 60
tkpi_0188,Beras ganyong,beras ganyong,TKPI,https://www.panganku.org/id-ID/view,Umbi Berpati,umbi berpati,9.3,364.0,3.4,0.7,86.3,4.7,0.5,4.0,47.0,5.0,4.0,72.2,0.2,0.6,,1.0,0.0,,0.02,0.02,0.3,0.0,,per 100g,2026-07-01T04:14:08.471742Z,2026-07-01T04:14:08.471742Z,3,0.8696,Pangan tunggal terolah/ produk yang berbahan baku ganyong dan jagung
tkpi_0189,Beras Siger,beras siger,TKPI,https://www.panganku.org/id-ID/view,Umbi Berpati,umbi berpati,13.5,344.0,1.1,0.2,28.3,5.6,0.7,32.0,22.0,5.6,106.0,77.9,0.1,0.5,,0.0,0.0,,0.02,0.1,0.2,0.0,,per 100g,2026-07-01T04:14:08.471742Z,2026-07-01T04:14:08.471742Z,3,0.8696,Bahan dasar singkong
tkpi_0190,Biji nangka/Biji salak,biji nangka/biji salak,TKPI,https://www.panganku.org/id-ID/view,Umbi Berpati,umbi berpati,40.5,262.0,2.3,5.4,51.1,8.0,0.7,60.0,80.0,0.8,10.0,2.0,0.6,2.0,0.0,1.667,,,0.1,1.0,,10.0,,per 100g,2026-07-01T04:14:08.471742Z,2026-07-01T04:14:08.471742Z,4,0.8261,"Nama lain : candil. Bahan dasar : ubi, tapioka, berkuah air gula jawa dan santan"
tkpi_0191,Bubur sagu,bubur sagu,TKPI,https://www.panganku.org/id-ID/view,Umbi Berpati,umbi berpati,62.5,167.0,0.2,4.0,33.0,,0.3,3.0,3.0,0.1,7.0,0.0,0.1,0.1,0.0,0.0,0.0,,9.0,,0.1,0.0,,per 100g,2026-07-01T04:14:08.471742Z,2026-07-01T04:14:08.471742Z,4,0.8261,"Bubur dari sagu lempang, gula merah dan santan"
tkpi_0192,Cassavastick,cassavastick,TKPI,https://www.panganku.org/id-ID/view,Umbi Berpati,umbi berpati,5.6,460.0,0.8,18.7,17.2,1.6,2.7,144.0,58.0,7.5,,,,,0.0,,107.0,,0.19,0.07,0.1,0.0,,per 100g,2026-07-01T04:14:08.471742Z,2026-07-01T04:14:08.471742Z,7,0.6957,Singkong di potong panjang-panjang diberi garam. Diolah dengan cara digoreng
tkpi_0193,Ceriping getuk singkong,ceriping getuk singkong,TKPI,https://www.panganku.org/id-ID/view,Umbi Berpati,umbi berpati,7.2,462.0,1.2,20.7,67.7,0.6,3.2,1.248,172.0,8.8,,,,,0.0,,152.0,,0.29,0.02,0.5,0.0,,per 100g,2026-07-01T04:14:08.471742Z,2026-07-01T04:14:08.471742Z,7,0.6957,
tkpi_0194,Gatot,gatot,TKPI,https://www.panganku.org/id-ID/view,Umbi Berpati,umbi berpati,12.8,347.0,1.3,0.7,83.8,5.8,1.4,78.0,44.0,17.1,28.0,242.0,0.2,0.7,,0.0,0.0,,0.02,0.1,0.4,0.0,,per 100g,2026-07-01T04:14:08.471742Z,2026-07-01T04:14:08.471742Z,3,0.8696,"Bahan dasar gaplek (singkong dijemur), direndam air kapur sirih , dikukus, biasanya ditaburi parutan kelapa yang ditambah gula pasir dan serutan gula merah."
tkpi_0195,Geblek,geblek,TKPI,https://www.panganku.org/id-ID/view,Umbi Berpati,umbi berpati,52.1,195.0,0.4,1.7,44.4,3.6,1.4,35.0,13.0,0.6,353.0,125.0,0.3,0.3,,0.0,0.0,,0.02,0.0,0.1,0.0,,per 100g,2026-07-01T04:14:08.471742Z,2026-07-01T04:14:08.471742Z,3,0.8696,Makanan ringan berbentuk angka 8. Bahan dasar tepung tapioka /pati singkong
tkpi_0196,Getuk goreng,getuk goreng,TKPI,https://www.panganku.org/id-ID/view,Umbi Berpati,umbi berpati,16.5,360.0,1.3,6.4,74.3,0.8,1.5,59.0,81.0,3.2,,,,,0.0,0.0,0.0,,0.21,,0.1,0.0,,per 100g,2026-07-01T04:14:08.471742Z,2026-07-01T04:14:08.471742Z,7,0.6957,Bahan dasar terdiri dari Singkong dan dibumbui gula kelapa
tkpi_0197,Getuk singkong,getuk singkong,TKPI,https://www.panganku.org/id-ID/view,Umbi Berpati,umbi berpati,49.8,204.0,0.5,1.4,47.4,0.8,1.1,97.0,52.0,1.5,,,,,0.0,,208.0,,0.08,,0.1,0.0,,per 100g,2026-07-01T04:14:08.471742Z,2026-07-01T04:14:08.471742Z,8,0.6522,Singkong rebus yang ditumbuk dicampur kelapa dan gula merah
tkpi_0198,Gurandil,gurandil,TKPI,https://www.panganku.org/id-ID/view,Umbi Berpati,umbi berpati,47.5,218.0,0.5,2.5,48.5,3.1,1.0,50.0,25.0,2.8,,,,,,,0.0,,0.19,,,0.0,,per 100g,2026-07-01T04:14:08.471742Z,2026-07-01T04:14:08.471742Z,10,0.5652,"Bahan dasar terdiri dari  tepung tapioka dan parutan kelapa. Berbentuk lonjong kecil atau bulat kecil warna-warni, ditaburi gula pasir. Diolah dengan cara direbus"
tkpi_0199,Kabuto,kabuto,TKPI,https://www.panganku.org/id-ID/view,Umbi Berpati,umbi berpati,58.9,250.0,2.6,2.5,35.4,1.8,0.6,35.0,49.0,1.1,2.0,218.0,,,,0.0,0.0,,0.1,0.1,0.6,,,per 100g,2026-07-01T04:14:08.471742Z,2026-07-01T04:14:08.471742Z,6,0.7391,"Singkong dijemur (ujan-panas), sampai berwarna hitam (gatot) lalu dikukus dan setelah itu ditaburi dengan kelapa parut"
tkpi_0200,Kapurung,kapurung,TKPI,https://www.panganku.org/id-ID/view,Umbi Berpati,umbi berpati,79.6,41.0,2.0,0.3,7.8,2.0,0.6,34.0,12.0,0.3,185.0,566.0,0.1,0.3,0.0,213.0,,,0.12,0.25,2.7,15.0,,per 100g,2026-07-01T04:14:08.471742Z,2026-07-01T04:14:08.471742Z,3,0.8696,"Bahan dasar terdiri dari Tepung sagu seperti papeda. Campuran ikan atau daging ayam atau udang dan aneka sayuran (bayam, kacang panjang, daun kacang, jantung)"
tkpi_0201,Kecimpring singkong goreng,kecimpring singkong goreng,TKPI,https://www.panganku.org/id-ID/view,Umbi Berpati,umbi berpati,3.7,464.0,1.2,18.6,73.0,1.3,3.5,82.0,52.0,3.4,,,,,,,3.32,,0.34,,,0.0,,per 100g,2026-07-01T04:14:08.471742Z,2026-07-01T04:14:08.471742Z,10,0.5652,"Seperti kerupuk singkong. Singkong diparut dicampur dengan bumbu, dipipihkan, dikukus, dijemur dan digoreng"
tkpi_0202,Keremes,keremes,TKPI,https://www.panganku.org/id-ID/view,Umbi Berpati,umbi berpati,6.7,475.0,1.6,25.2,64.4,2.1,2.1,153.0,88.0,1.0,,,,,0.0,,1.0,,0.0,,,0.0,,per 100g,2026-07-01T04:14:08.471742Z,2026-07-01T04:14:08.471742Z,9,0.6087,
tkpi_0203,Keripik gadung,keripik gadung,TKPI,https://www.panganku.org/id-ID/view,Umbi Berpati,umbi berpati,4.0,446.0,2.8,14.5,76.0,1.7,2.8,147.0,52.0,1.9,,,,,0.0,0.0,0.0,,0.95,,,0.0,,per 100g,2026-07-01T04:14:08.471742Z,2026-07-01T04:14:08.471742Z,8,0.6522,
tkpi_0204,Keripik kentang,keripik kentang,TKPI,https://www.panganku.org/id-ID/view,Umbi Berpati,umbi berpati,7.8,448.0,2.7,18.8,67.1,3.8,3.6,25.0,130.0,1.2,712.0,406.0,1.1,,,15.0,,,0.1,0.05,2.8,0.0,,per 100g,2026-07-01T04:14:08.471742Z,2026-07-01T04:14:08.471742Z,5,0.7826,
tkpi_0205,Keripik singkong,keripik singkong,TKPI,https://www.panganku.org/id-ID/view,Umbi Berpati,umbi berpati,4.2,478.0,0.9,20.7,72.0,2.0,2.2,189.0,101.0,1.9,,,,,0.0,0.0,0.0,,0.24,,,0.0,,per 100g,2026-07-01T04:14:08.471742Z,2026-07-01T04:14:08.471742Z,8,0.6522,
tkpi_0206,Keripik singkong berbumbu,keripik singkong berbumbu,TKPI,https://www.panganku.org/id-ID/view,Umbi Berpati,umbi berpati,2.2,481.0,2.2,19.7,73.6,1.6,2.3,156.0,103.0,1.6,,,,,0.0,,80.0,,0.31,,,0.0,,per 100g,2026-07-01T04:14:08.471742Z,2026-07-01T04:14:08.471742Z,9,0.6087,
tkpi_0207,Keripik ubi,keripik ubi,TKPI,https://www.panganku.org/id-ID/view,Umbi Berpati,umbi berpati,6.0,486.0,0.2,23.9,67.6,14.3,2.3,68.0,92.0,0.9,52.0,2.0,0.7,2.3,0.0,920.0,,,0.1,0.1,0.5,0.0,,per 100g,2026-07-01T04:14:08.471742Z,2026-07-01T04:14:08.471742Z,3,0.8696,
tkpi_0208,Kerupuk cumi goreng,kerupuk cumi goreng,TKPI,https://www.panganku.org/id-ID/view,Umbi Berpati,umbi berpati,3.4,444.0,6.9,14.6,71.3,5.0,3.8,47.0,375.0,1.8,837.0,191.0,0.1,0.3,,,,,0.4,0.1,1.8,0.0,,per 100g,2026-07-01T04:14:08.471742Z,2026-07-01T04:14:08.471742Z,5,0.7826,
tkpi_0209,Kerupuk kemplang  (ikan) mentah,kerupuk kemplang (ikan) mentah,TKPI,https://www.panganku.org/id-ID/view,Umbi Berpati,umbi berpati,14.2,325.0,1.8,0.4,78.5,4.5,5.1,59.0,268.0,2.3,1.123,273.0,0.2,0.5,32.0,0.0,,,0.6,0.1,2.3,0.0,,per 100g,2026-07-01T04:14:08.471742Z,2026-07-01T04:14:08.471742Z,3,0.8696,"Bahan dasar terdiri dari Tepung sagu dan ikan, di olah dengan cara dibakar"
tkpi_0210,Kerupuk kemplang goreng,kerupuk kemplang goreng,TKPI,https://www.panganku.org/id-ID/view,Umbi Berpati,umbi berpati,5.8,504.0,5.6,28.1,57.1,0.3,3.4,50.0,94.0,2.9,,,,,6.0,,280.0,,0.31,,,0.0,,per 100g,2026-07-01T04:14:08.471742Z,2026-07-01T04:14:08.471742Z,9,0.6087,
tkpi_0211,Kerupuk kemplang panggang,kerupuk kemplang panggang,TKPI,https://www.panganku.org/id-ID/view,Umbi Berpati,umbi berpati,9.4,356.0,9.7,1.1,76.9,1.0,3.0,62.0,129.0,2.9,,,,,7.0,,280.0,,0.36,,,0.0,,per 100g,2026-07-01T04:14:08.471742Z,2026-07-01T04:14:08.471742Z,9,0.6087,
tkpi_0212,Kerupuk mie kuning goreng,kerupuk mie kuning goreng,TKPI,https://www.panganku.org/id-ID/view,Umbi Berpati,umbi berpati,7.2,476.0,0.1,21.1,71.3,4.2,0.3,57.0,36.0,4.6,,109.0,0.1,0.2,0.0,,333.0,,0.22,0.0,0.9,0.0,,per 100g,2026-07-01T04:14:08.471742Z,2026-07-01T04:14:08.471742Z,4,0.8261,
tkpi_0213,Kerupuk udang goreng,kerupuk udang goreng,TKPI,https://www.panganku.org/id-ID/view,Umbi Berpati,umbi berpati,4.4,477.0,4.7,20.5,68.5,5.0,1.9,24.0,188.0,0.9,449.0,109.0,0.1,0.2,,0.0,,,0.2,0.0,0.9,0.0,,per 100g,2026-07-01T04:14:08.471742Z,2026-07-01T04:14:08.471742Z,4,0.8261,
tkpi_0214,Kue bangket,kue bangket,TKPI,https://www.panganku.org/id-ID/view,Umbi Berpati,umbi berpati,16.1,338.0,1.5,1.2,80.3,,0.9,34.0,35.0,0.3,67.0,0.0,0.2,0.2,0.0,0.0,0.0,,0.3,0.0,0.0,,,per 100g,2026-07-01T04:14:08.471742Z,2026-07-01T04:14:08.471742Z,4,0.8261,"Kue kering berBahan dasar terdiri dari Tepung sagu, santan, gula merah, gula pasir, wijen, dan telur. Diolah dengan cara dipanggang"
tkpi_0215,Kue putu singkong,kue putu singkong,TKPI,https://www.panganku.org/id-ID/view,Umbi Berpati,umbi berpati,44.2,217.0,1.2,0.5,53.2,2.4,0.9,48.0,68.0,1.5,3.0,305.0,,,,0.0,0.0,,0.1,0.1,0.8,,,per 100g,2026-07-01T04:14:08.471742Z,2026-07-01T04:14:08.471742Z,6,0.7391,"Kue basah berbahan dasar telur, singkong, terigu, gula merah, kelapa parut. Diolah dengan cara dikukus"
tkpi_0216,Lanting getuk,lanting getuk,TKPI,https://www.panganku.org/id-ID/view,Umbi Berpati,umbi berpati,4.2,422.0,0.9,10.8,80.4,1.4,3.8,206.0,104.0,3.6,,,,,0.0,,0.0,,0.43,,,0.0,,per 100g,2026-07-01T04:14:08.471742Z,2026-07-01T04:14:08.471742Z,9,0.6087,"Kue kering berbahan dasar singkong yang dikukus lalu dihaluskan dengan bumbu, dijemur dan digoreng. Biasanya berbentuk angka 8"
tkpi_0217,Mi golosor,mi golosor,TKPI,https://www.panganku.org/id-ID/view,Umbi Berpati,umbi berpati,82.9,71.0,0.2,0.8,15.9,0.1,0.2,117.0,5.0,0.2,,,,,0.0,,112.0,,0.05,0.02,0.0,0.0,,per 100g,2026-07-01T04:14:08.471742Z,2026-07-01T04:14:08.471742Z,7,0.6957,"Mie sagu, dibuat seperti mie goreng dengan sambal kacang"
tkpi_0218,Mie Bendo,mie bendo,TKPI,https://www.panganku.org/id-ID/view,Umbi Berpati,umbi berpati,11.5,353.0,0.3,0.0,88.0,2.4,0.2,28.0,14.0,2.8,9.0,49.2,0.5,0.1,,2.0,0.0,,0.02,0.0,0.1,0.0,,per 100g,2026-07-01T04:14:08.471742Z,2026-07-01T04:14:08.471742Z,3,0.8696,Mie berbahan dasar singkong dan gaplek
tkpi_0219,Mie Sagu,mie sagu,TKPI,https://www.panganku.org/id-ID/view,Umbi Berpati,umbi berpati,52.8,190.0,0.2,0.4,46.5,1.4,0.1,8.0,7.0,0.3,10.0,2.6,0.1,0.0,,2.0,0.0,,0.0,0.4,0.0,0.0,,per 100g,2026-07-01T04:14:08.471742Z,2026-07-01T04:14:08.471742Z,3,0.8696,Mie berbahan dasar sagu
tkpi_0220,Ongol-ongol sagu,ongol-ongol sagu,TKPI,https://www.panganku.org/id-ID/view,Umbi Berpati,umbi berpati,75.3,111.0,0.3,2.7,21.2,0.3,0.5,79.0,15.0,1.7,,,,,0.0,,0.0,,0.06,,,0.0,,per 100g,2026-07-01T04:14:08.471742Z,2026-07-01T04:14:08.471742Z,9,0.6087,Kue basah  berbahan dasar sagu direbus dengan gula merah dan ditaburi kelapa parut kukus
tkpi_0221,Oyek,oyek,TKPI,https://www.panganku.org/id-ID/view,Umbi Berpati,umbi berpati,12.6,351.0,0.9,0.9,84.9,4.3,0.7,60.0,36.0,2.1,5.0,229.0,0.1,0.5,,0.0,0.0,,0.02,0.02,0.5,0.0,,per 100g,2026-07-01T04:14:08.471742Z,2026-07-01T04:14:08.471742Z,3,0.8696,Seperti beras yang berasal dari gaplek (singkong yang dijemur)
tkpi_0222,Papeda,papeda,TKPI,https://www.panganku.org/id-ID/view,Umbi Berpati,umbi berpati,84.8,61.0,0.2,0.1,14.9,0.5,0.1,3.0,1.0,0.2,4.0,20.0,0.1,0.1,0.0,0.0,0.0,,0.06,0.0,0.0,0.0,,per 100g,2026-07-01T04:14:08.471742Z,2026-07-01T04:14:08.471742Z,2,0.913,"Tepung sagu, dibubur"
tkpi_0223,Rasbi (Beras Ubi),rasbi (beras ubi),TKPI,https://www.panganku.org/id-ID/view,Umbi Berpati,umbi berpati,11.1,394.0,2.2,8.8,76.6,6.8,1.3,68.0,76.0,1.6,165.0,388.0,0.4,0.4,,0.0,0.0,,0.02,0.3,1.2,0.0,,per 100g,2026-07-01T04:14:08.471742Z,2026-07-01T04:14:08.471742Z,3,0.8696,Bahan dasar ubi jalar
tkpi_0224,Rasi (Beras Singkong),rasi (beras singkong),TKPI,https://www.panganku.org/id-ID/view,Umbi Berpati,umbi berpati,12.6,350.0,0.9,0.4,85.7,14.4,0.5,42.0,21.0,1.5,8.0,14.0,0.3,0.5,,0.0,0.0,,0.02,0.02,0.4,0.0,,per 100g,2026-07-01T04:14:08.471742Z,2026-07-01T04:14:08.471742Z,3,0.8696,Bahan dasar singkong/ubi kayu
tkpi_0225,Sagu forno,sagu forno,TKPI,https://www.panganku.org/id-ID/view,Umbi Berpati,umbi berpati,31.5,291.0,0.5,4.0,63.4,,0.6,10.0,20.0,0.8,40.0,50.0,0.1,0.2,0.0,0.0,0.0,,,,,0.0,,per 100g,2026-07-01T04:14:08.471742Z,2026-07-01T04:14:08.471742Z,6,0.7391,"Kue kering. Nama lain sagu forna (nama balok cetakan) atau sagu lempeng (bentuk lempengan). Tepung sagu dihaluskan, dimasukkan ke dalam cetakan, dibakar, bagian tengah dilubangi diberi gula merah"
tkpi_0226,Sagu Lemak (Kue Sagon),sagu lemak (kue sagon),TKPI,https://www.panganku.org/id-ID/view,Umbi Berpati,umbi berpati,4.3,452.0,2.8,14.8,76.8,1.1,0.7,15.0,39.0,1.1,182.0,52.7,0.04,0.8,,1.22,0.0,,0.32,0.04,0.1,0.0,,per 100g,2026-07-01T04:14:08.471742Z,2026-07-01T04:14:08.471742Z,3,0.8696,"Bahan dasar terdiri dari Sagu, Kelapa, Telur"
tkpi_0227,Sagu manis,sagu manis,TKPI,https://www.panganku.org/id-ID/view,Umbi Berpati,umbi berpati,32.6,287.0,0.5,3.9,62.4,,0.6,8.0,17.0,0.7,34.0,42.0,0.1,0.2,0.0,0.0,0.0,,,,,0.0,,per 100g,2026-07-01T04:14:08.471742Z,2026-07-01T04:14:08.471742Z,6,0.7391,Sagu dipanggang + kelapa parut + gula (seperti kue bandros)
tkpi_0228,Sagu Rendang,sagu rendang,TKPI,https://www.panganku.org/id-ID/view,Umbi Berpati,umbi berpati,8.2,364.0,0.1,0.2,90.5,1.9,1.0,13.0,9.0,3.9,42.0,15.1,0.1,0.1,,0.0,0.0,,0.02,0.6,0.8,0.0,,per 100g,2026-07-01T04:14:08.471742Z,2026-07-01T04:14:08.471742Z,3,0.8696,Suatu produk sagu
tkpi_0229,Sagu sinole,sagu sinole,TKPI,https://www.panganku.org/id-ID/view,Umbi Berpati,umbi berpati,22.0,354.0,0.8,8.3,68.9,,0.1,10.0,30.0,0.8,30.0,11.0,0.2,0.3,0.0,0.0,0.0,,,,,0.0,,per 100g,2026-07-01T04:14:08.471742Z,2026-07-01T04:14:08.471742Z,6,0.7391,"Nama lain karu-karu. Seperti dadar gulung. Sagu yang dicampur parutan kelapa, pala bubuk, kenari, dan gula aren"
tkpi_0230,Serimping talas kebumen,serimping talas kebumen,TKPI,https://www.panganku.org/id-ID/view,Umbi Berpati,umbi berpati,4.8,478.0,2.5,21.2,69.2,1.7,2.3,112.0,118.0,2.3,,,,,0.0,,0.0,,0.25,,,0.0,,per 100g,2026-07-01T04:14:08.471742Z,2026-07-01T04:14:08.471742Z,9,0.6087,
tkpi_0231,Tapai singkong,tapai singkong,TKPI,https://www.panganku.org/id-ID/view,Umbi Berpati,umbi berpati,57.4,169.0,1.4,0.3,40.2,2.0,0.7,21.0,34.0,0.8,,,,,0.0,0.0,0.0,,0.0,,,9.0,,per 100g,2026-07-01T04:14:08.471742Z,2026-07-01T04:14:08.471742Z,8,0.6522,Fermentasi singkong
tkpi_0232,Tepung Arrowroot,tepung arrowroot,TKPI,https://www.panganku.org/id-ID/view,Umbi Berpati,umbi berpati,13.6,355.0,0.7,0.2,85.2,0.4,0.3,8.0,22.0,1.5,2.0,10.7,0.0,0.1,,20.0,3.0,,0.09,0.0,0.0,0.0,,per 100g,2026-07-01T04:14:08.471742Z,2026-07-01T04:14:08.471742Z,3,0.8696,Tepung dari arrowroot (umbi)
tkpi_0233,Tepung Ganyong,tepung ganyong,TKPI,https://www.panganku.org/id-ID/view,Umbi Berpati,umbi berpati,13.6,353.0,0.8,1.7,83.6,0.7,0.3,4.0,31.0,3.3,3.0,63.5,0.1,0.3,,0.0,0.0,,0.02,0.0,0.9,1.0,,per 100g,2026-07-01T04:14:08.471742Z,2026-07-01T04:14:08.471742Z,3,0.8696,Bahan dasar ganyong
tkpi_0234,Tepung Gaplek,tepung gaplek,TKPI,https://www.panganku.org/id-ID/view,Umbi Berpati,umbi berpati,13.0,345.0,2.4,0.4,83.1,6.7,1.1,18.0,95.0,1.5,6.0,55.0,0.4,1.2,,1.0,0.0,,0.3,0.2,0.1,0.0,,per 100g,2026-07-01T04:14:08.471742Z,2026-07-01T04:14:08.471742Z,3,0.8696,Bahan dasar dari gaplek (singkong dijemur)
tkpi_0235,"Tepung kentang, kering","tepung kentang, kering",TKPI,https://www.panganku.org/id-ID/view,Umbi Berpati,umbi berpati,13.0,347.0,0.3,0.1,85.6,0.4,1.0,20.0,30.0,0.5,51.0,156.3,0.2,0.5,,0.0,0.0,,0.04,0.0,0.4,0.0,,per 100g,2026-07-01T04:14:08.471742Z,2026-07-01T04:14:08.471742Z,3,0.8696,
tkpi_0236,Tepung Mocaf,tepung mocaf,TKPI,https://www.panganku.org/id-ID/view,Umbi Berpati,umbi berpati,11.9,350.0,1.2,0.6,85.0,6.0,1.3,60.0,64.0,15.8,8.0,403.0,0.1,0.6,,0.0,0.0,,0.02,0.02,0.7,2.0,,per 100g,2026-07-01T04:14:08.471742Z,2026-07-01T04:14:08.471742Z,3,0.8696,Bahan dasar dari singkong
tkpi_0237,Tepung Sente,tepung sente,TKPI,https://www.panganku.org/id-ID/view,Umbi Berpati,umbi berpati,15.3,326.0,4.0,0.4,76.7,8.5,3.6,41.0,141.0,3.5,14.0,1.602,0.4,1.4,,0.0,0.0,,0.02,0.2,7.7,0.0,,per 100g,2026-07-01T04:14:08.471742Z,2026-07-01T04:14:08.471742Z,3,0.8696,Bahan dasar dari talas
tkpi_0238,Tepung singkong/ Tapioka,tepung singkong/ tapioka,TKPI,https://www.panganku.org/id-ID/view,Umbi Berpati,umbi berpati,9.1,363.0,1.1,0.5,88.2,0.9,1.1,84.0,125.0,1.0,1.0,7.1,0.0,0.1,,0.0,,,0.04,0.0,0.4,0.0,,per 100g,2026-07-01T04:14:08.471742Z,2026-07-01T04:14:08.471742Z,4,0.8261,
tkpi_0239,Tepung Tales Beneng,tepung tales beneng,TKPI,https://www.panganku.org/id-ID/view,Umbi Berpati,umbi berpati,12.2,332.0,5.7,0.6,76.1,12.2,5.5,59.0,302.0,10.7,7.0,1.404,0.8,6.2,,0.0,0.0,,0.02,0.1,0.3,0.0,,per 100g,2026-07-01T04:14:08.471742Z,2026-07-01T04:14:08.471742Z,3,0.8696,Bahan dasar dari gaplek (singkong dijemur)/ talas beneng
tkpi_0240,Tepung Ubi Ungu,tepung ubi ungu,TKPI,https://www.panganku.org/id-ID/view,Umbi Berpati,umbi berpati,9.4,354.0,2.8,0.6,84.4,12.9,2.8,89.0,125.0,3.9,42.0,940.0,0.8,0.6,,0.0,0.0,,0.4,0.02,0.0,0.0,,per 100g,2026-07-01T04:14:08.471742Z,2026-07-01T04:14:08.471742Z,3,0.8696,Bahan dasar ubi jalar ungu
tkpi_0241,Tiwul,tiwul,TKPI,https://www.panganku.org/id-ID/view,Umbi Berpati,umbi berpati,11.2,353.0,2.4,1.1,83.4,6.5,1.6,55.0,95.0,4.7,5.0,670.0,0.2,0.8,,0.0,0.0,,0.02,0.02,0.1,3.0,,per 100g,2026-07-01T04:14:08.471742Z,2026-07-01T04:14:08.471742Z,3,0.8696,Berbahan dasar dari gaplek (singkong dijemur) ditambah tepung kacang hijau dan gula merah
tkpi_0242,Tiwul Instan,tiwul instan,TKPI,https://www.panganku.org/id-ID/view,Umbi Berpati,umbi berpati,9.1,395.0,3.2,8.5,76.5,4.2,2.7,81.0,81.0,5.8,377.0,469.0,2.1,1.2,,0.0,0.0,,0.4,0.2,0.2,4.0,,per 100g,2026-07-01T04:14:08.471742Z,2026-07-01T04:14:08.471742Z,3,0.8696,
tkpi_0243,Ubi Cilembu,ubi cilembu,TKPI,https://www.panganku.org/id-ID/view,Umbi Berpati,umbi berpati,52.7,186.0,1.9,0.2,44.3,3.4,0.9,37.0,51.0,0.6,1.0,61.9,0.1,0.2,,26.0,0.0,,0.02,0.2,0.0,0.0,,per 100g,2026-07-01T04:14:08.471742Z,2026-07-01T04:14:08.471742Z,3,0.8696,
tkpi_0244,Uli batatas,uli batatas,TKPI,https://www.panganku.org/id-ID/view,Umbi Berpati,umbi berpati,66.5,150.0,1.1,4.0,27.4,,1.0,,23.0,0.1,6.0,112.0,0.1,0.2,0.0,0.0,0.0,,0.53,0.0,1.3,0.0,,per 100g,2026-07-01T04:14:08.471742Z,2026-07-01T04:14:08.471742Z,4,0.8261,
tkpi_0245,"Kacang arab, kering (Chick pea, raw)","kacang arab, kering (chick pea, raw)",TKPI,https://www.panganku.org/id-ID/view,Kacang-Kacangan,kacang-kacangan,11.6,330.0,23.8,1.4,60.2,17.4,3.0,57.0,388.0,4.7,24.0,874.3,0.85,3.4,,40.0,140.0,,0.77,0.21,1.5,2.0,,per 100g,2026-07-01T04:14:08.471742Z,2026-07-01T04:14:08.471742Z,3,0.8696,
tkpi_0246,"Kacang babi, kering (Broad bean, raw)","kacang babi, kering (broad bean, raw)",TKPI,https://www.panganku.org/id-ID/view,Kacang-Kacangan,kacang-kacangan,11.6,341.0,30.4,3.2,51.3,4.5,3.5,178.0,521.0,6.8,13.0,1.768,0.82,3.1,,,87.0,,0.23,0.33,2.8,,,per 100g,2026-07-01T04:14:08.471742Z,2026-07-01T04:14:08.471742Z,5,0.7826,
tkpi_0247,"Kacang belimbing (kecipir), kering (Winged bean, seed, raw)","kacang belimbing (kecipir), kering (winged bean, seed, raw)",TKPI,https://www.panganku.org/id-ID/view,Kacang-Kacangan,kacang-kacangan,10.4,400.0,34.4,16.9,34.1,10.7,4.2,468.0,182.0,6.8,37.0,955.0,2.82,2.0,,,,,0.3,0.44,3.0,,,per 100g,2026-07-01T04:14:08.471742Z,2026-07-01T04:14:08.471742Z,6,0.7391,
tkpi_0248,"Kacang beracun, segar","kacang beracun, segar",TKPI,https://www.panganku.org/id-ID/view,Kacang-Kacangan,kacang-kacangan,72.1,118.0,4.4,1.5,21.6,,0.4,50.0,50.0,1.7,10.0,40.0,0.3,1.0,,,,,0.43,,,,,per 100g,2026-07-01T04:14:08.471742Z,2026-07-01T04:14:08.471742Z,9,0.6087,
tkpi_0249,"Kacang bogor, kering (Bambara groundnut, dried)","kacang bogor, kering (bambara groundnut, dried)",TKPI,https://www.panganku.org/id-ID/view,Kacang-Kacangan,kacang-kacangan,10.0,370.0,16.0,6.0,65.0,26.3,3.0,85.0,264.0,4.2,44.0,868.8,1.48,2.7,0.0,,,,0.18,0.26,6.2,0.0,,per 100g,2026-07-01T04:14:08.471742Z,2026-07-01T04:14:08.471742Z,4,0.8261,
tkpi_0250,"Kacang bogor, segar (Bambara groundnut, fresh)","kacang bogor, segar (bambara groundnut, fresh)",TKPI,https://www.panganku.org/id-ID/view,Kacang-Kacangan,kacang-kacangan,60.8,165.0,7.7,3.1,27.4,2.5,1.0,96.0,126.0,5.3,6.0,537.0,0.41,1.2,,29.0,,,0.32,0.35,2.7,,,per 100g,2026-07-01T04:14:08.471742Z,2026-07-01T04:14:08.471742Z,5,0.7826,
tkpi_0251,"Kacang endel, biji, kering","kacang endel, biji, kering",TKPI,https://www.panganku.org/id-ID/view,Kacang-Kacangan,kacang-kacangan,14.0,331.0,25.0,1.0,58.0,23.6,2.0,80.0,400.0,5.0,12.0,1.322,0.68,2.7,0.0,,,,0.3,0.75,2.3,,,per 100g,2026-07-01T04:14:08.471742Z,2026-07-01T04:14:08.471742Z,5,0.7826,
tkpi_0252,"Kacang ercis, segar (Pea)","kacang ercis, segar (pea)",TKPI,https://www.panganku.org/id-ID/view,Kacang-Kacangan,kacang-kacangan,67.6,129.0,12.4,0.7,18.3,28.6,1.0,40.0,130.0,2.3,4.0,310.0,0.3,2.1,,212.0,,,0.29,0.05,2.7,,,per 100g,2026-07-01T04:14:08.471742Z,2026-07-01T04:14:08.471742Z,5,0.7826,
tkpi_0253,"kacang galing, segar","kacang galing, segar",TKPI,https://www.panganku.org/id-ID/view,Kacang-Kacangan,kacang-kacangan,12.0,336.0,23.1,1.7,59.5,,3.8,80.0,400.0,5.0,,,,,0.0,,,,0.6,,,0.0,,per 100g,2026-07-01T04:14:08.471742Z,2026-07-01T04:14:08.471742Z,11,0.5217,
tkpi_0254,"Kacang gude, biji, kering (Pigeon pea, fresh)","kacang gude, biji, kering (pigeon pea, fresh)",TKPI,https://www.panganku.org/id-ID/view,Kacang-Kacangan,kacang-kacangan,16.1,316.0,20.7,1.0,58.0,4.6,4.2,146.0,445.0,4.7,16.0,1.306,0.99,2.7,,19.0,,,0.3,0.19,2.4,,,per 100g,2026-07-01T04:14:08.471742Z,2026-07-01T04:14:08.471742Z,5,0.7826,
tkpi_0255,"Kacang gude, biji, segar (Pigeon pea, raw)","kacang gude, biji, segar (pigeon pea, raw)",TKPI,https://www.panganku.org/id-ID/view,Kacang-Kacangan,kacang-kacangan,70.3,114.0,7.0,0.6,20.8,4.4,2.3,3.0,122.0,1.5,4.0,480.5,0.12,0.9,,,70.0,,0.37,0.07,0.8,43.0,,per 100g,2026-07-01T04:14:08.471742Z,2026-07-01T04:14:08.471742Z,4,0.8261,
tkpi_0256,"Kacang hijau var. bakti, kering (Mung bean, raw)","kacang hijau var. bakti, kering (mung bean, raw)",TKPI,https://www.panganku.org/id-ID/view,Kacang-Kacangan,kacang-kacangan,7.4,350.0,17.1,1.8,70.7,5.7,3.1,94.0,315.0,4.9,46.0,893.9,1.52,3.1,,171.0,235.0,,0.4,0.27,2.6,11.0,,per 100g,2026-07-01T04:14:08.471742Z,2026-07-01T04:14:08.471742Z,3,0.8696,
tkpi_0257,"Kacang hijau var. siwalik, kering (Mung bean, raw)","kacang hijau var. siwalik, kering (mung bean, raw)",TKPI,https://www.panganku.org/id-ID/view,Kacang-Kacangan,kacang-kacangan,8.8,339.0,20.8,2.1,64.6,7.4,3.7,122.0,136.0,4.9,45.0,880.4,1.5,3.1,,168.0,321.0,,0.45,0.27,2.6,,,per 100g,2026-07-01T04:14:08.471742Z,2026-07-01T04:14:08.471742Z,4,0.8261,
tkpi_0258,"Kacang hijau, kering (Mung bean, raw)","kacang hijau, kering (mung bean, raw)",TKPI,https://www.panganku.org/id-ID/view,Kacang-Kacangan,kacang-kacangan,15.5,323.0,22.9,1.5,56.8,7.5,3.3,223.0,319.0,7.5,42.0,815.7,1.9,2.9,,156.0,223.0,,0.46,0.15,1.5,10.0,,per 100g,2026-07-01T04:14:08.471742Z,2026-07-01T04:14:08.471742Z,3,0.8696,
tkpi_0259,"Kacang hitam, kering (Black turtle bean, raw)","kacang hitam, kering (black turtle bean, raw)",TKPI,https://www.panganku.org/id-ID/view,Kacang-Kacangan,kacang-kacangan,12.5,346.0,16.6,1.7,66.1,22.8,3.1,70.0,300.0,4.7,3.0,0.0,0.9,3.5,,28.0,,,0.16,0.1,2.1,,,per 100g,2026-07-01T04:14:08.471742Z,2026-07-01T04:14:08.471742Z,5,0.7826,
tkpi_0260,"Kacang kapri, segar (Pea)","kacang kapri, segar (pea)",TKPI,https://www.panganku.org/id-ID/view,Kacang-Kacangan,kacang-kacangan,74.3,98.0,6.7,0.4,17.7,6.2,0.9,22.0,122.0,1.9,6.0,296.6,0.21,1.5,,,680.0,,0.34,0.16,2.5,26.0,,per 100g,2026-07-01T04:14:08.471742Z,2026-07-01T04:14:08.471742Z,4,0.8261,
tkpi_0261,"Kacang kedelai, kering (Soya bean, dried)","kacang kedelai, kering (soya bean, dried)",TKPI,https://www.panganku.org/id-ID/view,Kacang-Kacangan,kacang-kacangan,12.7,381.0,40.4,16.7,24.9,3.2,5.5,222.0,682.0,10.0,210.0,713.4,1.58,3.9,,237.0,31.0,,0.52,0.12,1.2,,,per 100g,2026-07-01T04:14:08.471742Z,2026-07-01T04:14:08.471742Z,4,0.8261,
tkpi_0262,"Kacang kedelai, segar (Soya bean, fresh)","kacang kedelai, segar (soya bean, fresh)",TKPI,https://www.panganku.org/id-ID/view,Kacang-Kacangan,kacang-kacangan,20.0,286.0,30.2,15.6,30.1,2.9,4.1,196.0,506.0,6.9,28.0,870.9,1.24,3.6,,,95.0,,0.93,0.26,1.8,,,per 100g,2026-07-01T04:14:08.471742Z,2026-07-01T04:14:08.471742Z,5,0.7826,
tkpi_0263,"Kacang kincai, kering","kacang kincai, kering",TKPI,https://www.panganku.org/id-ID/view,Kacang-Kacangan,kacang-kacangan,4.2,444.0,19.9,16.0,55.0,,4.9,26.0,,,,,,,,,,,0.1,0.1,1.9,,,per 100g,2026-07-01T04:14:08.471742Z,2026-07-01T04:14:08.471742Z,13,0.4348,
tkpi_0264,"Kacang komak, segar (Hyacinth bean, fresh)","kacang komak, segar (hyacinth bean, fresh)",TKPI,https://www.panganku.org/id-ID/view,Kacang-Kacangan,kacang-kacangan,20.9,327.0,16.4,4.3,55.8,0.5,2.6,74.0,282.0,4.0,22.0,1.137,0.9,2.1,,,,,0.99,0.12,0.1,,,per 100g,2026-07-01T04:14:08.471742Z,2026-07-01T04:14:08.471742Z,6,0.7391,
tkpi_0265,"Kacang kuning, kering (Soya bean)","kacang kuning, kering (soya bean)",TKPI,https://www.panganku.org/id-ID/view,Kacang-Kacangan,kacang-kacangan,11.7,355.0,17.0,2.5,66.0,15.1,2.8,140.0,220.0,5.8,1.0,0.0,0.7,3.2,,58.0,,,0.47,0.08,1.9,,,per 100g,2026-07-01T04:14:08.471742Z,2026-07-01T04:14:08.471742Z,5,0.7826,
tkpi_0266,"Kacang lebui /iris, kering (Pigeon pea, raw)","kacang lebui /iris, kering (pigeon pea, raw)",TKPI,https://www.panganku.org/id-ID/view,Kacang-Kacangan,kacang-kacangan,11.8,346.0,16.5,1.5,66.6,37.3,3.6,144.0,368.0,3.4,17.0,1.225,1.5,3.3,,64.0,,,0.62,0.2,0.0,,,per 100g,2026-07-01T04:14:08.471742Z,2026-07-01T04:14:08.471742Z,5,0.7826,
tkpi_0267,"Kacang mentega, kering (Peanut butter fruit, fresh)","kacang mentega, kering (peanut butter fruit, fresh)",TKPI,https://www.panganku.org/id-ID/view,Kacang-Kacangan,kacang-kacangan,13.7,344.0,16.7,2.1,64.6,13.0,2.9,110.0,300.0,6.7,1.0,10.0,0.7,2.5,,0.0,,,0.21,0.07,1.2,,,per 100g,2026-07-01T04:14:08.471742Z,2026-07-01T04:14:08.471742Z,5,0.7826,
tkpi_0268,"Kacang merah /banda, kering (Kidney bean, dried)","kacang merah /banda, kering (kidney bean, dried)",TKPI,https://www.panganku.org/id-ID/view,Kacang-Kacangan,kacang-kacangan,13.0,350.0,13.9,3.0,66.9,26.3,3.2,84.0,242.0,6.8,19.0,1.127,0.0,42.0,,137.0,,,0.15,0.76,0.3,,,per 100g,2026-07-01T04:14:08.471742Z,2026-07-01T04:14:08.471742Z,5,0.7826,
tkpi_0269,"Kacang merah tua, kering (Dark red kidney bean, dried)","kacang merah tua, kering (dark red kidney bean, dried)",TKPI,https://www.panganku.org/id-ID/view,Kacang-Kacangan,kacang-kacangan,12.3,280.0,16.7,1.6,63.2,4.6,6.2,209.0,335.0,6.4,19.0,1.348,0.69,2.8,,,,,0.1,0.08,2.0,6.0,,per 100g,2026-07-01T04:14:08.471742Z,2026-07-01T04:14:08.471742Z,5,0.7826,
tkpi_0270,"Kacang merah, kering (Kidney bean, kering)","kacang merah, kering (kidney bean, kering)",TKPI,https://www.panganku.org/id-ID/view,Kacang-Kacangan,kacang-kacangan,17.7,314.0,22.1,1.1,56.2,4.0,2.9,502.0,429.0,10.3,11.0,1.265,0.65,2.6,,129.0,,,0.4,0.72,2.2,,,per 100g,2026-07-01T04:14:08.471742Z,2026-07-01T04:14:08.471742Z,5,0.7826,
tkpi_0271,"Kacang merah, segar (Kidney bean, fresh)","kacang merah, segar (kidney bean, fresh)",TKPI,https://www.panganku.org/id-ID/view,Kacang-Kacangan,kacang-kacangan,57.2,171.0,11.0,2.2,28.0,2.1,1.7,293.0,134.0,3.7,7.0,360.7,0.34,1.4,,0.0,10.0,,0.15,0.15,1.1,,,per 100g,2026-07-01T04:14:08.471742Z,2026-07-01T04:14:08.471742Z,4,0.8261,
tkpi_0272,"Kacang mete/biji jambu monyet, segar (Cashew nut, mentah)","kacang mete/biji jambu monyet, segar (cashew nut, mentah)",TKPI,https://www.panganku.org/id-ID/view,Kacang-Kacangan,kacang-kacangan,4.6,616.0,16.3,48.4,28.7,0.9,2.0,26.0,521.0,3.8,26.0,692.0,4.7,4.1,,5.0,,,0.64,0.03,0.0,,,per 100g,2026-07-01T04:14:08.471742Z,2026-07-01T04:14:08.471742Z,5,0.7826,
tkpi_0273,"Kacang panjang, biji, kering (Yardlong bean, seeded, dried)","kacang panjang, biji, kering (yardlong bean, seeded, dried)",TKPI,https://www.panganku.org/id-ID/view,Kacang-Kacangan,kacang-kacangan,12.2,357.0,17.3,1.5,68.6,10.6,0.4,163.0,437.0,6.9,16.0,1.109,0.35,2.8,0.0,2.182,,,0.57,0.98,7.1,2.0,,per 100g,2026-07-01T04:14:08.471742Z,2026-07-01T04:14:08.471742Z,3,0.8696,
tkpi_0274,"Kacang tanah sangan (Groundnut, baked)","kacang tanah sangan (groundnut, baked)",TKPI,https://www.panganku.org/id-ID/view,Kacang-Kacangan,kacang-kacangan,1.2,560.0,29.5,43.0,24.1,2.9,2.2,107.0,366.0,4.1,34.0,509.8,1.69,2.1,,0.0,,,0.31,0.3,15.5,,,per 100g,2026-07-01T04:14:08.471742Z,2026-07-01T04:14:08.471742Z,5,0.7826,
tkpi_0275,"Kacang tanah sangan tanpa selaput (Groundnut, baked without husk)","kacang tanah sangan tanpa selaput (groundnut, baked without husk)",TKPI,https://www.panganku.org/id-ID/view,Kacang-Kacangan,kacang-kacangan,2.6,559.0,26.9,44.2,23.6,2.6,2.7,74.0,393.0,1.9,33.0,202.3,520.4,1.7,0.0,0.0,,,0.3,29.47,8.0,0.0,,per 100g,2026-07-01T04:14:08.471742Z,2026-07-01T04:14:08.471742Z,3,0.8696,
tkpi_0276,"Kacang tanah, kering (Groundnut, dried)","kacang tanah, kering (groundnut, dried)",TKPI,https://www.panganku.org/id-ID/view,Kacang-Kacangan,kacang-kacangan,9.6,525.0,27.9,42.7,17.4,2.4,2.4,316.0,456.0,5.7,31.0,466.5,1.55,1.9,,0.0,30.0,,0.44,0.27,1.4,,,per 100g,2026-07-01T04:14:08.471742Z,2026-07-01T04:14:08.471742Z,4,0.8261,
tkpi_0277,"Kacang tolo / tunggak, kering (Cowpea, dried)","kacang tolo / tunggak, kering (cowpea, dried)",TKPI,https://www.panganku.org/id-ID/view,Kacang-Kacangan,kacang-kacangan,13.5,331.0,24.4,1.9,56.6,1.6,3.6,481.0,399.0,13.9,15.0,7.8,1.03,5.9,,65.0,,,0.06,0.2,4.3,,,per 100g,2026-07-01T04:14:08.471742Z,2026-07-01T04:14:08.471742Z,5,0.7826,
tkpi_0278,"Kacang tunis, kering","kacang tunis, kering",TKPI,https://www.panganku.org/id-ID/view,Kacang-Kacangan,kacang-kacangan,10.5,351.0,12.2,1.2,72.9,29.5,3.2,120.0,220.0,6.9,1.0,0.0,1.4,2.9,,,,,0.57,0.13,2.5,,,per 100g,2026-07-01T04:14:08.471742Z,2026-07-01T04:14:08.471742Z,6,0.7391,
tkpi_0279,"Kacang uci, kering","kacang uci, kering",TKPI,https://www.panganku.org/id-ID/view,Kacang-Kacangan,kacang-kacangan,9.9,358.0,23.4,2.4,60.6,7.4,3.7,269.0,264.0,0.5,13.0,1.457,0.35,,,20.0,,,0.1,0.2,2.5,2.0,,per 100g,2026-07-01T04:14:08.471742Z,2026-07-01T04:14:08.471742Z,5,0.7826,
tkpi_0280,"Kacang urei, kering (Rice bean )","kacang urei, kering (rice bean )",TKPI,https://www.panganku.org/id-ID/view,Kacang-Kacangan,kacang-kacangan,12.8,354.0,12.8,1.8,69.3,26.1,3.3,220.0,220.0,5.1,1.0,0.0,0.7,3.1,,,,,0.55,0.05,3.5,,,per 100g,2026-07-01T04:14:08.471742Z,2026-07-01T04:14:08.471742Z,6,0.7391,
tkpi_0281,"Kenari banda, kering (Walnut, banda, dried)","kenari banda, kering (walnut, banda, dried)",TKPI,https://www.panganku.org/id-ID/view,Kacang-Kacangan,kacang-kacangan,13.0,616.0,13.9,56.2,13.7,,3.2,0.0,380.0,1.4,11.0,460.0,1.1,3.2,,90.0,,,0.83,0.08,0.5,,,per 100g,2026-07-01T04:14:08.471742Z,2026-07-01T04:14:08.471742Z,6,0.7391,
tkpi_0282,"Kenari, kering (Walnut, dried)","kenari, kering (walnut, dried)",TKPI,https://www.panganku.org/id-ID/view,Kacang-Kacangan,kacang-kacangan,3.0,657.0,15.0,66.0,13.0,,3.0,92.0,691.0,7.7,3.0,505.8,0.97,3.0,0.0,,,,0.42,0.09,0.5,0.0,,per 100g,2026-07-01T04:14:08.471742Z,2026-07-01T04:14:08.471742Z,5,0.7826,
tkpi_0283,"Komak polong, segar (Hyacinth bean)","komak polong, segar (hyacinth bean)",TKPI,https://www.panganku.org/id-ID/view,Kacang-Kacangan,kacang-kacangan,74.3,99.0,3.3,0.1,21.2,10.3,1.1,50.0,99.0,13.1,15.0,567.0,0.2,0.6,,5.0,,,0.13,0.03,0.2,,,per 100g,2026-07-01T04:14:08.471742Z,2026-07-01T04:14:08.471742Z,5,0.7826,
tkpi_0284,"Koro andong, kering (Jack bean, dried)","koro andong, kering (jack bean, dried)",TKPI,https://www.panganku.org/id-ID/view,Kacang-Kacangan,kacang-kacangan,10.8,356.0,20.5,4.1,61.6,7.0,3.0,150.0,272.0,6.2,18.0,301.8,0.73,2.8,,0.0,,,0.29,0.02,1.4,1.0,,per 100g,2026-07-01T04:14:08.471742Z,2026-07-01T04:14:08.471742Z,4,0.8261,
tkpi_0285,"Koro benguk, biji, kering (Hyacinth bean, seaded,dried)","koro benguk, biji, kering (hyacinth bean, seaded,dried)",TKPI,https://www.panganku.org/id-ID/view,Kacang-Kacangan,kacang-kacangan,15.0,332.0,24.0,3.0,55.0,5.6,3.0,30.0,200.0,2.0,42.0,389.2,1.25,8.7,,0.0,70.0,,0.3,0.12,1.7,0.0,,per 100g,2026-07-01T04:14:08.471742Z,2026-07-01T04:14:08.471742Z,3,0.8696,
tkpi_0286,"Koro kerupuk, biji, segar (Hyacinth bean, seeded, fresh)","koro kerupuk, biji, segar (hyacinth bean, seeded, fresh)",TKPI,https://www.panganku.org/id-ID/view,Kacang-Kacangan,kacang-kacangan,67.2,125.0,8.3,0.7,22.1,2.2,1.7,17.0,12.0,2.7,16.0,150.3,0.48,3.4,,0.0,80.0,,0.11,0.04,1.1,31.0,,per 100g,2026-07-01T04:14:08.471742Z,2026-07-01T04:14:08.471742Z,3,0.8696,
tkpi_0287,"Koro loke, biji, segar","koro loke, biji, segar",TKPI,https://www.panganku.org/id-ID/view,Kacang-Kacangan,kacang-kacangan,88.6,33.0,2.7,0.2,7.9,3.5,0.6,60.0,40.0,2.0,2.0,38.6,0.09,0.4,,0.0,40.0,,0.1,0.0,0.2,0.0,,per 100g,2026-07-01T04:14:08.471742Z,2026-07-01T04:14:08.471742Z,3,0.8696,
tkpi_0288,"Koro roay, kering (Lima bean, dried)","koro roay, kering (lima bean, dried)",TKPI,https://www.panganku.org/id-ID/view,Kacang-Kacangan,kacang-kacangan,13.0,344.0,12.5,2.1,69.4,7.5,3.0,70.0,103.0,4.4,18.0,294.3,0.72,2.7,,0.0,28.0,,0.11,0.21,1.4,1.0,,per 100g,2026-07-01T04:14:08.471742Z,2026-07-01T04:14:08.471742Z,3,0.8696,
tkpi_0289,"Koro wedus, biji, kering (Hyacinth bean)","koro wedus, biji, kering (hyacinth bean)",TKPI,https://www.panganku.org/id-ID/view,Kacang-Kacangan,kacang-kacangan,11.8,338.0,22.2,1.5,61.0,5.8,3.5,88.0,395.0,3.5,43.0,403.8,1.3,9.1,0.0,0.0,,,0.62,0.12,1.8,0.0,,per 100g,2026-07-01T04:14:08.471742Z,2026-07-01T04:14:08.471742Z,3,0.8696,
tkpi_0290,"Lamtoro biji, muda, segar (White leadtree, inmature, fresh)","lamtoro biji, muda, segar (white leadtree, inmature, fresh)",TKPI,https://www.panganku.org/id-ID/view,Kacang-Kacangan,kacang-kacangan,77.4,85.0,5.7,0.3,15.4,10.8,1.2,180.0,53.0,2.7,35.0,485.7,0.02,1.4,,0.0,423.0,,0.08,1.15,1.0,15.0,,per 100g,2026-07-01T04:14:08.471742Z,2026-07-01T04:14:08.471742Z,3,0.8696,
tkpi_0291,"Lamtoro biji, tua, segar (White leadtree, mature, fresh)","lamtoro biji, tua, segar (white leadtree, mature, fresh)",TKPI,https://www.panganku.org/id-ID/view,Kacang-Kacangan,kacang-kacangan,61.4,148.0,10.6,0.5,26.2,17.0,1.3,155.0,59.0,2.2,28.0,628.5,0.03,2.4,,,416.0,,0.23,0.49,2.8,20.0,,per 100g,2026-07-01T04:14:08.471742Z,2026-07-01T04:14:08.471742Z,4,0.8261,
tkpi_0292,Lamtoro var. gung tanpa kulit (White leadtree),lamtoro var. gung tanpa kulit (white leadtree),TKPI,https://www.panganku.org/id-ID/view,Kacang-Kacangan,kacang-kacangan,10.2,367.0,46.4,5.4,32.5,2.6,4.4,136.0,441.0,23.3,65.0,1.462,0.07,5.6,,,18.9,,0.06,1.15,1.0,9.0,,per 100g,2026-07-01T04:14:08.471742Z,2026-07-01T04:14:08.471742Z,4,0.8261,
tkpi_0293,Lamtoro var. lokal dengan kulit (White leadtree),lamtoro var. lokal dengan kulit (white leadtree),TKPI,https://www.panganku.org/id-ID/view,Kacang-Kacangan,kacang-kacangan,13.5,336.0,23.8,1.2,59.7,15.4,1.8,867.0,321.0,1.5,134.0,1.858,0.07,5.4,,,321.0,,0.15,1.34,0.9,16.0,,per 100g,2026-07-01T04:14:08.471742Z,2026-07-01T04:14:08.471742Z,4,0.8261,
tkpi_0294,"Nangka, biji, segar (Jackfruit, seed, fresh)","nangka, biji, segar (jackfruit, seed, fresh)",TKPI,https://www.panganku.org/id-ID/view,Kacang-Kacangan,kacang-kacangan,57.7,165.0,4.2,0.1,36.7,1.8,1.3,33.0,200.0,1.0,69.0,179.0,0.12,0.2,0.0,0.0,,,0.2,0.03,1.4,10.0,,per 100g,2026-07-01T04:14:08.471742Z,2026-07-01T04:14:08.471742Z,3,0.8696,
tkpi_0295,"Saga merah terkupas, kering (Red sandalwood, peeled)","saga merah terkupas, kering (red sandalwood, peeled)",TKPI,https://www.panganku.org/id-ID/view,Kacang-Kacangan,kacang-kacangan,8.1,449.0,30.6,25.5,31.9,3.5,3.9,1.062,161.0,14.2,66.0,1.496,0.07,5.7,,,107.0,,0.09,1.5,10.9,7.0,,per 100g,2026-07-01T04:14:08.471742Z,2026-07-01T04:14:08.471742Z,4,0.8261,
tkpi_0296,"Wijen, kering (Sesame seed)","wijen, kering (sesame seed)",TKPI,https://www.panganku.org/id-ID/view,Kacang-Kacangan,kacang-kacangan,5.8,568.0,19.3,51.1,18.1,3.6,5.8,1.125,614.0,9.5,18.0,303.7,4.16,7.9,,15.0,,,0.93,0.2,5.7,0.0,,per 100g,2026-07-01T04:14:08.471742Z,2026-07-01T04:14:08.471742Z,4,0.8261,
tkpi_0297,"Kacang belimbing, rebus","kacang belimbing, rebus",TKPI,https://www.panganku.org/id-ID/view,Kacang-Kacangan,kacang-kacangan,55.6,204.0,16.9,8.8,17.5,4.8,1.2,230.0,180.0,3.3,43.0,1.098,3.24,2.3,,,,,0.2,0.48,0.7,,,per 100g,2026-07-01T04:14:08.471742Z,2026-07-01T04:14:08.471742Z,6,0.7391,
tkpi_0298,"Kacang bogor, goreng","kacang bogor, goreng",TKPI,https://www.panganku.org/id-ID/view,Kacang-Kacangan,kacang-kacangan,3.0,479.0,12.7,23.2,58.9,1.2,2.2,135.0,184.0,2.9,,,,,,,,,0.25,0.45,4.1,,,per 100g,2026-07-01T04:14:08.471742Z,2026-07-01T04:14:08.471742Z,10,0.5652,
tkpi_0299,"Kacang bogor, rebus","kacang bogor, rebus",TKPI,https://www.panganku.org/id-ID/view,Kacang-Kacangan,kacang-kacangan,61.2,161.0,7.7,2.8,27.1,2.0,1.2,56.0,134.0,1.4,,,,,,,,,0.1,,,,,per 100g,2026-07-01T04:14:08.471742Z,2026-07-01T04:14:08.471742Z,12,0.4783,
tkpi_0300,"Kacang gude, rebus","kacang gude, rebus",TKPI,https://www.panganku.org/id-ID/view,Kacang-Kacangan,kacang-kacangan,61.5,147.0,9.0,0.5,27.5,3.4,1.5,50.0,175.0,2.0,14.0,1.126,0.8,2.7,,12.0,,,0.1,0.07,13.2,,,per 100g,2026-07-01T04:14:08.471742Z,2026-07-01T04:14:08.471742Z,5,0.7826,
tkpi_0301,"kacang hijau, rebus","kacang hijau, rebus",TKPI,https://www.panganku.org/id-ID/view,Kacang-Kacangan,kacang-kacangan,71.3,109.0,8.7,0.5,18.3,1.5,1.2,95.0,149.0,1.5,447.0,657.8,1.4,2.8,,18.0,120.0,,0.12,0.04,0.4,3.0,,per 100g,2026-07-01T04:14:08.471742Z,2026-07-01T04:14:08.471742Z,3,0.8696,
tkpi_0302,"Kacang kedelai, goreng","kacang kedelai, goreng",TKPI,https://www.panganku.org/id-ID/view,Kacang-Kacangan,kacang-kacangan,9.6,521.0,32.2,37.7,22.9,7.6,3.7,296.0,800.0,6.5,3.492,11.89,26.3,60.0,,,20.0,,0.4,1.9,19.0,,,per 100g,2026-07-01T04:14:08.471742Z,2026-07-01T04:14:08.471742Z,5,0.7826,
tkpi_0303,"Kacang kedelai, rebus","kacang kedelai, rebus",TKPI,https://www.panganku.org/id-ID/view,Kacang-Kacangan,kacang-kacangan,56.8,189.0,20.2,8.2,12.7,1.6,2.1,91.0,270.0,3.9,181.0,615.0,1.3,3.7,,4.0,15.0,,0.2,0.04,0.5,0.0,,per 100g,2026-07-01T04:14:08.471742Z,2026-07-01T04:14:08.471742Z,3,0.8696,
tkpi_0304,"Kacang merah kering, rebus","kacang merah kering, rebus",TKPI,https://www.panganku.org/id-ID/view,Kacang-Kacangan,kacang-kacangan,59.6,158.0,10.3,0.9,28.2,2.6,1.0,160.0,149.0,3.7,6.0,311.0,0.27,1.5,,,,,0.2,0.09,0.8,,,per 100g,2026-07-01T04:14:08.471742Z,2026-07-01T04:14:08.471742Z,6,0.7391,
tkpi_0305,"Kacang merah segar, rebus","kacang merah segar, rebus",TKPI,https://www.panganku.org/id-ID/view,Kacang-Kacangan,kacang-kacangan,63.1,144.0,10.0,1.0,24.7,3.5,1.2,144.0,150.0,2.8,6.0,311.0,0.27,1.5,,0.0,,,0.1,0.08,0.7,,,per 100g,2026-07-01T04:14:08.471742Z,2026-07-01T04:14:08.471742Z,5,0.7826,
tkpi_0306,"Kacang mete/biji jambu monyet, goreng","kacang mete/biji jambu monyet, goreng",TKPI,https://www.panganku.org/id-ID/view,Kacang-Kacangan,kacang-kacangan,1.0,629.0,20.4,56.3,19.8,1.1,2.5,502.0,493.0,8.0,13.0,641.7,4.7,5.4,,5.0,,,0.37,0.22,1.8,,,per 100g,2026-07-01T04:14:08.471742Z,2026-07-01T04:14:08.471742Z,5,0.7826,
tkpi_0307,Kacang tanah rebus dg kulit,kacang tanah rebus dg kulit,TKPI,https://www.panganku.org/id-ID/view,Kacang-Kacangan,kacang-kacangan,40.2,360.0,13.5,31.2,12.8,,2.3,42.0,177.0,1.4,32.0,483.0,1.6,2.0,0.0,,,,0.44,0.13,9.0,5.0,,per 100g,2026-07-01T04:14:08.471742Z,2026-07-01T04:14:08.471742Z,5,0.7826,
tkpi_0308,"Kacang tanah, goreng","kacang tanah, goreng",TKPI,https://www.panganku.org/id-ID/view,Kacang-Kacangan,kacang-kacangan,2.5,564.0,25.5,44.4,25.5,2.8,2.8,106.0,390.0,4.1,,,,,,,,,0.4,,,,,per 100g,2026-07-01T04:14:08.471742Z,2026-07-01T04:14:08.471742Z,12,0.4783,
tkpi_0309,"Kacang tanah, rebus","kacang tanah, rebus",TKPI,https://www.panganku.org/id-ID/view,Kacang-Kacangan,kacang-kacangan,62.1,220.0,10.6,18.0,8.0,1.0,1.3,89.0,273.0,1.9,36.0,536.2,1.78,2.2,,,,,0.1,,,0.0,,per 100g,2026-07-01T04:14:08.471742Z,2026-07-01T04:14:08.471742Z,7,0.6957,
tkpi_0310,"Kacang tolo, rebus","kacang tolo, rebus",TKPI,https://www.panganku.org/id-ID/view,Kacang-Kacangan,kacang-kacangan,64.4,138.0,10.7,1.1,22.6,0.9,1.2,165.0,172.0,4.0,13.0,6.7,0.8,6.1,,,,,0.01,0.17,3.2,,,per 100g,2026-07-01T04:14:08.471742Z,2026-07-01T04:14:08.471742Z,6,0.7391,
tkpi_0311,Ampas kacang hijau,ampas kacang hijau,TKPI,https://www.panganku.org/id-ID/view,Kacang-Kacangan,kacang-kacangan,70.6,96.0,3.7,0.6,19.1,2.7,0.6,133.0,150.0,1.3,,,,,,,,,0.05,,,,,per 100g,2026-07-01T04:14:08.471742Z,2026-07-01T04:14:08.471742Z,12,0.4783,
tkpi_0312,"Ampas tahu, mentah","ampas tahu, mentah",TKPI,https://www.panganku.org/id-ID/view,Kacang-Kacangan,kacang-kacangan,84.1,67.0,5.0,2.1,8.1,4.1,0.6,460.0,88.0,1.0,8.0,184.5,0.17,0.5,,0.0,,,0.06,0.02,0.1,,,per 100g,2026-07-01T04:14:08.471742Z,2026-07-01T04:14:08.471742Z,5,0.7826,
tkpi_0313,Ampas tahu kukus,ampas tahu kukus,TKPI,https://www.panganku.org/id-ID/view,Kacang-Kacangan,kacang-kacangan,82.5,75.0,4.1,2.1,10.7,5.1,0.6,203.0,60.0,1.3,,,,,,0.0,,,0.07,,,,,per 100g,2026-07-01T04:14:08.471742Z,2026-07-01T04:14:08.471742Z,11,0.5217,
tkpi_0314,"Ampas tahu, kering","ampas tahu, kering",TKPI,https://www.panganku.org/id-ID/view,Kacang-Kacangan,kacang-kacangan,9.0,414.0,26.6,18.3,41.3,0.0,5.8,19.0,29.0,4.0,45.0,1.055,0.99,2.8,0.0,24.0,,,0.2,0.1,0.5,0.0,,per 100g,2026-07-01T04:14:08.471742Z,2026-07-01T04:14:08.471742Z,3,0.8696,
tkpi_0315,Pepea oncom ampas tahu,pepea oncom ampas tahu,TKPI,https://www.panganku.org/id-ID/view,Kacang-Kacangan,kacang-kacangan,80.9,76.0,5.2,1.8,10.6,2.2,1.5,215.0,66.0,12.5,,,,,,,268.0,,0.11,,,,,per 100g,2026-07-01T04:14:08.471742Z,2026-07-01T04:14:08.471742Z,11,0.5217,
tkpi_0316,Bungkil biji karet,bungkil biji karet,TKPI,https://www.panganku.org/id-ID/view,Kacang-Kacangan,kacang-kacangan,12.0,333.0,29.3,3.3,50.0,,29.4,102.0,660.0,12.0,,,,,0.0,,,,0.1,,,0.0,,per 100g,2026-07-01T04:14:08.471742Z,2026-07-01T04:14:08.471742Z,11,0.5217,
tkpi_0317,Bungkil kacang tanah,bungkil kacang tanah,TKPI,https://www.panganku.org/id-ID/view,Kacang-Kacangan,kacang-kacangan,14.0,336.0,37.4,13.0,30.5,,33.1,730.0,470.0,30.7,,,,,0.0,,,,0.04,,,,,per 100g,2026-07-01T04:14:08.471742Z,2026-07-01T04:14:08.471742Z,12,0.4783,
tkpi_0318,Bungkil kelapa,bungkil kelapa,TKPI,https://www.panganku.org/id-ID/view,Kacang-Kacangan,kacang-kacangan,16.0,368.0,23.0,15.0,40.0,,38.0,137.0,433.0,41.5,,,,,0.0,,,,0.0,0.46,8.9,,,per 100g,2026-07-01T04:14:08.471742Z,2026-07-01T04:14:08.471742Z,10,0.5652,
tkpi_0319,Dodol banjarmasin,dodol banjarmasin,TKPI,https://www.panganku.org/id-ID/view,Kacang-Kacangan,kacang-kacangan,17.3,368.0,2.6,8.6,70.0,0.5,1.5,51.0,180.0,3.3,48.0,96.0,0.4,2.6,0.0,0.0,0.0,,0.04,0.07,2.3,0.0,,per 100g,2026-07-01T04:14:08.471742Z,2026-07-01T04:14:08.471742Z,2,0.913,"Nama lainnya adalah Dodol kandangan. Bahan dasar terdiri dari Gula pasir, agar-agar, susu kental manis, santan, kacang tanah"
tkpi_0320,Emping (kerupuk melinjo),emping (kerupuk melinjo),TKPI,https://www.panganku.org/id-ID/view,Kacang-Kacangan,kacang-kacangan,13.0,345.0,12.0,1.5,71.5,,28.0,100.0,400.0,5.0,,,,,,,,,0.2,,,0.0,,per 100g,2026-07-01T04:14:08.471742Z,2026-07-01T04:14:08.471742Z,12,0.4783,"Bahan dasar terdiri dari biji melinjo dihaluskan, dicetak, dijemur dan digoreng"
tkpi_0321,Emping komak,emping komak,TKPI,https://www.panganku.org/id-ID/view,Kacang-Kacangan,kacang-kacangan,14.2,355.0,17.8,4.6,60.7,,2.7,87.0,304.0,4.3,24.0,1.233,1.0,2.3,,0.0,,,,,0.6,,,per 100g,2026-07-01T04:14:08.471742Z,2026-07-01T04:14:08.471742Z,8,0.6522,Seperti emping melinjo namun berbahan dasar kacang komak. Khas lombok.
tkpi_0322,Enting-enting gepuk hello kity,enting-enting gepuk hello kity,TKPI,https://www.panganku.org/id-ID/view,Kacang-Kacangan,kacang-kacangan,2.4,538.0,13.6,30.3,52.6,0.2,1.0,81.0,248.0,1.6,,,,,0.0,,202.0,,1.0,,,0.0,,per 100g,2026-07-01T04:14:08.471742Z,2026-07-01T04:14:08.471742Z,9,0.6087,"Kacang tanah yang telah dipanaskan dalam cairan gula kental, digepuk di atas landasan batu. Berbentuk empat persegi panjang setebal 15 cm"
tkpi_0323,Enting-enting gepuk kacang tanah,enting-enting gepuk kacang tanah,TKPI,https://www.panganku.org/id-ID/view,Kacang-Kacangan,kacang-kacangan,4.2,524.0,13.3,29.2,52.0,0.2,1.4,76.0,248.0,1.4,,,,,0.0,,272.0,,0.62,,,0.0,,per 100g,2026-07-01T04:14:08.471742Z,2026-07-01T04:14:08.471742Z,9,0.6087,
tkpi_0324,Enting-enting wijen,enting-enting wijen,TKPI,https://www.panganku.org/id-ID/view,Kacang-Kacangan,kacang-kacangan,3.7,565.0,18.2,38.4,36.8,1.9,3.0,251.0,502.0,10.9,,,,,0.0,,240.0,,0.92,,,0.0,,per 100g,2026-07-01T04:14:08.471742Z,2026-07-01T04:14:08.471742Z,9,0.6087,
tkpi_0325,Geplak,geplak,TKPI,https://www.panganku.org/id-ID/view,Kacang-Kacangan,kacang-kacangan,29.6,350.0,1.4,14.4,53.6,1.8,1.0,151.0,43.0,2.1,,,,,0.0,,120.0,,0.12,0.02,0.8,0.0,,per 100g,2026-07-01T04:14:08.471742Z,2026-07-01T04:14:08.471742Z,7,0.6957,Parutan kelapa kasar dengan gula pasir
tkpi_0326,Geplak jahe,geplak jahe,TKPI,https://www.panganku.org/id-ID/view,Kacang-Kacangan,kacang-kacangan,12.4,462.0,3.1,24.4,57.7,3.3,2.5,212.0,161.0,6.6,,,,,0.0,,272.0,,0.12,0.0,0.1,0.0,,per 100g,2026-07-01T04:14:08.471742Z,2026-07-01T04:14:08.471742Z,7,0.6957,Parutan kelapa kasar dengan gula pasir dan jahe
tkpi_0327,Kacang atom,kacang atom,TKPI,https://www.panganku.org/id-ID/view,Kacang-Kacangan,kacang-kacangan,3.1,533.0,27.8,38.1,28.8,2.5,2.2,87.0,423.0,3.0,,,,,,,0.0,,0.06,,,0.0,,per 100g,2026-07-01T04:14:08.471742Z,2026-07-01T04:14:08.471742Z,10,0.5652,Bahan dasar terdiri dari kacang tanah kupas yang dibalur telur dan terigu kemudian digoreng
tkpi_0328,Kacang goyang,kacang goyang,TKPI,https://www.panganku.org/id-ID/view,Kacang-Kacangan,kacang-kacangan,8.3,516.0,14.7,31.1,44.4,,1.5,34.0,230.0,0.7,2.0,365.0,0.6,1.7,,,,,,,,,,per 100g,2026-07-01T04:14:08.471742Z,2026-07-01T04:14:08.471742Z,10,0.5652,Bahan dasar terdiri dari Kacang tanah digoyang di bawah lelehan gula yang telah di beri pewarna untuk membuat kacang goyang menjadi berwarna warni.
tkpi_0329,Kacang negara,kacang negara,TKPI,https://www.panganku.org/id-ID/view,Kacang-Kacangan,kacang-kacangan,3.1,480.0,18.4,19.1,58.5,11.7,0.9,34.0,404.0,10.3,1.01,385.0,2.5,7.1,,,,,0.63,0.05,2.6,,,per 100g,2026-07-01T04:14:08.471742Z,2026-07-01T04:14:08.471742Z,6,0.7391,
tkpi_0330,Kacang sukro,kacang sukro,TKPI,https://www.panganku.org/id-ID/view,Kacang-Kacangan,kacang-kacangan,4.7,484.0,8.8,26.1,57.7,1.8,2.7,49.0,194.0,2.5,,,,,,,0.0,,0.06,,,0.0,,per 100g,2026-07-01T04:14:08.471742Z,2026-07-01T04:14:08.471742Z,10,0.5652,"Kacang atom dengan merk dagang ""sukro"""
tkpi_0331,Kacang tanah sari,kacang tanah sari,TKPI,https://www.panganku.org/id-ID/view,Kacang-Kacangan,kacang-kacangan,2.1,561.0,25.5,43.8,26.0,2.2,2.6,50.0,324.0,3.1,,,,,,,0.0,,0.08,,,0.0,,per 100g,2026-07-01T04:14:08.471742Z,2026-07-01T04:14:08.471742Z,10,0.5652,
tkpi_0332,Keju kacang tanah (peanut butter),keju kacang tanah (peanut butter),TKPI,https://www.panganku.org/id-ID/view,Kacang-Kacangan,kacang-kacangan,3.0,590.0,27.0,49.0,20.9,1.6,0.1,60.0,360.0,2.0,355.0,492.4,0.57,2.7,0.0,0.0,,,0.3,0.2,16.2,0.0,,per 100g,2026-07-01T04:14:08.471742Z,2026-07-01T04:14:08.471742Z,3,0.8696,Nama lainnya adalah selai kacang atau pindakaas. Bahan dasar kacang tanah yang dihaluskan dicampur dengan gula
tkpi_0333,Kembang tahu,kembang tahu,TKPI,https://www.panganku.org/id-ID/view,Kacang-Kacangan,kacang-kacangan,10.8,380.0,48.9,13.8,23.3,0.0,3.2,378.0,781.0,2.1,55.0,455.3,0.68,4.2,,0.0,,,0.15,0.08,0.7,,,per 100g,2026-07-01T04:14:08.471742Z,2026-07-01T04:14:08.471742Z,5,0.7826,Produk sampingan proses perebusan kedelai yang diambil dari endapan yang terkumpul di permukaan air perebusan kedelai
tkpi_0334,Kembang tahu rebus,kembang tahu rebus,TKPI,https://www.panganku.org/id-ID/view,Kacang-Kacangan,kacang-kacangan,79.8,90.0,10.7,4.0,4.7,,0.8,85.0,,,,,,,,,,,,,,,,per 100g,2026-07-01T04:14:08.471742Z,2026-07-01T04:14:08.471742Z,16,0.3043,
tkpi_0335,Keripik oncom,keripik oncom,TKPI,https://www.panganku.org/id-ID/view,Kacang-Kacangan,kacang-kacangan,3.0,598.0,8.3,43.8,42.6,3.3,2.2,85.0,153.0,27.0,,,,,,,1.608,,1.13,,,0.0,,per 100g,2026-07-01T04:14:08.471742Z,2026-07-01T04:14:08.471742Z,10,0.5652,
tkpi_0336,Keripik tempe,keripik tempe,TKPI,https://www.panganku.org/id-ID/view,Kacang-Kacangan,kacang-kacangan,3.3,581.0,12.1,40.6,41.7,2.2,2.3,237.0,116.0,6.9,,,,,,,320.0,,0.35,,,0.0,,per 100g,2026-07-01T04:14:08.471742Z,2026-07-01T04:14:08.471742Z,10,0.5652,
tkpi_0337,Keripik tempe abadi besar,keripik tempe abadi besar,TKPI,https://www.panganku.org/id-ID/view,Kacang-Kacangan,kacang-kacangan,4.5,556.0,15.8,37.1,39.8,3.5,2.8,112.0,215.0,5.4,,,,,,,0.0,,0.63,,,0.0,,per 100g,2026-07-01T04:14:08.471742Z,2026-07-01T04:14:08.471742Z,10,0.5652,
tkpi_0338,Keripik tempe abadi murni,keripik tempe abadi murni,TKPI,https://www.panganku.org/id-ID/view,Kacang-Kacangan,kacang-kacangan,3.2,542.0,40.3,42.4,11.6,2.2,2.7,175.0,529.0,5.2,,,,,,,50.0,,0.1,,,0.0,,per 100g,2026-07-01T04:14:08.471742Z,2026-07-01T04:14:08.471742Z,10,0.5652,
tkpi_0339,Keripik tempe abadi sedang,keripik tempe abadi sedang,TKPI,https://www.panganku.org/id-ID/view,Kacang-Kacangan,kacang-kacangan,4.4,510.0,12.3,27.9,52.4,3.6,3.1,122.0,211.0,8.4,,,,,,,0.0,,0.52,,,0.0,,per 100g,2026-07-01T04:14:08.471742Z,2026-07-01T04:14:08.471742Z,10,0.5652,
tkpi_0340,Keripik tempe abadi telur,keripik tempe abadi telur,TKPI,https://www.panganku.org/id-ID/view,Kacang-Kacangan,kacang-kacangan,4.5,529.0,20.8,31.7,40.2,3.0,2.9,124.0,222.0,5.4,,,,,,,0.0,,0.86,,,0.0,,per 100g,2026-07-01T04:14:08.471742Z,2026-07-01T04:14:08.471742Z,10,0.5652,
tkpi_0341,Kerupik tempe abadi prima,kerupik tempe abadi prima,TKPI,https://www.panganku.org/id-ID/view,Kacang-Kacangan,kacang-kacangan,4.8,540.0,16.7,33.9,42.0,2.2,2.6,92.0,184.0,3.2,,,,,,,1.08,,0.38,,,0.0,,per 100g,2026-07-01T04:14:08.471742Z,2026-07-01T04:14:08.471742Z,10,0.5652,
tkpi_0342,Kwaci,kwaci,TKPI,https://www.panganku.org/id-ID/view,Kacang-Kacangan,kacang-kacangan,9.9,515.0,30.6,42.1,13.8,13.6,3.7,54.0,312.0,6.2,124.0,448.6,0.65,9.7,0.0,,,,0.02,0.19,0.3,0.0,,per 100g,2026-07-01T04:14:08.471742Z,2026-07-01T04:14:08.471742Z,4,0.8261,
tkpi_0343,Melinjo emping tebal goreng manis,melinjo emping tebal goreng manis,TKPI,https://www.panganku.org/id-ID/view,Kacang-Kacangan,kacang-kacangan,5.6,439.0,10.0,16.4,65.7,,2.3,66.0,225.0,,,,,,,,0.0,,0.1,,,0.0,,per 100g,2026-07-01T04:14:08.471742Z,2026-07-01T04:14:08.471742Z,12,0.4783,
tkpi_0344,"Melinjo emping tebal, goreng asin","melinjo emping tebal, goreng asin",TKPI,https://www.panganku.org/id-ID/view,Kacang-Kacangan,kacang-kacangan,8.0,431.0,11.1,16.2,63.0,,1.6,77.0,,,,,,,,,0.0,,0.08,,,0.0,,per 100g,2026-07-01T04:14:08.471742Z,2026-07-01T04:14:08.471742Z,13,0.4348,
tkpi_0345,Melinjo emping tipis goreng,melinjo emping tipis goreng,TKPI,https://www.panganku.org/id-ID/view,Kacang-Kacangan,kacang-kacangan,3.3,485.0,11.5,24.5,59.1,,1.5,85.0,218.0,,,,,,,,0.0,,0.11,,,0.0,,per 100g,2026-07-01T04:14:08.471742Z,2026-07-01T04:14:08.471742Z,12,0.4783,
tkpi_0346,Moon tahu,moon tahu,TKPI,https://www.panganku.org/id-ID/view,Kacang-Kacangan,kacang-kacangan,79.9,128.0,8.0,10.0,1.3,0.2,0.8,205.0,92.0,2.5,393.0,,,,131.0,,5.3,,0.46,,,0.0,,per 100g,2026-07-01T04:14:08.471742Z,2026-07-01T04:14:08.471742Z,8,0.6522,"Tumisan terdiri dari campuran tahu, telur, ayam, kaldu dan bahan-bahan lainnya dikentalkan dengan tepung sagu."
tkpi_0347,Oncom,oncom,TKPI,https://www.panganku.org/id-ID/view,Kacang-Kacangan,kacang-kacangan,57.0,187.0,13.0,6.0,22.6,,1.4,96.0,115.0,27.0,,,,,0.0,,,,0.09,0.0,1.6,0.0,,per 100g,2026-07-01T04:14:08.471742Z,2026-07-01T04:14:08.471742Z,9,0.6087,
tkpi_0348,Oncom ampas kacang hijau,oncom ampas kacang hijau,TKPI,https://www.panganku.org/id-ID/view,Kacang-Kacangan,kacang-kacangan,13.4,376.0,14.9,6.0,65.7,12.3,1.7,199.0,110.0,10.9,,,,,,,,,0.03,,,,,per 100g,2026-07-01T04:14:08.471742Z,2026-07-01T04:14:08.471742Z,12,0.4783,
tkpi_0349,Oncom kacang hijau + singkong,oncom kacang hijau  singkong,TKPI,https://www.panganku.org/id-ID/view,Kacang-Kacangan,kacang-kacangan,16.5,351.0,11.0,5.3,65.9,9.0,1.3,164.0,113.0,7.8,,,,,,,,,0.01,,,,,per 100g,2026-07-01T04:14:08.471742Z,2026-07-01T04:14:08.471742Z,12,0.4783,
tkpi_0350,Oncom kacang tanah pepes,oncom kacang tanah pepes,TKPI,https://www.panganku.org/id-ID/view,Kacang-Kacangan,kacang-kacangan,65.0,132.0,12.7,3.8,13.7,3.1,4.8,133.0,355.0,34.4,,,,,,,10.0,,0.08,0.2,0.7,0.0,,per 100g,2026-07-01T04:14:08.471742Z,2026-07-01T04:14:08.471742Z,8,0.6522,
tkpi_0351,Rempeyek kacang tanah,rempeyek kacang tanah,TKPI,https://www.panganku.org/id-ID/view,Kacang-Kacangan,kacang-kacangan,3.9,513.0,17.5,32.5,44.3,1.7,1.8,65.0,202.0,2.6,,,,,,,0.0,,0.1,,,0.0,,per 100g,2026-07-01T04:14:08.471742Z,2026-07-01T04:14:08.471742Z,10,0.5652,Nama lainnya adalah peyek. Gorengan tipis renyah yang terdiri dari campuran  tepung beras dan kacang tanah
tkpi_0352,Rempeyek kacang tolo,rempeyek kacang tolo,TKPI,https://www.panganku.org/id-ID/view,Kacang-Kacangan,kacang-kacangan,6.1,451.0,11.2,20.2,59.7,1.8,2.8,156.0,221.0,4.6,,,,,,,0.0,,0.02,,,0.0,,per 100g,2026-07-01T04:14:08.471742Z,2026-07-01T04:14:08.471742Z,10,0.5652,Nama lainnya adalah peyek. Gorengan tipis renyah yang terdiri dari campuran  tepung beras dan kacang tolo
tkpi_0353,Rempeyek kacang uci,rempeyek kacang uci,TKPI,https://www.panganku.org/id-ID/view,Kacang-Kacangan,kacang-kacangan,4.0,497.0,17.0,27.6,50.8,2.4,3.4,166.0,89.0,6.7,,,,,,,0.0,,0.05,,,0.0,,per 100g,2026-07-01T04:14:08.471742Z,2026-07-01T04:14:08.471742Z,10,0.5652,Nama lainnya adalah peyek. Gorengan tipis renyah  yang terdiri dari campuran  tepung beras dan kacang uci
tkpi_0354,Sayur lebui,sayur lebui,TKPI,https://www.panganku.org/id-ID/view,Kacang-Kacangan,kacang-kacangan,83.9,64.0,2.1,0.6,12.5,5.7,0.9,21.0,2.0,1.0,124.0,146.0,0.2,0.7,,14.0,,,,0.0,0.1,,,per 100g,2026-07-01T04:14:08.471742Z,2026-07-01T04:14:08.471742Z,6,0.7391,"Bahan dasar kedelai hitam yang direbus bersama labu kuning, belimbing wuluh, tomat, cabai dan santan."
tkpi_0355,"Saridele, bubuk","saridele, bubuk",TKPI,https://www.panganku.org/id-ID/view,Kacang-Kacangan,kacang-kacangan,3.0,344.0,30.0,20.0,43.0,6.2,4.0,450.0,500.0,4.0,56.0,2.572,2.99,4.0,,0.0,2.0,,0.7,0.16,2.0,10.0,,per 100g,2026-07-01T04:14:08.471742Z,2026-07-01T04:14:08.471742Z,3,0.8696,
tkpi_0356,Susu kedelai,susu kedelai,TKPI,https://www.panganku.org/id-ID/view,Kacang-Kacangan,kacang-kacangan,87.0,41.0,3.5,2.5,5.0,0.2,2.0,50.0,45.0,0.7,128.0,287.9,0.12,1.0,,,200.0,,0.08,0.05,0.7,2.0,,per 100g,2026-07-01T04:14:08.471742Z,2026-07-01T04:14:08.471742Z,4,0.8261,
tkpi_0357,"Tahu, mentah","tahu, mentah",TKPI,https://www.panganku.org/id-ID/view,Kacang-Kacangan,kacang-kacangan,82.2,80.0,10.9,4.7,0.8,0.1,1.4,223.0,183.0,3.4,2.0,50.6,0.19,0.8,,118.0,,,0.01,0.08,0.1,,,per 100g,2026-07-01T04:14:08.471742Z,2026-07-01T04:14:08.471742Z,5,0.7826,
tkpi_0358,Tahu goreng,tahu goreng,TKPI,https://www.panganku.org/id-ID/view,Kacang-Kacangan,kacang-kacangan,77.3,115.0,9.7,8.5,2.5,0.1,2.0,229.0,200.0,4.1,7.0,68.2,0.09,1.3,,0.0,0.0,,0.01,0.24,0.0,0.0,,per 100g,2026-07-01T04:14:08.471742Z,2026-07-01T04:14:08.471742Z,3,0.8696,
tkpi_0359,Tahu telur,tahu telur,TKPI,https://www.panganku.org/id-ID/view,Kacang-Kacangan,kacang-kacangan,41.8,328.0,12.6,19.9,24.6,0.4,1.1,492.0,238.0,4.9,755.0,,,,73.0,,1.86,,0.42,,,0.0,,per 100g,2026-07-01T04:14:08.471742Z,2026-07-01T04:14:08.471742Z,8,0.6522,
tkpi_0360,Takwa,takwa,TKPI,https://www.panganku.org/id-ID/view,Kacang-Kacangan,kacang-kacangan,72.2,148.0,13.8,8.5,4.0,0.0,1.6,140.0,214.0,8.5,3.0,79.0,0.3,1.3,,,920.0,,0.2,0.1,0.8,,,per 100g,2026-07-01T04:14:08.471742Z,2026-07-01T04:14:08.471742Z,5,0.7826,
tkpi_0361,Tauco,tauco,TKPI,https://www.panganku.org/id-ID/view,Kacang-Kacangan,kacang-kacangan,54.0,184.0,11.4,5.5,22.2,1.9,6.9,72.0,463.0,6.0,1.766,233.0,0.39,1.0,,0.0,664.0,,0.32,0.2,0.8,0.0,,per 100g,2026-07-01T04:14:08.471742Z,2026-07-01T04:14:08.471742Z,3,0.8696,"Biji kedelai  yang telah direbus, dihaluskan dan diaduk dengan tepung terigu kemudian difermentasi"
tkpi_0362,"Tauco cap beruang, cake","tauco cap beruang, cake",TKPI,https://www.panganku.org/id-ID/view,Kacang-Kacangan,kacang-kacangan,11.4,347.0,7.4,5.2,67.6,3.2,8.4,63.0,106.0,6.2,,,,,,,936.0,,0.35,,,0.0,,per 100g,2026-07-01T04:14:08.471742Z,2026-07-01T04:14:08.471742Z,10,0.5652,
tkpi_0363,"Tauco cap DAS, cake","tauco cap das, cake",TKPI,https://www.panganku.org/id-ID/view,Kacang-Kacangan,kacang-kacangan,10.2,358.0,7.5,4.3,70.4,3.1,7.6,94.0,94.0,4.5,,,,,,,504.0,,0.29,,,0.0,,per 100g,2026-07-01T04:14:08.471742Z,2026-07-01T04:14:08.471742Z,10,0.5652,
tkpi_0364,Tauco cap meong,tauco cap meong,TKPI,https://www.panganku.org/id-ID/view,Kacang-Kacangan,kacang-kacangan,59.7,159.0,7.4,4.9,21.3,1.6,6.7,183.0,84.0,10.1,1.547,204.1,0.34,0.9,,0.0,472.0,,0.46,0.18,0.7,0.0,,per 100g,2026-07-01T04:14:08.471742Z,2026-07-01T04:14:08.471742Z,3,0.8696,
tkpi_0365,Tauji cap singa,tauji cap singa,TKPI,https://www.panganku.org/id-ID/view,Kacang-Kacangan,kacang-kacangan,30.4,277.0,9.1,4.7,49.6,1.2,6.2,68.0,106.0,3.0,,,,,,,936.0,,0.15,,,0.0,,per 100g,2026-07-01T04:14:08.471742Z,2026-07-01T04:14:08.471742Z,10,0.5652,
tkpi_0366,Tempe bongkrek,tempe bongkrek,TKPI,https://www.panganku.org/id-ID/view,Kacang-Kacangan,kacang-kacangan,72.5,119.0,4.4,3.5,18.3,,146.3,27.0,100.0,2.6,,,,,0.0,,,,0.08,,,0.0,,per 100g,2026-07-01T04:14:08.471742Z,2026-07-01T04:14:08.471742Z,11,0.5217,Bahan dasar kacang kedelai dan ampas kelapa yang difermentasi
tkpi_0367,Tempe gembus P3G,tempe gembus p3g,TKPI,https://www.panganku.org/id-ID/view,Kacang-Kacangan,kacang-kacangan,81.9,73.0,5.7,1.3,10.3,4.2,0.8,204.0,80.0,1.5,,,,,,,22.0,,0.09,0.1,0.9,,,per 100g,2026-07-01T04:14:08.471742Z,2026-07-01T04:14:08.471742Z,9,0.6087,Bahan dasar ampas tahu difermentasi oleh kapang tempe
tkpi_0368,Tempe gembus yogya,tempe gembus yogya,TKPI,https://www.panganku.org/id-ID/view,Kacang-Kacangan,kacang-kacangan,80.7,76.0,6.8,0.7,10.6,5.3,1.1,76.0,142.0,16.5,,,,,,,,,0.79,0.01,0.1,,,per 100g,2026-07-01T04:14:08.471742Z,2026-07-01T04:14:08.471742Z,10,0.5652,
tkpi_0369,Tempe kacang babi,tempe kacang babi,TKPI,https://www.panganku.org/id-ID/view,Kacang-Kacangan,kacang-kacangan,64.0,139.0,12.5,0.8,21.9,1.8,1.2,68.0,182.0,2.6,,,,,,,20.0,,0.1,,,,,per 100g,2026-07-01T04:14:08.471742Z,2026-07-01T04:14:08.471742Z,11,0.5217,
tkpi_0370,Tempe kacang belimbing,tempe kacang belimbing,TKPI,https://www.panganku.org/id-ID/view,Kacang-Kacangan,kacang-kacangan,58.2,212.0,17.5,10.0,12.9,2.9,1.4,186.0,160.0,2.2,,,,,,,,,0.2,,,,,per 100g,2026-07-01T04:14:08.471742Z,2026-07-01T04:14:08.471742Z,12,0.4783,
tkpi_0371,Tempe kedelai + jagung,tempe kedelai  jagung,TKPI,https://www.panganku.org/id-ID/view,Kacang-Kacangan,kacang-kacangan,70.6,143.0,12.0,5.5,11.4,1.9,0.6,155.0,156.0,6.8,,,,,,,1.32,,0.33,0.15,1.2,,,per 100g,2026-07-01T04:14:08.471742Z,2026-07-01T04:14:08.471742Z,9,0.6087,
tkpi_0372,"Tempe kedelai murni, goreng","tempe kedelai murni, goreng",TKPI,https://www.panganku.org/id-ID/view,Kacang-Kacangan,kacang-kacangan,36.8,350.0,24.5,26.6,10.4,4.2,1.8,202.0,296.0,4.9,22.0,626.7,0.8,2.5,,,78.0,,0.24,0.6,3.3,0.0,,per 100g,2026-07-01T04:14:08.471742Z,2026-07-01T04:14:08.471742Z,4,0.8261,
tkpi_0373,"Tempe kedelai murni, mentah","tempe kedelai murni, mentah",TKPI,https://www.panganku.org/id-ID/view,Kacang-Kacangan,kacang-kacangan,55.3,201.0,20.8,8.8,13.5,1.4,1.6,155.0,326.0,4.0,9.0,234.0,0.57,1.7,,0.0,,,0.19,0.59,4.9,,,per 100g,2026-07-01T04:14:08.471742Z,2026-07-01T04:14:08.471742Z,5,0.7826,
tkpi_0374,Tempe koro benguk,tempe koro benguk,TKPI,https://www.panganku.org/id-ID/view,Kacang-Kacangan,kacang-kacangan,64.0,141.0,10.2,1.3,23.2,,1.3,42.0,15.0,2.6,,,,,0.0,,,,0.09,,,0.0,,per 100g,2026-07-01T04:14:08.471742Z,2026-07-01T04:14:08.471742Z,11,0.5217,
tkpi_0375,Tempe lamtoro,tempe lamtoro,TKPI,https://www.panganku.org/id-ID/view,Kacang-Kacangan,kacang-kacangan,66.8,128.0,10.7,0.5,21.3,7.1,0.7,203.0,108.0,0.6,,,,,,,121.0,,0.17,,,2.0,,per 100g,2026-07-01T04:14:08.471742Z,2026-07-01T04:14:08.471742Z,10,0.5652,
tkpi_0376,Tempe lamtoro var. gung dengan kulit,tempe lamtoro var. gung dengan kulit,TKPI,https://www.panganku.org/id-ID/view,Kacang-Kacangan,kacang-kacangan,65.1,146.0,11.7,2.3,19.6,7.6,1.3,128.0,41.0,6.8,,,,,,,1.37,,0.19,,1.4,,,per 100g,2026-07-01T04:14:08.471742Z,2026-07-01T04:14:08.471742Z,10,0.5652,
tkpi_0377,Tempe lamtoro var. gung tanpa kulit,tempe lamtoro var. gung tanpa kulit,TKPI,https://www.panganku.org/id-ID/view,Kacang-Kacangan,kacang-kacangan,67.1,131.0,18.0,0.8,13.0,1.3,1.1,95.0,154.0,12.4,,,,,,,5.9,,0.2,0.02,2.6,,,per 100g,2026-07-01T04:14:08.471742Z,2026-07-01T04:14:08.471742Z,9,0.6087,
tkpi_0378,Tempe pasar,tempe pasar,TKPI,https://www.panganku.org/id-ID/view,Kacang-Kacangan,kacang-kacangan,68.3,150.0,14.0,7.7,9.1,1.4,0.9,517.0,202.0,1.5,7.0,165.9,0.4,1.2,,0.0,,,0.17,0.44,3.6,,,per 100g,2026-07-01T04:14:08.471742Z,2026-07-01T04:14:08.471742Z,5,0.7826,
tkpi_0379,Tempe pasar goreng,tempe pasar goreng,TKPI,https://www.panganku.org/id-ID/view,Kacang-Kacangan,kacang-kacangan,42.9,336.0,20.0,28.0,7.8,3.4,1.3,156.0,350.0,3.0,20.0,566.2,0.8,2.2,,,10.0,,0.1,0.5,3.0,0.0,,per 100g,2026-07-01T04:14:08.471742Z,2026-07-01T04:14:08.471742Z,4,0.8261,
tkpi_0380,Tepung hunkwe (pati kacang ijo),tepung hunkwe (pati kacang ijo),TKPI,https://www.panganku.org/id-ID/view,Kacang-Kacangan,kacang-kacangan,10.0,364.0,4.5,1.0,83.5,16.1,1.0,50.0,100.0,1.0,15.0,1.232,0.93,2.7,0.0,,,,0.0,0.23,2.2,0.0,,per 100g,2026-07-01T04:14:08.471742Z,2026-07-01T04:14:08.471742Z,4,0.8261,
tkpi_0381,Tepung Jalejo,tepung jalejo,TKPI,https://www.panganku.org/id-ID/view,Kacang-Kacangan,kacang-kacangan,10.0,388.0,19.0,7.5,61.2,5.8,2.3,101.0,663.0,2.0,3.0,712.0,0.6,1.9,,1.0,0.0,,0.02,0.7,1.6,9.0,,per 100g,2026-07-01T04:14:08.471742Z,2026-07-01T04:14:08.471742Z,3,0.8696,"Bahan dasar terdiri dari jagung, kedelai, kacang hijau. Khas Jakarta"
tkpi_0382,Tepung kacang kedelai,tepung kacang kedelai,TKPI,https://www.panganku.org/id-ID/view,Kacang-Kacangan,kacang-kacangan,9.0,347.0,35.9,20.6,29.9,5.8,4.0,195.0,544.0,8.4,52.0,2.522,4.303,2.6,,0.0,140.0,,0.77,0.32,2.1,0.0,,per 100g,2026-07-01T04:14:08.471742Z,2026-07-01T04:14:08.471742Z,3,0.8696,
tkpi_0383,"Akar tonjong, segar (Lotus root, fresh)","akar tonjong, segar (lotus root, fresh)",TKPI,https://www.panganku.org/id-ID/view,Sayuran,sayuran,86.7,45.0,1.1,0.4,10.8,1.2,1.0,72.0,125.0,1.3,96.0,1.147,0.02,0.2,0.0,83.0,90.0,,0.02,0.03,1.9,2.0,,per 100g,2026-07-01T04:14:08.471742Z,2026-07-01T04:14:08.471742Z,2,0.913,
tkpi_0384,"Ale,toge, segar","ale,toge, segar",TKPI,https://www.panganku.org/id-ID/view,Sayuran,sayuran,90.6,37.0,4.4,0.5,3.8,1.7,0.7,50.0,248.0,2.0,2.0,105.0,0.16,0.4,0.0,0.0,35.0,,0.02,0.09,0.6,46.0,,per 100g,2026-07-01T04:14:08.471742Z,2026-07-01T04:14:08.471742Z,2,0.913,
tkpi_0385,"Andaliman, segar","andaliman, segar",TKPI,https://www.panganku.org/id-ID/view,Sayuran,sayuran,74.2,99.0,4.6,1.0,18.0,8.5,2.2,383.0,107.0,2.9,,,,,0.0,,6.3,,3.0,,,15.0,,per 100g,2026-07-01T04:14:08.471742Z,2026-07-01T04:14:08.471742Z,9,0.6087,
tkpi_0386,"Andewi, segar (Endive, fresh)","andewi, segar (endive, fresh)",TKPI,https://www.panganku.org/id-ID/view,Sayuran,sayuran,91.8,226.0,1.6,0.2,5.3,4.1,1.1,33.0,66.0,1.0,29.0,414.6,0.13,1.0,,1.717,,,0.14,0.09,0.5,10.0,,per 100g,2026-07-01T04:14:08.471742Z,2026-07-01T04:14:08.471742Z,4,0.8261,
tkpi_0387,"Bakung, segar (Welsh onion, fresh)","bakung, segar (welsh onion, fresh)",TKPI,https://www.panganku.org/id-ID/view,Sayuran,sayuran,92.5,27.0,2.0,0.2,4.2,3.8,1.1,19.0,20.0,0.5,37.0,340.0,0.2,0.3,,1.08,,,0.2,0.1,0.3,42.0,,per 100g,2026-07-01T04:14:08.471742Z,2026-07-01T04:14:08.471742Z,4,0.8261,
tkpi_0388,"Baligo, segar (Wax gourd)","baligo, segar (wax gourd)",TKPI,https://www.panganku.org/id-ID/view,Sayuran,sayuran,96.1,15.0,0.4,0.2,3.0,0.4,0.3,19.0,19.0,0.4,2.0,131.1,0.02,0.6,,0.0,,,0.04,0.02,0.3,13.0,,per 100g,2026-07-01T04:14:08.471742Z,2026-07-01T04:14:08.471742Z,4,0.8261,
tkpi_0389,"Bawang bombay, segar (Onion, fresh)","bawang bombay, segar (onion, fresh)",TKPI,https://www.panganku.org/id-ID/view,Sayuran,sayuran,87.5,43.0,1.4,0.2,10.3,2.0,0.6,32.0,44.0,0.5,12.0,9.6,0.1,0.3,,788.0,50.0,,0.03,0.21,0.4,9.0,,per 100g,2026-07-01T04:14:08.471742Z,2026-07-01T04:14:08.471742Z,3,0.8696,
tkpi_0390,"Bayam, segar (Spinach, fresh)","bayam, segar (spinach, fresh)",TKPI,https://www.panganku.org/id-ID/view,Sayuran,sayuran,94.5,16.0,0.9,0.4,2.9,0.7,1.3,166.0,76.0,3.5,16.0,456.4,0.13,0.4,,2.699,2.293,,0.04,0.1,1.0,41.0,,per 100g,2026-07-01T04:14:08.471742Z,2026-07-01T04:14:08.471742Z,3,0.8696,
tkpi_0391,"Bayam merah, segar (Spinach, red, fresh)","bayam merah, segar (spinach, red, fresh)",TKPI,https://www.panganku.org/id-ID/view,Sayuran,sayuran,88.5,41.0,2.2,0.8,6.3,2.2,2.2,520.0,80.0,7.0,20.0,60.0,0.2,0.8,0.0,7.325,,,0.2,0.1,0.1,62.0,,per 100g,2026-07-01T04:14:08.471742Z,2026-07-01T04:14:08.471742Z,3,0.8696,
tkpi_0392,"Bit, segar (Beet, fresh)","bit, segar (beet, fresh)",TKPI,https://www.panganku.org/id-ID/view,Sayuran,sayuran,87.6,41.0,1.6,0.1,9.6,2.6,1.1,27.0,43.0,1.0,29.0,404.9,0.2,0.7,,0.0,20.0,,0.02,0.05,0.3,10.0,,per 100g,2026-07-01T04:14:08.471742Z,2026-07-01T04:14:08.471742Z,3,0.8696,
tkpi_0393,"Buah kelor (West Indian bean, fruit)","buah kelor (west indian bean, fruit)",TKPI,https://www.panganku.org/id-ID/view,Sayuran,sayuran,89.5,38.0,1.5,0.2,7.5,3.2,1.3,30.0,54.0,0.0,48.0,216.0,0.0,0.2,,31.0,,,0.1,0.1,4.1,25.0,,per 100g,2026-07-01T04:14:08.471742Z,2026-07-01T04:14:08.471742Z,4,0.8261,
tkpi_0394,Buah merah (Red fruit),buah merah (red fruit),TKPI,https://www.panganku.org/id-ID/view,Sayuran,sayuran,81.2,87.0,2.6,2.7,13.1,4.0,0.4,30.0,1.0,1.1,110.0,140.0,0.1,0.3,0.0,0.0,,,1.5,0.1,0.2,15.0,,per 100g,2026-07-01T04:14:08.471742Z,2026-07-01T04:14:08.471742Z,3,0.8696,
tkpi_0395,"Buncis, segar (Green bean, fresh)","buncis, segar (green bean, fresh)",TKPI,https://www.panganku.org/id-ID/view,Sayuran,sayuran,89.6,34.0,2.4,0.3,7.2,1.9,0.5,101.0,42.0,0.7,8.0,250.0,0.07,0.3,0.0,772.0,550.0,,0.05,0.4,2.8,11.0,,per 100g,2026-07-01T04:14:08.471742Z,2026-07-01T04:14:08.471742Z,2,0.913,
tkpi_0396,"Bunga pepaya, segar (Papaya, flower, fresh)","bunga pepaya, segar (papaya, flower, fresh)",TKPI,https://www.panganku.org/id-ID/view,Sayuran,sayuran,87.3,45.0,2.6,0.3,8.1,1.6,1.7,290.0,113.0,4.2,2.0,478.3,0.08,0.8,,2.792,5.0,,0.01,0.28,1.0,23.0,,per 100g,2026-07-01T04:14:08.471742Z,2026-07-01T04:14:08.471742Z,3,0.8696,
tkpi_0397,"Bunga turi, segar (Hummingbird tree)","bunga turi, segar (hummingbird tree)",TKPI,https://www.panganku.org/id-ID/view,Sayuran,sayuran,90.4,42.0,2.0,1.1,6.1,3.3,0.4,28.0,23.0,0.8,29.0,97.4,0.1,0.6,,1.2,0.0,,0.5,0.02,0.4,1.0,,per 100g,2026-07-01T04:14:08.471742Z,2026-07-01T04:14:08.471742Z,3,0.8696,
tkpi_0398,"Caisin, segar (Caisin, fresh)","caisin, segar (caisin, fresh)",TKPI,https://www.panganku.org/id-ID/view,Sayuran,sayuran,93.6,20.0,1.7,0.4,3.4,1.2,0.9,123.0,40.0,1.9,18.0,358.2,0.05,1.4,,1.675,4.188,,0.04,0.19,0.6,3.0,,per 100g,2026-07-01T04:14:08.471742Z,2026-07-01T04:14:08.471742Z,3,0.8696,
tkpi_0399,"Daun bangun-bangun, segar","daun bangun-bangun, segar",TKPI,https://www.panganku.org/id-ID/view,Sayuran,sayuran,92.5,27.0,1.3,0.6,4.0,1.0,1.6,279.0,40.0,13.6,4.0,144.0,,,,1.489,13.288,,0.16,0.1,0.0,5.0,,per 100g,2026-07-01T04:14:08.471742Z,2026-07-01T04:14:08.471742Z,5,0.7826,
tkpi_0400,"Daun bawang  merah, segar (Shallot, leaf, fresh)","daun bawang merah, segar (shallot, leaf, fresh)",TKPI,https://www.panganku.org/id-ID/view,Sayuran,sayuran,89.1,41.0,2.0,0.3,7.8,2.1,0.8,60.0,40.0,2.3,30.0,90.0,0.1,0.3,0.0,218.0,,,0.1,0.1,0.2,11.0,,per 100g,2026-07-01T04:14:08.471742Z,2026-07-01T04:14:08.471742Z,3,0.8696,
tkpi_0401,"Daun bebuas, segar","daun bebuas, segar",TKPI,https://www.panganku.org/id-ID/view,Sayuran,sayuran,87.9,41.0,2.7,1.0,7.3,2.1,1.1,29.0,245.0,1.5,,,,,0.0,,3.099,,0.01,,,3.0,,per 100g,2026-07-01T04:14:08.471742Z,2026-07-01T04:14:08.471742Z,9,0.6087,
tkpi_0402,"Daun belem, segar","daun belem, segar",TKPI,https://www.panganku.org/id-ID/view,Sayuran,sayuran,84.6,50.0,4.4,1.4,7.8,1.9,1.8,698.0,151.0,7.5,,,,,0.0,,13.072,,0.05,,,21.0,,per 100g,2026-07-01T04:14:08.471742Z,2026-07-01T04:14:08.471742Z,9,0.6087,
tkpi_0403,"Daun bluntas, segar","daun bluntas, segar",TKPI,https://www.panganku.org/id-ID/view,Sayuran,sayuran,86.0,44.0,1.8,0.5,9.4,,2.3,256.0,49.0,5.6,,,,,,,3.98,,0.02,,,30.0,,per 100g,2026-07-01T04:14:08.471742Z,2026-07-01T04:14:08.471742Z,11,0.5217,
tkpi_0404,"Daun gandaria, segar (Gandaria, leaf, fresh)","daun gandaria, segar (gandaria, leaf, fresh)",TKPI,https://www.panganku.org/id-ID/view,Sayuran,sayuran,81.0,63.0,3.1,0.3,14.0,2.1,1.6,40.0,45.0,4.7,3.0,127.7,,,,503.0,600.0,,0.04,0.04,0.2,61.0,,per 100g,2026-07-01T04:14:08.471742Z,2026-07-01T04:14:08.471742Z,5,0.7826,
tkpi_0405,"Daun gedi besar, segar (Aibika, sunset hibiscus, big, fresh)","daun gedi besar, segar (aibika, sunset hibiscus, big, fresh)",TKPI,https://www.panganku.org/id-ID/view,Sayuran,sayuran,84.0,58.0,2.9,0.7,10.0,3.3,2.4,440.0,100.0,1.9,30.0,40.0,0.2,2.1,,596.0,,,0.4,0.5,2.8,11.0,,per 100g,2026-07-01T04:14:08.471742Z,2026-07-01T04:14:08.471742Z,4,0.8261,
tkpi_0406,"Daun gedi kecil, segar (Aibika, sunset hibiscus, small, fresh)","daun gedi kecil, segar (aibika, sunset hibiscus, small, fresh)",TKPI,https://www.panganku.org/id-ID/view,Sayuran,sayuran,83.7,61.0,3.2,0.7,10.4,3.4,2.0,420.0,70.0,1.7,20.0,50.0,0.1,1.4,,607.0,,,0.4,0.3,2.9,11.0,,per 100g,2026-07-01T04:14:08.471742Z,2026-07-01T04:14:08.471742Z,4,0.8261,
tkpi_0407,"Daun gelang, segar (Purslane, leaf, fresh)","daun gelang, segar (purslane, leaf, fresh)",TKPI,https://www.panganku.org/id-ID/view,Sayuran,sayuran,90.3,30.0,1.3,0.7,5.8,1.3,1.9,350.0,210.0,11.9,5.0,333.3,0.31,1.2,0.0,4.701,1.954,,0.01,0.14,0.7,1.0,,per 100g,2026-07-01T04:14:08.471742Z,2026-07-01T04:14:08.471742Z,2,0.913,
tkpi_0408,"Daun gunda bali, segar","daun gunda bali, segar",TKPI,https://www.panganku.org/id-ID/view,Sayuran,sayuran,86.4,50.0,4.6,0.9,7.0,1.4,1.1,167.0,62.0,0.5,,,,,0.0,,6.571,,0.05,,,20.0,,per 100g,2026-07-01T04:14:08.471742Z,2026-07-01T04:14:08.471742Z,9,0.6087,
tkpi_0409,"Daun gunda serang, segar","daun gunda serang, segar",TKPI,https://www.panganku.org/id-ID/view,Sayuran,sayuran,84.6,62.0,4.2,0.9,9.2,1.3,1.1,171.0,64.0,0.6,,,,,0.0,,7.347,,0.02,,,20.0,,per 100g,2026-07-01T04:14:08.471742Z,2026-07-01T04:14:08.471742Z,9,0.6087,
tkpi_0410,"Daun jambu mete muda, segar (Cashew Leaf, young, fresh)","daun jambu mete muda, segar (cashew leaf, young, fresh)",TKPI,https://www.panganku.org/id-ID/view,Sayuran,sayuran,78.0,78.0,4.6,0.5,16.2,3.0,0.7,33.0,64.0,8.9,14.0,670.5,,,,4.484,2.689,,0.02,1.12,1.1,65.0,,per 100g,2026-07-01T04:14:08.471742Z,2026-07-01T04:14:08.471742Z,5,0.7826,
tkpi_0411,"Daun jampang, segar","daun jampang, segar",TKPI,https://www.panganku.org/id-ID/view,Sayuran,sayuran,88.9,34.0,3.8,0.5,5.3,1.4,1.5,21.0,245.0,1.0,,,,,0.0,,4.357,,0.03,,,3.0,,per 100g,2026-07-01T04:14:08.471742Z,2026-07-01T04:14:08.471742Z,9,0.6087,
tkpi_0412,"Daun jawaw seluang, segar","daun jawaw seluang, segar",TKPI,https://www.panganku.org/id-ID/view,Sayuran,sayuran,77.2,93.0,5.0,1.3,15.3,3.9,1.2,146.0,103.0,5.3,2.0,434.0,0.5,1.5,,,,,0.1,0.7,,9.0,,per 100g,2026-07-01T04:14:08.471742Z,2026-07-01T04:14:08.471742Z,6,0.7391,
tkpi_0413,"Daun jonghe, segar (Sow thistle, fresh)","daun jonghe, segar (sow thistle, fresh)",TKPI,https://www.panganku.org/id-ID/view,Sayuran,sayuran,91.4,27.0,2.1,0.7,4.4,2.0,1.4,253.0,192.0,9.5,,,,,0.0,,5.057,,0.01,,,1.0,,per 100g,2026-07-01T04:14:08.471742Z,2026-07-01T04:14:08.471742Z,9,0.6087,
tkpi_0414,"Daun kacang ma, segar","daun kacang ma, segar",TKPI,https://www.panganku.org/id-ID/view,Sayuran,sayuran,89.1,36.0,2.9,0.6,6.8,1.8,0.6,64.0,220.0,2.2,7.0,485.3,0.2,0.3,,2.893,4.377,,0.04,0.18,1.2,4.0,,per 100g,2026-07-01T04:14:08.471742Z,2026-07-01T04:14:08.471742Z,3,0.8696,
tkpi_0415,"Daun kacang panjang, segar (Yard-long bean, leaf, fresh)","daun kacang panjang, segar (yard-long bean, leaf, fresh)",TKPI,https://www.panganku.org/id-ID/view,Sayuran,sayuran,89.7,30.0,3.1,0.3,5.8,1.7,1.1,200.0,66.0,4.5,7.0,458.6,0.2,0.3,0.0,2.734,4.592,,0.33,0.2,1.1,30.0,,per 100g,2026-07-01T04:14:08.471742Z,2026-07-01T04:14:08.471742Z,2,0.913,
tkpi_0416,"Daun kasbi/singkong karet, segar (Ceara rubber tree,fresh)","daun kasbi/singkong karet, segar (ceara rubber tree,fresh)",TKPI,https://www.panganku.org/id-ID/view,Sayuran,sayuran,80.3,92.0,4.0,3.6,10.9,5.8,1.2,140.0,70.0,1.6,70.0,90.0,0.3,1.1,,9.999,,,0.1,0.2,0.1,74.0,,per 100g,2026-07-01T04:14:08.471742Z,2026-07-01T04:14:08.471742Z,4,0.8261,
tkpi_0417,"Daun katuk, segar (Star goose berry, leaf, fresh)","daun katuk, segar (star goose berry, leaf, fresh)",TKPI,https://www.panganku.org/id-ID/view,Sayuran,sayuran,81.0,59.0,6.4,1.0,9.9,1.5,1.7,233.0,98.0,3.5,21.0,478.8,0.3,1.3,,9.152,10.02,,0.0,0.31,2.3,164.0,,per 100g,2026-07-01T04:14:08.471742Z,2026-07-01T04:14:08.471742Z,3,0.8696,
tkpi_0418,"Daun kecipir, segar (Winged bean, leaf, fresh)","daun kecipir, segar (winged bean, leaf, fresh)",TKPI,https://www.panganku.org/id-ID/view,Sayuran,sayuran,85.0,52.0,5.0,0.5,8.5,,1.0,134.0,81.0,6.2,6.0,114.0,0.3,0.8,,3.981,5.24,,0.28,0.4,2.2,29.0,,per 100g,2026-07-01T04:14:08.471742Z,2026-07-01T04:14:08.471742Z,4,0.8261,
tkpi_0419,"Daun kedondong, segar (Ambarella, leaf, fresh)","daun kedondong, segar (ambarella, leaf, fresh)",TKPI,https://www.panganku.org/id-ID/view,Sayuran,sayuran,81.0,59.0,3.5,0.3,13.4,10.7,1.8,540.0,82.0,6.2,12.0,579.0,,,,1.624,2.9,,0.06,0.2,1.5,29.0,,per 100g,2026-07-01T04:14:08.471742Z,2026-07-01T04:14:08.471742Z,5,0.7826,
tkpi_0420,"Daun kelor, segar (Drumstick tree, leaf, fresh)","daun kelor, segar (drumstick tree, leaf, fresh)",TKPI,https://www.panganku.org/id-ID/view,Sayuran,sayuran,75.5,92.0,5.1,1.6,14.3,8.2,3.5,1.077,76.0,6.0,61.0,298.0,0.1,0.6,,3.266,,,0.3,0.1,4.2,22.0,,per 100g,2026-07-01T04:14:08.471742Z,2026-07-01T04:14:08.471742Z,4,0.8261,
tkpi_0421,"Daun kemang, segar (Kemang, leaf, fresh)","daun kemang, segar (kemang, leaf, fresh)",TKPI,https://www.panganku.org/id-ID/view,Sayuran,sayuran,85.0,43.0,5.5,0.3,7.5,8.4,1.7,35.0,106.0,1.0,10.0,457.1,,,,1.282,1.017,,0.06,0.1,1.2,30.0,,per 100g,2026-07-01T04:14:08.471742Z,2026-07-01T04:14:08.471742Z,5,0.7826,
tkpi_0422,"Daun kenikir, segar (Cosmos, leaf, fresh)","daun kenikir, segar (cosmos, leaf, fresh)",TKPI,https://www.panganku.org/id-ID/view,Sayuran,sayuran,87.6,45.0,3.7,0.5,6.6,5.8,1.7,328.0,65.0,2.7,6.0,431.0,0.1,0.6,,30.2,12.0,,0.5,0.3,4.5,0.0,,per 100g,2026-07-01T04:14:08.471742Z,2026-07-01T04:14:08.471742Z,3,0.8696,
tkpi_0423,"Daun kesum, segar (Garlic, leaf, fresh)","daun kesum, segar (garlic, leaf, fresh)",TKPI,https://www.panganku.org/id-ID/view,Sayuran,sayuran,84.8,48.0,4.5,0.8,9.1,1.6,0.8,125.0,142.0,2.6,11.0,174.7,0.4,1.2,0.0,4.216,8.715,,0.01,0.1,1.6,4.0,,per 100g,2026-07-01T04:14:08.471742Z,2026-07-01T04:14:08.471742Z,2,0.913,
tkpi_0424,"Daun kol sawi, segar (Indian mustard, fresh)","daun kol sawi, segar (indian mustard, fresh)",TKPI,https://www.panganku.org/id-ID/view,Sayuran,sayuran,93.1,22.0,2.1,0.5,3.6,0.9,0.7,200.0,92.0,3.2,19.0,386.2,0.1,0.2,0.0,1.806,2.177,,0.03,0.2,0.6,3.0,,per 100g,2026-07-01T04:14:08.471742Z,2026-07-01T04:14:08.471742Z,2,0.913,
tkpi_0425,"Daun koro, segar","daun koro, segar",TKPI,https://www.panganku.org/id-ID/view,Sayuran,sayuran,91.0,23.0,3.0,0.3,3.7,,2.0,134.0,81.0,6.2,4.0,68.4,0.2,0.5,,2.386,5.24,,0.28,0.2,1.3,29.0,,per 100g,2026-07-01T04:14:08.471742Z,2026-07-01T04:14:08.471742Z,4,0.8261,
tkpi_0426,"Daun kubis, segar (Cabbage, fresh)","daun kubis, segar (cabbage, fresh)",TKPI,https://www.panganku.org/id-ID/view,Sayuran,sayuran,86.2,51.0,2.5,1.1,8.0,3.4,2.2,100.0,50.0,3.4,50.0,100.0,0.9,0.6,,9.999,,,0.4,0.1,0.2,16.0,,per 100g,2026-07-01T04:14:08.471742Z,2026-07-01T04:14:08.471742Z,4,0.8261,
tkpi_0427,"Daun kumak, segar (hyacinthbean, leaf, fresh)","daun kumak, segar (hyacinthbean, leaf, fresh)",TKPI,https://www.panganku.org/id-ID/view,Sayuran,sayuran,95.2,14.0,1.3,0.3,2.3,0.9,0.9,90.0,59.0,2.7,2.0,36.5,0.1,0.3,,1.274,2.961,,0.01,0.0,0.5,3.0,,per 100g,2026-07-01T04:14:08.471742Z,2026-07-01T04:14:08.471742Z,3,0.8696,
tkpi_0428,"Daun labu siam, segar (Chayote, fresh)","daun labu siam, segar (chayote, fresh)",TKPI,https://www.panganku.org/id-ID/view,Sayuran,sayuran,89.7,34.0,4.0,0.4,4.7,3.5,1.2,58.0,70.0,2.5,16.0,630.7,0.2,0.3,,4.773,2.025,,0.08,0.4,1.7,16.0,,per 100g,2026-07-01T04:14:08.471742Z,2026-07-01T04:14:08.471742Z,3,0.8696,
tkpi_0429,"Daun labu waluh/kuning, segar (Pumkin, fresh)","daun labu waluh/kuning, segar (pumkin, fresh)",TKPI,https://www.panganku.org/id-ID/view,Sayuran,sayuran,89.7,34.0,3.6,0.6,4.5,2.9,1.6,138.0,99.0,3.7,16.0,630.7,0.2,0.3,,1.258,2.75,,0.14,0.2,1.3,36.0,,per 100g,2026-07-01T04:14:08.471742Z,2026-07-01T04:14:08.471742Z,3,0.8696,
tkpi_0430,"Daun lamtoro, segar (Leucaena, leaf, fresh)","daun lamtoro, segar (leucaena, leaf, fresh)",TKPI,https://www.panganku.org/id-ID/view,Sayuran,sayuran,74.0,87.0,8.3,1.8,14.4,3.3,1.5,725.0,174.0,3.9,10.0,197.7,0.5,1.4,0.0,6.9,13.04,,0.0,0.1,2.3,32.0,,per 100g,2026-07-01T04:14:08.471742Z,2026-07-01T04:14:08.471742Z,2,0.913,
tkpi_0431,"Daun leilem, segar","daun leilem, segar",TKPI,https://www.panganku.org/id-ID/view,Sayuran,sayuran,79.4,76.0,2.8,0.2,15.8,3.1,1.8,296.0,22.0,3.4,6.0,46.0,0.5,1.1,,753.0,,,0.3,0.1,2.5,22.0,,per 100g,2026-07-01T04:14:08.471742Z,2026-07-01T04:14:08.471742Z,4,0.8261,
tkpi_0432,"Daun leunca, segar (Glossy nightshde, fresh)","daun leunca, segar (glossy nightshde, fresh)",TKPI,https://www.panganku.org/id-ID/view,Sayuran,sayuran,85.0,49.0,4.7,0.5,8.1,,1.7,210.0,80.0,6.1,,,,,,,1.9,,0.14,,,40.0,,per 100g,2026-07-01T04:14:08.471742Z,2026-07-01T04:14:08.471742Z,11,0.5217,
tkpi_0433,"Daun lobak, segar (Radish, leaf, fresh)","daun lobak, segar (radish, leaf, fresh)",TKPI,https://www.panganku.org/id-ID/view,Sayuran,sayuran,90.0,30.0,2.3,0.4,5.8,3.2,1.4,140.0,33.0,3.7,16.0,747.4,0.2,0.2,,5.039,1.0,,0.07,1.1,6.5,109.0,,per 100g,2026-07-01T04:14:08.471742Z,2026-07-01T04:14:08.471742Z,3,0.8696,
tkpi_0434,"Daun lompong talas, segar (Taro, leaf, fresh)","daun lompong talas, segar (taro, leaf, fresh)",TKPI,https://www.panganku.org/id-ID/view,Sayuran,sayuran,87.2,44.0,3.0,0.8,7.4,3.3,1.6,76.0,59.0,1.0,3.0,578.4,0.2,0.4,,2.584,2.0,,0.08,0.4,1.4,31.0,,per 100g,2026-07-01T04:14:08.471742Z,2026-07-01T04:14:08.471742Z,3,0.8696,
tkpi_0435,"Daun mangkokan, segar","daun mangkokan, segar",TKPI,https://www.panganku.org/id-ID/view,Sayuran,sayuran,82.0,57.0,3.7,0.3,11.8,,2.2,474.0,49.0,4.0,,,,,,,5.45,,0.06,,,83.0,,per 100g,2026-07-01T04:14:08.471742Z,2026-07-01T04:14:08.471742Z,11,0.5217,
tkpi_0436,"Daun matel ambon, segar","daun matel ambon, segar",TKPI,https://www.panganku.org/id-ID/view,Sayuran,sayuran,77.1,71.0,6.8,1.6,11.5,4.6,3.0,93.0,95.0,10.2,,,,,0.0,,49.0,,0.08,,,26.0,,per 100g,2026-07-01T04:14:08.471742Z,2026-07-01T04:14:08.471742Z,9,0.6087,
tkpi_0437,"Daun melinjo, segar (Spanish joint fir, leaf, fresh)","daun melinjo, segar (spanish joint fir, leaf, fresh)",TKPI,https://www.panganku.org/id-ID/view,Sayuran,sayuran,70.8,104.0,5.0,1.3,21.3,10.3,1.6,219.0,82.0,4.2,12.0,604.8,0.4,0.6,,823.0,10.0,,0.09,,,182.0,,per 100g,2026-07-01T04:14:08.471742Z,2026-07-01T04:14:08.471742Z,5,0.7826,
tkpi_0438,"Daun mengkudu, segar (Noni, leaf, fresh)","daun mengkudu, segar (noni, leaf, fresh)",TKPI,https://www.panganku.org/id-ID/view,Sayuran,sayuran,80.9,65.0,4.0,1.7,11.4,3.9,2.0,296.0,40.0,6.9,,,,,0.0,2.0,4.958,,0.01,0.1,5.7,35.0,,per 100g,2026-07-01T04:14:08.471742Z,2026-07-01T04:14:08.471742Z,6,0.7391,
tkpi_0439,"Daun ndusuk, segar","daun ndusuk, segar",TKPI,https://www.panganku.org/id-ID/view,Sayuran,sayuran,56.0,166.0,1.7,0.5,38.8,10.7,3.0,40.0,20.0,1.8,40.0,310.0,0.2,0.7,,14.457,,,0.4,0.1,0.1,30.0,,per 100g,2026-07-01T04:14:08.471742Z,2026-07-01T04:14:08.471742Z,4,0.8261,
tkpi_0440,"Daun oyong, segar (Angled loofah, leaf, fresh)","daun oyong, segar (angled loofah, leaf, fresh)",TKPI,https://www.panganku.org/id-ID/view,Sayuran,sayuran,93.0,22.0,1.0,0.1,5.3,2.0,0.6,21.0,44.0,2.0,40.0,295.5,0.1,0.2,,855.0,1.0,,0.08,0.1,0.8,150.0,,per 100g,2026-07-01T04:14:08.471742Z,2026-07-01T04:14:08.471742Z,3,0.8696,
tkpi_0441,"Daun pakis, segar (Fern, leaf, fresh)","daun pakis, segar (fern, leaf, fresh)",TKPI,https://www.panganku.org/id-ID/view,Sayuran,sayuran,86.8,39.0,4.5,0.4,6.9,2.0,1.4,136.0,159.0,2.3,20.0,201.9,0.2,0.3,0.0,1.625,3.292,,0.02,0.1,0.5,3.0,,per 100g,2026-07-01T04:14:08.471742Z,2026-07-01T04:14:08.471742Z,2,0.913,
tkpi_0442,"Daun pakis longgiho, segar (Fern,longiho, leaf, fresh)","daun pakis longgiho, segar (fern,longiho, leaf, fresh)",TKPI,https://www.panganku.org/id-ID/view,Sayuran,sayuran,89.5,54.0,2.2,3.6,3.1,2.1,1.6,40.0,80.0,0.7,70.0,500.0,0.4,0.1,,168.0,,,0.4,0.3,0.2,8.0,,per 100g,2026-07-01T04:14:08.471742Z,2026-07-01T04:14:08.471742Z,4,0.8261,
tkpi_0443,"Daun pakis wambateu, segar (Fern, wambateu, leaf fresh)","daun pakis wambateu, segar (fern, wambateu, leaf fresh)",TKPI,https://www.panganku.org/id-ID/view,Sayuran,sayuran,86.9,53.0,3.4,1.2,7.2,4.8,1.3,30.0,100.0,0.3,20.0,200.0,0.2,0.3,,191.0,,,0.7,0.2,0.3,6.0,,per 100g,2026-07-01T04:14:08.471742Z,2026-07-01T04:14:08.471742Z,4,0.8261,
tkpi_0444,"Daun paku, segar (Fern, paku, leaf fresh)","daun paku, segar (fern, paku, leaf fresh)",TKPI,https://www.panganku.org/id-ID/view,Sayuran,sayuran,88.8,29.0,3.4,0.1,6.5,4.3,1.2,13.0,88.0,1.3,19.0,434.0,0.5,0.7,,18.0,,,0.2,0.1,11.7,10.0,,per 100g,2026-07-01T04:14:08.471742Z,2026-07-01T04:14:08.471742Z,4,0.8261,
tkpi_0445,"Daun pangi,segar (Kepayang (Malay), leaf, fresh)","daun pangi,segar (kepayang (malay), leaf, fresh)",TKPI,https://www.panganku.org/id-ID/view,Sayuran,sayuran,76.1,104.0,3.9,0.6,17.9,8.3,1.5,256.0,22.0,1.8,4.0,266.0,1.7,0.5,,55.0,,,0.4,0.1,0.1,23.0,,per 100g,2026-07-01T04:14:08.471742Z,2026-07-01T04:14:08.471742Z,4,0.8261,
tkpi_0446,"Daun pare, segar (Bitter guard, leaf, fresh)","daun pare, segar (bitter guard, leaf, fresh)",TKPI,https://www.panganku.org/id-ID/view,Sayuran,sayuran,87.3,49.0,2.7,1.0,8.4,3.0,1.6,217.0,70.0,3.3,7.0,498.0,0.4,1.2,,1.8,,,0.4,0.2,0.6,7.0,,per 100g,2026-07-01T04:14:08.471742Z,2026-07-01T04:14:08.471742Z,4,0.8261,
tkpi_0447,"Daun pepaya, segar (Papaya, leaf, fresh)","daun pepaya, segar (papaya, leaf, fresh)",TKPI,https://www.panganku.org/id-ID/view,Sayuran,sayuran,75.4,87.0,8.0,2.0,11.9,1.5,2.7,353.0,63.0,0.8,4.0,926.6,0.2,1.5,,5.409,18.25,,0.15,0.5,1.9,140.0,,per 100g,2026-07-01T04:14:08.471742Z,2026-07-01T04:14:08.471742Z,3,0.8696,
tkpi_0448,"Daun pohpohan, segar (Pilea, leaf, fresh)","daun pohpohan, segar (pilea, leaf, fresh)",TKPI,https://www.panganku.org/id-ID/view,Sayuran,sayuran,87.4,37.0,2.5,0.8,6.9,2.6,2.4,744.0,80.0,5.9,,,,,0.0,,7.378,,0.03,,,5.0,,per 100g,2026-07-01T04:14:08.471742Z,2026-07-01T04:14:08.471742Z,9,0.6087,
tkpi_0449,"Daun selasih, segar (Hoary basil, leaf, fresh)","daun selasih, segar (hoary basil, leaf, fresh)",TKPI,https://www.panganku.org/id-ID/view,Sayuran,sayuran,83.1,62.0,4.0,0.5,10.5,5.3,1.9,122.0,16.0,13.9,3.0,259.0,0.4,0.7,0.0,4.112,,,0.5,0.1,0.2,24.0,,per 100g,2026-07-01T04:14:08.471742Z,2026-07-01T04:14:08.471742Z,3,0.8696,
tkpi_0450,"Daun semanggi, segar","daun semanggi, segar",TKPI,https://www.panganku.org/id-ID/view,Sayuran,sayuran,84.7,45.0,4.4,0.5,8.5,1.9,1.9,98.0,90.0,7.0,64.0,520.7,0.5,0.3,0.0,64.0,3.365,,0.01,0.5,0.7,6.0,,per 100g,2026-07-01T04:14:08.471742Z,2026-07-01T04:14:08.471742Z,2,0.913,
tkpi_0451,"Daun simpur, segar","daun simpur, segar",TKPI,https://www.panganku.org/id-ID/view,Sayuran,sayuran,86.2,53.0,3.2,2.5,7.6,1.6,0.9,228.0,194.0,3.5,,,,,0.0,,3.346,,0.02,,,5.0,,per 100g,2026-07-01T04:14:08.471742Z,2026-07-01T04:14:08.471742Z,9,0.6087,
tkpi_0452,"Daun singkil, segar","daun singkil, segar",TKPI,https://www.panganku.org/id-ID/view,Sayuran,sayuran,80.9,68.0,2.0,1.0,15.2,3.3,0.9,178.0,86.0,2.1,,,,,,,6.042,,0.02,,,3.0,,per 100g,2026-07-01T04:14:08.471742Z,2026-07-01T04:14:08.471742Z,10,0.5652,
tkpi_0453,"Daun singkong, segar (Casava, leaf, fresh)","daun singkong, segar (casava, leaf, fresh)",TKPI,https://www.panganku.org/id-ID/view,Sayuran,sayuran,84.4,50.0,6.2,1.1,7.1,2.4,1.2,166.0,99.0,1.3,17.0,23.1,0.1,2.0,0.0,3.204,7.052,,0.04,0.1,1.8,103.0,,per 100g,2026-07-01T04:14:08.471742Z,2026-07-01T04:14:08.471742Z,2,0.913,
tkpi_0454,"Daun singkong ambon, segar (Casava, ambon, leaf, fresh)","daun singkong ambon, segar (casava, ambon, leaf, fresh)",TKPI,https://www.panganku.org/id-ID/view,Sayuran,sayuran,58.0,144.0,12.7,1.2,25.2,10.2,2.9,165.0,54.0,3.9,44.0,62.2,0.2,5.4,,8.627,13.0,,0.21,1.0,4.2,220.0,,per 100g,2026-07-01T04:14:08.471742Z,2026-07-01T04:14:08.471742Z,3,0.8696,
tkpi_0455,"Daun singkong ampenan, segar (Casava, ampenan, leaf, fresh)","daun singkong ampenan, segar (casava, ampenan, leaf, fresh)",TKPI,https://www.panganku.org/id-ID/view,Sayuran,sayuran,84.4,50.0,6.2,1.1,7.1,2.4,1.2,352.0,123.0,2.7,49.0,570.0,0.2,1.3,,7.917,,,0.5,0.1,1.6,103.0,,per 100g,2026-07-01T04:14:08.471742Z,2026-07-01T04:14:08.471742Z,4,0.8261,
tkpi_0456,"Daun singkong kopang, segar (Casava, kopang, leaf, fresh)","daun singkong kopang, segar (casava, kopang, leaf, fresh)",TKPI,https://www.panganku.org/id-ID/view,Sayuran,sayuran,81.1,74.0,6.3,0.7,10.7,4.6,1.2,142.0,115.0,1.7,32.0,382.0,0.2,1.5,,3.882,,,0.5,0.5,1.9,211.0,,per 100g,2026-07-01T04:14:08.471742Z,2026-07-01T04:14:08.471742Z,4,0.8261,
tkpi_0457,"Daun sintrong, segar","daun sintrong, segar",TKPI,https://www.panganku.org/id-ID/view,Sayuran,sayuran,88.5,36.0,2.6,0.9,6.1,1.7,1.9,398.0,95.0,9.3,64.0,444.4,0.1,0.4,0.0,10.178,8.868,,0.03,0.2,0.9,3.0,,per 100g,2026-07-01T04:14:08.471742Z,2026-07-01T04:14:08.471742Z,2,0.913,
tkpi_0458,"Daun talas, segar (Taro, leaf, fresh)","daun talas, segar (taro, leaf, fresh)",TKPI,https://www.panganku.org/id-ID/view,Sayuran,sayuran,81.1,59.0,3.0,0.4,13.5,3.0,2.0,236.0,50.0,2.4,4.0,854.1,0.4,0.5,0.0,3.816,5.74,,0.07,0.6,2.0,24.0,,per 100g,2026-07-01T04:14:08.471742Z,2026-07-01T04:14:08.471742Z,2,0.913,
tkpi_0459,"Daun tespong, segar (Water dropwort, fresh)","daun tespong, segar (water dropwort, fresh)",TKPI,https://www.panganku.org/id-ID/view,Sayuran,sayuran,81.0,70.0,2.9,0.3,13.9,2.3,1.9,155.0,65.0,2.5,72.0,,0.15,0.9,,171.0,2.5,,0.05,0.7,1.4,21.0,,per 100g,2026-07-01T04:14:08.471742Z,2026-07-01T04:14:08.471742Z,4,0.8261,
tkpi_0460,"Daun ubi kuning, segar (Sweet potato, yeallowish, leaf, fresh)","daun ubi kuning, segar (sweet potato, yeallowish, leaf, fresh)",TKPI,https://www.panganku.org/id-ID/view,Sayuran,sayuran,83.5,62.0,3.7,0.3,11.1,6.4,1.4,170.0,40.0,0.6,10.0,0.0,0.2,0.5,,3.564,,,0.3,0.3,1.2,4.0,,per 100g,2026-07-01T04:14:08.471742Z,2026-07-01T04:14:08.471742Z,4,0.8261,
tkpi_0461,"Daun ubi merah, segar (Sweet potato, redish, leaf, freah)","daun ubi merah, segar (sweet potato, redish, leaf, freah)",TKPI,https://www.panganku.org/id-ID/view,Sayuran,sayuran,84.4,48.0,3.0,0.3,10.8,1.4,1.5,80.0,81.0,6.4,33.0,517.3,0.0,0.4,0.0,5.453,4.697,,0.1,0.2,1.2,27.0,,per 100g,2026-07-01T04:14:08.471742Z,2026-07-01T04:14:08.471742Z,2,0.913,
tkpi_0462,"Daun ubi putih, segar (Sweet potato, whitish, leaf, fresh)","daun ubi putih, segar (sweet potato, whitish, leaf, fresh)",TKPI,https://www.panganku.org/id-ID/view,Sayuran,sayuran,87.5,46.0,2.8,0.2,8.2,4.8,1.3,120.0,50.0,0.8,10.0,0.0,0.2,0.5,,103.0,,,0.3,0.3,0.9,8.0,,per 100g,2026-07-01T04:14:08.471742Z,2026-07-01T04:14:08.471742Z,4,0.8261,
tkpi_0463,"Daun ubi tinta, segar (Sweet potato, purpleish, leaf, fresh)","daun ubi tinta, segar (sweet potato, purpleish, leaf, fresh)",TKPI,https://www.panganku.org/id-ID/view,Sayuran,sayuran,85.1,55.0,1.7,0.1,11.9,7.6,1.2,120.0,40.0,0.6,10.0,0.0,0.2,0.5,,516.0,,,0.2,0.0,0.0,7.0,,per 100g,2026-07-01T04:14:08.471742Z,2026-07-01T04:14:08.471742Z,4,0.8261,
tkpi_0464,"Eceng, segar","eceng, segar",TKPI,https://www.panganku.org/id-ID/view,Sayuran,sayuran,93.0,19.0,1.0,0.2,3.8,1.8,2.0,80.0,45.0,3.7,45.0,634.1,,,,7.0,1.0,,0.08,0.1,0.7,50.0,,per 100g,2026-07-01T04:14:08.471742Z,2026-07-01T04:14:08.471742Z,5,0.7826,
tkpi_0465,"Gambas (oyong), segar (Angled loofah, fresh)","gambas (oyong), segar (angled loofah, fresh)",TKPI,https://www.panganku.org/id-ID/view,Sayuran,sayuran,94.5,19.0,0.8,0.2,4.1,1.3,0.4,19.0,33.0,0.9,23.0,109.1,0.0,0.1,,17.0,380.0,,0.03,0.0,0.4,8.0,,per 100g,2026-07-01T04:14:08.471742Z,2026-07-01T04:14:08.471742Z,3,0.8696,
tkpi_0466,"Genjer, segar (Sawah lettuce, fresh)","genjer, segar (sawah lettuce, fresh)",TKPI,https://www.panganku.org/id-ID/view,Sayuran,sayuran,90.0,35.0,1.7,0.2,7.7,2.5,0.4,62.0,33.0,2.1,64.0,905.8,,,,,3.8,,0.07,0.1,1.1,54.0,,per 100g,2026-07-01T04:14:08.471742Z,2026-07-01T04:14:08.471742Z,6,0.7391,
tkpi_0467,"Jagung muda / semi, segar (Baby corn, fresh)","jagung muda / semi, segar (baby corn, fresh)",TKPI,https://www.panganku.org/id-ID/view,Sayuran,sayuran,89.5,35.0,2.2,0.1,7.4,1.9,0.8,7.0,100.0,0.5,353.0,230.2,0.1,0.8,0.0,23.0,200.0,,0.08,0.16,0.9,8.0,,per 100g,2026-07-01T04:14:08.471742Z,2026-07-01T04:14:08.471742Z,2,0.913,
tkpi_0468,Jamur encik,jamur encik,TKPI,https://www.panganku.org/id-ID/view,Sayuran,sayuran,24.8,296.0,9.4,1.1,62.0,,2.7,5.0,277.0,5.3,2.0,0.0,0.2,3.1,,,,,1.1,0.1,,,,per 100g,2026-07-01T04:14:08.471742Z,2026-07-01T04:14:08.471742Z,8,0.6522,
tkpi_0469,"Jamur kuping, kering (fungus, earwood, dried)","jamur kuping, kering (fungus, earwood, dried)",TKPI,https://www.panganku.org/id-ID/view,Sayuran,sayuran,14.9,294.0,16.0,0.9,64.6,46.5,3.6,51.0,223.0,6.7,174.0,726.1,0.29,5.5,0.0,11.0,0.0,,0.11,0.6,2.7,0.0,,per 100g,2026-07-01T04:14:08.471742Z,2026-07-01T04:14:08.471742Z,2,0.913,
tkpi_0470,"Jamur kuping, segar (fungus, earwod, fresh)","jamur kuping, segar (fungus, earwod, fresh)",TKPI,https://www.panganku.org/id-ID/view,Sayuran,sayuran,93.7,21.0,3.8,0.6,0.9,5.1,1.0,3.0,94.0,1.7,17.0,33.4,0.19,0.1,0.0,1.0,0.0,,0.1,0.09,0.1,5.0,,per 100g,2026-07-01T04:14:08.471742Z,2026-07-01T04:14:08.471742Z,2,0.913,
tkpi_0471,"Jamur merang, segar (Straw mushroom)","jamur merang, segar (straw mushroom)",TKPI,https://www.panganku.org/id-ID/view,Sayuran,sayuran,91.5,30.0,3.5,0.2,4.0,2.4,0.8,14.0,117.0,1.0,6.0,300.0,0.3,0.8,,0.0,0.0,,0.02,0.2,0.5,0.0,,per 100g,2026-07-01T04:14:08.471742Z,2026-07-01T04:14:08.471742Z,3,0.8696,
tkpi_0472,"Jamur tiram, segar (Oyster mushroom)","jamur tiram, segar (oyster mushroom)",TKPI,https://www.panganku.org/id-ID/view,Sayuran,sayuran,92.5,30.0,1.9,0.1,5.5,3.6,0.6,9.0,83.0,0.7,22.0,226.0,0.0,0.8,,0.0,0.0,,0.3,0.2,1.0,0.0,,per 100g,2026-07-01T04:14:08.471742Z,2026-07-01T04:14:08.471742Z,3,0.8696,
tkpi_0473,Jamur sagu,jamur sagu,TKPI,https://www.panganku.org/id-ID/view,Sayuran,sayuran,91.3,48.0,1.9,3.2,2.8,1.0,0.8,10.0,90.0,0.6,100.0,440.0,0.6,0.6,,0.0,,,0.2,0.2,6.5,,,per 100g,2026-07-01T04:14:08.471742Z,2026-07-01T04:14:08.471742Z,5,0.7826,
tkpi_0474,"Jantung pisang, segar (Banana, flower, fresh)","jantung pisang, segar (banana, flower, fresh)",TKPI,https://www.panganku.org/id-ID/view,Sayuran,sayuran,90.2,32.0,1.2,0.3,7.1,3.2,1.2,30.0,50.0,0.1,3.0,524.0,0.09,0.3,0.0,201.0,170.0,,0.05,0.03,0.8,10.0,,per 100g,2026-07-01T04:14:08.471742Z,2026-07-01T04:14:08.471742Z,2,0.913,
tkpi_0475,"Jengkol, segar (Dogfruit, fresh)","jengkol, segar (dogfruit, fresh)",TKPI,https://www.panganku.org/id-ID/view,Sayuran,sayuran,52.7,192.0,5.4,0.3,40.7,1.5,0.9,4.0,150.0,0.7,60.0,241.0,0.3,0.6,,,,,0.05,0.2,0.5,31.0,,per 100g,2026-07-01T04:14:08.471742Z,2026-07-01T04:14:08.471742Z,5,0.7826,
tkpi_0476,"Jotang, segar","jotang, segar",TKPI,https://www.panganku.org/id-ID/view,Sayuran,sayuran,89.0,34.0,1.9,0.3,7.1,3.5,1.7,162.0,41.0,4.0,59.0,388.5,0.3,1.2,,2.0,3.918,,0.03,,0.4,20.0,,per 100g,2026-07-01T04:14:08.471742Z,2026-07-01T04:14:08.471742Z,4,0.8261,
tkpi_0477,"Kabau, segar","kabau, segar",TKPI,https://www.panganku.org/id-ID/view,Sayuran,sayuran,67.2,130.0,6.7,0.3,25.2,2.9,0.6,4.0,204.0,0.5,1.0,397.8,0.2,0.5,,165.0,,,0.8,0.1,0.3,16.0,,per 100g,2026-07-01T04:14:08.471742Z,2026-07-01T04:14:08.471742Z,4,0.8261,
tkpi_0478,"Kacang mekah, polong, segar (Sword bean, fresh)","kacang mekah, polong, segar (sword bean, fresh)",TKPI,https://www.panganku.org/id-ID/view,Sayuran,sayuran,93.6,22.0,1.1,1.0,3.4,1.1,0.9,63.0,296.0,1.0,2.0,69.2,0.3,,0.0,197.0,116.0,,0.02,,0.4,0.0,,per 100g,2026-07-01T04:14:08.471742Z,2026-07-01T04:14:08.471742Z,4,0.8261,
tkpi_0479,"Kacang panjang, segar (Yard-long bean, fresh)","kacang panjang, segar (yard-long bean, fresh)",TKPI,https://www.panganku.org/id-ID/view,Sayuran,sayuran,91.8,31.0,2.3,0.1,5.3,2.7,0.5,60.0,64.0,0.6,30.0,213.0,0.1,0.5,0.0,125.0,,,0.7,0.1,0.3,46.0,,per 100g,2026-07-01T04:14:08.471742Z,2026-07-01T04:14:08.471742Z,3,0.8696,
tkpi_0480,Kacang ranti polong,kacang ranti polong,TKPI,https://www.panganku.org/id-ID/view,Sayuran,sayuran,88.5,37.0,3.1,0.2,7.9,2.5,0.3,103.0,126.0,0.8,,,,,,,2.312,,0.02,,,6.0,,per 100g,2026-07-01T04:14:08.471742Z,2026-07-01T04:14:08.471742Z,10,0.5652,
tkpi_0481,"Kalakai, segar","kalakai, segar",TKPI,https://www.panganku.org/id-ID/view,Sayuran,sayuran,89.9,38.0,2.4,0.2,6.6,5.8,0.9,18.0,90.0,1.1,7.0,443.0,0.4,0.9,,44.0,,,0.3,0.1,,8.0,,per 100g,2026-07-01T04:14:08.471742Z,2026-07-01T04:14:08.471742Z,5,0.7826,
tkpi_0482,"Kangkung, segar (Kangkong, fresh)","kangkung, segar (kangkong, fresh)",TKPI,https://www.panganku.org/id-ID/view,Sayuran,sayuran,91.0,28.0,3.4,0.7,3.9,2.0,1.0,67.0,54.0,2.3,65.0,250.1,0.13,0.4,,2.868,5.542,,0.07,0.36,2.0,17.0,,per 100g,2026-07-01T04:14:08.471742Z,2026-07-01T04:14:08.471742Z,3,0.8696,
tkpi_0483,"Kangkung tondano (Kangkong, (tondano), fresh)","kangkung tondano (kangkong, (tondano), fresh)",TKPI,https://www.panganku.org/id-ID/view,Sayuran,sayuran,88.5,43.0,1.8,0.2,8.4,4.3,1.1,72.0,9.0,0.7,30.0,361.0,0.3,0.4,,2.741,,,0.8,0.1,1.1,23.0,,per 100g,2026-07-01T04:14:08.471742Z,2026-07-01T04:14:08.471742Z,4,0.8261,
tkpi_0484,"Kapri muda, segar (Pease, fresh)","kapri muda, segar (pease, fresh)",TKPI,https://www.panganku.org/id-ID/view,Sayuran,sayuran,86.8,45.0,3.3,0.2,9.0,1.8,0.7,51.0,85.0,1.0,2.0,118.4,0.09,0.7,,72.0,440.0,,0.2,0.1,0.9,49.0,,per 100g,2026-07-01T04:14:08.471742Z,2026-07-01T04:14:08.471742Z,3,0.8696,
tkpi_0485,Karawila,karawila,TKPI,https://www.panganku.org/id-ID/view,Sayuran,sayuran,93.7,25.0,2.3,0.2,3.5,2.1,0.3,25.0,67.0,0.3,8.0,88.4,0.08,0.3,,21.0,,,0.1,0.1,0.4,39.0,,per 100g,2026-07-01T04:14:08.471742Z,2026-07-01T04:14:08.471742Z,4,0.8261,
tkpi_0486,"Kecipir muda, segar (Winged bean, fresh)","kecipir muda, segar (winged bean, fresh)",TKPI,https://www.panganku.org/id-ID/view,Sayuran,sayuran,90.4,32.0,2.9,0.2,5.8,5.5,0.7,63.0,37.0,0.3,3.0,103.8,0.18,0.4,,261.0,595.0,,0.24,0.11,0.7,19.0,,per 100g,2026-07-01T04:14:08.471742Z,2026-07-01T04:14:08.471742Z,3,0.8696,
tkpi_0487,"Kecombrang, segar (Red ginger lily, fresh)","kecombrang, segar (red ginger lily, fresh)",TKPI,https://www.panganku.org/id-ID/view,Sayuran,sayuran,90.0,34.0,0.9,1.0,6.7,2.6,1.4,60.0,16.0,1.0,47.0,650.6,,,0.0,0.0,73.0,,0.0,0.02,0.8,0.0,,per 100g,2026-07-01T04:14:08.471742Z,2026-07-01T04:14:08.471742Z,4,0.8261,
tkpi_0488,"Kelawi,kluwih, segar (Breadfruit, fresh)","kelawi,kluwih, segar (breadfruit, fresh)",TKPI,https://www.panganku.org/id-ID/view,Sayuran,sayuran,70.0,118.0,1.5,0.3,27.2,5.0,1.0,28.0,32.0,0.9,2.0,500.9,0.09,0.1,,0.0,20.0,,0.1,0.03,0.9,19.0,,per 100g,2026-07-01T04:14:08.471742Z,2026-07-01T04:14:08.471742Z,3,0.8696,
tkpi_0489,"Kembang turi, segar","kembang turi, segar",TKPI,https://www.panganku.org/id-ID/view,Sayuran,sayuran,87.4,51.0,1.8,0.6,9.6,5.0,0.6,23.0,29.0,0.9,22.0,275.3,0.15,0.9,,201.0,105.0,,0.13,0.12,0.6,41.0,,per 100g,2026-07-01T04:14:08.471742Z,2026-07-01T04:14:08.471742Z,3,0.8696,
tkpi_0490,"Kerokot, segar","kerokot, segar",TKPI,https://www.panganku.org/id-ID/view,Sayuran,sayuran,93.0,26.0,1.7,0.4,3.8,1.0,1.1,103.0,39.0,3.6,4.0,240.5,0.23,0.9,,0.0,2.55,,0.03,0.09,0.2,25.0,,per 100g,2026-07-01T04:14:08.471742Z,2026-07-01T04:14:08.471742Z,3,0.8696,
tkpi_0491,"Ketimun, segar (Cucumber, fresh)","ketimun, segar (cucumber, fresh)",TKPI,https://www.panganku.org/id-ID/view,Sayuran,sayuran,97.9,8.0,0.2,0.2,1.4,0.3,0.3,29.0,95.0,0.8,2.0,57.1,0.02,0.1,0.0,18.0,314.0,,0.01,0.02,0.1,1.0,,per 100g,2026-07-01T04:14:08.471742Z,2026-07-01T04:14:08.471742Z,2,0.913,
tkpi_0492,"Ketimun krai, segar (Cucumber (krai), fresh)","ketimun krai, segar (cucumber (krai), fresh)",TKPI,https://www.panganku.org/id-ID/view,Sayuran,sayuran,96.8,10.0,0.5,0.2,2.0,0.6,0.5,20.0,98.0,1.0,10.0,82.1,0.03,0.1,0.0,19.0,21.0,,0.02,0.03,0.1,3.0,,per 100g,2026-07-01T04:14:08.471742Z,2026-07-01T04:14:08.471742Z,2,0.913,
tkpi_0493,"Ketimun madura, segar (Cucumber (madura), fresh)","ketimun madura, segar (cucumber (madura), fresh)",TKPI,https://www.panganku.org/id-ID/view,Sayuran,sayuran,97.1,9.0,0.5,0.1,1.9,0.7,0.4,15.0,102.0,0.6,2.0,78.9,0.02,0.1,0.0,25.0,0.0,,0.02,0.02,0.1,5.0,,per 100g,2026-07-01T04:14:08.471742Z,2026-07-01T04:14:08.471742Z,2,0.913,
tkpi_0494,"Komak, segar (Hyacinth bean, fresh)","komak, segar (hyacinth bean, fresh)",TKPI,https://www.panganku.org/id-ID/view,Sayuran,sayuran,74.3,99.0,3.3,0.1,21.2,10.3,1.1,50.0,99.0,13.1,15.0,567.0,0.2,0.6,,5.0,,,0.2,0.19,0.1,,,per 100g,2026-07-01T04:14:08.471742Z,2026-07-01T04:14:08.471742Z,5,0.7826,
tkpi_0495,"Kool kembang (Cauliflower, fresh/white headed cabbage, fresh)","kool kembang (cauliflower, fresh/white headed cabbage, fresh)",TKPI,https://www.panganku.org/id-ID/view,Sayuran,sayuran,91.7,25.0,2.4,0.2,4.9,1.6,0.8,22.0,72.0,1.1,47.0,187.0,0.04,0.3,,24.0,90.0,,0.11,0.09,0.6,69.0,,per 100g,2026-07-01T04:14:08.471742Z,2026-07-01T04:14:08.471742Z,3,0.8696,
tkpi_0496,"Kool merah,kool putih (Cabbage, fresh)","kool merah,kool putih (cabbage, fresh)",TKPI,https://www.panganku.org/id-ID/view,Sayuran,sayuran,92.4,29.0,1.4,0.2,5.3,1.9,0.9,46.0,31.0,0.5,28.0,236.8,0.29,0.3,,46.0,80.0,,0.06,0.07,0.3,50.0,,per 100g,2026-07-01T04:14:08.471742Z,2026-07-01T04:14:08.471742Z,3,0.8696,
tkpi_0497,"Koro kerupuk, polong (Lablab, hyacinth bean)","koro kerupuk, polong (lablab, hyacinth bean)",TKPI,https://www.panganku.org/id-ID/view,Sayuran,sayuran,67.2,128.0,8.3,0.7,22.1,,1.7,17.0,12.0,2.7,,,,,,,80.0,,0.11,,,31.0,,per 100g,2026-07-01T04:14:08.471742Z,2026-07-01T04:14:08.471742Z,11,0.5217,
tkpi_0498,"Koro wedus, polong","koro wedus, polong",TKPI,https://www.panganku.org/id-ID/view,Sayuran,sayuran,88.0,46.0,3.0,0.3,7.9,3.3,0.8,56.0,47.0,1.1,2.0,249.3,0.09,0.4,,66.0,870.0,,0.09,0.09,0.5,17.0,,per 100g,2026-07-01T04:14:08.471742Z,2026-07-01T04:14:08.471742Z,3,0.8696,
tkpi_0499,"Kucai, segar (Chinese chives, fresh)","kucai, segar (chinese chives, fresh)",TKPI,https://www.panganku.org/id-ID/view,Sayuran,sayuran,86.3,45.0,2.2,0.3,10.3,4.8,0.9,52.0,50.0,1.1,21.0,439.5,0.11,0.5,,2.685,40.0,,0.11,0.2,1.8,17.0,,per 100g,2026-07-01T04:14:08.471742Z,2026-07-01T04:14:08.471742Z,3,0.8696,
tkpi_0500,"Kucai muda (Lokio), segar (Rakkyo, fresh)","kucai muda (lokio), segar (rakkyo, fresh)",TKPI,https://www.panganku.org/id-ID/view,Sayuran,sayuran,86.0,42.0,3.8,0.6,7.8,4.9,1.8,76.0,91.0,2.5,22.0,449.1,0.11,0.5,,2.744,500.0,,0.11,0.2,1.8,59.0,,per 100g,2026-07-01T04:14:08.471742Z,2026-07-01T04:14:08.471742Z,3,0.8696,
tkpi_0501,"Kulit melinjo (spanish joint fir, peel, fresh )","kulit melinjo (spanish joint fir, peel, fresh )",TKPI,https://www.panganku.org/id-ID/view,Sayuran,sayuran,71.9,111.0,4.5,1.1,20.7,5.0,1.8,117.0,179.0,2.6,,,,,0.0,,1.267,,0.07,,,7.0,,per 100g,2026-07-01T04:14:08.471742Z,2026-07-01T04:14:08.471742Z,9,0.6087,
tkpi_0502,"Kundur, segar (Wax gourd, fresh)","kundur, segar (wax gourd, fresh)",TKPI,https://www.panganku.org/id-ID/view,Sayuran,sayuran,94.0,22.0,0.4,0.2,4.7,1.3,0.7,3.0,54.0,0.5,2.0,200.0,0.1,0.3,,7.0,,,0.1,0.03,0.4,1.0,,per 100g,2026-07-01T04:14:08.471742Z,2026-07-01T04:14:08.471742Z,4,0.8261,
tkpi_0503,"Labu air, segar (Bottle gourd, fresh)","labu air, segar (bottle gourd, fresh)",TKPI,https://www.panganku.org/id-ID/view,Sayuran,sayuran,95.0,19.0,0.6,0.2,3.8,0.6,0.4,12.0,18.0,0.6,2.0,168.2,0.03,0.8,,11.0,70.0,,0.04,0.02,0.4,10.0,,per 100g,2026-07-01T04:14:08.471742Z,2026-07-01T04:14:08.471742Z,3,0.8696,
tkpi_0504,"Labu kuning, segar (Pumpkin, fresh)","labu kuning, segar (pumpkin, fresh)",TKPI,https://www.panganku.org/id-ID/view,Sayuran,sayuran,86.6,51.0,1.7,0.5,10.0,2.7,1.2,40.0,180.0,0.7,280.0,220.0,0.35,1.5,,1.569,,,0.2,0.0,0.1,2.0,,per 100g,2026-07-01T04:14:08.471742Z,2026-07-01T04:14:08.471742Z,4,0.8261,
tkpi_0505,"Labu siam, segar (Chayote, fresh)","labu siam, segar (chayote, fresh)",TKPI,https://www.panganku.org/id-ID/view,Sayuran,sayuran,92.3,30.0,0.6,0.1,6.7,6.2,0.3,14.0,25.0,0.5,3.0,167.1,0.16,1.0,,48.0,20.0,,0.02,0.0,0.6,18.0,,per 100g,2026-07-01T04:14:08.471742Z,2026-07-01T04:14:08.471742Z,3,0.8696,
tkpi_0506,"Labu waluh, segar (Pumpkin, fresh)","labu waluh, segar (pumpkin, fresh)",TKPI,https://www.panganku.org/id-ID/view,Sayuran,sayuran,91.2,32.0,1.1,0.1,6.6,0.5,1.0,45.0,64.0,1.4,1.0,356.2,0.13,0.3,,712.0,180.0,,0.08,0.12,0.6,52.0,,per 100g,2026-07-01T04:14:08.471742Z,2026-07-01T04:14:08.471742Z,3,0.8696,
tkpi_0507,"Lantar, segar","lantar, segar",TKPI,https://www.panganku.org/id-ID/view,Sayuran,sayuran,91.2,34.0,2.2,0.3,5.5,2.9,0.8,10.0,58.0,0.4,3.0,155.0,0.2,0.4,,38.0,,,0.3,0.07,0.4,4.0,,per 100g,2026-07-01T04:14:08.471742Z,2026-07-01T04:14:08.471742Z,4,0.8261,
tkpi_0508,"Lobak, segar (Turnip, fresh)","lobak, segar (turnip, fresh)",TKPI,https://www.panganku.org/id-ID/view,Sayuran,sayuran,94.1,21.0,0.9,0.1,4.2,1.4,0.7,35.0,26.0,0.6,49.0,109.3,0.03,0.2,,0.0,10.0,,0.03,0.04,0.3,32.0,,per 100g,2026-07-01T04:14:08.471742Z,2026-07-01T04:14:08.471742Z,3,0.8696,
tkpi_0509,"Lumai/Leunca, segar (Glossy nightshade, fresh)","lumai/leunca, segar (glossy nightshade, fresh)",TKPI,https://www.panganku.org/id-ID/view,Sayuran,sayuran,90.5,38.0,1.1,0.3,7.6,2.0,0.5,7.0,55.0,1.0,2.0,,0.1,0.3,,25.0,,,0.2,0.1,0.6,17.0,,per 100g,2026-07-01T04:14:08.471742Z,2026-07-01T04:14:08.471742Z,5,0.7826,
tkpi_0510,"Melinjo, segar (spanish joint fir, fresh)","melinjo, segar (spanish joint fir, fresh)",TKPI,https://www.panganku.org/id-ID/view,Sayuran,sayuran,80.0,66.0,5.0,0.7,13.3,,1.0,163.0,75.0,2.8,,,,,,,1.0,,0.1,,,100.0,,per 100g,2026-07-01T04:14:08.471742Z,2026-07-01T04:14:08.471742Z,11,0.5217,
tkpi_0511,"Mostarda metan -sawi (Indian mustard, fresh)","mostarda metan -sawi (indian mustard, fresh)",TKPI,https://www.panganku.org/id-ID/view,Sayuran,sayuran,91.4,33.0,2.3,0.5,4.7,1.8,1.1,60.0,30.0,3.1,20.0,100.0,0.1,0.4,,1.575,,,0.2,0.1,0.1,12.0,,per 100g,2026-07-01T04:14:08.471742Z,2026-07-01T04:14:08.471742Z,4,0.8261,"Sawi: pinggiran daun beregi-regi, tidak lebar, agak panjang / mirip selada"
tkpi_0512,"Nangka muda, segar (Jackfruit, young, fresh)","nangka muda, segar (jackfruit, young, fresh)",TKPI,https://www.panganku.org/id-ID/view,Sayuran,sayuran,85.4,57.0,2.0,0.4,11.3,8.3,0.9,45.0,29.0,0.5,1.0,246.5,0.04,0.1,,21.0,25.0,,0.07,0.06,0.7,9.0,,per 100g,2026-07-01T04:14:08.471742Z,2026-07-01T04:14:08.471742Z,3,0.8696,
tkpi_0513,"Paria putih, segar (Bitter guard, fresh)","paria putih, segar (bitter guard, fresh)",TKPI,https://www.panganku.org/id-ID/view,Sayuran,sayuran,94.4,19.0,1.0,0.4,3.6,1.3,0.6,31.0,65.0,0.9,5.0,277.7,0.03,0.8,0.0,197.0,80.0,,0.18,0.04,0.4,58.0,,per 100g,2026-07-01T04:14:08.471742Z,2026-07-01T04:14:08.471742Z,2,0.913,
tkpi_0514,"Pepare ular, segar (Snake gourd, fresh)","pepare ular, segar (snake gourd, fresh)",TKPI,https://www.panganku.org/id-ID/view,Sayuran,sayuran,95.1,19.0,0.6,0.1,3.9,1.0,0.3,20.0,10.0,0.4,130.0,30.0,0.1,0.1,,69.0,,,0.1,0.1,0.1,9.0,,per 100g,2026-07-01T04:14:08.471742Z,2026-07-01T04:14:08.471742Z,4,0.8261,
tkpi_0515,"Pepaya muda, segar (Papaya, unripe, fresh)","pepaya muda, segar (papaya, unripe, fresh)",TKPI,https://www.panganku.org/id-ID/view,Sayuran,sayuran,92.3,29.0,2.1,0.1,4.9,2.1,0.6,50.0,16.0,0.4,22.0,211.2,0.01,0.0,,0.0,50.0,,0.02,0.03,0.3,19.0,,per 100g,2026-07-01T04:14:08.471742Z,2026-07-01T04:14:08.471742Z,3,0.8696,
tkpi_0516,"Petai, segar (Stinky bean, fresh)","petai, segar (stinky bean, fresh)",TKPI,https://www.panganku.org/id-ID/view,Sayuran,sayuran,77.2,92.0,5.4,1.1,15.2,2.0,1.1,14.0,170.0,1.6,55.0,221.0,0.2,0.8,,114.0,,,0.8,0.1,6.1,34.0,,per 100g,2026-07-01T04:14:08.471742Z,2026-07-01T04:14:08.471742Z,4,0.8261,
tkpi_0517,"Peterseli, segar (Parsley, fresh)","peterseli, segar (parsley, fresh)",TKPI,https://www.panganku.org/id-ID/view,Sayuran,sayuran,83.9,53.0,3.7,1.0,9.0,0.0,2.4,193.0,84.0,4.3,18.0,1.125,0.2,1.4,,2.94,8.23,,0.11,0.29,0.7,193.0,,per 100g,2026-07-01T04:14:08.471742Z,2026-07-01T04:14:08.471742Z,3,0.8696,
tkpi_0518,"Pucuk lumai/daun leunca, segar (Glossy nightshade, fresh)","pucuk lumai/daun leunca, segar (glossy nightshade, fresh)",TKPI,https://www.panganku.org/id-ID/view,Sayuran,sayuran,91.0,33.0,4.5,0.4,2.8,,1.3,13.0,75.0,2.9,2.0,0.0,0.2,0.6,,,,,0.5,0.1,,41.0,,per 100g,2026-07-01T04:14:08.471742Z,2026-07-01T04:14:08.471742Z,7,0.6957,
tkpi_0519,"Putri malu, segar","putri malu, segar",TKPI,https://www.panganku.org/id-ID/view,Sayuran,sayuran,80.2,76.0,3.6,0.3,14.6,7.1,1.3,119.0,84.0,3.3,1.0,631.0,0.6,1.4,,4.762,,,0.6,0.6,,6.0,,per 100g,2026-07-01T04:14:08.471742Z,2026-07-01T04:14:08.471742Z,5,0.7826,
tkpi_0520,"Rebung, segar (Bamboo shoot, fresh)","rebung, segar (bamboo shoot, fresh)",TKPI,https://www.panganku.org/id-ID/view,Sayuran,sayuran,93.3,25.0,0.8,0.1,5.3,9.7,0.5,3.0,5.0,0.5,3.0,206.0,0.1,0.4,,10.0,,,0.2,0.07,0.5,0.0,,per 100g,2026-07-01T04:14:08.471742Z,2026-07-01T04:14:08.471742Z,4,0.8261,
tkpi_0521,"Rimbang, segar (Devil�ss fig, plate brush)","rimbang, segar (devilss fig, plate brush)",TKPI,https://www.panganku.org/id-ID/view,Sayuran,sayuran,80.8,75.0,1.6,0.6,15.8,10.0,1.2,55.0,97.0,0.6,20.0,234.0,0.4,0.4,,51.0,,,0.4,0.1,1.3,38.0,,per 100g,2026-07-01T04:14:08.471742Z,2026-07-01T04:14:08.471742Z,4,0.8261,
tkpi_0522,Rumput laut (Seaweed),rumput laut (seaweed),TKPI,https://www.panganku.org/id-ID/view,Sayuran,sayuran,87.0,41.0,1.4,0.3,8.1,2.2,3.2,80.0,20.0,1.6,250.0,380.0,0.2,0.4,,1.958,,,0.2,0.0,0.1,7.0,,per 100g,2026-07-01T04:14:08.471742Z,2026-07-01T04:14:08.471742Z,4,0.8261,
tkpi_0523,"Sawi, segar (Chinese mustard, fresh)","sawi, segar (chinese mustard, fresh)",TKPI,https://www.panganku.org/id-ID/view,Sayuran,sayuran,92.2,28.0,2.3,0.3,4.0,2.5,1.2,220.0,38.0,2.9,22.0,436.5,0.12,0.2,,2.042,6.46,,0.09,0.23,0.7,102.0,,per 100g,2026-07-01T04:14:08.471742Z,2026-07-01T04:14:08.471742Z,3,0.8696,
tkpi_0524,"Sawi putih / pecai, segar (Pak choi, fresh)","sawi putih / pecai, segar (pak choi, fresh)",TKPI,https://www.panganku.org/id-ID/view,Sayuran,sayuran,96.6,9.0,1.0,0.1,1.7,0.8,0.6,56.0,42.0,1.1,5.0,193.1,0.05,0.1,0.0,862.0,832.0,,0.05,0.18,0.4,3.0,,per 100g,2026-07-01T04:14:08.471742Z,2026-07-01T04:14:08.471742Z,2,0.913,
tkpi_0525,"Sawi taiwan, segar","sawi taiwan, segar",TKPI,https://www.panganku.org/id-ID/view,Sayuran,sayuran,91.8,30.0,1.9,0.5,4.4,2.7,1.4,100.0,58.0,1.6,27.0,217.0,0.1,0.7,,1.34,,,0.2,0.1,0.6,33.0,,per 100g,2026-07-01T04:14:08.471742Z,2026-07-01T04:14:08.471742Z,4,0.8261,
tkpi_0526,"Sawi tanah, segar","sawi tanah, segar",TKPI,https://www.panganku.org/id-ID/view,Sayuran,sayuran,94.9,19.0,1.3,0.2,2.9,2.2,1.0,92.0,45.0,1.2,17.0,145.0,0.1,0.4,,815.0,,,0.2,0.1,0.1,36.0,,per 100g,2026-07-01T04:14:08.471742Z,2026-07-01T04:14:08.471742Z,4,0.8261,
tkpi_0527,"Selada, segar (Lettuce)","selada, segar (lettuce)",TKPI,https://www.panganku.org/id-ID/view,Sayuran,sayuran,94.8,18.0,1.2,0.2,2.9,1.8,0.9,22.0,25.0,0.5,19.0,186.4,0.03,0.2,,1.526,540.0,,0.04,0.13,0.4,8.0,,per 100g,2026-07-01T04:14:08.471742Z,2026-07-01T04:14:08.471742Z,3,0.8696,
tkpi_0528,"Selada air, segar (Watercress, fresh)","selada air, segar (watercress, fresh)",TKPI,https://www.panganku.org/id-ID/view,Sayuran,sayuran,93.3,17.0,3.1,0.2,2.2,0.7,1.2,95.0,152.0,2.4,65.0,260.7,0.11,0.2,0.0,1.23,3.727,,0.09,0.14,0.7,56.0,,per 100g,2026-07-01T04:14:08.471742Z,2026-07-01T04:14:08.471742Z,2,0.913,
tkpi_0529,"Seledri, segar (Celery, fresh)","seledri, segar (celery, fresh)",TKPI,https://www.panganku.org/id-ID/view,Sayuran,sayuran,93.0,23.0,1.0,0.1,4.6,2.0,1.3,50.0,40.0,1.0,64.0,258.8,0.08,0.4,,63.0,130.0,,0.03,0.07,0.4,11.0,,per 100g,2026-07-01T04:14:08.471742Z,2026-07-01T04:14:08.471742Z,3,0.8696,
tkpi_0530,"Taoge, segar (Mung bean, sprout, fresh)","taoge, segar (mung bean, sprout, fresh)",TKPI,https://www.panganku.org/id-ID/view,Sayuran,sayuran,90.4,34.0,3.7,1.2,4.3,1.1,0.4,166.0,74.0,0.8,19.0,93.3,0.16,0.4,,41.0,20.0,,0.09,0.15,1.1,5.0,,per 100g,2026-07-01T04:14:08.471742Z,2026-07-01T04:14:08.471742Z,3,0.8696,
tkpi_0531,"Taoge kacang kedelai, segar (Soya bean, sprout, fresh)","taoge kacang kedelai, segar (soya bean, sprout, fresh)",TKPI,https://www.panganku.org/id-ID/view,Sayuran,sayuran,81.0,76.0,9.0,2.6,6.4,0.7,1.0,50.0,65.0,1.0,5.0,212.4,0.26,0.7,,0.0,110.0,,0.23,0.19,1.2,15.0,,per 100g,2026-07-01T04:14:08.471742Z,2026-07-01T04:14:08.471742Z,3,0.8696,
tkpi_0532,"Taoge kacang tunggak, segar (southern pea, fresh)","taoge kacang tunggak, segar (southern pea, fresh)",TKPI,https://www.panganku.org/id-ID/view,Sayuran,sayuran,88.0,40.0,5.0,0.2,5.8,2.6,1.0,57.0,88.0,1.0,2.0,226.8,0.07,0.5,,299.0,0.0,,0.07,0.08,0.8,15.0,,per 100g,2026-07-01T04:14:08.471742Z,2026-07-01T04:14:08.471742Z,3,0.8696,
tkpi_0533,"Tebu terubuk (lilin), segar","tebu terubuk (lilin), segar",TKPI,https://www.panganku.org/id-ID/view,Sayuran,sayuran,91.0,30.0,4.6,0.4,3.0,0.8,1.0,40.0,80.0,2.0,699.0,,0.2,1.1,,12.0,0.0,,0.08,0.2,1.2,50.0,,per 100g,2026-07-01T04:14:08.471742Z,2026-07-01T04:14:08.471742Z,4,0.8261,
tkpi_0534,"Tekokak, segar (Devil�s fig,fresh)","tekokak, segar (devils fig,fresh)",TKPI,https://www.panganku.org/id-ID/view,Sayuran,sayuran,89.0,34.0,2.0,0.1,7.9,4.9,1.0,50.0,30.0,2.0,3.0,333.3,0.12,0.2,,23.0,750.0,,0.08,0.05,0.9,8.0,,per 100g,2026-07-01T04:14:08.471742Z,2026-07-01T04:14:08.471742Z,3,0.8696,
tkpi_0535,"Tekokak, kering (Devil�s fig, dried)","tekokak, kering (devils fig, dried)",TKPI,https://www.panganku.org/id-ID/view,Sayuran,sayuran,12.3,302.0,8.3,1.7,72.6,21.2,8.1,370.0,180.0,22.2,9.0,0.0,1.044,1.0,,187.0,750.0,,0.4,0.17,5.1,0.0,,per 100g,2026-07-01T04:14:08.471742Z,2026-07-01T04:14:08.471742Z,3,0.8696,
tkpi_0536,"Terong, segar (Eggplant, fresh)","terong, segar (eggplant, fresh)",TKPI,https://www.panganku.org/id-ID/view,Sayuran,sayuran,92.7,28.0,1.1,0.2,5.5,2.1,0.5,15.0,37.0,0.4,9.0,187.0,0.1,0.1,,46.0,30.0,,0.04,0.03,0.5,5.0,,per 100g,2026-07-01T04:14:08.471742Z,2026-07-01T04:14:08.471742Z,3,0.8696,
tkpi_0537,"Terong asam, segar","terong asam, segar",TKPI,https://www.panganku.org/id-ID/view,Sayuran,sayuran,90.5,37.0,2.0,0.4,6.3,3.2,0.8,13.0,59.0,1.5,3.0,155.0,0.3,0.3,,97.0,,,0.2,0.1,0.8,4.0,,per 100g,2026-07-01T04:14:08.471742Z,2026-07-01T04:14:08.471742Z,4,0.8261,
tkpi_0538,"Terung belanda, segar (Tamarillo, fresh)","terung belanda, segar (tamarillo, fresh)",TKPI,https://www.panganku.org/id-ID/view,Sayuran,sayuran,87.3,52.0,2.1,1.1,8.6,1.4,1.0,16.0,40.0,1.1,,,,,0.0,,8.048,,0.42,0.06,0.0,12.0,,per 100g,2026-07-01T04:14:08.471742Z,2026-07-01T04:14:08.471742Z,7,0.6957,
tkpi_0539,"Terung bengkulu, segar","terung bengkulu, segar",TKPI,https://www.panganku.org/id-ID/view,Sayuran,sayuran,86.6,52.0,1.1,0.4,11.2,3.2,0.8,19.0,39.0,1.1,14.0,,0.16,1.0,0.0,85.0,600.0,,0.23,0.04,0.0,6.0,,per 100g,2026-07-01T04:14:08.471742Z,2026-07-01T04:14:08.471742Z,3,0.8696,
tkpi_0540,"Terong hintalo, segar","terong hintalo, segar",TKPI,https://www.panganku.org/id-ID/view,Sayuran,sayuran,89.2,45.0,1.9,0.8,7.5,5.1,0.6,19.0,268.0,1.0,167.0,142.0,0.6,0.2,,552.0,,,0.2,0.4,,4.0,,per 100g,2026-07-01T04:14:08.471742Z,2026-07-01T04:14:08.471742Z,5,0.7826,
tkpi_0541,"Terung panjang (Eggplant, fresh)","terung panjang (eggplant, fresh)",TKPI,https://www.panganku.org/id-ID/view,Sayuran,sayuran,91.8,25.0,2.1,0.1,5.3,0.5,0.7,38.0,24.0,0.7,9.0,53.7,0.09,0.2,0.0,83.0,24.0,,0.15,0.06,0.7,8.0,,per 100g,2026-07-01T04:14:08.471742Z,2026-07-01T04:14:08.471742Z,2,0.913,
tkpi_0542,"Tomat, air (sari), segar (Tomato, juice, fresh)","tomat, air (sari), segar (tomato, juice, fresh)",TKPI,https://www.panganku.org/id-ID/view,Sayuran,sayuran,94.0,20.0,1.0,0.2,3.5,0.4,1.3,7.0,15.0,0.4,10.0,225.2,0.06,0.1,,266.0,600.0,,0.05,0.03,0.7,10.0,,per 100g,2026-07-01T04:14:08.471742Z,2026-07-01T04:14:08.471742Z,3,0.8696,
tkpi_0543,"Tomat merah, segar (Tomato, red, fresh)","tomat merah, segar (tomato, red, fresh)",TKPI,https://www.panganku.org/id-ID/view,Sayuran,sayuran,92.9,24.0,1.3,0.5,4.7,1.5,0.6,8.0,77.0,0.6,10.0,164.9,0.14,0.2,,575.0,2.083,,0.06,0.07,0.4,34.0,,per 100g,2026-07-01T04:14:08.471742Z,2026-07-01T04:14:08.471742Z,3,0.8696,
tkpi_0544,"Tomat muda, segar (Tomato, green, fresh)","tomat muda, segar (tomato, green, fresh)",TKPI,https://www.panganku.org/id-ID/view,Sayuran,sayuran,93.0,24.0,2.0,0.7,3.3,1.8,2.0,5.0,27.0,0.5,10.0,210.0,0.07,0.2,,384.0,320.0,,0.07,0.04,0.7,30.0,,per 100g,2026-07-01T04:14:08.471742Z,2026-07-01T04:14:08.471742Z,3,0.8696,
tkpi_0545,"Uceng/ bunga melinjo, segar (Spanish joint fir, flower, fresh)","uceng/ bunga melinjo, segar (spanish joint fir, flower, fresh)",TKPI,https://www.panganku.org/id-ID/view,Sayuran,sayuran,79.5,82.0,5.8,1.3,11.7,4.8,1.7,70.0,266.0,2.4,,,,,,,58.0,,0.11,0.15,,3.0,,per 100g,2026-07-01T04:14:08.471742Z,2026-07-01T04:14:08.471742Z,9,0.6087,
tkpi_0546,"Umbut kelapa, segar","umbut kelapa, segar",TKPI,https://www.panganku.org/id-ID/view,Sayuran,sayuran,89.3,39.0,2.0,0.2,7.2,2.5,1.3,57.0,49.0,,4.0,447.0,0.2,1.4,,16.0,,,0.1,0.1,,8.0,,per 100g,2026-07-01T04:14:08.471742Z,2026-07-01T04:14:08.471742Z,6,0.7391,
tkpi_0547,"Umbut rotan (Rattan, young shoot)","umbut rotan (rattan, young shoot)",TKPI,https://www.panganku.org/id-ID/view,Sayuran,sayuran,90.5,34.0,2.4,0.3,5.5,2.2,1.3,89.0,79.0,1.3,8.0,552.0,0.2,1.9,,14.0,,,0.2,,,9.0,,per 100g,2026-07-01T04:14:08.471742Z,2026-07-01T04:14:08.471742Z,6,0.7391,
tkpi_0548,"Wortel, segar (Carrot, fresh)","wortel, segar (carrot, fresh)",TKPI,https://www.panganku.org/id-ID/view,Sayuran,sayuran,89.9,36.0,1.0,0.6,7.9,1.0,0.6,45.0,74.0,1.0,70.0,245.0,0.06,0.3,,3.784,7.125,,0.04,0.04,1.0,18.0,,per 100g,2026-07-01T04:14:08.471742Z,2026-07-01T04:14:08.471742Z,3,0.8696,
tkpi_0549,"Bayam, kukus","bayam, kukus",TKPI,https://www.panganku.org/id-ID/view,Sayuran,sayuran,90.7,30.0,1.3,0.7,5.8,1.2,1.6,239.0,35.0,5.7,15.0,431.0,0.1,0.3,0.0,2.699,3.75,,0.02,0.1,0.9,32.0,,per 100g,2026-07-01T04:14:08.471742Z,2026-07-01T04:14:08.471742Z,2,0.913,
tkpi_0550,"Bayam ,rebus","bayam ,rebus",TKPI,https://www.panganku.org/id-ID/view,Sayuran,sayuran,93.5,23.0,1.2,0.6,3.7,1.1,1.0,150.0,35.0,0.5,16.0,308.4,0.2,0.3,0.0,3.282,2.864,,0.02,0.1,0.9,19.0,,per 100g,2026-07-01T04:14:08.471742Z,2026-07-01T04:14:08.471742Z,2,0.913,
tkpi_0551,"Buncis, rebus","buncis, rebus",TKPI,https://www.panganku.org/id-ID/view,Sayuran,sayuran,90.6,30.0,2.2,0.2,6.4,1.5,0.6,107.0,47.0,0.5,7.0,138.9,0.1,0.3,,1.0,402.0,,0.01,0.29,2.0,8.0,,per 100g,2026-07-01T04:14:08.471742Z,2026-07-01T04:14:08.471742Z,3,0.8696,
tkpi_0552,"Daun kacang panjang, kukus","daun kacang panjang, kukus",TKPI,https://www.panganku.org/id-ID/view,Sayuran,sayuran,87.2,40.0,3.7,0.3,8.0,1.8,0.8,111.0,66.0,3.7,6.0,419.5,0.2,0.3,0.0,2.645,5.781,,0.15,0.2,0.9,11.0,,per 100g,2026-07-01T04:14:08.471742Z,2026-07-01T04:14:08.471742Z,2,0.913,
tkpi_0553,"Daun katuk, rebus","daun katuk, rebus",TKPI,https://www.panganku.org/id-ID/view,Sayuran,sayuran,83.3,53.0,5.3,0.9,9.1,1.2,1.4,185.0,102.0,3.1,16.0,291.3,0.3,1.3,0.0,11.131,9.0,,0.0,0.3,2.2,66.0,,per 100g,2026-07-01T04:14:08.471742Z,2026-07-01T04:14:08.471742Z,2,0.913,
tkpi_0554,"Daun kelor, rebus","daun kelor, rebus",TKPI,https://www.panganku.org/id-ID/view,Sayuran,sayuran,80.3,61.0,6.1,0.9,10.0,0.9,2.6,255.0,36.0,2.1,45.0,181.2,0.1,0.6,,3.972,6.071,,0.1,0.1,4.0,13.0,,per 100g,2026-07-01T04:14:08.471742Z,2026-07-01T04:14:08.471742Z,3,0.8696,
tkpi_0555,"Daun mengkudu, kukus","daun mengkudu, kukus",TKPI,https://www.panganku.org/id-ID/view,Sayuran,sayuran,81.6,63.0,3.8,1.5,11.5,2.4,1.6,300.0,43.0,6.0,,,,,,2.0,4.9,,0.08,0.1,5.2,11.0,,per 100g,2026-07-01T04:14:08.471742Z,2026-07-01T04:14:08.471742Z,7,0.6957,
tkpi_0556,"Daun singkong, rebus","daun singkong, rebus",TKPI,https://www.panganku.org/id-ID/view,Sayuran,sayuran,90.5,31.0,3.7,0.6,4.8,1.6,0.4,160.0,50.0,2.6,13.0,14.0,0.1,2.0,,3.897,4.15,,0.02,0.1,1.7,34.0,,per 100g,2026-07-01T04:14:08.471742Z,2026-07-01T04:14:08.471742Z,3,0.8696,
tkpi_0557,"Daun talas, rebus","daun talas, rebus",TKPI,https://www.panganku.org/id-ID/view,Sayuran,sayuran,91.6,27.0,1.3,0.2,5.9,1.6,1.0,119.0,41.0,1.4,3.0,519.4,0.5,0.5,0.0,4.641,2.682,,0.0,0.6,1.9,7.0,,per 100g,2026-07-01T04:14:08.471742Z,2026-07-01T04:14:08.471742Z,2,0.913,
tkpi_0558,"Daun ubi merah, kukus","daun ubi merah, kukus",TKPI,https://www.panganku.org/id-ID/view,Sayuran,sayuran,82.5,56.0,3.1,0.3,13.0,1.5,1.1,78.0,52.0,4.3,28.0,472.8,0.1,0.4,,5.277,5.397,,0.0,0.2,1.1,14.0,,per 100g,2026-07-01T04:14:08.471742Z,2026-07-01T04:14:08.471742Z,3,0.8696,
tkpi_0559,"Kacang panjang ,kukus","kacang panjang ,kukus",TKPI,https://www.panganku.org/id-ID/view,Sayuran,sayuran,88.2,39.0,3.0,0.6,7.6,1.7,0.6,100.0,91.0,1.2,28.0,199.0,0.11,0.5,0.0,131.0,205.0,,0.02,0.1,0.3,20.0,,per 100g,2026-07-01T04:14:08.471742Z,2026-07-01T04:14:08.471742Z,2,0.913,
tkpi_0560,"Kacang panjang, rebus","kacang panjang, rebus",TKPI,https://www.panganku.org/id-ID/view,Sayuran,sayuran,90.9,30.0,2.3,0.4,5.8,1.4,0.6,71.0,68.0,0.8,24.0,114.5,0.1,0.4,0.0,128.0,162.0,,0.0,0.07,0.2,15.0,,per 100g,2026-07-01T04:14:08.471742Z,2026-07-01T04:14:08.471742Z,2,0.913,
tkpi_0561,"Kangkung, kukus","kangkung, kukus",TKPI,https://www.panganku.org/id-ID/view,Sayuran,sayuran,90.4,30.0,3.2,0.7,4.7,1.8,1.0,70.0,49.0,4.4,45.0,184.9,0.1,0.3,0.0,2.37,5.837,,0.03,0.28,1.4,11.0,,per 100g,2026-07-01T04:14:08.471742Z,2026-07-01T04:14:08.471742Z,2,0.913,
tkpi_0562,"Kangkung, rebus","kangkung, rebus",TKPI,https://www.panganku.org/id-ID/view,Sayuran,sayuran,93.0,22.0,2.5,0.6,3.1,1.2,0.8,50.0,51.0,3.5,31.0,98.0,0.1,0.3,0.0,2.37,4.325,,0.01,0.22,1.2,13.0,,per 100g,2026-07-01T04:14:08.471742Z,2026-07-01T04:14:08.471742Z,2,0.913,
tkpi_0563,"Paria putih, kukus","paria putih, kukus",TKPI,https://www.panganku.org/id-ID/view,Sayuran,sayuran,95.0,16.0,0.8,0.2,3.4,1.2,0.6,16.0,33.0,0.5,4.0,236.0,0.0,0.7,,187.0,65.0,,0.15,0.04,0.3,35.0,,per 100g,2026-07-01T04:14:08.471742Z,2026-07-01T04:14:08.471742Z,3,0.8696,
tkpi_0564,"Selada, rebus","selada, rebus",TKPI,https://www.panganku.org/id-ID/view,Sayuran,sayuran,93.5,19.0,2.7,0.2,2.9,0.7,0.7,83.0,74.0,1.4,24.0,160.7,0.05,0.2,,2.499,3.7,,0.08,0.2,0.6,27.0,,per 100g,2026-07-01T04:14:08.471742Z,2026-07-01T04:14:08.471742Z,3,0.8696,
tkpi_0565,"Taoge, goreng","taoge, goreng",TKPI,https://www.panganku.org/id-ID/view,Sayuran,sayuran,79.2,88.0,3.2,2.1,14.0,0.7,1.5,168.0,50.0,5.7,,,,,2.0,,613.0,,0.05,,,0.0,,per 100g,2026-07-01T04:14:08.471742Z,2026-07-01T04:14:08.471742Z,9,0.6087,
tkpi_0566,"Taoge, seduh","taoge, seduh",TKPI,https://www.panganku.org/id-ID/view,Sayuran,sayuran,91.9,28.0,3.0,0.8,4.0,1.0,0.3,52.0,73.0,0.5,18.0,58.3,0.19,0.4,,46.0,18.0,,0.1,0.0,0.9,2.0,,per 100g,2026-07-01T04:14:08.471742Z,2026-07-01T04:14:08.471742Z,3,0.8696,
tkpi_0567,"Terung panjang, kukus","terung panjang, kukus",TKPI,https://www.panganku.org/id-ID/view,Sayuran,sayuran,92.7,23.0,1.8,0.1,4.9,0.4,0.5,40.0,13.0,0.5,9.0,57.0,67.1,0.2,0.0,99.0,20.0,,0.0,0.07,0.7,1.0,,per 100g,2026-07-01T04:14:08.471742Z,2026-07-01T04:14:08.471742Z,2,0.913,
tkpi_0568,"Wortel, rebus","wortel, rebus",TKPI,https://www.panganku.org/id-ID/view,Sayuran,sayuran,92.1,28.0,0.7,0.5,6.3,0.8,0.4,46.0,28.0,0.6,41.0,117.3,0.1,0.2,0.0,3.824,5.396,,0.01,0.03,0.7,12.0,,per 100g,2026-07-01T04:14:08.471742Z,2026-07-01T04:14:08.471742Z,2,0.913,
tkpi_0569,"Wortel, kukus","wortel, kukus",TKPI,https://www.panganku.org/id-ID/view,Sayuran,sayuran,89.5,37.0,1.0,0.6,8.3,1.1,0.6,44.0,30.0,0.6,43.0,122.5,0.11,0.3,0.0,3.994,7.15,,0.02,0.03,0.8,14.0,,per 100g,2026-07-01T04:14:08.471742Z,2026-07-01T04:14:08.471742Z,2,0.913,
tkpi_0570,"Asinan Bogor, sayuran","asinan bogor, sayuran",TKPI,https://www.panganku.org/id-ID/view,Sayuran,sayuran,78.0,98.0,3.9,2.6,14.8,0.5,0.7,314.0,17.0,1.2,483.0,,,,10.0,,146.0,,0.28,,,5.0,,per 100g,2026-07-01T04:14:08.471742Z,2026-07-01T04:14:08.471742Z,8,0.6522,
tkpi_0571,"Anyang, sayur","anyang, sayur",TKPI,https://www.panganku.org/id-ID/view,Sayuran,sayuran,76.9,126.0,3.4,7.9,10.3,5.4,1.5,180.0,1.0,2.9,290.0,181.0,0.3,1.2,,3.263,,,0.2,,,,,per 100g,2026-07-01T04:14:08.471742Z,2026-07-01T04:14:08.471742Z,7,0.6957,"Seperti urap sayuran, biasanya terdiri dari daun pakis, tauge, daun pepaya, kacang panjang, kangkung dan kelapa parut"
tkpi_0572,"Ares, sayur","ares, sayur",TKPI,https://www.panganku.org/id-ID/view,Sayuran,sayuran,77.7,113.0,0.9,7.2,11.2,4.7,3.0,63.0,5.0,1.5,1.413,1.03,0.7,3.8,,6.0,,,0.1,,0.5,,,per 100g,2026-07-01T04:14:08.471742Z,2026-07-01T04:14:08.471742Z,6,0.7391,Masakan dari umbut / hati batang pisang dimasak dengan santan dan bumbu (gulai)
tkpi_0573,Arwan sirsir,arwan sirsir,TKPI,https://www.panganku.org/id-ID/view,Sayuran,sayuran,59.0,277.0,2.4,25.0,10.7,4.6,2.9,120.0,40.0,2.4,240.0,320.0,0.2,0.9,,1.578,,,0.1,0.2,0.0,11.0,,per 100g,2026-07-01T04:14:08.471742Z,2026-07-01T04:14:08.471742Z,4,0.8261,"Bahan dasar terdiri dari daun kasbi, daun pepaya, bunga pepaya dimasak dengan santan"
tkpi_0574,Beberuk,beberuk,TKPI,https://www.panganku.org/id-ID/view,Sayuran,sayuran,89.1,65.0,1.1,5.2,3.5,3.1,1.1,179.0,72.0,8.3,53.0,427.0,0.4,0.2,,44.0,,,0.3,,4.4,,,per 100g,2026-07-01T04:14:08.471742Z,2026-07-01T04:14:08.471742Z,6,0.7391,"Sayuran mentah (kacang panjang dan terong ungu kecil diiris halus), ditambah bumbu / saos : cabe merah, cabe rawit merah, tomat, terasi, dan garam"
tkpi_0575,Botok lamtoro,botok lamtoro,TKPI,https://www.panganku.org/id-ID/view,Sayuran,sayuran,63.9,186.0,11.7,9.7,13.0,2.1,2.2,771.0,322.0,26.0,,,,,18.0,,179.0,,0.27,,,2.0,,per 100g,2026-07-01T04:14:08.471742Z,2026-07-01T04:14:08.471742Z,9,0.6087,"Bahan dasar terdiri dari lamtoro dan kelapa parut, dikukus dengan dibungkus daun pisang."
tkpi_0576,Buntil daun talas,buntil daun talas,TKPI,https://www.panganku.org/id-ID/view,Sayuran,sayuran,74.5,141.0,4.4,10.2,8.0,1.8,3.0,149.0,121.0,14.5,,,,,13.0,,8.61,,0.25,,,1.0,,per 100g,2026-07-01T04:14:08.471742Z,2026-07-01T04:14:08.471742Z,9,0.6087,"Bahan dasar terdiri dari daun talas, kelapa parut, dan ikan teri. Direbus dengan santan."
tkpi_0577,Cammetutu,cammetutu,TKPI,https://www.panganku.org/id-ID/view,Sayuran,sayuran,79.6,102.0,3.2,6.0,8.7,4.3,2.5,41.0,93.0,0.5,443.0,518.0,0.3,0.7,,1.123,,,0.3,0.4,0.4,19.0,,per 100g,2026-07-01T04:14:08.471742Z,2026-07-01T04:14:08.471742Z,4,0.8261,"Sayur daun singkong ditumbuk dan dimasak bersama kacang panjang, terong, dan labu siam."
tkpi_0578,"Cap cai, sayur","cap cai, sayur",TKPI,https://www.panganku.org/id-ID/view,Sayuran,sayuran,82.7,97.0,5.8,6.3,4.2,0.6,1.0,287.0,89.0,1.8,405.0,,,,45.0,,1.64,,0.21,,,1.0,,per 100g,2026-07-01T04:14:08.471742Z,2026-07-01T04:14:08.471742Z,8,0.6522,
tkpi_0579,Gado-gado,gado-gado,TKPI,https://www.panganku.org/id-ID/view,Sayuran,sayuran,68.5,137.0,6.1,3.2,21.0,1.1,1.5,301.0,135.0,7.5,,,,,3.0,,5.929,,0.1,,,1.0,,per 100g,2026-07-01T04:14:08.471742Z,2026-07-01T04:14:08.471742Z,9,0.6087,
tkpi_0580,"Gudeg, sayur","gudeg, sayur",TKPI,https://www.panganku.org/id-ID/view,Sayuran,sayuran,69.2,160.0,3.3,9.2,16.0,2.3,2.1,62.0,55.0,12.8,,,,,0.0,,166.0,,0.15,,,0.0,,per 100g,2026-07-01T04:14:08.471742Z,2026-07-01T04:14:08.471742Z,9,0.6087,Bahan dasar terdiri dari nangka muda dan santan. Direbus dalam waktu yang lama
tkpi_0581,Gulai pakis,gulai pakis,TKPI,https://www.panganku.org/id-ID/view,Sayuran,sayuran,76.1,143.0,4.0,11.4,6.0,1.4,2.6,548.0,124.0,1.7,,,,,11.0,,9.802,,0.35,,,1.0,,per 100g,2026-07-01T04:14:08.471742Z,2026-07-01T04:14:08.471742Z,9,0.6087,
tkpi_0582,Gulai pliek,gulai pliek,TKPI,https://www.panganku.org/id-ID/view,Sayuran,sayuran,71.9,176.0,7.3,14.9,3.2,,2.7,39.0,54.0,1.4,257.0,285.0,0.3,0.6,,,,,,,,,,per 100g,2026-07-01T04:14:08.471742Z,2026-07-01T04:14:08.471742Z,10,0.5652,"Bahan dasar terdiri dari nangka muda, daun melinjo, buah melinjo, jantung pisang, kacang panjang. Direbus dengan santan."
tkpi_0583,Kadada katembe,kadada katembe,TKPI,https://www.panganku.org/id-ID/view,Sayuran,sayuran,80.0,110.0,4.5,6.9,7.1,3.9,1.5,26.0,77.0,0.0,178.0,131.0,0.2,0.7,,46.0,,,0.1,,3.7,23.0,,per 100g,2026-07-01T04:14:08.471742Z,2026-07-01T04:14:08.471742Z,5,0.7826,
tkpi_0584,"Kaparende, sayur","kaparende, sayur",TKPI,https://www.panganku.org/id-ID/view,Sayuran,sayuran,91.7,38.0,2.4,2.0,2.6,1.5,1.3,126.0,68.0,0.0,170.0,43.0,0.0,0.3,,40.0,,,0.1,,3.7,22.0,,per 100g,2026-07-01T04:14:08.471742Z,2026-07-01T04:14:08.471742Z,5,0.7826,sayur bening daun kelor + pepaya muda + ikan teri
tkpi_0585,"Karedok, sayur","karedok, sayur",TKPI,https://www.panganku.org/id-ID/view,Sayuran,sayuran,79.0,92.0,2.2,3.3,14.1,1.4,1.4,174.0,85.0,2.4,,,,,0.0,,1.0,,0.08,,,3.0,,per 100g,2026-07-01T04:14:08.471742Z,2026-07-01T04:14:08.471742Z,9,0.6087,
tkpi_0586,Keripik bayam,keripik bayam,TKPI,https://www.panganku.org/id-ID/view,Sayuran,sayuran,2.3,586.0,4.9,40.6,50.2,0.5,1.9,236.0,117.0,3.6,,,,,0.0,,4.544,,0.16,,,0.0,,per 100g,2026-07-01T04:14:08.471742Z,2026-07-01T04:14:08.471742Z,9,0.6087,
tkpi_0587,Kotiu hinela tawang nggole,kotiu hinela tawang nggole,TKPI,https://www.panganku.org/id-ID/view,Sayuran,sayuran,88.4,46.0,2.2,1.5,6.0,3.8,1.9,64.0,44.0,0.0,316.0,103.0,1.6,0.8,,75.0,,,0.3,,9.7,7.0,,per 100g,2026-07-01T04:14:08.471742Z,2026-07-01T04:14:08.471742Z,5,0.7826,Sayur campur jantung pisang + daun singkong dan tekokak bumbu garam dan terasi
tkpi_0588,Lema/ Rebung asam,lema/ rebung asam,TKPI,https://www.panganku.org/id-ID/view,Sayuran,sayuran,96.3,15.0,1.0,0.4,1.9,,0.4,17.0,230.0,2.9,3.0,156.0,0.1,0.7,,,,,0.3,0.0,,,,per 100g,2026-07-01T04:14:08.471742Z,2026-07-01T04:14:08.471742Z,8,0.6522,"Bahan dasar : rebung dan ikan, diolah dengan cara direbus dan difermentasi, dengan rasa asam pedas"
tkpi_0589,Lilin bungkus gedi,lilin bungkus gedi,TKPI,https://www.panganku.org/id-ID/view,Sayuran,sayuran,84.8,79.0,2.3,5.2,5.8,2.5,1.9,170.0,70.0,0.9,170.0,50.0,0.2,0.8,,,,,0.2,0.1,0.0,18.0,,per 100g,2026-07-01T04:14:08.471742Z,2026-07-01T04:14:08.471742Z,5,0.7826,
tkpi_0590,Olah-olah,olah-olah,TKPI,https://www.panganku.org/id-ID/view,Sayuran,sayuran,83.9,9.0,2.1,6.0,7.1,4.4,0.9,26.0,3.0,1.2,289.0,266.0,0.3,0.6,,36.0,,,0.2,0.1,0.4,,,per 100g,2026-07-01T04:14:08.471742Z,2026-07-01T04:14:08.471742Z,5,0.7826,"Masakan sayur: Kacang panjang dan toge direbus diberi saos santan kental yang dimasak dengan bumb bawang merah + bawang putih, cabe merah, terasi dan garam."
tkpi_0591,Paku hinela wulelenggapaya,paku hinela wulelenggapaya,TKPI,https://www.panganku.org/id-ID/view,Sayuran,sayuran,83.4,77.0,3.5,4.6,5.4,3.6,3.1,63.0,85.0,0.0,469.0,37.0,0.3,0.7,,55.0,,,0.8,0.1,0.2,4.0,,per 100g,2026-07-01T04:14:08.471742Z,2026-07-01T04:14:08.471742Z,4,0.8261,Sayur paku dan  bunga pepaya
tkpi_0592,Pelecing kangkung,pelecing kangkung,TKPI,https://www.panganku.org/id-ID/view,Sayuran,sayuran,83.8,75.0,2.5,2.8,10.0,5.4,0.9,36.0,3.0,2.1,408.0,381.0,0.1,0.4,,870.0,,,0.7,,0.2,12.0,,per 100g,2026-07-01T04:14:08.471742Z,2026-07-01T04:14:08.471742Z,5,0.7826,"Kangkung dan toge direbus ditaburi kelapa parut (disangan) dan sambal (garam, cabe, terasi, dan tomat ) disiram air jeruk."
tkpi_0593,Purundawa,purundawa,TKPI,https://www.panganku.org/id-ID/view,Sayuran,sayuran,91.8,25.0,1.5,0.5,3.6,1.7,2.6,147.0,39.0,0.0,239.0,201.0,0.1,0.6,,55.0,,,0.1,0.1,11.6,2.0,,per 100g,2026-07-01T04:14:08.471742Z,2026-07-01T04:14:08.471742Z,4,0.8261,Sayur bening bayam + terong kecil bumbu garam + terasi
tkpi_0594,Rujak cingur,rujak cingur,TKPI,https://www.panganku.org/id-ID/view,Sayuran,sayuran,70.1,153.0,11.3,8.4,8.0,1.4,1.4,256.0,143.0,4.4,,,,,18.0,,2.88,,0.16,,,2.0,,per 100g,2026-07-01T04:14:08.471742Z,2026-07-01T04:14:08.471742Z,9,0.6087,"Seperti gado-gado, ditambah cingur sapi."
tkpi_0595,Sayur asem,sayur asem,TKPI,https://www.panganku.org/id-ID/view,Sayuran,sayuran,93.2,29.0,0.7,0.6,5.0,0.6,0.8,40.0,61.0,3.1,,,,,14.0,,2.075,,0.1,,,0.0,,per 100g,2026-07-01T04:14:08.471742Z,2026-07-01T04:14:08.471742Z,9,0.6087,
tkpi_0596,Sayur bunga pepaya,sayur bunga pepaya,TKPI,https://www.panganku.org/id-ID/view,Sayuran,sayuran,83.4,49.0,1.7,0.3,9.8,2.7,2.1,220.0,220.0,1.3,90.0,350.0,0.1,0.1,,372.0,,,,0.1,0.0,0.0,,per 100g,2026-07-01T04:14:08.471742Z,2026-07-01T04:14:08.471742Z,5,0.7826,
tkpi_0597,Sayur garu,sayur garu,TKPI,https://www.panganku.org/id-ID/view,Sayuran,sayuran,70.8,178.0,2.6,13.9,10.6,8.4,2.1,30.0,130.0,0.9,20.0,120.0,0.1,0.3,,,,,0.2,0.1,,9.0,,per 100g,2026-07-01T04:14:08.471742Z,2026-07-01T04:14:08.471742Z,6,0.7391,"Bahan dasar terdiri dari jantung pisang, daun ubi, daun pepaya. Ditumis"
tkpi_0598,Sayur kohu-kohu,sayur kohu-kohu,TKPI,https://www.panganku.org/id-ID/view,Sayuran,sayuran,72.8,133.0,7.3,6.6,11.2,1.2,2.1,40.0,120.0,0.2,20.0,50.0,0.1,0.3,,944.0,,,0.2,0.2,,9.0,,per 100g,2026-07-01T04:14:08.471742Z,2026-07-01T04:14:08.471742Z,5,0.7826,"Seperti urap. Bahan dasar terdiri dari bayam, ketimun, daun kemangi, kacang panjang, taoge, dan kelapa."
tkpi_0599,Sayur lilin-terubuk,sayur lilin-terubuk,TKPI,https://www.panganku.org/id-ID/view,Sayuran,sayuran,90.4,36.0,2.7,0.7,4.8,1.4,1.4,10.0,90.0,0.1,30.0,44.0,0.2,1.0,,,,,0.3,0.2,,18.0,,per 100g,2026-07-01T04:14:08.471742Z,2026-07-01T04:14:08.471742Z,6,0.7391,Bahan dasar terdiri dari lilin/terubuk. Direbus dengan santan.
tkpi_0600,Sayur ndusuk,sayur ndusuk,TKPI,https://www.panganku.org/id-ID/view,Sayuran,sayuran,87.5,49.0,3.1,2.5,3.6,,3.1,11.0,6.0,0.5,1.011,88.0,,0.2,,,,,0.2,0.1,,15.0,,per 100g,2026-07-01T04:14:08.471742Z,2026-07-01T04:14:08.471742Z,8,0.6522,
tkpi_0601,Sayur sop,sayur sop,TKPI,https://www.panganku.org/id-ID/view,Sayuran,sayuran,92.7,27.0,1.3,2.0,1.0,0.3,2.7,168.0,57.0,1.8,,,,,20.0,,2.569,,0.1,,,0.0,,per 100g,2026-07-01T04:14:08.471742Z,2026-07-01T04:14:08.471742Z,9,0.6087,
tkpi_0602,Sayur umbut kelapa,sayur umbut kelapa,TKPI,https://www.panganku.org/id-ID/view,Sayuran,sayuran,85.5,67.0,5.2,2.9,5.1,1.4,1.3,48.0,81.0,3.2,313.0,108.0,0.2,1.1,,21.0,,,0.2,,,5.0,,per 100g,2026-07-01T04:14:08.471742Z,2026-07-01T04:14:08.471742Z,6,0.7391,"Bahan dasar terdiri dari umbut kelapa, labu kuning, dan iga sapi. Direbus dengan santan"
tkpi_0603,Sayur umbut rotan,sayur umbut rotan,TKPI,https://www.panganku.org/id-ID/view,Sayuran,sayuran,87.6,57.0,5.4,2.6,3.1,1.6,1.3,184.0,135.0,1.2,256.0,81.0,0.2,0.9,,18.0,0.0,,0.2,,,6.0,,per 100g,2026-07-01T04:14:08.471742Z,2026-07-01T04:14:08.471742Z,5,0.7826,Umbut rotan masak tumis
tkpi_0604,Shabu-shabu,shabu-shabu,TKPI,https://www.panganku.org/id-ID/view,Sayuran,sayuran,87.1,88.0,3.2,8.0,0.8,0.9,0.9,217.0,48.0,2.9,514.0,,,,82.0,,2.0,,0.2,,,0.0,,per 100g,2026-07-01T04:14:08.471742Z,2026-07-01T04:14:08.471742Z,8,0.6522,
tkpi_0605,Semur jengkol,semur jengkol,TKPI,https://www.panganku.org/id-ID/view,Sayuran,sayuran,52.7,212.0,6.0,10.0,29.1,,2.2,77.0,99.0,1.0,,,,,,,81.0,,0.14,,,4.0,,per 100g,2026-07-01T04:14:08.471742Z,2026-07-01T04:14:08.471742Z,11,0.5217,
tkpi_0606,Tinira ninahu nggaluku,tinira ninahu nggaluku,TKPI,https://www.panganku.org/id-ID/view,Sayuran,sayuran,91.8,33.0,1.2,1.3,4.1,3.1,1.5,35.0,35.0,0.0,161.0,119.0,0.2,0.7,,6.0,0.0,,0.3,0.0,3.5,10.0,,per 100g,2026-07-01T04:14:08.471742Z,2026-07-01T04:14:08.471742Z,3,0.8696,Bahan dasar terdiri dari daun melinjo
tkpi_0607,Tumis bayam bersantan,tumis bayam bersantan,TKPI,https://www.panganku.org/id-ID/view,Sayuran,sayuran,91.2,48.0,1.4,4.2,2.6,0.5,0.6,129.0,27.0,0.8,,,,,0.0,,2.988,,0.01,,,22.0,,per 100g,2026-07-01T04:14:08.471742Z,2026-07-01T04:14:08.471742Z,9,0.6087,
tkpi_0608,Waluh balamak,waluh balamak,TKPI,https://www.panganku.org/id-ID/view,Sayuran,sayuran,89.4,45.0,0.8,0.9,8.1,7.9,1.0,25.0,25.0,0.5,61.0,15.0,,0.2,,1.241,0.0,,0.2,0.0,0.1,2.0,,per 100g,2026-07-01T04:14:08.471742Z,2026-07-01T04:14:08.471742Z,4,0.8261,
tkpi_0609,Woku ubi,woku ubi,TKPI,https://www.panganku.org/id-ID/view,Sayuran,sayuran,73.0,143.0,3.1,7.8,15.0,7.0,1.1,195.0,91.0,2.8,353.0,256.0,0.3,1.0,,1.519,0.0,,0.1,,,15.0,,per 100g,2026-07-01T04:14:08.471742Z,2026-07-01T04:14:08.471742Z,5,0.7826,
tkpi_0610,"Alpukat, segar (Avocado, fresh)","alpukat, segar (avocado, fresh)",TKPI,https://www.panganku.org/id-ID/view,Buah,buah,84.3,85.0,0.9,6.5,7.7,,0.6,10.0,20.0,0.9,2.0,278.0,0.2,0.4,,189.0,180.0,,0.05,0.08,1.0,13.0,,per 100g,2026-07-01T04:14:08.471742Z,2026-07-01T04:14:08.471742Z,4,0.8261,
tkpi_0611,"Anggur hutan, segar","anggur hutan, segar",TKPI,https://www.panganku.org/id-ID/view,Buah,buah,92.3,30.0,0.5,0.2,6.8,1.2,0.2,39.0,12.0,1.1,,,,,0.0,,1.0,,0.01,,,3.0,,per 100g,2026-07-01T04:14:08.471742Z,2026-07-01T04:14:08.471742Z,9,0.6087,
tkpi_0612,"Apel malang, segar (Apel, green, fresh)","apel malang, segar (apel, green, fresh)",TKPI,https://www.panganku.org/id-ID/view,Buah,buah,85.9,57.0,0.5,0.4,12.8,0.8,0.3,9.0,18.0,0.6,4.0,175.4,110.16,0.0,,26.0,2.24,,0.05,0.03,0.1,5.0,,per 100g,2026-07-01T04:14:08.471742Z,2026-07-01T04:14:08.471742Z,3,0.8696,
tkpi_0613,"Apel, segar","apel, segar",TKPI,https://www.panganku.org/id-ID/view,Buah,buah,84.1,58.0,0.3,0.4,14.9,2.6,0.3,6.0,10.0,0.3,2.0,130.0,124.2,0.3,,30.0,90.0,,0.04,0.03,0.1,5.0,,per 100g,2026-07-01T04:14:08.471742Z,2026-07-01T04:14:08.471742Z,3,0.8696,
tkpi_0614,"Arbai, segar (Arbein, fresh)","arbai, segar (arbein, fresh)",TKPI,https://www.panganku.org/id-ID/view,Buah,buah,89.9,37.0,0.8,0.5,8.3,,0.5,28.0,27.0,0.8,2.0,43.0,63.52,18.9,,2.0,60.0,,0.03,0.0,0.1,60.0,,per 100g,2026-07-01T04:14:08.471742Z,2026-07-01T04:14:08.471742Z,4,0.8261,
tkpi_0615,"Belimbing, segar (Starfruit, fresh)","belimbing, segar (starfruit, fresh)",TKPI,https://www.panganku.org/id-ID/view,Buah,buah,90.0,36.0,0.4,0.4,8.8,3.2,0.4,4.0,12.0,1.1,4.0,130.0,,0.1,,29.0,170.0,,0.03,,,35.0,,per 100g,2026-07-01T04:14:08.471742Z,2026-07-01T04:14:08.471742Z,6,0.7391,
tkpi_0616,"Biwah, segar (Loquat, fresh)","biwah, segar (loquat, fresh)",TKPI,https://www.panganku.org/id-ID/view,Buah,buah,87.1,51.0,0.3,0.1,12.1,0.7,0.5,220.0,14.0,0.8,1.0,258.6,0.04,0.0,0.0,,12.256,,0.1,0.02,0.0,4.0,,per 100g,2026-07-01T04:14:08.471742Z,2026-07-01T04:14:08.471742Z,3,0.8696,
tkpi_0617,"Buah atung, segar","buah atung, segar",TKPI,https://www.panganku.org/id-ID/view,Buah,buah,92.0,23.0,0.8,0.2,5.2,,1.8,30.0,50.0,4.6,,,,,,,0.0,,0.29,,,38.0,,per 100g,2026-07-01T04:14:08.471742Z,2026-07-01T04:14:08.471742Z,11,0.5217,
tkpi_0618,"Buah kelenting, segar","buah kelenting, segar",TKPI,https://www.panganku.org/id-ID/view,Buah,buah,73.9,110.0,1.4,2.1,21.4,,1.2,8.0,102.0,1.1,2.0,0.0,0.3,0.9,,,,,0.2,0.1,,6.0,,per 100g,2026-07-01T04:14:08.471742Z,2026-07-01T04:14:08.471742Z,7,0.6957,
tkpi_0619,"Buah kom, segar","buah kom, segar",TKPI,https://www.panganku.org/id-ID/view,Buah,buah,33.7,264.0,4.0,1.1,59.6,9.0,1.7,306.0,92.0,0.8,,,,,0.0,,400.0,,0.11,,0.0,9.0,,per 100g,2026-07-01T04:14:08.471742Z,2026-07-01T04:14:08.471742Z,8,0.6522,
tkpi_0620,"Buah mentega (Bisbul), segar (Persimmons, japanese, fresh)","buah mentega (bisbul), segar (persimmons, japanese, fresh)",TKPI,https://www.panganku.org/id-ID/view,Buah,buah,89.0,39.0,0.7,0.2,9.7,2.0,0.4,43.0,17.0,0.8,1.0,90.0,0.06,0.1,,141.0,55.0,,0.02,0.01,0.1,33.0,,per 100g,2026-07-01T04:14:08.471742Z,2026-07-01T04:14:08.471742Z,3,0.8696,
tkpi_0621,"Buah Naga Merah, segar","buah naga merah, segar",TKPI,https://www.panganku.org/id-ID/view,Buah,buah,85.7,71.0,1.7,3.1,9.1,3.2,0.4,13.0,14.0,0.4,10.0,128.0,0.0,0.4,,0.0,0.0,,0.5,0.3,0.5,1.0,,per 100g,2026-07-01T04:14:08.471742Z,2026-07-01T04:14:08.471742Z,3,0.8696,
tkpi_0622,"Buah Naga Putih, segar","buah naga putih, segar",TKPI,https://www.panganku.org/id-ID/view,Buah,buah,86.6,56.0,0.8,1.0,10.9,3.2,0.6,13.0,27.0,0.5,7.0,231.0,0.0,0.4,,0.0,0.0,,0.02,0.5,0.9,1.0,,per 100g,2026-07-01T04:14:08.471742Z,2026-07-01T04:14:08.471742Z,3,0.8696,
tkpi_0623,"Buah negri, segar (Passion-fruit (granadilla), fresh)","buah negri, segar (passion-fruit (granadilla), fresh)",TKPI,https://www.panganku.org/id-ID/view,Buah,buah,85.7,55.0,1.2,0.1,12.2,5.2,0.8,30.0,40.0,0.2,10.0,0.0,0.1,0.3,,460.0,,,0.33,0.03,0.1,9.0,,per 100g,2026-07-01T04:14:08.471742Z,2026-07-01T04:14:08.471742Z,4,0.8261,
tkpi_0624,"Buah nona, segar (Sugarapple, fresh)","buah nona, segar (sugarapple, fresh)",TKPI,https://www.panganku.org/id-ID/view,Buah,buah,71.5,101.0,1.7,0.6,25.2,2.8,1.0,27.0,20.0,0.8,5.0,312.5,325.7,0.1,,49.0,,,0.08,0.16,0.9,22.0,,per 100g,2026-07-01T04:14:08.471742Z,2026-07-01T04:14:08.471742Z,4,0.8261,
tkpi_0625,"Buah rotan, segar","buah rotan, segar",TKPI,https://www.panganku.org/id-ID/view,Buah,buah,79.4,78.0,0.6,0.3,18.2,,1.5,1.0,7.0,3.4,7.0,495.0,0.3,0.7,,,,,0.12,0.0,,5.0,,per 100g,2026-07-01T04:14:08.471742Z,2026-07-01T04:14:08.471742Z,7,0.6957,
tkpi_0626,"Buah rukam, segar (Rukam, fresh)","buah rukam, segar (rukam, fresh)",TKPI,https://www.panganku.org/id-ID/view,Buah,buah,71.3,113.0,0.8,0.3,26.8,7.7,0.8,108.0,52.0,1.2,2.0,219.0,0.3,0.9,,17.0,,,0.06,0.01,,20.0,,per 100g,2026-07-01T04:14:08.471742Z,2026-07-01T04:14:08.471742Z,5,0.7826,
tkpi_0627,"Buah ruruhi, segar","buah ruruhi, segar",TKPI,https://www.panganku.org/id-ID/view,Buah,buah,93.0,29.0,2.1,0.7,3.6,2.6,0.3,6.0,7.0,0.0,36.0,45.0,0.0,0.1,,7.0,,,0.06,0.01,,10.0,,per 100g,2026-07-01T04:14:08.471742Z,2026-07-01T04:14:08.471742Z,5,0.7826,
tkpi_0628,"Buah tuppa, segar","buah tuppa, segar",TKPI,https://www.panganku.org/id-ID/view,Buah,buah,82.5,67.0,0.4,0.2,15.9,,1.0,12.0,139.0,0.5,2.0,0.0,0.2,0.5,,,,,0.04,0.01,,5.0,,per 100g,2026-07-01T04:14:08.471742Z,2026-07-01T04:14:08.471742Z,7,0.6957,
tkpi_0629,"Carica papaya, segar (Papaya)","carica papaya, segar (papaya)",TKPI,https://www.panganku.org/id-ID/view,Buah,buah,93.4,24.0,1.9,0.2,3.7,1.0,0.9,51.0,33.0,1.8,,,,,0.0,0.0,1.0,,0.32,0.07,0.0,85.0,,per 100g,2026-07-01T04:14:08.471742Z,2026-07-01T04:14:08.471742Z,6,0.7391,
tkpi_0630,"Cempedak, segar (Chempedak)","cempedak, segar (chempedak)",TKPI,https://www.panganku.org/id-ID/view,Buah,buah,67.0,116.0,3.0,0.4,28.6,3.4,1.0,20.0,30.0,1.5,25.0,243.7,,,,79.0,200.0,,0.0,,0.5,15.0,,per 100g,2026-07-01T04:14:08.471742Z,2026-07-01T04:14:08.471742Z,6,0.7391,
tkpi_0631,"Duku, segar","duku, segar",TKPI,https://www.panganku.org/id-ID/view,Buah,buah,82.0,63.0,1.0,0.2,16.1,4.3,0.7,18.0,9.0,0.9,2.0,149.0,0.09,0.2,,0.0,0.0,,0.05,0.15,1.5,9.0,,per 100g,2026-07-01T04:14:08.471742Z,2026-07-01T04:14:08.471742Z,3,0.8696,
tkpi_0632,"Durian, segar (Durian, fresh)","durian, segar (durian, fresh)",TKPI,https://www.panganku.org/id-ID/view,Buah,buah,65.0,134.0,2.5,3.0,28.0,3.5,8.0,7.0,44.0,1.3,1.0,601.0,0.12,0.3,,146.0,175.0,,0.1,0.19,136.5,53.0,,per 100g,2026-07-01T04:14:08.471742Z,2026-07-01T04:14:08.471742Z,3,0.8696,
tkpi_0633,"Duwet, segar (Jambolan, fresh)","duwet, segar (jambolan, fresh)",TKPI,https://www.panganku.org/id-ID/view,Buah,buah,80.2,80.0,0.5,0.6,18.2,0.9,0.5,33.0,138.0,1.3,16.0,92.7,191.28,0.3,0.0,329.0,0.0,,0.02,0.01,2.5,130.0,,per 100g,2026-07-01T04:14:08.471742Z,2026-07-01T04:14:08.471742Z,2,0.913,
tkpi_0634,"Embacang, segar (Kuwini, fresh)","embacang, segar (kuwini, fresh)",TKPI,https://www.panganku.org/id-ID/view,Buah,buah,72.5,98.0,1.4,0.2,25.4,1.9,0.5,21.0,15.0,0.5,3.0,250.9,0.13,0.1,,2.533,1.218,,0.03,0.09,0.7,56.0,,per 100g,2026-07-01T04:14:08.471742Z,2026-07-01T04:14:08.471742Z,3,0.8696,
tkpi_0635,"Encung asam, segar (Tamarillo, fresh)","encung asam, segar (tamarillo, fresh)",TKPI,https://www.panganku.org/id-ID/view,Buah,buah,73.0,122.0,3.5,4.5,17.5,9.3,1.5,63.0,69.0,3.2,,,,,0.0,,2.357,,0.02,,,0.0,,per 100g,2026-07-01T04:14:08.471742Z,2026-07-01T04:14:08.471742Z,9,0.6087,
tkpi_0636,"Erbis, segar (Passion-fruit (granadilla), fresh)","erbis, segar (passion-fruit (granadilla), fresh)",TKPI,https://www.panganku.org/id-ID/view,Buah,buah,80.0,70.0,0.6,0.0,18.9,7.7,0.5,11.0,50.0,1.1,21.0,257.1,0.06,0.1,,549.0,10.0,,0.0,0.1,1.1,16.0,,per 100g,2026-07-01T04:14:08.471742Z,2026-07-01T04:14:08.471742Z,3,0.8696,
tkpi_0637,Gandaria masak (Kundang),gandaria masak (kundang),TKPI,https://www.panganku.org/id-ID/view,Buah,buah,80.8,68.0,0.7,0.1,18.0,2.2,0.4,9.0,20.0,1.0,3.0,129.0,,,,329.0,1.02,,0.03,0.07,0.7,111.0,,per 100g,2026-07-01T04:14:08.471742Z,2026-07-01T04:14:08.471742Z,5,0.7826,
tkpi_0638,"Gatep, segar (Chestnut, fresh)","gatep, segar (chestnut, fresh)",TKPI,https://www.panganku.org/id-ID/view,Buah,buah,52.7,191.0,4.5,1.5,39.7,13.4,1.6,186.0,69.0,3.2,17.0,403.3,0.69,1.3,,51.0,,,0.05,0.2,1.8,,,per 100g,2026-07-01T04:14:08.471742Z,2026-07-01T04:14:08.471742Z,5,0.7826,
tkpi_0639,"Jambu air, segar (Roseapple, fresh)","jambu air, segar (roseapple, fresh)",TKPI,https://www.panganku.org/id-ID/view,Buah,buah,87.0,46.0,0.6,0.2,11.8,2.1,0.8,8.0,9.0,1.1,11.0,321.2,,0.1,,92.0,,,0.02,0.38,4.6,5.0,,per 100g,2026-07-01T04:14:08.471742Z,2026-07-01T04:14:08.471742Z,5,0.7826,
tkpi_0640,"Jambu biji (Guava, fresh)","jambu biji (guava, fresh)",TKPI,https://www.panganku.org/id-ID/view,Buah,buah,86.0,49.0,0.9,0.3,12.2,2.4,0.6,14.0,28.0,1.1,10.0,52.8,0.02,0.3,,27.0,25.0,,0.02,0.03,0.8,87.0,,per 100g,2026-07-01T04:14:08.471742Z,2026-07-01T04:14:08.471742Z,3,0.8696,
tkpi_0641,"Jambu bj putih tdk brbj (Guava, white, seedles, fresh)","jambu bj putih tdk brbj (guava, white, seedles, fresh)",TKPI,https://www.panganku.org/id-ID/view,Buah,buah,82.8,61.0,0.9,0.3,15.4,4.5,0.6,31.0,41.0,0.2,20.0,103.0,0.04,0.5,,53.0,18.0,,1.02,0.06,1.3,116.0,,per 100g,2026-07-01T04:14:08.471742Z,2026-07-01T04:14:08.471742Z,3,0.8696,
tkpi_0642,"Jambu bol, segar (Malay Apple, fresh)","jambu bol, segar (malay apple, fresh)",TKPI,https://www.panganku.org/id-ID/view,Buah,buah,87.1,49.0,2.3,0.2,9.6,3.5,0.8,8.0,8.0,0.3,1.0,14.0,0.0,0.0,,92.0,,,0.13,0.01,0.5,22.0,,per 100g,2026-07-01T04:14:08.471742Z,2026-07-01T04:14:08.471742Z,4,0.8261,
tkpi_0643,"Jambu monyet, segar (Cashew apple, fresh)","jambu monyet, segar (cashew apple, fresh)",TKPI,https://www.panganku.org/id-ID/view,Buah,buah,82.6,64.0,0.7,0.6,15.8,1.2,0.3,4.0,13.0,0.5,12.0,107.8,,,,1.604,25.0,,0.02,0.0,2.0,197.0,,per 100g,2026-07-01T04:14:08.471742Z,2026-07-01T04:14:08.471742Z,5,0.7826,
tkpi_0644,"Jeruk bali, segar (Pummelo, fresh)","jeruk bali, segar (pummelo, fresh)",TKPI,https://www.panganku.org/id-ID/view,Buah,buah,86.3,48.0,0.6,0.2,12.4,0.8,0.5,23.0,27.0,0.5,21.0,366.1,171.25,0.1,,33.0,20.0,,0.04,0.0,0.4,43.0,,per 100g,2026-07-01T04:14:08.471742Z,2026-07-01T04:14:08.471742Z,3,0.8696,
tkpi_0645,"Jeruk banjar, segar (Orange (banjar), fresh)","jeruk banjar, segar (orange (banjar), fresh)",TKPI,https://www.panganku.org/id-ID/view,Buah,buah,84.5,61.0,0.8,0.2,14.1,5.4,0.4,9.0,13.0,0.2,3.0,79.0,0.1,0.1,,9.0,,,0.12,0.03,0.3,31.0,,per 100g,2026-07-01T04:14:08.471742Z,2026-07-01T04:14:08.471742Z,4,0.8261,
tkpi_0646,Jeruk garut-keprok (Mandarin),jeruk garut-keprok (mandarin),TKPI,https://www.panganku.org/id-ID/view,Buah,buah,87.3,44.0,0.8,0.3,10.9,1.6,0.7,33.0,23.0,0.4,5.0,518.1,169.3,0.2,,0.0,420.0,,0.07,0.03,0.2,31.0,,per 100g,2026-07-01T04:14:08.471742Z,2026-07-01T04:14:08.471742Z,3,0.8696,
tkpi_0647,"Jeruk Kalamansi, segar","jeruk kalamansi, segar",TKPI,https://www.panganku.org/id-ID/view,Buah,buah,90.2,39.0,0.3,0.3,8.9,2.3,0.4,42.0,85.0,0.5,3.0,82.0,0.3,0.1,,1.0,0.0,,0.02,0.1,0.0,30.0,,per 100g,2026-07-01T04:14:08.471742Z,2026-07-01T04:14:08.471742Z,3,0.8696,
tkpi_0648,"Jeruk manis, segar (orange, fresh)","jeruk manis, segar (orange, fresh)",TKPI,https://www.panganku.org/id-ID/view,Buah,buah,87.2,45.0,0.9,0.2,11.2,1.4,0.5,33.0,23.0,0.4,4.0,472.1,160.0,0.2,,0.0,190.0,,0.08,0.03,0.2,49.0,,per 100g,2026-07-01T04:14:08.471742Z,2026-07-01T04:14:08.471742Z,3,0.8696,
tkpi_0649,"Jeruk nipis, segar (Lime, fresh)","jeruk nipis, segar (lime, fresh)",TKPI,https://www.panganku.org/id-ID/view,Buah,buah,88.9,44.0,0.5,0.2,10.0,0.4,0.4,18.0,22.0,0.2,3.0,108.9,0.06,0.1,,23.0,4.0,,0.01,0.03,0.2,20.0,,per 100g,2026-07-01T04:14:08.471742Z,2026-07-01T04:14:08.471742Z,3,0.8696,
tkpi_0650,"Jeruk ragi, segar","jeruk ragi, segar",TKPI,https://www.panganku.org/id-ID/view,Buah,buah,87.6,49.0,0.7,0.2,11.1,0.5,0.4,36.0,67.0,0.7,4.0,457.3,155.0,0.2,,0.0,68.0,,0.03,0.03,0.2,30.0,,per 100g,2026-07-01T04:14:08.471742Z,2026-07-01T04:14:08.471742Z,3,0.8696,
tkpi_0651,"Kawista, segar (Wood apple, fresh)","kawista, segar (wood apple, fresh)",TKPI,https://www.panganku.org/id-ID/view,Buah,buah,71.8,120.0,3.5,2.5,20.8,4.6,1.4,190.0,230.0,1.6,9.0,1.015,308.43,0.4,,99.0,,,0.07,0.07,0.4,3.0,,per 100g,2026-07-01T04:14:08.471742Z,2026-07-01T04:14:08.471742Z,4,0.8261,
tkpi_0652,"Kedondong masak, segar (Ambarella, fresh)","kedondong masak, segar (ambarella, fresh)",TKPI,https://www.panganku.org/id-ID/view,Buah,buah,88.0,46.0,1.0,0.1,10.3,2.6,0.6,15.0,22.0,2.8,2.0,216.2,0.03,0.1,,164.0,233.0,,0.08,0.23,0.3,30.0,,per 100g,2026-07-01T04:14:08.471742Z,2026-07-01T04:14:08.471742Z,3,0.8696,
tkpi_0653,"Kedondong, segar  (Ambarella, fresh)","kedondong, segar (ambarella, fresh)",TKPI,https://www.panganku.org/id-ID/view,Buah,buah,87.8,47.0,0.5,0.2,10.4,2.7,0.6,7.0,58.0,0.8,2.0,0.0,,0.2,,167.0,,,0.07,0.04,0.4,32.0,,per 100g,2026-07-01T04:14:08.471742Z,2026-07-01T04:14:08.471742Z,5,0.7826,
tkpi_0654,"Kelapa hutan, kering","kelapa hutan, kering",TKPI,https://www.panganku.org/id-ID/view,Buah,buah,6.0,623.0,2.0,52.1,36.5,15.3,3.4,120.0,280.0,3.8,100.0,460.0,1.7,1.9,,,,,,,0.2,,,per 100g,2026-07-01T04:14:08.471742Z,2026-07-01T04:14:08.471742Z,8,0.6522,
tkpi_0655,"Kelapa muda, daging, segar (Coconut, flesh, Young, fresh )","kelapa muda, daging, segar (coconut, flesh, young, fresh )",TKPI,https://www.panganku.org/id-ID/view,Buah,buah,83.3,68.0,1.0,0.9,14.0,0.0,0.8,7.0,30.0,1.0,18.0,564.6,0.14,0.3,0.0,0.0,,,0.06,0.02,0.6,4.0,,per 100g,2026-07-01T04:14:08.471742Z,2026-07-01T04:14:08.471742Z,3,0.8696,
tkpi_0656,"Kemang, segar (Kemang, fresh)","kemang, segar (kemang, fresh)",TKPI,https://www.panganku.org/id-ID/view,Buah,buah,86.5,48.0,1.0,0.2,11.9,1.7,0.4,10.0,24.0,0.1,2.0,88.6,0.04,0.1,,318.0,6.0,,0.08,0.01,0.3,58.0,,per 100g,2026-07-01T04:14:08.471742Z,2026-07-01T04:14:08.471742Z,3,0.8696,
tkpi_0657,"Kesemek, segar (Persimmons, fresh)","kesemek, segar (persimmons, fresh)",TKPI,https://www.panganku.org/id-ID/view,Buah,buah,78.2,78.0,0.8,0.4,20.0,0.6,0.6,6.0,26.0,0.3,0.0,34.5,0.13,0.1,,109.0,2.71,,0.05,0.0,0.1,11.0,,per 100g,2026-07-01T04:14:08.471742Z,2026-07-01T04:14:08.471742Z,3,0.8696,
tkpi_0658,"Kokosan, segar (Langsat, fresh)","kokosan, segar (langsat, fresh)",TKPI,https://www.panganku.org/id-ID/view,Buah,buah,85.0,86.0,1.6,0.2,13.0,1.4,0.2,22.0,38.0,1.3,2.0,118.3,0.08,0.2,,0.0,20.0,,0.04,0.04,1.5,3.0,,per 100g,2026-07-01T04:14:08.471742Z,2026-07-01T04:14:08.471742Z,3,0.8696,
tkpi_0659,"Kranji, segar (Sweet inga, fresh)","kranji, segar (sweet inga, fresh)",TKPI,https://www.panganku.org/id-ID/view,Buah,buah,20.1,315.0,2.1,1.4,73.5,3.6,2.9,160.0,120.0,3.7,,,,,,,,,0.02,,,,,per 100g,2026-07-01T04:14:08.471742Z,2026-07-01T04:14:08.471742Z,12,0.4783,
tkpi_0660,"Langsat, segar (Langsat, fresh)","langsat, segar (langsat, fresh)",TKPI,https://www.panganku.org/id-ID/view,Buah,buah,84.1,56.0,0.9,0.2,14.3,1.4,0.5,17.0,24.0,1.1,1.0,232.0,0.09,0.2,,,0.0,,0.07,0.0,0.8,9.0,,per 100g,2026-07-01T04:14:08.471742Z,2026-07-01T04:14:08.471742Z,4,0.8261,
tkpi_0661,"Lemon, segar (Lemon, fresh)","lemon, segar (lemon, fresh)",TKPI,https://www.panganku.org/id-ID/view,Buah,buah,92.2,34.0,0.5,0.8,6.2,0.1,0.3,23.0,20.0,0.3,31.0,140.0,0.1,0.2,,0.0,,,0.09,0.12,0.3,50.0,,per 100g,2026-07-01T04:14:08.471742Z,2026-07-01T04:14:08.471742Z,4,0.8261,
tkpi_0662,"Lontar, segar (Palmyra palm, fresh)","lontar, segar (palmyra palm, fresh)",TKPI,https://www.panganku.org/id-ID/view,Buah,buah,93.0,27.0,0.4,0.2,6.0,1.6,0.4,91.0,243.0,0.5,,,,,,,,,0.03,,,,,per 100g,2026-07-01T04:14:08.471742Z,2026-07-01T04:14:08.471742Z,12,0.4783,
tkpi_0663,"Mangga, segar (Mango, fresh)","mangga, segar (mango, fresh)",TKPI,https://www.panganku.org/id-ID/view,Buah,buah,86.6,52.0,0.7,0.0,12.3,1.6,0.2,20.0,16.0,1.0,3.0,140.0,0.33,0.0,,316.0,,,0.03,0.01,0.3,12.0,,per 100g,2026-07-01T04:14:08.471742Z,2026-07-01T04:14:08.471742Z,4,0.8261,
tkpi_0664,"Mangga benggala, segar (Mango, benggala, fresh)","mangga benggala, segar (mango, benggala, fresh)",TKPI,https://www.panganku.org/id-ID/view,Buah,buah,84.4,63.0,2.4,0.4,12.4,5.8,0.4,9.0,13.0,0.2,3.0,79.0,0.1,0.1,,10.0,,,0.18,0.01,0.4,43.0,,per 100g,2026-07-01T04:14:08.471742Z,2026-07-01T04:14:08.471742Z,4,0.8261,
tkpi_0665,"Mangga gedung, segar (Mango, gedung, fresh)","mangga gedung, segar (mango, gedung, fresh)",TKPI,https://www.panganku.org/id-ID/view,Buah,buah,87.4,44.0,0.7,0.2,11.2,1.6,0.5,13.0,10.0,0.2,2.0,83.6,0.04,0.1,,113.0,16.4,,0.08,0.01,0.3,30.0,,per 100g,2026-07-01T04:14:08.471742Z,2026-07-01T04:14:08.471742Z,3,0.8696,
tkpi_0666,"Mangga golek, segar (Mango, golek, fresh)","mangga golek, segar (mango, golek, fresh)",TKPI,https://www.panganku.org/id-ID/view,Buah,buah,82.2,63.0,0.5,0.2,16.7,2.3,0.4,14.0,10.0,0.7,3.0,118.1,0.05,0.1,,160.0,3.715,,0.08,0.02,0.4,65.0,,per 100g,2026-07-01T04:14:08.471742Z,2026-07-01T04:14:08.471742Z,3,0.8696,
tkpi_0667,"Mangga harumanis, segar (Mango, harumanis, fresh)","mangga harumanis, segar (mango, harumanis, fresh)",TKPI,https://www.panganku.org/id-ID/view,Buah,buah,86.6,46.0,0.4,0.2,11.9,1.7,0.8,15.0,9.0,0.2,2.0,88.9,0.04,0.1,,120.0,1.2,,0.08,0.01,0.3,6.0,,per 100g,2026-07-01T04:14:08.471742Z,2026-07-01T04:14:08.471742Z,3,0.8696,
tkpi_0668,"Mangga indramayu, segar (Mango, indramayu, fresh)","mangga indramayu, segar (mango, indramayu, fresh)",TKPI,https://www.panganku.org/id-ID/view,Buah,buah,80.2,72.0,0.8,0.2,18.7,2.5,0.1,13.0,10.0,1.9,3.0,131.4,0.06,0.1,,178.0,2.9,,0.06,0.02,0.5,16.0,,per 100g,2026-07-01T04:14:08.471742Z,2026-07-01T04:14:08.471742Z,3,0.8696,
tkpi_0669,"Mangga kopek, segar (Mango, kopek, fresh)","mangga kopek, segar (mango, kopek, fresh)",TKPI,https://www.panganku.org/id-ID/view,Buah,buah,84.5,56.0,0.4,0.2,14.6,2.0,0.3,16.0,10.0,1.7,2.0,102.9,0.04,0.1,,139.0,6.52,,0.03,0.01,0.4,27.0,,per 100g,2026-07-01T04:14:08.471742Z,2026-07-01T04:14:08.471742Z,3,0.8696,
tkpi_0670,"Mangga kwini, segar (Mango, kwini, fresh)","mangga kwini, segar (mango, kwini, fresh)",TKPI,https://www.panganku.org/id-ID/view,Buah,buah,78.6,86.0,0.7,0.5,19.8,6.5,0.4,11.0,11.0,0.2,1.0,16.0,0.1,0.1,,932.0,,,0.15,0.02,0.5,18.0,,per 100g,2026-07-01T04:14:08.471742Z,2026-07-01T04:14:08.471742Z,4,0.8261,
tkpi_0671,"Mangga manalagi, segar (Mango, manalagi, fresh)","mangga manalagi, segar (mango, manalagi, fresh)",TKPI,https://www.panganku.org/id-ID/view,Buah,buah,66.5,133.0,1.0,0.1,32.1,11.8,0.3,20.0,23.0,1.0,70.0,161.0,0.0,0.0,0.0,4.0,,,0.07,0.0,0.6,61.0,,per 100g,2026-07-01T04:14:08.471742Z,2026-07-01T04:14:08.471742Z,3,0.8696,
tkpi_0672,"Mangga muda, segar (Mango, unripe, fresh)","mangga muda, segar (mango, unripe, fresh)",TKPI,https://www.panganku.org/id-ID/view,Buah,buah,83.7,59.0,0.5,0.4,15.1,,0.3,12.0,11.0,0.4,2.0,108.2,0.05,0.1,,146.0,85.0,,0.06,0.02,0.4,2.0,,per 100g,2026-07-01T04:14:08.471742Z,2026-07-01T04:14:08.471742Z,4,0.8261,
tkpi_0673,"Manggis, segar (Mangosteen, fresh)","manggis, segar (mangosteen, fresh)",TKPI,https://www.panganku.org/id-ID/view,Buah,buah,83.0,63.0,0.6,0.6,15.6,1.5,0.2,8.0,12.0,0.8,10.0,61.9,0.1,0.1,,0.0,0.0,,0.03,0.03,0.3,5.0,,per 100g,2026-07-01T04:14:08.471742Z,2026-07-01T04:14:08.471742Z,3,0.8696,
tkpi_0674,"Markisa, segar (Giant Granadilla, fresh)","markisa, segar (giant granadilla, fresh)",TKPI,https://www.panganku.org/id-ID/view,Buah,buah,64.7,144.0,3.5,1.2,29.8,11.4,0.8,27.0,203.0,1.4,37.0,453.8,0.11,0.1,0.0,969.0,691.0,,0.02,0.17,2.0,10.0,,per 100g,2026-07-01T04:14:08.471742Z,2026-07-01T04:14:08.471742Z,2,0.913,
tkpi_0675,"Matoa, segar (Matoa, fresh)","matoa, segar (matoa, fresh)",TKPI,https://www.panganku.org/id-ID/view,Buah,buah,76.5,90.0,1.2,0.1,21.1,0.5,1.1,20.0,40.0,0.6,10.0,190.0,0.3,0.6,,2.0,,,0.18,0.09,0.5,54.0,,per 100g,2026-07-01T04:14:08.471742Z,2026-07-01T04:14:08.471742Z,4,0.8261,
tkpi_0676,"Melon, segar","melon, segar",TKPI,https://www.panganku.org/id-ID/view,Buah,buah,90.8,37.0,0.6,0.4,7.8,1.0,0.5,12.0,14.0,0.4,27.0,167.0,0.3,0.1,,1.0,0.0,,0.02,0.1,0.0,0.0,,per 100g,2026-07-01T04:14:08.471742Z,2026-07-01T04:14:08.471742Z,3,0.8696,
tkpi_0677,"Menteng, segar (Kepundung, fresh)","menteng, segar (kepundung, fresh)",TKPI,https://www.panganku.org/id-ID/view,Buah,buah,79.0,65.0,1.7,0.3,16.1,,2.9,13.0,20.0,0.8,,,,,,,0.0,,0.0,,,,,per 100g,2026-07-01T04:14:08.471742Z,2026-07-01T04:14:08.471742Z,12,0.4783,
tkpi_0678,"Nanas palembang, segar (Pineapple,palembang,  fresh)","nanas palembang, segar (pineapple,palembang, fresh)",TKPI,https://www.panganku.org/id-ID/view,Buah,buah,85.5,58.0,0.7,0.2,13.3,1.6,0.3,29.0,15.0,0.6,7.0,117.0,0.03,0.1,,17.0,,,0.26,0.03,0.2,11.0,,per 100g,2026-07-01T04:14:08.471742Z,2026-07-01T04:14:08.471742Z,4,0.8261,
tkpi_0679,"Nanas, segar (Pineapple, fresh)","nanas, segar (pineapple, fresh)",TKPI,https://www.panganku.org/id-ID/view,Buah,buah,88.9,40.0,0.6,0.3,9.9,0.6,0.3,22.0,14.0,0.9,18.0,111.0,0.03,0.1,0.0,17.0,90.0,,0.02,0.04,0.2,22.0,,per 100g,2026-07-01T04:14:08.471742Z,2026-07-01T04:14:08.471742Z,2,0.913,
tkpi_0680,"Nangka masak pohon, segar (Jack fruit, fresh)","nangka masak pohon, segar (jack fruit, fresh)",TKPI,https://www.panganku.org/id-ID/view,Buah,buah,70.0,106.0,1.2,0.3,27.6,3.7,2.7,20.0,19.0,0.9,2.0,407.0,246.58,1.4,,149.0,330.0,,0.07,0.1,1.0,7.0,,per 100g,2026-07-01T04:14:08.471742Z,2026-07-01T04:14:08.471742Z,3,0.8696,
tkpi_0681,"Pala, daging, segar (Nutmeg, flesh, fresh)","pala, daging, segar (nutmeg, flesh, fresh)",TKPI,https://www.panganku.org/id-ID/view,Buah,buah,88.1,42.0,0.3,0.2,10.9,0.5,0.5,32.0,24.0,1.5,,,,,,,29.0,,,,,22.0,,per 100g,2026-07-01T04:14:08.471742Z,2026-07-01T04:14:08.471742Z,11,0.5217,
tkpi_0682,"Pepaya, segar (Papaya, fresh)","pepaya, segar (papaya, fresh)",TKPI,https://www.panganku.org/id-ID/view,Buah,buah,86.7,46.0,0.5,0.1,12.2,1.6,0.6,23.0,12.0,1.7,4.0,221.0,0.02,0.3,,1.038,365.0,,0.04,0.06,0.4,78.0,,per 100g,2026-07-01T04:14:08.471742Z,2026-07-01T04:14:08.471742Z,3,0.8696,
tkpi_0683,"Pisang ambon, segar (Banana, fresh)","pisang ambon, segar (banana, fresh)",TKPI,https://www.panganku.org/id-ID/view,Buah,buah,72.9,108.0,1.0,0.8,24.3,1.9,1.0,20.0,30.0,0.2,10.0,0.0,0.2,0.2,,37.0,,,0.05,0.11,0.1,9.0,,per 100g,2026-07-01T04:14:08.471742Z,2026-07-01T04:14:08.471742Z,4,0.8261,
tkpi_0684,"Pisang angleng (pisang ampyang), segar (Banana, ampyang, fresh)","pisang angleng (pisang ampyang), segar (banana, ampyang, fresh)",TKPI,https://www.panganku.org/id-ID/view,Buah,buah,80.3,68.0,1.3,0.2,17.2,0.8,1.0,10.0,26.0,0.6,23.0,215.7,0.04,0.0,,9.0,76.0,,0.08,0.05,2.5,6.0,,per 100g,2026-07-01T04:14:08.471742Z,2026-07-01T04:14:08.471742Z,3,0.8696,
tkpi_0685,"Pisang ayam, segar (Banana, ayam, fresh)","pisang ayam, segar (banana, ayam, fresh)",TKPI,https://www.panganku.org/id-ID/view,Buah,buah,71.2,120.0,1.1,0.2,26.8,4.1,0.7,20.0,61.0,0.4,6.0,392.0,0.1,0.3,,24.0,,,0.1,0.02,1.0,26.0,,per 100g,2026-07-01T04:14:08.471742Z,2026-07-01T04:14:08.471742Z,4,0.8261,
tkpi_0686,"Pisang gapi, segar  (Banana, gapi, fresh)","pisang gapi, segar (banana, gapi, fresh)",TKPI,https://www.panganku.org/id-ID/view,Buah,buah,66.3,131.0,1.6,0.1,31.1,11.7,1.0,58.0,40.0,0.3,6.0,392.0,0.13,0.3,,13.0,,,0.18,0.02,0.3,13.0,,per 100g,2026-07-01T04:14:08.471742Z,2026-07-01T04:14:08.471742Z,4,0.8261,
tkpi_0687,"Pisang goroho, segar (Banana, goroho, fresh)","pisang goroho, segar (banana, goroho, fresh)",TKPI,https://www.panganku.org/id-ID/view,Buah,buah,69.4,119.0,1.5,0.2,27.9,4.6,1.0,2.0,30.0,0.2,36.0,359.0,0.13,0.3,,11.0,,,0.15,0.02,1.1,10.0,,per 100g,2026-07-01T04:14:08.471742Z,2026-07-01T04:14:08.471742Z,4,0.8261,
tkpi_0688,"Pisang hijau, segar (Banana, hijau, fresh)","pisang hijau, segar (banana, hijau, fresh)",TKPI,https://www.panganku.org/id-ID/view,Buah,buah,68.9,121.0,1.0,0.1,28.9,0.4,1.1,9.0,37.0,0.9,31.0,529.4,0.28,0.6,,48.0,1.0,,0.13,0.06,0.0,13.0,,per 100g,2026-07-01T04:14:08.471742Z,2026-07-01T04:14:08.471742Z,3,0.8696,
tkpi_0689,"Pisang kayu, segar (Banana, kayu, fresh)","pisang kayu, segar (banana, kayu, fresh)",TKPI,https://www.panganku.org/id-ID/view,Buah,buah,74.4,100.0,1.4,0.5,23.6,2.6,0.6,15.0,0.0,0.1,1.0,493.0,0.08,0.3,,3.0,,,0.1,0.0,0.6,11.0,,per 100g,2026-07-01T04:14:08.471742Z,2026-07-01T04:14:08.471742Z,4,0.8261,
tkpi_0690,"Pisang kepok, segar (Banana, kepok, fresh)","pisang kepok, segar (banana, kepok, fresh)",TKPI,https://www.panganku.org/id-ID/view,Buah,buah,71.9,109.0,0.8,0.5,26.3,5.7,1.0,10.0,30.0,0.5,10.0,300.0,0.1,0.2,,0.0,,,0.1,0.0,0.1,9.0,,per 100g,2026-07-01T04:14:08.471742Z,2026-07-01T04:14:08.471742Z,4,0.8261,
tkpi_0691,"Pisang ketip, segar (Banana, ketip, fresh)","pisang ketip, segar (banana, ketip, fresh)",TKPI,https://www.panganku.org/id-ID/view,Buah,buah,63.4,145.0,1.1,0.3,34.5,6.6,0.7,5.0,54.0,0.1,4.0,726.0,0.15,0.5,,3.0,,,0.13,0.02,0.8,95.0,,per 100g,2026-07-01T04:14:08.471742Z,2026-07-01T04:14:08.471742Z,4,0.8261,
tkpi_0692,"Pisang kidang, segar (Banana, kidang, fresh)","pisang kidang, segar (banana, kidang, fresh)",TKPI,https://www.panganku.org/id-ID/view,Buah,buah,75.4,96.0,1.0,0.2,22.5,0.6,0.9,87.0,173.0,0.6,6.0,418.8,0.22,0.5,,38.0,58.0,,0.04,0.1,0.9,2.0,,per 100g,2026-07-01T04:14:08.471742Z,2026-07-01T04:14:08.471742Z,3,0.8696,
tkpi_0693,"Pisang lampung, segar (Banana, lamoung, fresh)","pisang lampung, segar (banana, lamoung, fresh)",TKPI,https://www.panganku.org/id-ID/view,Buah,buah,72.1,99.0,1.3,0.2,25.6,4.3,0.8,10.0,19.0,0.9,28.0,475.0,0.25,0.5,,43.0,618.0,,0.07,0.12,1.0,4.0,,per 100g,2026-07-01T04:14:08.471742Z,2026-07-01T04:14:08.471742Z,3,0.8696,
tkpi_0694,"Pisang mas bali ampenan, segar  (Banana, mas bali ampenan, fresh)","pisang mas bali ampenan, segar (banana, mas bali ampenan, fresh)",TKPI,https://www.panganku.org/id-ID/view,Buah,buah,76.8,92.0,1.4,0.2,21.0,3.7,0.5,7.0,29.0,1.2,32.0,272.0,0.18,0.4,,14.0,,,0.09,0.03,0.6,11.0,,per 100g,2026-07-01T04:14:08.471742Z,2026-07-01T04:14:08.471742Z,4,0.8261,
tkpi_0695,"Pisang mas bali kopang, segar (Banana, mas bali, fresh)","pisang mas bali kopang, segar (banana, mas bali, fresh)",TKPI,https://www.panganku.org/id-ID/view,Buah,buah,64.2,127.0,1.4,0.2,31.8,3.7,2.4,10.0,0.0,0.1,43.0,616.0,0.12,0.4,,21.0,,,0.21,0.05,0.9,17.0,,per 100g,2026-07-01T04:14:08.471742Z,2026-07-01T04:14:08.471742Z,4,0.8261,
tkpi_0696,"Pisang mas, segar (Banana, mas, fresh)","pisang mas, segar (banana, mas, fresh)",TKPI,https://www.panganku.org/id-ID/view,Buah,buah,64.2,127.0,1.4,0.2,33.6,1.4,0.6,7.0,25.0,0.8,42.0,392.0,195.78,0.5,,17.0,79.0,,0.09,0.08,4.5,2.0,,per 100g,2026-07-01T04:14:08.471742Z,2026-07-01T04:14:08.471742Z,3,0.8696,
tkpi_0697,"Pisang raja sereh, segar (Banana raja sereh, fresh)","pisang raja sereh, segar (banana raja sereh, fresh)",TKPI,https://www.panganku.org/id-ID/view,Buah,buah,69.3,108.0,1.3,0.3,28.2,0.7,1.0,16.0,38.0,0.1,31.0,522.6,0.27,0.6,,48.0,480.0,,0.02,0.08,1.1,2.0,,per 100g,2026-07-01T04:14:08.471742Z,2026-07-01T04:14:08.471742Z,3,0.8696,
tkpi_0698,"Pisang raja, segar (Banana raja, fresh)","pisang raja, segar (banana raja, fresh)",TKPI,https://www.panganku.org/id-ID/view,Buah,buah,65.8,120.0,1.2,0.2,31.8,5.3,1.0,10.0,22.0,0.8,35.0,582.2,0.31,0.7,,53.0,950.0,,0.06,0.14,1.2,10.0,,per 100g,2026-07-01T04:14:08.471742Z,2026-07-01T04:14:08.471742Z,3,0.8696,
tkpi_0699,"Pisang rotan, segar (Banana, rotan, fresh)","pisang rotan, segar (banana, rotan, fresh)",TKPI,https://www.panganku.org/id-ID/view,Buah,buah,76.1,98.0,1.3,1.2,20.5,1.0,0.9,17.0,51.0,1.1,24.0,406.9,0.21,0.5,,37.0,697.0,,0.01,0.1,0.9,2.0,,per 100g,2026-07-01T04:14:08.471742Z,2026-07-01T04:14:08.471742Z,3,0.8696,
tkpi_0700,"Pisang talas, segar (Banana, talas, fresh)","pisang talas, segar (banana, talas, fresh)",TKPI,https://www.panganku.org/id-ID/view,Buah,buah,71.0,113.0,1.2,0.2,26.7,4.4,0.9,22.0,22.0,0.6,29.0,48.0,0.26,0.1,,159.0,,,0.12,0.03,1.0,9.0,,per 100g,2026-07-01T04:14:08.471742Z,2026-07-01T04:14:08.471742Z,4,0.8261,
tkpi_0701,Pisang tujuh bulan (Banana),pisang tujuh bulan (banana),TKPI,https://www.panganku.org/id-ID/view,Buah,buah,75.9,94.0,0.6,0.2,22.5,3.7,0.8,50.0,20.0,0.2,0.0,4.0,0.1,0.4,0.0,72.0,,,0.03,0.03,0.3,6.0,,per 100g,2026-07-01T04:14:08.471742Z,2026-07-01T04:14:08.471742Z,3,0.8696,
tkpi_0702,"Pisang ua, segar (Banana, ua. Fresh)","pisang ua, segar (banana, ua. fresh)",TKPI,https://www.panganku.org/id-ID/view,Buah,buah,67.8,128.0,0.8,0.5,30.2,8.1,0.7,12.0,28.0,0.7,33.0,382.0,0.2,0.3,,5.0,,,0.09,0.01,1.2,4.0,,per 100g,2026-07-01T04:14:08.471742Z,2026-07-01T04:14:08.471742Z,4,0.8261,
tkpi_0703,"Pisang uli, segar (Banana, uli, fresh)","pisang uli, segar (banana, uli, fresh)",TKPI,https://www.panganku.org/id-ID/view,Buah,buah,61.8,134.0,1.1,0.5,35.5,1.4,1.1,31.0,53.0,0.9,39.0,650.3,0.34,0.7,,59.0,113.0,,0.11,0.16,1.4,3.0,,per 100g,2026-07-01T04:14:08.471742Z,2026-07-01T04:14:08.471742Z,3,0.8696,
tkpi_0704,"Purut, segar (Lime, wild (Purut))","purut, segar (lime, wild (purut))",TKPI,https://www.panganku.org/id-ID/view,Buah,buah,81.1,76.0,4.1,1.1,15.2,1.7,1.4,30.0,76.0,0.6,10.0,285.2,,,,27.0,93.0,,0.01,0.11,0.0,0.0,,per 100g,2026-07-01T04:14:08.471742Z,2026-07-01T04:14:08.471742Z,5,0.7826,
tkpi_0705,"Rambutan binjai, segar (Rambutan)","rambutan binjai, segar (rambutan)",TKPI,https://www.panganku.org/id-ID/view,Buah,buah,81.0,76.0,0.5,0.2,18.0,3.8,0.3,15.0,22.0,1.2,22.0,120.0,0.2,0.2,,0.0,,,0.19,0.01,0.4,13.0,,per 100g,2026-07-01T04:14:08.471742Z,2026-07-01T04:14:08.471742Z,4,0.8261,
tkpi_0706,"Rambutan, segar (Rambutan)","rambutan, segar (rambutan)",TKPI,https://www.panganku.org/id-ID/view,Buah,buah,80.5,69.0,0.9,0.1,18.1,0.8,0.4,16.0,16.0,0.5,16.0,104.2,0.17,0.1,,0.0,0.0,,0.0,0.07,0.5,58.0,,per 100g,2026-07-01T04:14:08.471742Z,2026-07-01T04:14:08.471742Z,3,0.8696,
tkpi_0707,"Salak bali, segar (snake fruit, bali,fresh)","salak bali, segar (snake fruit, bali,fresh)",TKPI,https://www.panganku.org/id-ID/view,Buah,buah,85.1,57.0,0.5,0.1,13.6,1.3,0.7,94.0,25.0,2.1,,,0.08,0.2,0.0,3.0,37.0,,0.0,,,0.0,,per 100g,2026-07-01T04:14:08.471742Z,2026-07-01T04:14:08.471742Z,6,0.7391,
tkpi_0708,"Salak medan, segar (snake fruit, medan, fresh)","salak medan, segar (snake fruit, medan, fresh)",TKPI,https://www.panganku.org/id-ID/view,Buah,buah,78.1,55.0,0.4,0.2,12.8,3.2,8.5,6.0,46.0,0.5,39.0,113.0,0.2,0.3,0.0,4.0,,,0.04,0.03,,58.0,,per 100g,2026-07-01T04:14:08.471742Z,2026-07-01T04:14:08.471742Z,4,0.8261,
tkpi_0709,"Salak pondoh, segar (snake fruit, pondoh, fresh)","salak pondoh, segar (snake fruit, pondoh, fresh)",TKPI,https://www.panganku.org/id-ID/view,Buah,buah,77.9,87.0,0.8,0.4,20.1,0.0,0.8,38.0,31.0,3.9,,,0.08,0.2,0.0,,40.0,,0.0,0.12,0.1,8.0,,per 100g,2026-07-01T04:14:08.471742Z,2026-07-01T04:14:08.471742Z,5,0.7826,
tkpi_0710,"Salak, segar (snake fruit, fresh)","salak, segar (snake fruit, fresh)",TKPI,https://www.panganku.org/id-ID/view,Buah,buah,78.0,77.0,0.4,,20.9,,0.7,28.0,18.0,4.2,,,0.08,0.2,,4.0,0.0,,0.04,,,2.0,,per 100g,2026-07-01T04:14:08.471742Z,2026-07-01T04:14:08.471742Z,9,0.6087,
tkpi_0711,"Sawo duren, segar (Sapodilla, fresh)","sawo duren, segar (sapodilla, fresh)",TKPI,https://www.panganku.org/id-ID/view,Buah,buah,87.3,64.0,1.0,3.1,8.0,0.8,0.6,18.0,45.0,0.8,13.0,111.4,0.02,0.1,0.0,0.0,0.0,,0.01,0.02,0.1,1.0,,per 100g,2026-07-01T04:14:08.471742Z,2026-07-01T04:14:08.471742Z,2,0.913,
tkpi_0712,"Sawo kecik, segar (Sapodilla, fresh)","sawo kecik, segar (sapodilla, fresh)",TKPI,https://www.panganku.org/id-ID/view,Buah,buah,73.8,111.0,0.9,2.3,21.6,1.0,1.4,20.0,185.0,0.7,28.0,117.8,0.04,0.1,0.0,119.0,12.0,,0.0,0.04,1.5,19.0,,per 100g,2026-07-01T04:14:08.471742Z,2026-07-01T04:14:08.471742Z,2,0.913,
tkpi_0713,"Sawo Manila, segar (Sapodilla, manila, fresh)","sawo manila, segar (sapodilla, manila, fresh)",TKPI,https://www.panganku.org/id-ID/view,Buah,buah,75.5,92.0,0.5,1.1,22.4,9.5,0.5,25.0,12.0,1.0,26.0,110.2,0.04,0.1,0.0,111.0,60.0,,0.01,0.04,1.4,21.0,,per 100g,2026-07-01T04:14:08.471742Z,2026-07-01T04:14:08.471742Z,2,0.913,
tkpi_0714,"Semangka, segar (Water melon, fresh)","semangka, segar (water melon, fresh)",TKPI,https://www.panganku.org/id-ID/view,Buah,buah,92.1,28.0,0.5,0.2,6.9,0.4,0.3,7.0,12.0,0.2,7.0,93.8,0.04,0.1,,315.0,590.0,,0.05,0.05,0.3,6.0,,per 100g,2026-07-01T04:14:08.471742Z,2026-07-01T04:14:08.471742Z,3,0.8696,
tkpi_0715,"Sirsak, segar (Soursop, fresh)","sirsak, segar (soursop, fresh)",TKPI,https://www.panganku.org/id-ID/view,Buah,buah,81.7,65.0,1.0,0.3,16.3,3.2,0.7,14.0,27.0,0.6,2.0,298.9,0.08,1.0,,8.0,10.0,,0.07,0.08,0.7,20.0,,per 100g,2026-07-01T04:14:08.471742Z,2026-07-01T04:14:08.471742Z,3,0.8696,
tkpi_0716,"Sowa, segar","sowa, segar",TKPI,https://www.panganku.org/id-ID/view,Buah,buah,87.7,48.0,1.6,0.6,9.1,45.0,10.0,50.0,40.0,0.3,9.0,0.0,0.1,1.5,0.0,364.0,,,0.15,0.23,0.2,4.0,,per 100g,2026-07-01T04:14:08.471742Z,2026-07-01T04:14:08.471742Z,3,0.8696,
tkpi_0717,"Srikaya, segar (Sugar apple,fresh)","srikaya, segar (sugar apple,fresh)",TKPI,https://www.panganku.org/id-ID/view,Buah,buah,83.4,63.0,1.1,0.5,13.9,2.1,1.1,127.0,30.0,2.7,,,,,0.0,,31.0,,0.08,,,28.0,,per 100g,2026-07-01T04:14:08.471742Z,2026-07-01T04:14:08.471742Z,9,0.6087,
tkpi_0718,"Sukun muda, segar (Breadfruit, young, fresh)","sukun muda, segar (breadfruit, young, fresh)",TKPI,https://www.panganku.org/id-ID/view,Buah,buah,69.4,119.0,1.4,0.2,28.1,1.4,1.0,24.0,44.0,1.4,24.0,414.4,0.09,0.1,,28.0,4.896,,0.17,0.17,3.7,52.0,,per 100g,2026-07-01T04:14:08.471742Z,2026-07-01T04:14:08.471742Z,3,0.8696,
tkpi_0719,"Sukun tua, segar (Breadfruit, fresh)","sukun tua, segar (breadfruit, fresh)",TKPI,https://www.panganku.org/id-ID/view,Buah,buah,67.8,126.0,1.6,0.2,24.5,1.5,1.0,37.0,47.0,1.6,25.0,436.0,0.09,0.1,,30.0,2.0,,0.18,0.17,3.9,58.0,,per 100g,2026-07-01T04:14:08.471742Z,2026-07-01T04:14:08.471742Z,3,0.8696,
tkpi_0720,"Vigus, segar","vigus, segar",TKPI,https://www.panganku.org/id-ID/view,Buah,buah,88.0,44.0,2.4,0.1,8.3,,1.2,30.0,20.0,0.3,2.0,180.0,0.1,0.2,,,,,0.26,0.01,,43.0,,per 100g,2026-07-01T04:14:08.471742Z,2026-07-01T04:14:08.471742Z,7,0.6957,
tkpi_0721,"Wani, segar","wani, segar",TKPI,https://www.panganku.org/id-ID/view,Buah,buah,81.2,74.0,0.8,0.3,17.1,3.1,0.6,66.0,29.0,1.2,,,,,,,32.0,,0.08,,,80.0,,per 100g,2026-07-01T04:14:08.471742Z,2026-07-01T04:14:08.471742Z,10,0.5652,
tkpi_0722,Barongko,barongko,TKPI,https://www.panganku.org/id-ID/view,Buah,buah,66.7,159.0,3.1,5.8,23.5,,0.7,35.0,65.0,1.2,46.0,78.0,0.3,0.6,,,,,,,,,,per 100g,2026-07-01T04:14:08.471742Z,2026-07-01T04:14:08.471742Z,10,0.5652,Bahan dasar terdiri dari pisang dihaluskan ditambah santan dan gula pasir kemudian dibungkus daun pisang dan dikukus
tkpi_0723,Dodol nanas,dodol nanas,TKPI,https://www.panganku.org/id-ID/view,Buah,buah,16.1,338.0,1.5,1.2,80.3,,0.9,,,,,,,,,,,,0.3,,,8.0,,per 100g,2026-07-01T04:14:08.471742Z,2026-07-01T04:14:08.471742Z,15,0.3478,
tkpi_0724,Getuk pisang,getuk pisang,TKPI,https://www.panganku.org/id-ID/view,Buah,buah,63.7,144.0,1.1,0.4,34.1,0.4,0.7,48.0,32.0,1.0,,,,,,,1.24,,0.55,,,0.0,,per 100g,2026-07-01T04:14:08.471742Z,2026-07-01T04:14:08.471742Z,10,0.5652,
tkpi_0725,Keripik lampung,keripik lampung,TKPI,https://www.panganku.org/id-ID/view,Buah,buah,5.0,485.0,1.7,22.2,69.7,0.6,1.5,43.0,65.0,0.8,,,,,,,1.464,,0.34,,,0.0,,per 100g,2026-07-01T04:14:08.471742Z,2026-07-01T04:14:08.471742Z,10,0.5652,
tkpi_0726,Ledre pisang,ledre pisang,TKPI,https://www.panganku.org/id-ID/view,Buah,buah,3.6,405.0,4.8,5.1,84.9,0.4,1.6,59.0,124.0,2.6,,,,,,4.0,7.33,,0.41,,,0.0,,per 100g,2026-07-01T04:14:08.471742Z,2026-07-01T04:14:08.471742Z,9,0.6087,"Bahan dasar terdiri dari tepung terigu, gula, tepung beras, pidang raja"
tkpi_0727,Lempog durian,lempog durian,TKPI,https://www.panganku.org/id-ID/view,Buah,buah,25.2,320.0,3.5,5.7,63.7,4.9,1.9,190.0,93.0,2.5,,,,,,,,,0.05,0.04,,,,per 100g,2026-07-01T04:14:08.471742Z,2026-07-01T04:14:08.471742Z,11,0.5217,Dodol duren
tkpi_0728,Loka anjoro,loka anjoro,TKPI,https://www.panganku.org/id-ID/view,Buah,buah,63.3,163.0,1.1,4.3,30.0,,1.3,,,,,,,,,,,,,,,,,per 100g,2026-07-01T04:14:08.471742Z,2026-07-01T04:14:08.471742Z,17,0.2609,Pisang kepok/raja direbus dengan santan sampai kental
tkpi_0729,Rica-rica taipa,rica-rica taipa,TKPI,https://www.panganku.org/id-ID/view,Buah,buah,86.7,49.0,1.6,0.3,10.0,,1.4,11.0,48.0,3.0,426.0,42.0,0.5,0.5,,13.0,,,0.18,,,15.0,,per 100g,2026-07-01T04:14:08.471742Z,2026-07-01T04:14:08.471742Z,7,0.6957,"Mangga muda diiris dicampur dengan cabai, udang kering dan terasi (Acar mangga muda)"
tkpi_0730,Rujak aceh,rujak aceh,TKPI,https://www.panganku.org/id-ID/view,Buah,buah,78.7,82.0,0.4,0.3,19.7,2.4,0.9,,,,,,,,,10.0,,,0.22,0.03,,42.0,,per 100g,2026-07-01T04:14:08.471742Z,2026-07-01T04:14:08.471742Z,12,0.4783,"Seperti Asinan. Bahan dasar terdiri dari buah batok, mangga, ketimun dan bengkuang."
tkpi_0731,Sale kesemek,sale kesemek,TKPI,https://www.panganku.org/id-ID/view,Buah,buah,25.0,296.0,1.1,0.6,71.4,,1.8,,,,,,,,,,,,,,,3.0,,per 100g,2026-07-01T04:14:08.471742Z,2026-07-01T04:14:08.471742Z,16,0.3043,
tkpi_0732,Sale pisang siam,sale pisang siam,TKPI,https://www.panganku.org/id-ID/view,Buah,buah,28.9,281.0,2.4,0.7,66.1,1.0,2.0,41.0,64.0,1.2,,,,,,,272.0,,0.1,,,0.0,,per 100g,2026-07-01T04:14:08.471742Z,2026-07-01T04:14:08.471742Z,10,0.5652,
tkpi_0733,"Sale pisang, cilacap","sale pisang, cilacap",TKPI,https://www.panganku.org/id-ID/view,Buah,buah,27.1,295.0,2.3,2.1,66.9,1.3,1.7,47.0,97.0,2.8,,,,,,,296.0,,0.14,,,,,per 100g,2026-07-01T04:14:08.471742Z,2026-07-01T04:14:08.471742Z,11,0.5217,
tkpi_0734,Sanggara belanda,sanggara belanda,TKPI,https://www.panganku.org/id-ID/view,Buah,buah,47.1,242.0,6.4,7.1,38.2,,1.2,,,,,,,,,,,,,,,,,per 100g,2026-07-01T04:14:08.471742Z,2026-07-01T04:14:08.471742Z,17,0.2609,"Snack: Pisang raja dicelupkan kedalam kocokan telur, digoreng, dibelah diisi mentega, keju, dan gula yang telah dikocok bersama."
tkpi_0735,Tepung Pisang,tepung pisang,TKPI,https://www.panganku.org/id-ID/view,Buah,buah,13.8,338.0,2.9,0.4,80.6,5.3,2.1,23.0,62.0,4.0,18.0,734.0,0.1,0.5,,13.0,1.0,,0.02,0.02,1.0,2.0,,per 100g,2026-07-01T04:14:08.471742Z,2026-07-01T04:14:08.471742Z,3,0.8696,Pangan tunggal terolah/ produk yang berbahan baku pisang
tkpi_0736,Tepung Sukun,tepung sukun,TKPI,https://www.panganku.org/id-ID/view,Buah,buah,10.1,353.0,2.9,0.5,84.4,3.7,2.1,100.0,85.0,4.6,9.0,2.008,0.1,0.6,,0.0,0.0,,0.4,0.02,0.1,3.0,,per 100g,2026-07-01T04:14:08.471742Z,2026-07-01T04:14:08.471742Z,3,0.8696,Pangan tunggal terolah/ produk yang berbahan baku sukun
tkpi_0737,Abon haruwan,abon haruwan,TKPI,https://www.panganku.org/id-ID/view,Buah,buah,11.6,513.0,23.7,37.0,21.3,,6.4,25.0,25.0,0.5,61.0,15.0,0.0,0.2,,,,,,,,,,per 100g,2026-07-01T04:14:08.471742Z,2026-07-01T04:14:08.471742Z,10,0.5652,Abon dari ikan gabus
tkpi_0738,"Anak sapi, daging, gemuk, segar (Veal, meat, high fat, fresh)","anak sapi, daging, gemuk, segar (veal, meat, high fat, fresh)",TKPI,https://www.panganku.org/id-ID/view,Daging,daging,62.0,184.0,18.8,14.0,0.0,0.0,5.2,10.0,200.0,2.2,118.0,490.1,0.17,3.3,12.0,37.0,,,0.13,0.17,7.0,,,per 100g,2026-07-01T04:14:08.471742Z,2026-07-01T04:14:08.471742Z,4,0.8261,
tkpi_0739,"Anak sapi, daging, kurus, segar (Veal, meat, high fat, fresh)","anak sapi, daging, kurus, segar (veal, meat, high fat, fresh)",TKPI,https://www.panganku.org/id-ID/view,Daging,daging,69.0,174.0,19.6,10.0,0.0,0.0,1.4,11.0,201.0,2.9,96.0,399.8,0.14,2.7,6.0,30.0,,,0.08,0.14,5.7,0.0,,per 100g,2026-07-01T04:14:08.471742Z,2026-07-01T04:14:08.471742Z,3,0.8696,
tkpi_0740,"Anak sapi, daging, sedang, segar (Veal, meat, fresh)","anak sapi, daging, sedang, segar (veal, meat, fresh)",TKPI,https://www.panganku.org/id-ID/view,Daging,daging,68.0,190.0,19.1,12.0,0.0,0.0,0.9,11.0,193.0,2.9,99.0,412.7,0.14,2.8,12.0,83.0,,,0.14,0.15,5.9,0.0,,per 100g,2026-07-01T04:14:08.471742Z,2026-07-01T04:14:08.471742Z,3,0.8696,
tkpi_0741,"Angsa, daging, segar (Goose, meat, fresh)","angsa, daging, segar (goose, meat, fresh)",TKPI,https://www.panganku.org/id-ID/view,Daging,daging,51.1,349.0,16.4,31.5,0.0,0.0,1.0,15.0,188.0,1.8,71.0,299.2,0.26,1.7,273.0,0.0,,,0.1,0.24,7.1,0.0,,per 100g,2026-07-01T04:14:08.471742Z,2026-07-01T04:14:08.471742Z,3,0.8696,
tkpi_0742,"Ayam, daging, segar (Chicken, meat, fresh)","ayam, daging, segar (chicken, meat, fresh)",TKPI,https://www.panganku.org/id-ID/view,Daging,daging,55.9,298.0,18.2,25.0,0.0,0.0,0.9,14.0,200.0,1.5,109.0,385.9,0.11,0.6,245.0,0.0,,,0.08,0.14,10.4,0.0,,per 100g,2026-07-01T04:14:08.471742Z,2026-07-01T04:14:08.471742Z,3,0.8696,
tkpi_0743,"Ayam, dideh/darah, segar (Black puding (chicken blood), fresh)","ayam, dideh/darah, segar (black puding (chicken blood), fresh)",TKPI,https://www.panganku.org/id-ID/view,Daging,daging,82.0,75.0,13.8,1.9,0.7,0.0,1.6,15.0,9.0,1.3,337.0,234.0,,,15.0,,,,0.02,,0.6,0.0,,per 100g,2026-07-01T04:14:08.471742Z,2026-07-01T04:14:08.471742Z,7,0.6957,
tkpi_0744,"Ayam, hati, segar (Chicken liver, raw)","ayam, hati, segar (chicken liver, raw)",TKPI,https://www.panganku.org/id-ID/view,Daging,daging,53.4,261.0,27.4,16.1,1.6,0.0,1.5,118.0,373.0,15.8,1.068,22.9,0.84,0.0,4.957,169.0,28.0,,0.64,4.38,4.1,0.0,,per 100g,2026-07-01T04:14:08.471742Z,2026-07-01T04:14:08.471742Z,2,0.913,
tkpi_0745,"Babi, daging, gemuk,segar (Pork, medium fat, fresh)","babi, daging, gemuk,segar (pork, medium fat, fresh)",TKPI,https://www.panganku.org/id-ID/view,Daging,daging,42.0,453.0,11.9,45.0,0.0,0.0,1.1,7.0,117.0,1.8,112.0,819.3,0.22,0.4,0.0,0.0,,,0.58,0.59,5.9,0.0,,per 100g,2026-07-01T04:14:08.471742Z,2026-07-01T04:14:08.471742Z,3,0.8696,
tkpi_0746,"Babi, daging, kurus, segar (Pork, lean, fresh)","babi, daging, kurus, segar (pork, lean, fresh)",TKPI,https://www.panganku.org/id-ID/view,Daging,daging,50.0,371.0,14.1,35.0,0.0,0.0,0.9,8.0,151.0,2.1,97.0,706.3,0.19,0.4,0.0,0.0,,,0.67,0.33,5.4,0.0,,per 100g,2026-07-01T04:14:08.471742Z,2026-07-01T04:14:08.471742Z,3,0.8696,
tkpi_0747,"Babi, ginjal, segar (Kidney, pork, fresh)","babi, ginjal, segar (kidney, pork, fresh)",TKPI,https://www.panganku.org/id-ID/view,Daging,daging,77.1,110.0,16.3,4.6,0.8,0.0,1.2,11.0,246.0,8.0,139.0,390.0,0.71,3.2,39.0,10.0,,,0.58,1.59,9.1,13.0,,per 100g,2026-07-01T04:14:08.471742Z,2026-07-01T04:14:08.471742Z,3,0.8696,
tkpi_0748,"Babi, hati, segar (Liver, pork, fresh)","babi, hati, segar (liver, pork, fresh)",TKPI,https://www.panganku.org/id-ID/view,Daging,daging,72.3,129.0,19.7,4.8,1.7,0.0,1.5,10.0,362.0,18.0,110.0,447.0,0.58,0.1,4.303,6.0,,,0.4,1.16,5.7,23.0,,per 100g,2026-07-01T04:14:08.471742Z,2026-07-01T04:14:08.471742Z,3,0.8696,
tkpi_0749,"Bebek (itik), daging, segar (Duck, meat, fresh)","bebek (itik), daging, segar (duck, meat, fresh)",TKPI,https://www.panganku.org/id-ID/view,Daging,daging,54.3,321.0,16.0,28.6,0.0,0.0,1.1,15.0,188.0,1.8,54.0,199.0,0.21,1.2,273.0,0.0,,,0.1,0.28,4.3,0.0,,per 100g,2026-07-01T04:14:08.471742Z,2026-07-01T04:14:08.471742Z,3,0.8696,
tkpi_0750,"Bebek alabio, daging, segar (Duck, alabio, meat, fresh)","bebek alabio, daging, segar (duck, alabio, meat, fresh)",TKPI,https://www.panganku.org/id-ID/view,Daging,daging,57.0,303.0,11.3,27.0,3.7,0.0,1.0,20.0,293.0,4.8,50.0,260.0,0.7,2.0,,0.0,,,0.36,0.04,4.1,,,per 100g,2026-07-01T04:14:08.471742Z,2026-07-01T04:14:08.471742Z,5,0.7826,
tkpi_0751,"Belibis, daging, segar (Whistling duck, meat, fresh)","belibis, daging, segar (whistling duck, meat, fresh)",TKPI,https://www.panganku.org/id-ID/view,Daging,daging,71.3,131.0,20.2,4.3,2.8,0.0,1.4,8.0,192.0,9.6,46.0,104.0,1.2,1.6,,0.0,,,0.37,0.08,2.7,,,per 100g,2026-07-01T04:14:08.471742Z,2026-07-01T04:14:08.471742Z,5,0.7826,
tkpi_0752,"Burung, sarang, segar","burung, sarang, segar",TKPI,https://www.panganku.org/id-ID/view,Daging,daging,24.8,281.0,37.5,0.3,32.1,,5.3,485.0,18.0,3.0,,,,,0.0,,,,,,,0.0,,per 100g,2026-07-01T04:14:08.471742Z,2026-07-01T04:14:08.471742Z,12,0.4783,
tkpi_0753,"Domba, daging, gemuk, segar (Lamb, meat, high fat, fresh)","domba, daging, gemuk, segar (lamb, meat, high fat, fresh)",TKPI,https://www.panganku.org/id-ID/view,Daging,daging,55.8,317.0,15.7,27.7,0.0,0.0,0.8,9.0,157.0,2.4,64.0,242.1,0.11,3.7,0.0,0.0,,,0.14,0.23,6.5,0.0,,per 100g,2026-07-01T04:14:08.471742Z,2026-07-01T04:14:08.471742Z,3,0.8696,
tkpi_0754,"Domba, daging, kurus,  segar (Lamb, meat, low fat, fresh)","domba, daging, kurus, segar (lamb, meat, low fat, fresh)",TKPI,https://www.panganku.org/id-ID/view,Daging,daging,66.3,202.0,17.1,14.8,0.0,0.0,1.8,10.0,191.0,2.6,90.0,355.0,0.08,2.8,0.0,0.0,,,0.15,0.26,5.7,0.0,,per 100g,2026-07-01T04:14:08.471742Z,2026-07-01T04:14:08.471742Z,3,0.8696,
tkpi_0755,"Domba, ginjal, segar (Kidney, lamb, fresh)","domba, ginjal, segar (kidney, lamb, fresh)",TKPI,https://www.panganku.org/id-ID/view,Daging,daging,77.8,100.0,16.6,3.3,1.0,0.0,1.3,13.0,237.0,9.2,155.0,276.0,0.48,2.4,348.0,515.0,,,0.51,2.35,7.5,13.0,,per 100g,2026-07-01T04:14:08.471742Z,2026-07-01T04:14:08.471742Z,3,0.8696,
tkpi_0756,"Kambing, daging, segar (Goat, meat, fresh)","kambing, daging, segar (goat, meat, fresh)",TKPI,https://www.panganku.org/id-ID/view,Daging,daging,70.3,149.0,16.6,9.2,0.0,0.0,3.9,11.0,124.0,1.0,96.0,268.7,0.31,4.9,0.0,0.0,,,0.09,0.23,5.0,0.0,,per 100g,2026-07-01T04:14:08.471742Z,2026-07-01T04:14:08.471742Z,3,0.8696,
tkpi_0757,"Kelinci, daging, segar (Rabbit, meat, fresh)","kelinci, daging, segar (rabbit, meat, fresh)",TKPI,https://www.panganku.org/id-ID/view,Daging,daging,74.3,142.0,16.9,7.8,0.0,0.0,1.0,7.0,350.0,1.0,49.0,371.1,,,0.0,0.0,0.0,,0.11,0.11,6.8,,,per 100g,2026-07-01T04:14:08.471742Z,2026-07-01T04:14:08.471742Z,5,0.7826,
tkpi_0758,"Kerbau, daging, segar (Buffalo, meat, fresh)","kerbau, daging, segar (buffalo, meat, fresh)",TKPI,https://www.panganku.org/id-ID/view,Daging,daging,80.0,79.0,18.7,0.5,0.0,0.0,0.8,14.0,221.0,3.3,91.0,273.0,0.13,1.6,,,,,0.06,0.17,5.0,0.0,,per 100g,2026-07-01T04:14:08.471742Z,2026-07-01T04:14:08.471742Z,5,0.7826,
tkpi_0759,"Kuda, daging, segar (Horse, meat, fresh)","kuda, daging, segar (horse, meat, fresh)",TKPI,https://www.panganku.org/id-ID/view,Daging,daging,76.0,113.0,18.1,4.1,0.9,0.0,0.9,10.0,150.0,2.7,46.0,315.7,0.13,2.5,0.0,,,,0.07,0.07,3.0,0.0,,per 100g,2026-07-01T04:14:08.471742Z,2026-07-01T04:14:08.471742Z,4,0.8261,
tkpi_0760,"Sapi, babat, segar (Tripe, fresh)","sapi, babat, segar (tripe, fresh)",TKPI,https://www.panganku.org/id-ID/view,Daging,daging,76.7,108.0,17.6,4.2,0.0,0.0,1.5,12.0,144.0,1.0,147.0,101.4,0.11,2.2,0.0,49.0,,,0.15,0.17,1.7,0.0,,per 100g,2026-07-01T04:14:08.471742Z,2026-07-01T04:14:08.471742Z,3,0.8696,
tkpi_0761,"Sapi, daging, gemuk, segar (Beef, high fat, fresh)","sapi, daging, gemuk, segar (beef, high fat, fresh)",TKPI,https://www.panganku.org/id-ID/view,Daging,daging,60.0,273.0,17.5,22.0,0.0,0.0,0.5,10.0,150.0,2.6,93.0,267.0,0.17,6.4,12.0,0.0,,,0.08,0.18,7.3,0.0,,per 100g,2026-07-01T04:14:08.471742Z,2026-07-01T04:14:08.471742Z,3,0.8696,
tkpi_0762,"Sapi, daging, kurus, segar (Beef, low fat, fresh)","sapi, daging, kurus, segar (beef, low fat, fresh)",TKPI,https://www.panganku.org/id-ID/view,Daging,daging,69.0,174.0,19.6,10.0,0.0,0.0,1.4,11.0,181.0,2.9,83.0,489.0,0.07,4.9,6.0,181.0,,,0.07,0.51,1.2,0.0,,per 100g,2026-07-01T04:14:08.471742Z,2026-07-01T04:14:08.471742Z,3,0.8696,
tkpi_0763,"Sapi, daging, lemak sedang, segar (Beef, medium fat, fresh)","sapi, daging, lemak sedang, segar (beef, medium fat, fresh)",TKPI,https://www.panganku.org/id-ID/view,Daging,daging,66.0,201.0,18.8,14.0,0.0,0.0,1.2,11.0,170.0,2.8,105.0,378.0,4.58,5.2,9.0,198.0,,,0.08,0.56,1.3,0.0,,per 100g,2026-07-01T04:14:08.471742Z,2026-07-01T04:14:08.471742Z,3,0.8696,
tkpi_0764,"Sapi, daleman, segar (Offal, beef, fresh)","sapi, daleman, segar (offal, beef, fresh)",TKPI,https://www.panganku.org/id-ID/view,Daging,daging,70.1,183.0,12.0,14.4,1.4,0.0,2.1,43.0,319.0,1.8,277.0,160.0,0.1,0.8,,104.0,,,0.31,0.22,8.4,,,per 100g,2026-07-01T04:14:08.471742Z,2026-07-01T04:14:08.471742Z,5,0.7826,
tkpi_0765,"Sapi, dideh/darah (Black puding (cow's blood), fresh)","sapi, dideh/darah (black puding (cows blood), fresh)",TKPI,https://www.panganku.org/id-ID/view,Daging,daging,75.6,98.0,21.9,1.1,0.0,0.0,1.4,7.0,24.0,1.3,150.0,170.0,,0.2,15.0,214.0,,,0.01,0.03,0.9,0.0,,per 100g,2026-07-01T04:14:08.471742Z,2026-07-01T04:14:08.471742Z,4,0.8261,
tkpi_0766,"Sapi, ginjal, segar (Kidney, beef, fresh)","sapi, ginjal, segar (kidney, beef, fresh)",TKPI,https://www.panganku.org/id-ID/view,Daging,daging,74.9,137.0,15.0,8.1,0.9,0.0,1.1,9.0,221.0,7.9,200.0,230.2,,,348.0,583.0,,,0.37,1.22,6.1,13.0,,per 100g,2026-07-01T04:14:08.471742Z,2026-07-01T04:14:08.471742Z,5,0.7826,
tkpi_0767,"Sapi, keleponan, segar (Tripe, beef, fresh)","sapi, keleponan, segar (tripe, beef, fresh)",TKPI,https://www.panganku.org/id-ID/view,Daging,daging,83.8,84.0,10.5,4.6,0.2,0.0,0.9,20.0,13.0,2.1,73.0,318.0,0.2,1.7,857.0,34.0,,,0.1,0.14,0.3,,,per 100g,2026-07-01T04:14:08.471742Z,2026-07-01T04:14:08.471742Z,4,0.8261,
tkpi_0768,"Sapi, liver, segar (Liver, beef, fresh)","sapi, liver, segar (liver, beef, fresh)",TKPI,https://www.panganku.org/id-ID/view,Daging,daging,69.7,132.0,19.7,3.2,6.0,0.0,1.4,7.0,358.0,6.6,110.0,213.0,0.51,2.3,13.303,355.0,,,0.26,1.52,11.4,31.0,,per 100g,2026-07-01T04:14:08.471742Z,2026-07-01T04:14:08.471742Z,3,0.8696,
tkpi_0769,"Sapi, otak, segar (Brain, beef, fresh)","sapi, otak, segar (brain, beef, fresh)",TKPI,https://www.panganku.org/id-ID/view,Daging,daging,78.9,123.0,10.4,8.6,0.8,0.0,1.3,16.0,330.0,3.6,112.0,243.8,0.26,0.9,0.0,0.0,,,0.23,0.19,3.9,18.0,,per 100g,2026-07-01T04:14:08.471742Z,2026-07-01T04:14:08.471742Z,3,0.8696,
tkpi_0770,"Sapi, usus, segar","sapi, usus, segar",TKPI,https://www.panganku.org/id-ID/view,Daging,daging,76.7,126.0,14.0,7.2,1.5,0.0,0.6,14.0,115.0,4.0,,,,,61.0,0.0,,,0.08,0.33,0.2,0.0,,per 100g,2026-07-01T04:14:08.471742Z,2026-07-01T04:14:08.471742Z,7,0.6957,
tkpi_0771,"Ulat sagu segar (Caterpillar, sago palm, fresh)","ulat sagu segar (caterpillar, sago palm, fresh)",TKPI,https://www.panganku.org/id-ID/view,Daging,daging,65.9,241.0,5.8,21.6,5.8,2.8,0.9,20.0,70.0,0.5,210.0,210.0,1.0,7.7,,0.0,,,0.17,1.45,0.1,,,per 100g,2026-07-01T04:14:08.471742Z,2026-07-01T04:14:08.471742Z,5,0.7826,
tkpi_0772,"Ayam, ampela, goreng","ayam, ampela, goreng",TKPI,https://www.panganku.org/id-ID/view,Daging,daging,4.8,270.0,32.3,11.2,9.9,0.0,1.8,129.0,314.0,4.9,980.0,,0.12,3.3,56.0,,0.0,,0.21,,4.7,0.0,,per 100g,2026-07-01T04:14:08.471742Z,2026-07-01T04:14:08.471742Z,5,0.7826,
tkpi_0773,"Ayam, usus, goreng","ayam, usus, goreng",TKPI,https://www.panganku.org/id-ID/view,Daging,daging,4.6,473.0,45.2,26.3,13.9,0.0,10.1,1.407,458.0,8.4,,,,,6.0,,224.0,,0.57,,0.0,,,per 100g,2026-07-01T04:14:08.471742Z,2026-07-01T04:14:08.471742Z,9,0.6087,
tkpi_0774,"Bebek, daging, goreng","bebek, daging, goreng",TKPI,https://www.panganku.org/id-ID/view,Daging,daging,48.8,300.0,24.0,20.7,4.5,0.0,2.0,170.0,170.0,4.1,34.0,6.0,0.4,3.0,,0.0,,,0.1,0.4,10.6,,,per 100g,2026-07-01T04:14:08.471742Z,2026-07-01T04:14:08.471742Z,5,0.7826,
tkpi_0775,"Buaya, daging, dendeng, mentah","buaya, daging, dendeng, mentah",TKPI,https://www.panganku.org/id-ID/view,Daging,daging,12.3,365.0,49.6,4.8,30.8,,2.5,60.0,130.0,4.3,500.0,680.0,0.2,11.6,,0.0,,,,,0.2,,,per 100g,2026-07-01T04:14:08.471742Z,2026-07-01T04:14:08.471742Z,8,0.6522,
tkpi_0776,Ham,ham,TKPI,https://www.panganku.org/id-ID/view,Daging,daging,42.0,384.0,16.9,35.0,0.3,0.0,5.8,10.0,136.0,2.5,112.0,819.3,0.11,0.4,0.0,,,,0.7,0.95,9.7,0.0,,per 100g,2026-07-01T04:14:08.471742Z,2026-07-01T04:14:08.471742Z,4,0.8261,
tkpi_0777,"Itik alabio, daging, dendeng, mentah","itik alabio, daging, dendeng, mentah",TKPI,https://www.panganku.org/id-ID/view,Daging,daging,12.7,496.0,30.3,33.5,18.4,,5.1,135.0,370.0,12.5,1.081,478.0,0.7,0.3,,0.0,,,,,,,,per 100g,2026-07-01T04:14:08.471742Z,2026-07-01T04:14:08.471742Z,9,0.6087,
tkpi_0778,Kerupuk urat,kerupuk urat,TKPI,https://www.panganku.org/id-ID/view,Daging,daging,3.6,588.0,53.7,40.9,1.2,,0.6,36.0,15.0,1.3,1.024,37.0,0.1,0.2,2.802,,,,,,,,,per 100g,2026-07-01T04:14:08.471742Z,2026-07-01T04:14:08.471742Z,9,0.6087,
tkpi_0779,"Menjangan, daging, dendeng, mentah","menjangan, daging, dendeng, mentah",TKPI,https://www.panganku.org/id-ID/view,Daging,daging,14.3,322.0,55.8,2.0,22.7,,5.3,55.0,310.0,2.1,765.0,1.282,1.7,3.2,3.391,26.0,,,,,,,,per 100g,2026-07-01T04:14:08.471742Z,2026-07-01T04:14:08.471742Z,8,0.6522,
tkpi_0780,"Punai, daging, goreng","punai, daging, goreng",TKPI,https://www.panganku.org/id-ID/view,Daging,daging,54.5,224.0,26.2,11.3,4.4,,3.6,362.0,362.0,3.1,2.0,19.0,0.3,1.6,,,,,,,,,,per 100g,2026-07-01T04:14:08.471742Z,2026-07-01T04:14:08.471742Z,10,0.5652,
tkpi_0781,"Rusa, daging, dendeng, mentah","rusa, daging, dendeng, mentah",TKPI,https://www.panganku.org/id-ID/view,Daging,daging,18.3,536.0,40.5,41.5,0.0,,2.5,90.0,420.0,13.4,130.0,690.0,0.3,10.7,285.0,,,,,,0.2,,,per 100g,2026-07-01T04:14:08.471742Z,2026-07-01T04:14:08.471742Z,8,0.6522,
tkpi_0782,"Sapi, abon","sapi, abon",TKPI,https://www.panganku.org/id-ID/view,Daging,daging,7.1,212.0,18.0,10.6,59.3,7.5,4.7,150.0,209.0,12.3,,,,,0.0,240.0,138.0,,0.17,,,0.0,,per 100g,2026-07-01T04:14:08.471742Z,2026-07-01T04:14:08.471742Z,8,0.6522,
tkpi_0783,"Sapi, abon, asli","sapi, abon, asli",TKPI,https://www.panganku.org/id-ID/view,Daging,daging,24.8,358.0,14.6,16.1,38.6,2.5,5.8,165.0,136.0,14.6,,,,,3.0,194.0,144.0,,0.13,,,0.0,,per 100g,2026-07-01T04:14:08.471742Z,2026-07-01T04:14:08.471742Z,8,0.6522,
tkpi_0784,"Sapi, daging, asap","sapi, daging, asap",TKPI,https://www.panganku.org/id-ID/view,Daging,daging,60.0,182.0,32.0,6.0,0.0,0.0,2.0,15.0,300.0,5.0,1.62,485.4,0.03,5.1,6.0,,,,0.12,0.23,5.9,0.0,,per 100g,2026-07-01T04:14:08.471742Z,2026-07-01T04:14:08.471742Z,4,0.8261,
tkpi_0785,"Sapi, daging, dendeng, mentah","sapi, daging, dendeng, mentah",TKPI,https://www.panganku.org/id-ID/view,Daging,daging,25.0,301.0,55.0,9.0,0.0,,11.0,30.0,370.0,5.1,,,,,0.0,,,,0.1,,,0.0,,per 100g,2026-07-01T04:14:08.471742Z,2026-07-01T04:14:08.471742Z,11,0.5217,
tkpi_0786,"Sapi, daging, kornet","sapi, daging, kornet",TKPI,https://www.panganku.org/id-ID/view,Daging,daging,53.0,289.0,16.0,25.0,0.0,0.0,6.0,10.0,170.0,4.0,794.0,94.4,0.07,4.0,0.0,52.0,,,0.01,0.16,2.7,0.0,,per 100g,2026-07-01T04:14:08.471742Z,2026-07-01T04:14:08.471742Z,3,0.8696,
tkpi_0787,"Sapi, daging, sosis (Worst)","sapi, daging, sosis (worst)",TKPI,https://www.panganku.org/id-ID/view,Daging,daging,37.6,448.0,14.5,42.3,2.3,,3.3,28.0,61.0,1.1,765.0,284.5,0.06,1.7,0.0,,,,0.1,0.18,4.9,0.0,,per 100g,2026-07-01T04:14:08.471742Z,2026-07-01T04:14:08.471742Z,5,0.7826,
tkpi_0788,"Sapi, hati, sosis (liverworst)","sapi, hati, sosis (liverworst)",TKPI,https://www.panganku.org/id-ID/view,Daging,daging,56.6,274.0,16.0,22.0,3.0,2.3,2.4,20.0,150.0,4.0,654.0,158.8,0.22,2.2,1.201,,,,0.2,0.96,4.0,0.0,,per 100g,2026-07-01T04:14:08.471742Z,2026-07-01T04:14:08.471742Z,4,0.8261,
tkpi_0789,"Sapi, paru, dendeng, mentah","sapi, paru, dendeng, mentah",TKPI,https://www.panganku.org/id-ID/view,Daging,daging,9.7,360.0,57.3,6.0,19.2,,7.8,126.0,903.0,21.1,1.483,864.0,1.2,6.1,2.827,,,,,,,,,per 100g,2026-07-01T04:14:08.471742Z,2026-07-01T04:14:08.471742Z,9,0.6087,
tkpi_0790,"Sapi, paru, goreng","sapi, paru, goreng",TKPI,https://www.panganku.org/id-ID/view,Daging,daging,45.5,268.0,23.9,12.7,14.5,,3.1,102.0,315.0,8.8,923.0,299.0,0.0,1.5,790.0,,,,,,,,,per 100g,2026-07-01T04:14:08.471742Z,2026-07-01T04:14:08.471742Z,9,0.6087,
tkpi_0791,"Ulat sagu, panggang","ulat sagu, panggang",TKPI,https://www.panganku.org/id-ID/view,Daging,daging,41.3,380.0,11.9,30.3,14.9,4.8,1.6,30.0,120.0,1.5,260.0,550.0,3.1,14.2,,0.0,,,0.5,2.5,0.1,,,per 100g,2026-07-01T04:14:08.471742Z,2026-07-01T04:14:08.471742Z,5,0.7826,
tkpi_0792,"Ayam goreng church texas, dada","ayam goreng church texas, dada",TKPI,https://www.panganku.org/id-ID/view,Daging,daging,42.2,338.0,35.2,20.6,0.4,0.0,1.5,79.0,221.0,5.6,800.0,369.5,0.16,1.1,16.0,,80.0,,0.52,0.16,12.1,0.0,,per 100g,2026-07-01T04:14:08.471742Z,2026-07-01T04:14:08.471742Z,3,0.8696,
tkpi_0793,"Ayam goreng church,texas paha","ayam goreng church,texas paha",TKPI,https://www.panganku.org/id-ID/view,Daging,daging,50.3,287.0,31.0,15.7,1.7,0.0,1.3,99.0,176.0,4.1,723.0,257.0,0.17,1.5,22.0,,30.0,,0.66,0.2,5.3,0.0,,per 100g,2026-07-01T04:14:08.471742Z,2026-07-01T04:14:08.471742Z,3,0.8696,
tkpi_0794,"Ayam goreng church texas, sayap","ayam goreng church texas, sayap",TKPI,https://www.panganku.org/id-ID/view,Daging,daging,47.2,295.0,34.0,16.0,1.5,0.0,1.3,81.0,179.0,3.0,771.0,237.2,0.16,1.2,13.0,,50.0,,0.44,0.13,6.2,0.0,,per 100g,2026-07-01T04:14:08.471742Z,2026-07-01T04:14:08.471742Z,3,0.8696,
tkpi_0795,"Ayam goreng kalasan, paha","ayam goreng kalasan, paha",TKPI,https://www.panganku.org/id-ID/view,Daging,daging,46.2,275.0,37.4,12.2,1.3,0.0,2.9,116.0,237.0,5.8,176.0,321.9,0.16,1.5,10.0,0.0,50.0,,0.1,,,0.0,,per 100g,2026-07-01T04:14:08.471742Z,2026-07-01T04:14:08.471742Z,4,0.8261,
tkpi_0796,"Ayam goreng kentucky, dada","ayam goreng kentucky, dada",TKPI,https://www.panganku.org/id-ID/view,Daging,daging,46.5,298.0,34.2,16.8,0.1,0.0,2.5,90.0,284.0,5.5,741.0,342.0,0.07,1.0,36.0,,50.0,,0.19,0.0,0.0,0.0,,per 100g,2026-07-01T04:14:08.471742Z,2026-07-01T04:14:08.471742Z,3,0.8696,
tkpi_0797,"Ayam goreng Kentucky, paha","ayam goreng kentucky, paha",TKPI,https://www.panganku.org/id-ID/view,Daging,daging,48.7,286.0,32.1,16.1,1.1,0.0,2.0,89.0,248.0,6.9,746.0,265.2,0.09,2.3,31.0,,20.0,,0.5,0.21,5.5,0.0,,per 100g,2026-07-01T04:14:08.471742Z,2026-07-01T04:14:08.471742Z,3,0.8696,
tkpi_0798,"Ayam  goreng Kentucky,sayap","ayam goreng kentucky,sayap",TKPI,https://www.panganku.org/id-ID/view,Daging,daging,44.7,297.0,35.9,15.2,1.6,0.0,2.6,103.0,227.0,4.4,807.0,248.4,0.06,1.4,22.0,,70.0,,0.73,0.14,6.5,0.0,,per 100g,2026-07-01T04:14:08.471742Z,2026-07-01T04:14:08.471742Z,3,0.8696,
tkpi_0799,Ayam goreng mbok berek dada,ayam goreng mbok berek dada,TKPI,https://www.panganku.org/id-ID/view,Daging,daging,43.4,295.0,39.2,13.6,1.0,0.0,2.8,114.0,278.0,5.4,,,,,8.0,,50.0,,0.19,,,0.0,,per 100g,2026-07-01T04:14:08.471742Z,2026-07-01T04:14:08.471742Z,9,0.6087,
tkpi_0800,"Ayam goreng pasundan, dada","ayam goreng pasundan, dada",TKPI,https://www.panganku.org/id-ID/view,Daging,daging,50.1,246.0,37.9,9.0,0.7,0.0,2.3,90.0,260.0,7.5,,,,,6.0,,70.0,,0.16,,0.0,,,per 100g,2026-07-01T04:14:08.471742Z,2026-07-01T04:14:08.471742Z,9,0.6087,
tkpi_0801,"Ayam goreng pasundan, paha","ayam goreng pasundan, paha",TKPI,https://www.panganku.org/id-ID/view,Daging,daging,52.8,245.0,33.1,11.4,0.3,0.0,2.5,90.0,283.0,7.3,,,,,8.0,,40.0,,0.37,,0.0,,,per 100g,2026-07-01T04:14:08.471742Z,2026-07-01T04:14:08.471742Z,9,0.6087,
tkpi_0802,"Ayam goreng pioneer, dada","ayam goreng pioneer, dada",TKPI,https://www.panganku.org/id-ID/view,Daging,daging,44.5,295.0,37.4,14.7,0.6,0.0,2.7,108.0,236.0,6.8,,,,,16.0,,80.0,,0.1,,0.0,,,per 100g,2026-07-01T04:14:08.471742Z,2026-07-01T04:14:08.471742Z,9,0.6087,
tkpi_0803,"Ayam goreng sukabumi, dada","ayam goreng sukabumi, dada",TKPI,https://www.panganku.org/id-ID/view,Daging,daging,49.8,244.0,36.7,9.2,1.0,0.0,3.4,81.0,154.0,6.1,,,,,20.0,,80.0,,0.66,,0.0,,,per 100g,2026-07-01T04:14:08.471742Z,2026-07-01T04:14:08.471742Z,9,0.6087,
tkpi_0804,"Ayam goreng sukabumi, paha","ayam goreng sukabumi, paha",TKPI,https://www.panganku.org/id-ID/view,Daging,daging,46.0,283.0,35.7,14.3,0.5,0.0,3.6,68.0,106.0,5.4,,,,,11.0,,60.0,,0.36,,0.0,,,per 100g,2026-07-01T04:14:08.471742Z,2026-07-01T04:14:08.471742Z,9,0.6087,
tkpi_0805,"Ayam taliwang, masakan","ayam taliwang, masakan",TKPI,https://www.panganku.org/id-ID/view,Daging,daging,57.5,264.0,18.2,20.1,2.7,,1.5,94.0,164.0,2.0,507.0,408.0,0.4,12.3,1.067,,,,,,,,,per 100g,2026-07-01T04:14:08.471742Z,2026-07-01T04:14:08.471742Z,9,0.6087,
tkpi_0806,"Babi hutan masak rica, masakan","babi hutan masak rica, masakan",TKPI,https://www.panganku.org/id-ID/view,Daging,daging,56.2,491.0,24.6,16.3,0.2,,2.7,18.0,144.0,1.2,1.415,327.0,0.2,2.6,2.193,,,,0.61,0.47,,0.0,,per 100g,2026-07-01T04:14:08.471742Z,2026-07-01T04:14:08.471742Z,6,0.7391,
tkpi_0807,Beef burger,beef burger,TKPI,https://www.panganku.org/id-ID/view,Daging,daging,45.5,258.0,10.6,9.5,32.5,0.4,2.2,210.0,157.0,2.6,572.0,189.1,,,218.0,,7.58,,0.95,,,0.0,,per 100g,2026-07-01T04:14:08.471742Z,2026-07-01T04:14:08.471742Z,7,0.6957,
tkpi_0808,"Beef teriyaki, masakan","beef teriyaki, masakan",TKPI,https://www.panganku.org/id-ID/view,Daging,daging,65.1,151.0,8.6,3.1,22.3,0.3,0.9,142.0,62.0,2.3,377.0,,,,22.0,,400.0,,0.53,,,0.0,,per 100g,2026-07-01T04:14:08.471742Z,2026-07-01T04:14:08.471742Z,8,0.6522,Daging sapi bumbu teriyaki (rasa manis).
tkpi_0809,"Beef yakiniku, masakan","beef yakiniku, masakan",TKPI,https://www.panganku.org/id-ID/view,Daging,daging,67.7,132.0,9.8,1.1,20.7,0.3,0.8,302.0,67.0,2.0,409.0,,,,78.0,,700.0,,0.62,,,0.0,,per 100g,2026-07-01T04:14:08.471742Z,2026-07-01T04:14:08.471742Z,8,0.6522,Daging sapi panggang (rasa gurih)
tkpi_0810,Brongkos,brongkos,TKPI,https://www.panganku.org/id-ID/view,Daging,daging,76.4,141.0,15.3,3.3,12.6,1.0,2.4,87.0,97.0,5.1,,,,,4.0,,356.0,,0.4,,,0.0,,per 100g,2026-07-01T04:14:08.471742Z,2026-07-01T04:14:08.471742Z,9,0.6087,Masakan daging sapi berkuah hitam yang berasal dari kluwek dan ditambah santan
tkpi_0811,"Bulgogi, masakan","bulgogi, masakan",TKPI,https://www.panganku.org/id-ID/view,Daging,daging,84.2,72.0,11.4,4.9,1.4,1.7,0.7,214.0,86.0,2.5,509.0,,,,17.0,,,,1.08,,,0.0,,per 100g,2026-07-01T04:14:08.471742Z,2026-07-01T04:14:08.471742Z,9,0.6087,Daging sapi (sirloin) ditambah kecap asin dan gula.
tkpi_0812,"Chicken teriyaki, masakan","chicken teriyaki, masakan",TKPI,https://www.panganku.org/id-ID/view,Daging,daging,68.2,168.0,13.0,9.6,7.5,0.8,1.7,137.0,106.0,3.1,959.0,,,,68.0,,2.2,,0.65,,,0.0,,per 100g,2026-07-01T04:14:08.471742Z,2026-07-01T04:14:08.471742Z,8,0.6522,Daging ayam bumbu teriyaki (rasa lebih manis).
tkpi_0813,"Chikiniku, masakan","chikiniku, masakan",TKPI,https://www.panganku.org/id-ID/view,Daging,daging,65.4,143.0,9.8,1.4,22.8,0.4,0.6,301.0,63.0,2.0,531.0,,,,27.0,,1.28,,0.73,,,0.0,,per 100g,2026-07-01T04:14:08.471742Z,2026-07-01T04:14:08.471742Z,8,0.6522,
tkpi_0814,"Coto mangkasara, kuda, masakan","coto mangkasara, kuda, masakan",TKPI,https://www.panganku.org/id-ID/view,Daging,daging,83.5,96.0,6.8,5.9,3.8,,0.9,11.0,106.0,2.3,96.0,31.0,0.1,1.0,,,,,0.23,0.14,4.2,,,per 100g,2026-07-01T04:14:08.471742Z,2026-07-01T04:14:08.471742Z,7,0.6957,
tkpi_0815,"Coto mangkasara, sapi, masakan","coto mangkasara, sapi, masakan",TKPI,https://www.panganku.org/id-ID/view,Daging,daging,85.9,84.0,6.0,6.0,1.4,,0.7,8.0,104.0,4.0,90.0,25.0,0.3,0.6,,,,,0.16,0.14,10.3,,,per 100g,2026-07-01T04:14:08.471742Z,2026-07-01T04:14:08.471742Z,7,0.6957,
tkpi_0816,"Djibokum, masakan","djibokum, masakan",TKPI,https://www.panganku.org/id-ID/view,Daging,daging,43.4,248.0,10.0,2.3,40.9,0.1,3.4,116.0,110.0,2.8,401.0,,,,52.0,,1.92,,0.75,,,0.0,,per 100g,2026-07-01T04:14:08.471742Z,2026-07-01T04:14:08.471742Z,8,0.6522,Ji-Bo-Kum. Gurita/seafood goreng pedas dengan sayuran.
tkpi_0817,"Empal (daging) Goreng, masakan","empal (daging) goreng, masakan",TKPI,https://www.panganku.org/id-ID/view,Daging,daging,43.9,248.0,36.2,6.9,10.1,,2.0,131.0,235.0,6.4,848.0,,,,112.0,,620.0,,0.55,,,0.0,,per 100g,2026-07-01T04:14:08.471742Z,2026-07-01T04:14:08.471742Z,9,0.6087,
tkpi_0818,Gulai kambing,gulai kambing,TKPI,https://www.panganku.org/id-ID/view,Daging,daging,78.4,126.0,4.2,9.4,6.2,,1.8,45.0,73.0,1.3,302.0,138.0,0.2,1.1,151.0,,,,0.13,0.01,,,,per 100g,2026-07-01T04:14:08.471742Z,2026-07-01T04:14:08.471742Z,7,0.6957,
tkpi_0819,"Jangang bintatoeng, masakan","jangang bintatoeng, masakan",TKPI,https://www.panganku.org/id-ID/view,Daging,daging,73.6,107.0,5.3,2.2,16.5,,2.4,64.0,61.0,2.5,482.0,406.0,0.2,0.8,,,,,0.18,0.02,3.4,,,per 100g,2026-07-01T04:14:08.471742Z,2026-07-01T04:14:08.471742Z,7,0.6957,Masakan ayam dengan kacang hitam
tkpi_0820,"Kalio ayam, masakan","kalio ayam, masakan",TKPI,https://www.panganku.org/id-ID/view,Daging,daging,64.7,203.0,16.0,13.5,4.4,,1.4,278.0,177.0,4.2,534.0,,,,105.0,,3.78,,0.35,,,0.0,,per 100g,2026-07-01T04:14:08.471742Z,2026-07-01T04:14:08.471742Z,9,0.6087,
tkpi_0821,"Kalio jeroan, masakan","kalio jeroan, masakan",TKPI,https://www.panganku.org/id-ID/view,Daging,daging,68.9,163.0,16.5,9.0,4.1,,1.5,102.0,268.0,7.1,570.0,,,,298.0,,1.96,,0.7,,,0.0,,per 100g,2026-07-01T04:14:08.471742Z,2026-07-01T04:14:08.471742Z,9,0.6087,
tkpi_0822,"Kalio kikil (tunjang), masakan","kalio kikil (tunjang), masakan",TKPI,https://www.panganku.org/id-ID/view,Daging,daging,75.3,122.0,13.8,5.7,3.9,,1.3,154.0,59.0,3.4,519.0,,,,36.0,,1.44,,0.38,,,0.0,,per 100g,2026-07-01T04:14:08.471742Z,2026-07-01T04:14:08.471742Z,9,0.6087,
tkpi_0823,"Kalio otak, masakan","kalio otak, masakan",TKPI,https://www.panganku.org/id-ID/view,Daging,daging,70.3,157.0,8.1,8.8,11.4,,1.4,212.0,69.0,3.3,604.0,,,,32.0,,1.04,,0.45,,,0.0,,per 100g,2026-07-01T04:14:08.471742Z,2026-07-01T04:14:08.471742Z,9,0.6087,
tkpi_0824,"Lawar babi, masakan","lawar babi, masakan",TKPI,https://www.panganku.org/id-ID/view,Daging,daging,68.8,174.0,17.0,10.0,3.0,0.0,1.2,61.0,141.0,3.0,,,,0.0,,0.0,,,0.1,,0.0,,,per 100g,2026-07-01T04:14:08.471742Z,2026-07-01T04:14:08.471742Z,9,0.6087,Seperti urap. Daging babi dicampur dengan kelapa parut yang sudah berbumbu.
tkpi_0825,"Lawar penyu, masakan","lawar penyu, masakan",TKPI,https://www.panganku.org/id-ID/view,Daging,daging,66.3,141.0,23.0,1.5,7.6,0.0,1.6,69.0,141.0,6.0,,,,0.0,,0.0,,,0.1,,0.0,,,per 100g,2026-07-01T04:14:08.471742Z,2026-07-01T04:14:08.471742Z,9,0.6087,Seperti urap. Daging penyu dicampur dengan kelapa parut yang sudah berbumbu.
tkpi_0826,"Lawara jangang, masakan","lawara jangang, masakan",TKPI,https://www.panganku.org/id-ID/view,Daging,daging,72.4,159.0,5.0,10.9,10.1,,1.6,57.0,107.0,1.5,400.0,2.368,0.1,1.0,14.0,,,,0.25,0.16,,,,per 100g,2026-07-01T04:14:08.471742Z,2026-07-01T04:14:08.471742Z,7,0.6957,
tkpi_0827,"Naan maran sapi, masakan","naan maran sapi, masakan",TKPI,https://www.panganku.org/id-ID/view,Daging,daging,14.8,478.0,38.3,33.9,5.1,,7.9,30.0,390.0,11.8,220.0,320.0,0.6,3.9,33.0,,,,,,0.2,,,per 100g,2026-07-01T04:14:08.471742Z,2026-07-01T04:14:08.471742Z,8,0.6522,
tkpi_0828,"Nasu likku, masakan","nasu likku, masakan",TKPI,https://www.panganku.org/id-ID/view,Daging,daging,59.0,196.0,14.5,8.3,15.9,,2.3,69.0,157.0,1.0,386.0,470.0,0.3,2.0,,,,,0.2,0.24,1.5,,,per 100g,2026-07-01T04:14:08.471742Z,2026-07-01T04:14:08.471742Z,7,0.6957,"Ayam dengan irisan lengkuas yang halus, irisan serai yang halus (1/2 kg ayam dan 1/2 kg lengkuas dan serai). Dimasak dalam santan"
tkpi_0829,"Oramu ninahu ndawa olaho, masakan","oramu ninahu ndawa olaho, masakan",TKPI,https://www.panganku.org/id-ID/view,Daging,daging,74.9,117.0,13.7,5.0,4.3,,0.1,964.0,804.0,2.0,,727.0,0.3,1.5,4.095,,,,0.77,0.04,1.7,,,per 100g,2026-07-01T04:14:08.471742Z,2026-07-01T04:14:08.471742Z,7,0.6957,Sup iga dengan daun kedondong
tkpi_0830,"Paniki masak santan, masakan","paniki masak santan, masakan",TKPI,https://www.panganku.org/id-ID/view,Daging,daging,25.4,460.0,28.5,35.2,7.2,,3.7,188.0,357.0,5.5,2.002,532.0,0.4,2.5,954.0,,,,0.27,0.19,,,,per 100g,2026-07-01T04:14:08.471742Z,2026-07-01T04:14:08.471742Z,7,0.6957,Masakan kelelawar dimasak didalam  santan
tkpi_0831,"Pelolah manuk, masakan","pelolah manuk, masakan",TKPI,https://www.panganku.org/id-ID/view,Daging,daging,60.0,219.0,19.7,13.6,4.4,,2.3,33.0,160.0,1.6,577.0,,,,137.0,,1.94,,0.42,,,0.0,,per 100g,2026-07-01T04:14:08.471742Z,2026-07-01T04:14:08.471742Z,9,0.6087,"Masakan ayam: Ayam dimasak dengan bumbu (bwang merah + bawang putih, cabe merah  dan terasi yang digiling halus dan santan)"
tkpi_0832,"Rawon, masakan","rawon, masakan",TKPI,https://www.panganku.org/id-ID/view,Daging,daging,86.0,60.0,5.4,2.5,4.0,,2.1,272.0,153.0,3.3,,,,,10.0,,1.235,,0.09,,,0.0,,per 100g,2026-07-01T04:14:08.471742Z,2026-07-01T04:14:08.471742Z,10,0.5652,Masakan daging sapi berkuah hitam yang berasal dari kluwek
tkpi_0833,"Rendang sapi, masakan","rendang sapi, masakan",TKPI,https://www.panganku.org/id-ID/view,Daging,daging,57.9,193.0,22.6,7.9,7.8,0.0,3.8,474.0,211.0,14.9,,,,,21.0,,534.0,,0.12,,0.0,,,per 100g,2026-07-01T04:14:08.471742Z,2026-07-01T04:14:08.471742Z,9,0.6087,
tkpi_0834,"RW, anjing, masakan","rw, anjing, masakan",TKPI,https://www.panganku.org/id-ID/view,Daging,daging,60.8,198.0,24.6,10.7,0.9,,3.0,1.071,876.0,4.0,1.604,226.0,0.1,2.8,256.0,,,,0.35,0.2,,,,per 100g,2026-07-01T04:14:08.471742Z,2026-07-01T04:14:08.471742Z,7,0.6957,Masakan daging anjing
tkpi_0835,"Sate, penyu, masakan","sate, penyu, masakan",TKPI,https://www.panganku.org/id-ID/view,Daging,daging,57.4,179.0,22.5,3.5,13.3,0.0,3.3,187.0,238.0,14.4,,,,0.0,,0.0,,,0.1,,0.0,,,per 100g,2026-07-01T04:14:08.471742Z,2026-07-01T04:14:08.471742Z,9,0.6087,
tkpi_0836,"Sate pusut, masakan","sate pusut, masakan",TKPI,https://www.panganku.org/id-ID/view,Daging,daging,52.1,274.0,12.9,18.6,13.6,,2.8,63.0,190.0,2.7,609.0,,,,133.0,0.0,,,0.06,,0.0,,,per 100g,2026-07-01T04:14:08.471742Z,2026-07-01T04:14:08.471742Z,9,0.6087,"Daging diling (sapi, babi), kelapa parut diberi bumbu (bawang, cabai, terasi, dan garam) dibentuk bulat panjang (lonjong) ditusuk lalu dibakar."
tkpi_0837,"Penyu, serapah, masakan","penyu, serapah, masakan",TKPI,https://www.panganku.org/id-ID/view,Daging,daging,71.3,174.0,13.1,12.2,2.2,0.0,1.2,72.0,186.0,9.5,,507.0,0.8,2.4,1.302,,,,,,,,,per 100g,2026-07-01T04:14:08.471742Z,2026-07-01T04:14:08.471742Z,9,0.6087,
tkpi_0838,"Sie reuboh, masakan","sie reuboh, masakan",TKPI,https://www.panganku.org/id-ID/view,Daging,daging,32.4,474.0,11.2,42.5,11.7,,2.2,26.0,62.0,1.3,677.0,176.0,2.4,3.2,141.0,9.0,,,0.46,0.26,,,,per 100g,2026-07-01T04:14:08.471742Z,2026-07-01T04:14:08.471742Z,6,0.7391,Daging Sapi/Kerbau direbus dengan bumbu pedas
tkpi_0839,"Sop buntut, masakan","sop buntut, masakan",TKPI,https://www.panganku.org/id-ID/view,Daging,daging,86.1,71.0,7.5,3.6,2.2,,0.6,286.0,38.0,3.2,490.0,,,,119.0,,2.9,,0.14,,,0.0,,per 100g,2026-07-01T04:14:08.471742Z,2026-07-01T04:14:08.471742Z,9,0.6087,
tkpi_0840,"Sop daging sapi, masakan","sop daging sapi, masakan",TKPI,https://www.panganku.org/id-ID/view,Daging,daging,87.5,49.0,5.8,0.5,5.3,,0.9,158.0,48.0,2.2,391.0,,,,101.0,,3.32,,0.37,,,0.0,,per 100g,2026-07-01T04:14:08.471742Z,2026-07-01T04:14:08.471742Z,9,0.6087,
tkpi_0841,"Sop kaki sapi, masakan","sop kaki sapi, masakan",TKPI,https://www.panganku.org/id-ID/view,Daging,daging,84.5,68.0,9.0,1.9,3.7,,0.9,302.0,15.0,2.2,435.0,,,,48.0,,150.0,,0.46,,,0.0,,per 100g,2026-07-01T04:14:08.471742Z,2026-07-01T04:14:08.471742Z,9,0.6087,
tkpi_0842,"Sop kambing, masakan","sop kambing, masakan",TKPI,https://www.panganku.org/id-ID/view,Daging,daging,91.6,34.0,5.5,0.8,1.1,,1.0,145.0,37.0,1.6,348.0,,,,48.0,,80.0,,0.57,,,0.0,,per 100g,2026-07-01T04:14:08.471742Z,2026-07-01T04:14:08.471742Z,9,0.6087,
tkpi_0843,"Sop konro, masakan","sop konro, masakan",TKPI,https://www.panganku.org/id-ID/view,Daging,daging,85.0,71.0,7.4,2.6,4.5,,0.5,17.0,60.0,4.6,184.0,25.0,0.3,1.3,,,,,0.12,0.02,10.9,0.0,,per 100g,2026-07-01T04:14:08.471742Z,2026-07-01T04:14:08.471742Z,6,0.7391,Bahan dasar terdiri dari iga sapi  bumbu kluwek.
tkpi_0844,"Sop saudara, masakan","sop saudara, masakan",TKPI,https://www.panganku.org/id-ID/view,Daging,daging,82.4,89.0,7.2,5.0,3.9,,1.5,10.0,174.0,9.0,274.0,50.0,0.2,1.1,,,,,0.09,0.12,2.0,0.0,,per 100g,2026-07-01T04:14:08.471742Z,2026-07-01T04:14:08.471742Z,6,0.7391,Bahan dasar terdiri dari daging sapi tanpa kluwek.
tkpi_0845,"Soto bandung, masakan","soto bandung, masakan",TKPI,https://www.panganku.org/id-ID/view,Daging,daging,89.9,42.0,3.9,1.7,2.8,0.4,1.8,74.0,75.0,1.8,,,,,6.0,20.0,0.0,,,,0.0,0.0,,per 100g,2026-07-01T04:14:08.471742Z,2026-07-01T04:14:08.471742Z,8,0.6522,"Kuah bening. Bahan dasar terdiri dari Daging sapi, lobak, dan kacang kedelai goreng. Biasa ditambahkan kecap manis."
tkpi_0846,"Soto banjar, masakan","soto banjar, masakan",TKPI,https://www.panganku.org/id-ID/view,Daging,daging,83.7,110.0,2.9,9.5,3.2,,0.7,28.0,28.0,0.3,36.0,6.0,0.0,0.2,12.0,,770.0,,0.05,,,0.0,,per 100g,2026-07-01T04:14:08.471742Z,2026-07-01T04:14:08.471742Z,6,0.7391,"Kuah bening. Bahan dasar terdiri dari Ayam dan rempah-rempah (kayu manis, biji pali dan cengkeh)"
tkpi_0847,"Soto betawi, masakan","soto betawi, masakan",TKPI,https://www.panganku.org/id-ID/view,Daging,daging,75.9,135.0,2.5,8.8,11.5,0.5,1.3,222.0,72.0,1.9,,,,,6.0,,336.0,,0.04,,0.0,0.0,,per 100g,2026-07-01T04:14:08.471742Z,2026-07-01T04:14:08.471742Z,8,0.6522,Kuah bening/ santan. Bahan dasar terdiri dari daging sapi dan atau jeroan ditambah emping
tkpi_0848,"Soto jeroan, masakan","soto jeroan, masakan",TKPI,https://www.panganku.org/id-ID/view,Daging,daging,81.4,92.0,11.8,4.3,1.4,,1.1,218.0,48.0,1.9,363.0,,,,85.0,,440.0,,0.36,,,0.0,,per 100g,2026-07-01T04:14:08.471742Z,2026-07-01T04:14:08.471742Z,9,0.6087,
tkpi_0849,"Soto kudus, masakan","soto kudus, masakan",TKPI,https://www.panganku.org/id-ID/view,Daging,daging,91.6,38.0,2.6,2.3,1.8,0.2,1.7,237.0,67.0,1.7,,,,,23.0,,128.0,,0.06,,0.5,0.0,,per 100g,2026-07-01T04:14:08.471742Z,2026-07-01T04:14:08.471742Z,8,0.6522,Kuah bening. Bahan dasar terdiri dari ayam dan taoge
tkpi_0850,"Soto madura, masakan","soto madura, masakan",TKPI,https://www.panganku.org/id-ID/view,Daging,daging,89.8,60.0,3.5,4.5,1.3,0.0,0.9,361.0,126.0,3.8,,,,,26.0,,121.0,,0.06,,0.0,0.0,,per 100g,2026-07-01T04:14:08.471742Z,2026-07-01T04:14:08.471742Z,8,0.6522,Kuah bening. Bahan dasar : ayam atau daging
tkpi_0851,"Soto padang, masakan","soto padang, masakan",TKPI,https://www.panganku.org/id-ID/view,Daging,daging,75.0,127.0,5.9,6.6,11.0,0.7,2.0,298.0,94.0,1.5,,,,,12.0,,204.0,,0.22,,0.0,0.0,,per 100g,2026-07-01T04:14:08.471742Z,2026-07-01T04:14:08.471742Z,8,0.6522,"Kuah bening. Bahan dasar terdiri dari daging sapi, bumbu pekak dan kapulaga"
tkpi_0852,"Soto pekalongan, masakan","soto pekalongan, masakan",TKPI,https://www.panganku.org/id-ID/view,Daging,daging,83.8,94.0,3.0,6.8,5.1,0.3,1.3,322.0,79.0,2.0,,,,,14.0,,119.0,,0.29,,0.0,0.0,,per 100g,2026-07-01T04:14:08.471742Z,2026-07-01T04:14:08.471742Z,8,0.6522,Kuah bening. Bahan dasar terdiri dari daging sapi dan tauco
tkpi_0853,"Soto pemalang, masakan","soto pemalang, masakan",TKPI,https://www.panganku.org/id-ID/view,Daging,daging,86.0,75.0,3.6,5.2,3.5,0.0,1.7,170.0,80.0,2.1,,,,,16.0,,30.0,,0.13,,0.0,0.0,,per 100g,2026-07-01T04:14:08.471742Z,2026-07-01T04:14:08.471742Z,8,0.6522,"Kuah bening. Bahan dasar terdiri dari daging sapi, tauco, kelapa parut sangrai, dan kluwek"
tkpi_0854,"Soto sukaraja, masakan","soto sukaraja, masakan",TKPI,https://www.panganku.org/id-ID/view,Daging,daging,75.9,80.0,3.2,3.5,9.0,0.3,1.1,347.0,77.0,2.3,,,,,12.0,,89.0,,0.04,,0.0,0.0,,per 100g,2026-07-01T04:14:08.471742Z,2026-07-01T04:14:08.471742Z,8,0.6522,"Kuah bening. Bahan dasar terdiri dari daging sapi, soun, taoge, dan sambal kacang"
tkpi_0855,"Soto sulung, masakan","soto sulung, masakan",TKPI,https://www.panganku.org/id-ID/view,Daging,daging,88.1,86.0,2.3,8.5,0.0,0.0,1.1,200.0,120.0,2.9,,,,,20.0,,105.0,,0.08,,0.0,0.0,,per 100g,2026-07-01T04:14:08.471742Z,2026-07-01T04:14:08.471742Z,8,0.6522,"Kuah bening. Bahan dasar terdiri dari daging sapi, ayam, jeroan, dan telur"
tkpi_0856,"Sukiyaki, masakan","sukiyaki, masakan",TKPI,https://www.panganku.org/id-ID/view,Daging,daging,81.0,75.0,5.6,0.4,12.2,0.2,0.8,109.0,59.0,0.5,426.0,,,,41.0,,1.2,,0.37,,,0.0,,per 100g,2026-07-01T04:14:08.471742Z,2026-07-01T04:14:08.471742Z,8,0.6522,Irisan tipis daging sapi dicelupkan ke dalam kocokan telur ayam
tkpi_0857,"Tedong pallu basa, masakan","tedong pallu basa, masakan",TKPI,https://www.panganku.org/id-ID/view,Daging,daging,81.7,83.0,10.4,3.4,2.8,,1.7,10.0,139.0,2.6,397.0,34.0,0.6,1.3,,,,,0.09,0.53,9.0,0.0,,per 100g,2026-07-01T04:14:08.471742Z,2026-07-01T04:14:08.471742Z,6,0.7391,Hidangan berkuah kental dari campuran daging dan jeroan (organ bagian dalam)kerbau
tkpi_0858,"Tikus rica, masakan","tikus rica, masakan",TKPI,https://www.panganku.org/id-ID/view,Daging,daging,54.9,257.0,18.8,18.5,3.8,,4.0,232.0,293.0,6.5,1.724,308.0,0.5,2.3,674.0,,,,0.28,0.38,,,,per 100g,2026-07-01T04:14:08.471742Z,2026-07-01T04:14:08.471742Z,7,0.6957,Tikus sawah masak cabai
tkpi_0859,"Tinoransa, masakan","tinoransa, masakan",TKPI,https://www.panganku.org/id-ID/view,Daging,daging,31.6,516.0,17.7,49.5,0.0,,1.2,698.0,648.0,3.5,1.307,320.0,0.1,1.8,710.0,,,,0.29,0.17,,,,per 100g,2026-07-01T04:14:08.471742Z,2026-07-01T04:14:08.471742Z,7,0.6957,Masakan daging babi
tkpi_0860,"Belut, segar (Asian swamp eel, fresh)","belut, segar (asian swamp eel, fresh)",TKPI,https://www.panganku.org/id-ID/view,Ikan/Kerang/Udang dll,ikan/kerang/udang dll,81.5,70.0,14.6,0.8,1.0,0.0,2.1,49.0,155.0,1.5,55.0,169.0,0.2,1.2,,0.0,,,0.22,0.12,7.7,,,per 100g,2026-07-01T04:14:08.471742Z,2026-07-01T04:14:08.471742Z,5,0.7826,
tkpi_0861,"Belut,laut, segar (Eel, fresh)","belut,laut, segar (eel, fresh)",TKPI,https://www.panganku.org/id-ID/view,Ikan/Kerang/Udang dll,ikan/kerang/udang dll,79.5,93.0,12.8,1.5,6.1,0.0,4.1,60.0,199.0,3.0,33.0,175.9,0.1,1.0,51.0,3.0,71.0,,0.06,0.0,2.7,,,per 100g,2026-07-01T04:14:08.471742Z,2026-07-01T04:14:08.471742Z,3,0.8696,
tkpi_0862,"Cumi-cumi, segar (Squid, fresh)","cumi-cumi, segar (squid, fresh)",TKPI,https://www.panganku.org/id-ID/view,Ikan/Kerang/Udang dll,ikan/kerang/udang dll,82.2,75.0,16.1,0.7,0.1,0.0,0.9,32.0,200.0,1.8,37.0,204.1,1.6,1.3,0.0,20.0,0.0,,0.08,0.0,2.5,0.0,,per 100g,2026-07-01T04:14:08.471742Z,2026-07-01T04:14:08.471742Z,2,0.913,
tkpi_0863,"Ikan bader, segar (Silver barb, fresh)","ikan bader, segar (silver barb, fresh)",TKPI,https://www.panganku.org/id-ID/view,Ikan/Kerang/Udang dll,ikan/kerang/udang dll,66.0,193.0,19.0,13.0,0.0,0.0,2.0,48.0,150.0,0.4,118.0,264.9,0.1,0.2,45.0,0.0,,,0.01,0.1,4.1,0.0,,per 100g,2026-07-01T04:14:08.471742Z,2026-07-01T04:14:08.471742Z,3,0.8696,
tkpi_0864,"Ikan balong, segar","ikan balong, segar",TKPI,https://www.panganku.org/id-ID/view,Ikan/Kerang/Udang dll,ikan/kerang/udang dll,76.5,107.0,16.5,3.9,1.5,0.0,1.5,54.0,202.0,2.0,86.0,253.4,0.5,1.0,25.0,0.0,0.0,,0.05,0.1,2.5,0.0,,per 100g,2026-07-01T04:14:08.471742Z,2026-07-01T04:14:08.471742Z,2,0.913,
tkpi_0865,"Ikan bambangan, segar (Humphead Snapper, fresh)","ikan bambangan, segar (humphead snapper, fresh)",TKPI,https://www.panganku.org/id-ID/view,Ikan/Kerang/Udang dll,ikan/kerang/udang dll,73.7,112.0,20.0,1.3,3.7,0.0,1.3,98.0,120.0,3.0,148.0,258.7,0.0,0.1,0.0,0.0,0.0,,0.07,0.0,0.3,0.0,,per 100g,2026-07-01T04:14:08.471742Z,2026-07-01T04:14:08.471742Z,2,0.913,
tkpi_0866,"Ikan bandeng, segar (Milkfish, raw)","ikan bandeng, segar (milkfish, raw)",TKPI,https://www.panganku.org/id-ID/view,Ikan/Kerang/Udang dll,ikan/kerang/udang dll,74.0,123.0,20.0,4.8,0.0,0.0,1.2,20.0,150.0,2.0,67.0,271.1,0.0,0.9,45.0,21.0,,,0.05,0.1,6.0,0.0,,per 100g,2026-07-01T04:14:08.471742Z,2026-07-01T04:14:08.471742Z,3,0.8696,
tkpi_0867,"Ikan banjar, segar","ikan banjar, segar",TKPI,https://www.panganku.org/id-ID/view,Ikan/Kerang/Udang dll,ikan/kerang/udang dll,73.5,111.0,19.4,0.9,4.8,0.0,1.4,68.0,278.0,7.3,99.0,338.7,0.2,0.6,0.0,62.0,0.0,,0.03,0.2,7.3,0.0,,per 100g,2026-07-01T04:14:08.471742Z,2026-07-01T04:14:08.471742Z,2,0.913,
tkpi_0868,"Ikan baronang, segar (Golden-lined spinefoot, fresh)","ikan baronang, segar (golden-lined spinefoot, fresh)",TKPI,https://www.panganku.org/id-ID/view,Ikan/Kerang/Udang dll,ikan/kerang/udang dll,80.0,78.0,14.5,0.6,3.7,0.0,1.2,26.0,521.0,3.8,26.0,692.0,4.7,4.1,732.0,0.0,,,0.2,0.04,3.0,0.0,,per 100g,2026-07-01T04:14:08.471742Z,2026-07-01T04:14:08.471742Z,3,0.8696,
tkpi_0869,"Ikan batung, segar (Indonesian-Shortfin Eel)","ikan batung, segar (indonesian-shortfin eel)",TKPI,https://www.panganku.org/id-ID/view,Ikan/Kerang/Udang dll,ikan/kerang/udang dll,75.7,115.0,14.5,4.6,4.2,0.0,1.1,,207.0,0.0,42.0,361.0,0.2,0.9,,0.0,,,1.2,0.04,1.1,,,per 100g,2026-07-01T04:14:08.471742Z,2026-07-01T04:14:08.471742Z,6,0.7391,
tkpi_0870,"Ikan baung, segar (Asian river catfish, fresh)","ikan baung, segar (asian river catfish, fresh)",TKPI,https://www.panganku.org/id-ID/view,Ikan/Kerang/Udang dll,ikan/kerang/udang dll,74.9,123.0,15.1,5.5,3.3,0.0,1.2,5.0,146.0,1.3,32.0,349.0,0.1,0.7,,0.0,,,0.2,0.03,1.2,,,per 100g,2026-07-01T04:14:08.471742Z,2026-07-01T04:14:08.471742Z,5,0.7826,
tkpi_0871,"Ikan bawal, segar (Silver Pomfret, fresh)","ikan bawal, segar (silver pomfret, fresh)",TKPI,https://www.panganku.org/id-ID/view,Ikan/Kerang/Udang dll,ikan/kerang/udang dll,78.0,91.0,19.0,1.7,0.0,0.0,1.3,20.0,150.0,2.0,129.0,233.3,0.1,0.3,45.0,0.0,,,0.05,0.1,1.8,0.0,,per 100g,2026-07-01T04:14:08.471742Z,2026-07-01T04:14:08.471742Z,3,0.8696,
tkpi_0872,"Ikan Belida, segar (Indonesian featherback, fresh)","ikan belida, segar (indonesian featherback, fresh)",TKPI,https://www.panganku.org/id-ID/view,Ikan/Kerang/Udang dll,ikan/kerang/udang dll,79.2,80.0,14.7,1.4,2.2,0.0,2.3,303.0,315.0,1.3,41.0,356.0,0.0,0.8,,0.0,,,1.2,0.14,1.4,,,per 100g,2026-07-01T04:14:08.471742Z,2026-07-01T04:14:08.471742Z,5,0.7826,
tkpi_0873,"Ikan beunteur, segar (Spotted Barb, fresh)","ikan beunteur, segar (spotted barb, fresh)",TKPI,https://www.panganku.org/id-ID/view,Ikan/Kerang/Udang dll,ikan/kerang/udang dll,70.0,109.0,17.0,4.0,0.0,0.0,9.0,500.0,500.0,1.0,109.0,323.5,0.6,1.3,45.0,,,,0.05,0.1,2.6,0.0,,per 100g,2026-07-01T04:14:08.471742Z,2026-07-01T04:14:08.471742Z,4,0.8261,
tkpi_0874,"Ikan biawan, segar (Kissing goorami, fresh)","ikan biawan, segar (kissing goorami, fresh)",TKPI,https://www.panganku.org/id-ID/view,Ikan/Kerang/Udang dll,ikan/kerang/udang dll,79.1,90.0,14.9,2.5,2.1,0.0,1.4,125.0,265.0,1.0,35.0,207.0,0.4,0.6,,,,,0.36,0.03,2.9,,,per 100g,2026-07-01T04:14:08.471742Z,2026-07-01T04:14:08.471742Z,6,0.7391,
tkpi_0875,"Ikan bili, segar (Minnows, fresh)","ikan bili, segar (minnows, fresh)",TKPI,https://www.panganku.org/id-ID/view,Ikan/Kerang/Udang dll,ikan/kerang/udang dll,68.3,88.0,14.2,0.7,6.2,0.0,10.6,27.0,1.76,1.5,217.0,202.0,0.0,4.1,,0.0,,,0.72,0.09,2.7,,,per 100g,2026-07-01T04:14:08.471742Z,2026-07-01T04:14:08.471742Z,5,0.7826,
tkpi_0876,"Ikan bubara, segar","ikan bubara, segar",TKPI,https://www.panganku.org/id-ID/view,Ikan/Kerang/Udang dll,ikan/kerang/udang dll,75.5,100.0,14.7,2.4,4.9,,1.6,90.0,90.0,0.4,390.0,390.0,0.7,0.8,,,,,,,,,,per 100g,2026-07-01T04:14:08.471742Z,2026-07-01T04:14:08.471742Z,10,0.5652,
tkpi_0877,"Ikan bulan-bulan, segar (Indo-Pacifik Tarpon, fresh)","ikan bulan-bulan, segar (indo-pacifik tarpon, fresh)",TKPI,https://www.panganku.org/id-ID/view,Ikan/Kerang/Udang dll,ikan/kerang/udang dll,66.7,134.0,25.5,1.3,5.0,,1.5,29.0,29.0,0.5,197.0,489.0,0.1,0.5,,,,,0.3,0.02,0.8,,,per 100g,2026-07-01T04:14:08.471742Z,2026-07-01T04:14:08.471742Z,7,0.6957,
tkpi_0878,"Ikan cakalang, segar (Scipjack tuna, fresh)","ikan cakalang, segar (scipjack tuna, fresh)",TKPI,https://www.panganku.org/id-ID/view,Ikan/Kerang/Udang dll,ikan/kerang/udang dll,73.0,107.0,19.6,0.7,5.5,0.0,1.2,23.0,242.0,2.9,66.0,239.0,0.2,0.6,386.0,0.0,,,0.17,0.05,21.7,0.0,,per 100g,2026-07-01T04:14:08.471742Z,2026-07-01T04:14:08.471742Z,3,0.8696,
tkpi_0879,"Ikan cakalang, hati, segar (Scipjack tuna, fresh)","ikan cakalang, hati, segar (scipjack tuna, fresh)",TKPI,https://www.panganku.org/id-ID/view,Ikan/Kerang/Udang dll,ikan/kerang/udang dll,73.4,120.0,11.3,3.9,10.0,,1.4,30.0,30.0,0.9,420.0,280.0,1.6,4.3,,,,,,,0.2,,,per 100g,2026-07-01T04:14:08.471742Z,2026-07-01T04:14:08.471742Z,9,0.6087,
tkpi_0880,"Ikan cakalang, jantung, segar (Scipjack tuna, fresh)","ikan cakalang, jantung, segar (scipjack tuna, fresh)",TKPI,https://www.panganku.org/id-ID/view,Ikan/Kerang/Udang dll,ikan/kerang/udang dll,76.3,116.0,11.2,1.2,10.2,,1.1,10.0,40.0,3.4,360.0,250.0,0.5,1.9,908.0,,,,,,0.1,0.0,,per 100g,2026-07-01T04:14:08.471742Z,2026-07-01T04:14:08.471742Z,7,0.6957,
tkpi_0881,"Ikan cakalang, perut, segar (Scipjack tuna, fresh)","ikan cakalang, perut, segar (scipjack tuna, fresh)",TKPI,https://www.panganku.org/id-ID/view,Ikan/Kerang/Udang dll,ikan/kerang/udang dll,79.1,86.0,10.2,1.1,8.7,,0.9,20.0,110.0,2.1,230.0,210.0,0.3,9.3,,,,,0.24,,0.3,,,per 100g,2026-07-01T04:14:08.471742Z,2026-07-01T04:14:08.471742Z,8,0.6522,
tkpi_0882,"Ikan daun, segar (Leaffish, fresh)","ikan daun, segar (leaffish, fresh)",TKPI,https://www.panganku.org/id-ID/view,Ikan/Kerang/Udang dll,ikan/kerang/udang dll,78.6,101.0,11.5,4.1,4.6,0.0,1.2,80.0,210.0,0.8,120.0,270.0,0.1,0.9,0.0,,,,0.08,0.07,0.1,0.0,,per 100g,2026-07-01T04:14:08.471742Z,2026-07-01T04:14:08.471742Z,4,0.8261,
tkpi_0883,"Ikan ekor kuning, segar (Yellowtail, fish, fresh)","ikan ekor kuning, segar (yellowtail, fish, fresh)",TKPI,https://www.panganku.org/id-ID/view,Ikan/Kerang/Udang dll,ikan/kerang/udang dll,74.1,108.0,22.3,1.2,2.1,0.0,0.3,30.0,220.0,0.5,50.0,230.0,0.1,0.6,40.0,29.0,,,0.0,0.1,0.2,,,per 100g,2026-07-01T04:14:08.471742Z,2026-07-01T04:14:08.471742Z,4,0.8261,
tkpi_0884,"Ikan gabus, segar (Asian snakehead, fresh)","ikan gabus, segar (asian snakehead, fresh)",TKPI,https://www.panganku.org/id-ID/view,Ikan/Kerang/Udang dll,ikan/kerang/udang dll,79.6,80.0,16.2,0.5,2.6,0.0,1.1,170.0,139.0,0.1,65.0,254.0,0.3,0.4,335.0,,,,0.4,0.2,0.1,,,per 100g,2026-07-01T04:14:08.471742Z,2026-07-01T04:14:08.471742Z,5,0.7826,
tkpi_0885,"Ikan heu, segar","ikan heu, segar",TKPI,https://www.panganku.org/id-ID/view,Ikan/Kerang/Udang dll,ikan/kerang/udang dll,75.6,81.0,10.0,1.6,6.6,,6.2,1.91,990.0,2.1,240.0,210.0,0.1,2.7,,,,,0.87,,0.2,,,per 100g,2026-07-01T04:14:08.471742Z,2026-07-01T04:14:08.471742Z,8,0.6522,
tkpi_0886,"Ikan hitam, segar (Black Sharkminnow, fresh)","ikan hitam, segar (black sharkminnow, fresh)",TKPI,https://www.panganku.org/id-ID/view,Ikan/Kerang/Udang dll,ikan/kerang/udang dll,78.2,101.0,10.3,3.7,6.7,0.0,1.1,50.0,140.0,0.4,70.0,210.0,,0.4,67.0,,,,0.0,0.1,0.1,,,per 100g,2026-07-01T04:14:08.471742Z,2026-07-01T04:14:08.471742Z,6,0.7391,
tkpi_0887,"Ikan hiu, segar (Fish, shark, fresh)","ikan hiu, segar (fish, shark, fresh)",TKPI,https://www.panganku.org/id-ID/view,Ikan/Kerang/Udang dll,ikan/kerang/udang dll,85.7,57.0,10.7,0.3,2.2,0.0,1.1,75.0,206.0,2.0,,,0.02,,,,0.0,,0.05,,,0.0,,per 100g,2026-07-01T04:14:08.471742Z,2026-07-01T04:14:08.471742Z,9,0.6087,
tkpi_0888,"Ikan kacangan, segar","ikan kacangan, segar",TKPI,https://www.panganku.org/id-ID/view,Ikan/Kerang/Udang dll,ikan/kerang/udang dll,80.7,77.0,15.6,0.9,1.6,0.0,1.2,94.0,170.0,1.7,,,,,18.0,,0.0,,0.07,,,0.0,,per 100g,2026-07-01T04:14:08.471742Z,2026-07-01T04:14:08.471742Z,9,0.6087,
tkpi_0889,"Ikan kakap, segar","ikan kakap, segar",TKPI,https://www.panganku.org/id-ID/view,Ikan/Kerang/Udang dll,ikan/kerang/udang dll,77.0,92.0,20.0,0.7,0.0,0.0,2.3,20.0,200.0,1.0,,,,,9.0,,,,0.05,,,0.0,,per 100g,2026-07-01T04:14:08.471742Z,2026-07-01T04:14:08.471742Z,10,0.5652,
tkpi_0890,"Ikan kakatua, segar","ikan kakatua, segar",TKPI,https://www.panganku.org/id-ID/view,Ikan/Kerang/Udang dll,ikan/kerang/udang dll,79.7,82.0,11.4,1.2,6.4,,1.3,20.0,160.0,0.4,90.0,300.0,0.1,0.3,18.0,,,,,,0.2,,,per 100g,2026-07-01T04:14:08.471742Z,2026-07-01T04:14:08.471742Z,8,0.6522,
tkpi_0891,"Ikan kalaban, segar (Minnows, fresh)","ikan kalaban, segar (minnows, fresh)",TKPI,https://www.panganku.org/id-ID/view,Ikan/Kerang/Udang dll,ikan/kerang/udang dll,80.3,77.0,16.4,0.7,1.3,0.0,1.3,182.0,248.0,0.9,40.0,334.0,0.7,0.8,,,,,0.16,0.15,1.9,,,per 100g,2026-07-01T04:14:08.471742Z,2026-07-01T04:14:08.471742Z,6,0.7391,
tkpi_0892,"Ikan kamera (kakap merah), segar","ikan kamera (kakap merah), segar",TKPI,https://www.panganku.org/id-ID/view,Ikan/Kerang/Udang dll,ikan/kerang/udang dll,78.5,86.0,19.7,0.8,0.0,0.0,1.3,50.0,170.0,0.3,90.0,290.0,0.3,0.1,26.0,,,,,0.08,0.1,,,per 100g,2026-07-01T04:14:08.471742Z,2026-07-01T04:14:08.471742Z,6,0.7391,
tkpi_0893,"Ikan kapar, segar (Malay Combtail, fresh)","ikan kapar, segar (malay combtail, fresh)",TKPI,https://www.panganku.org/id-ID/view,Ikan/Kerang/Udang dll,ikan/kerang/udang dll,74.2,132.0,17.0,6.7,0.8,0.0,1.3,151.0,272.0,1.2,78.0,229.0,0.9,0.7,,,,,0.07,0.03,,,,per 100g,2026-07-01T04:14:08.471742Z,2026-07-01T04:14:08.471742Z,7,0.6957,
tkpi_0894,"Ikan kawalinya, segar (Indian mackerel, fresh)","ikan kawalinya, segar (indian mackerel, fresh)",TKPI,https://www.panganku.org/id-ID/view,Ikan/Kerang/Udang dll,ikan/kerang/udang dll,76.1,110.0,12.6,4.2,5.4,,1.7,80.0,300.0,1.5,340.0,300.0,0.2,1.4,146.0,,,,,,0.2,,,per 100g,2026-07-01T04:14:08.471742Z,2026-07-01T04:14:08.471742Z,8,0.6522,
tkpi_0895,"Ikan keru-keru, segar (Puffers, fresh)","ikan keru-keru, segar (puffers, fresh)",TKPI,https://www.panganku.org/id-ID/view,Ikan/Kerang/Udang dll,ikan/kerang/udang dll,77.2,93.0,16.5,2.1,0.8,0.0,3.4,65.0,217.0,2.4,137.0,255.3,0.34,0.7,0.0,,0.0,,0.01,0.09,1.6,0.0,,per 100g,2026-07-01T04:14:08.471742Z,2026-07-01T04:14:08.471742Z,3,0.8696,
tkpi_0896,"Ikan kima, segar (Clam, shell, fresh)","ikan kima, segar (clam, shell, fresh)",TKPI,https://www.panganku.org/id-ID/view,Ikan/Kerang/Udang dll,ikan/kerang/udang dll,82.1,70.0,10.8,0.7,5.2,,1.2,53.0,72.0,2.0,342.0,101.0,0.5,0.5,401.0,,,,0.22,0.05,5.8,,,per 100g,2026-07-01T04:14:08.471742Z,2026-07-01T04:14:08.471742Z,6,0.7391,
tkpi_0897,"Ikan lais, segar (Sheatfish, fresh)","ikan lais, segar (sheatfish, fresh)",TKPI,https://www.panganku.org/id-ID/view,Ikan/Kerang/Udang dll,ikan/kerang/udang dll,65.0,161.0,11.9,11.5,2.4,0.0,9.2,70.0,237.0,0.0,,,,,0.0,,0.0,,0.05,,,0.0,,per 100g,2026-07-01T04:14:08.471742Z,2026-07-01T04:14:08.471742Z,9,0.6087,
tkpi_0898,"Ikan layang, segar (Indian scad, fresh)","ikan layang, segar (indian scad, fresh)",TKPI,https://www.panganku.org/id-ID/view,Ikan/Kerang/Udang dll,ikan/kerang/udang dll,74.0,109.0,22.0,1.7,0.0,0.0,2.3,50.0,150.0,2.0,,,,,45.0,0.0,,,0.05,,,0.0,,per 100g,2026-07-01T04:14:08.471742Z,2026-07-01T04:14:08.471742Z,9,0.6087,
tkpi_0899,"Ikan layur, segar (Hairtail, fresh)","ikan layur, segar (hairtail, fresh)",TKPI,https://www.panganku.org/id-ID/view,Ikan/Kerang/Udang dll,ikan/kerang/udang dll,80.1,82.0,18.0,1.0,0.4,0.0,0.5,48.0,229.0,2.2,,,,,4.0,,0.0,,0.04,,,0.0,,per 100g,2026-07-01T04:14:08.471742Z,2026-07-01T04:14:08.471742Z,9,0.6087,
tkpi_0900,"Ikan lehoma, segar (Indian mackerel, fresh)","ikan lehoma, segar (indian mackerel, fresh)",TKPI,https://www.panganku.org/id-ID/view,Ikan/Kerang/Udang dll,ikan/kerang/udang dll,77.6,90.0,20.4,0.9,0.0,,1.1,88.0,270.0,0.7,56.0,281.0,0.3,0.9,1.047,,,,0.32,0.03,0.2,,,per 100g,2026-07-01T04:14:08.471742Z,2026-07-01T04:14:08.471742Z,6,0.7391,
tkpi_0901,"Ikan lemuru, segar (Bali sardinella, fresh)","ikan lemuru, segar (bali sardinella, fresh)",TKPI,https://www.panganku.org/id-ID/view,Ikan/Kerang/Udang dll,ikan/kerang/udang dll,76.0,112.0,20.0,3.0,0.0,0.0,1.0,20.0,100.0,1.0,,,,,30.0,0.0,,,0.05,,,0.0,,per 100g,2026-07-01T04:14:08.471742Z,2026-07-01T04:14:08.471742Z,9,0.6087,
tkpi_0902,"Ikan lidah, segar (Flatfishes, fresh)","ikan lidah, segar (flatfishes, fresh)",TKPI,https://www.panganku.org/id-ID/view,Ikan/Kerang/Udang dll,ikan/kerang/udang dll,78.3,104.0,15.6,3.2,2.0,0.0,0.9,30.0,143.0,2.0,,,,,33.0,,0.0,,0.03,,,0.0,,per 100g,2026-07-01T04:14:08.471742Z,2026-07-01T04:14:08.471742Z,9,0.6087,
tkpi_0903,"Ikan malalugis, segar","ikan malalugis, segar",TKPI,https://www.panganku.org/id-ID/view,Ikan/Kerang/Udang dll,ikan/kerang/udang dll,75.6,99.0,20.6,1.4,0.9,,1.5,164.0,330.0,0.5,76.0,282.0,0.2,0.9,661.0,,,,0.3,0.02,0.5,,,per 100g,2026-07-01T04:14:08.471742Z,2026-07-01T04:14:08.471742Z,6,0.7391,
tkpi_0904,"Ikan mamar merah, segar","ikan mamar merah, segar",TKPI,https://www.panganku.org/id-ID/view,Ikan/Kerang/Udang dll,ikan/kerang/udang dll,75.0,115.0,15.3,4.0,4.4,0.0,1.3,60.0,190.0,1.6,120.0,240.0,0.2,1.0,,,,,0.2,0.1,0.1,,,per 100g,2026-07-01T04:14:08.471742Z,2026-07-01T04:14:08.471742Z,6,0.7391,
tkpi_0905,"Ikan mas, segar (Common carp, fresh)","ikan mas, segar (common carp, fresh)",TKPI,https://www.panganku.org/id-ID/view,Ikan/Kerang/Udang dll,ikan/kerang/udang dll,80.0,86.0,16.0,2.0,0.0,0.0,2.0,20.0,150.0,2.0,65.0,276.7,0.1,1.1,45.0,8.0,,,0.05,0.1,2.6,0.0,,per 100g,2026-07-01T04:14:08.471742Z,2026-07-01T04:14:08.471742Z,3,0.8696,
tkpi_0906,"Ikan mayong, segar","ikan mayong, segar",TKPI,https://www.panganku.org/id-ID/view,Ikan/Kerang/Udang dll,ikan/kerang/udang dll,78.2,97.0,17.9,2.0,0.4,0.0,1.5,40.0,100.0,2.5,,,,,21.0,,0.0,,0.1,,,0.0,,per 100g,2026-07-01T04:14:08.471742Z,2026-07-01T04:14:08.471742Z,9,0.6087,
tkpi_0907,"Ikan mujahir, segar (Mozambique tilapia, fresh)","ikan mujahir, segar (mozambique tilapia, fresh)",TKPI,https://www.panganku.org/id-ID/view,Ikan/Kerang/Udang dll,ikan/kerang/udang dll,79.7,89.0,18.7,1.0,0.0,0.0,1.1,96.0,209.0,1.5,51.0,265.8,0.0,0.2,6.0,3.0,5.0,,0.03,0.1,2.0,0.0,,per 100g,2026-07-01T04:14:08.471742Z,2026-07-01T04:14:08.471742Z,2,0.913,
tkpi_0908,"Ikan nasu metti, segar","ikan nasu metti, segar",TKPI,https://www.panganku.org/id-ID/view,Ikan/Kerang/Udang dll,ikan/kerang/udang dll,65.3,154.0,16.8,5.0,10.5,,2.4,80.0,244.0,1.6,421.0,488.0,0.2,1.2,,,,,0.47,0.15,9.6,,,per 100g,2026-07-01T04:14:08.471742Z,2026-07-01T04:14:08.471742Z,7,0.6957,
tkpi_0909,"Ikan oci, kembung, segar (Indian mackerels, fresh)","ikan oci, kembung, segar (indian mackerels, fresh)",TKPI,https://www.panganku.org/id-ID/view,Ikan/Kerang/Udang dll,ikan/kerang/udang dll,71.4,125.0,21.3,3.4,2.2,,1.7,136.0,69.0,0.8,214.0,245.0,0.2,1.1,,,,,0.26,0.03,0.2,,,per 100g,2026-07-01T04:14:08.471742Z,2026-07-01T04:14:08.471742Z,7,0.6957,
tkpi_0910,"Ikan paling, segar","ikan paling, segar",TKPI,https://www.panganku.org/id-ID/view,Ikan/Kerang/Udang dll,ikan/kerang/udang dll,58.0,303.0,14.0,27.0,0.0,0.0,1.0,20.0,200.0,1.0,43.0,,,,485.0,0.0,,,0.1,,,2.0,,per 100g,2026-07-01T04:14:08.471742Z,2026-07-01T04:14:08.471742Z,8,0.6522,
tkpi_0911,"Ikan papuyu/ betok, segar (Climbing perch, fresh)","ikan papuyu/ betok, segar (climbing perch, fresh)",TKPI,https://www.panganku.org/id-ID/view,Ikan/Kerang/Udang dll,ikan/kerang/udang dll,75.0,120.0,14.3,4.9,4.6,0.0,1.2,329.0,436.0,1.5,240.0,169.0,0.8,1.1,,0.0,,,0.0,0.05,3.1,,,per 100g,2026-07-01T04:14:08.471742Z,2026-07-01T04:14:08.471742Z,5,0.7826,
tkpi_0912,"Ikan patin, segar (Striped catfish, fresh)","ikan patin, segar (striped catfish, fresh)",TKPI,https://www.panganku.org/id-ID/view,Ikan/Kerang/Udang dll,ikan/kerang/udang dll,74.4,132.0,17.0,6.6,1.1,0.0,0.9,31.0,173.0,1.6,77.0,346.0,0.7,0.8,,7.0,,,0.2,0.03,1.7,,,per 100g,2026-07-01T04:14:08.471742Z,2026-07-01T04:14:08.471742Z,5,0.7826,
tkpi_0913,"Ikan pomo, segar","ikan pomo, segar",TKPI,https://www.panganku.org/id-ID/view,Ikan/Kerang/Udang dll,ikan/kerang/udang dll,68.3,147.0,22.5,5.2,2.6,,1.4,80.0,230.0,1.3,,380.0,0.2,0.7,89.0,,,,,,,,,per 100g,2026-07-01T04:14:08.471742Z,2026-07-01T04:14:08.471742Z,10,0.5652,
tkpi_0914,"Ikan puntin, segar (Bagrdi catfish, fresh)","ikan puntin, segar (bagrdi catfish, fresh)",TKPI,https://www.panganku.org/id-ID/view,Ikan/Kerang/Udang dll,ikan/kerang/udang dll,81.1,76.0,14.4,1.1,2.2,,1.2,28.0,166.0,0.0,,325.0,0.1,0.6,,,,,0.31,0.11,,,,per 100g,2026-07-01T04:14:08.471742Z,2026-07-01T04:14:08.471742Z,9,0.6087,
tkpi_0915,"Ikan saluang, segar (Rasboras fish, fresh)","ikan saluang, segar (rasboras fish, fresh)",TKPI,https://www.panganku.org/id-ID/view,Ikan/Kerang/Udang dll,ikan/kerang/udang dll,74.8,113.0,13.9,4.9,3.4,0.0,3.0,642.0,646.0,1.9,51.0,182.0,0.8,3.6,,,,,0.21,0.02,1.8,,,per 100g,2026-07-01T04:14:08.471742Z,2026-07-01T04:14:08.471742Z,6,0.7391,
tkpi_0916,"Ikan sarden, segar (Herrings, fresh)","ikan sarden, segar (herrings, fresh)",TKPI,https://www.panganku.org/id-ID/view,Ikan/Kerang/Udang dll,ikan/kerang/udang dll,72.7,109.0,19.9,1.8,3.4,0.0,2.2,95.0,597.0,1.3,266.0,227.0,0.3,2.0,195.0,0.0,,,0.26,0.03,4.4,,,per 100g,2026-07-01T04:14:08.471742Z,2026-07-01T04:14:08.471742Z,4,0.8261,
tkpi_0917,"Ikan selar, segar (Scadfish, fresh)","ikan selar, segar (scadfish, fresh)",TKPI,https://www.panganku.org/id-ID/view,Ikan/Kerang/Udang dll,ikan/kerang/udang dll,75.4,100.0,18.8,2.2,0.0,0.0,3.6,40.0,179.0,0.5,43.0,392.6,0.1,0.3,45.0,0.0,,,0.37,0.2,3.4,0.0,,per 100g,2026-07-01T04:14:08.471742Z,2026-07-01T04:14:08.471742Z,3,0.8696,
tkpi_0918,"Ikan sepat, segar (Snakeskin gourami, fresh)","ikan sepat, segar (snakeskin gourami, fresh)",TKPI,https://www.panganku.org/id-ID/view,Ikan/Kerang/Udang dll,ikan/kerang/udang dll,78.8,84.0,15.2,0.6,4.7,0.0,0.8,68.0,171.0,2.1,211.0,198.0,0.7,0.6,,0.0,,,0.16,0.03,1.9,,,per 100g,2026-07-01T04:14:08.471742Z,2026-07-01T04:14:08.471742Z,5,0.7826,
tkpi_0919,"Ikan sidat, segar (Shortfin Eel, fresh)","ikan sidat, segar (shortfin eel, fresh)",TKPI,https://www.panganku.org/id-ID/view,Ikan/Kerang/Udang dll,ikan/kerang/udang dll,71.3,81.0,11.4,1.9,3.8,0.0,11.6,118.0,174.0,3.0,46.0,245.9,0.0,1.5,15.0,0.0,0.0,,0.0,0.4,3.2,0.0,,per 100g,2026-07-01T04:14:08.471742Z,2026-07-01T04:14:08.471742Z,2,0.913,
tkpi_0920,"Ikan sunu, segar (Leopard coralgrouper, fresh)","ikan sunu, segar (leopard coralgrouper, fresh)",TKPI,https://www.panganku.org/id-ID/view,Ikan/Kerang/Udang dll,ikan/kerang/udang dll,75.5,111.0,13.3,3.4,6.7,,1.1,86.0,174.0,1.2,91.0,197.0,0.0,0.6,309.0,,,,1.03,0.1,0.2,,,per 100g,2026-07-01T04:14:08.471742Z,2026-07-01T04:14:08.471742Z,6,0.7391,
tkpi_0921,"Ikan tahuman, segar","ikan tahuman, segar",TKPI,https://www.panganku.org/id-ID/view,Ikan/Kerang/Udang dll,ikan/kerang/udang dll,77.4,88.0,15.9,0.9,4.1,0.0,1.8,221.0,223.0,0.0,24.0,364.0,0.4,0.7,,,,,0.2,0.25,1.6,,,per 100g,2026-07-01T04:14:08.471742Z,2026-07-01T04:14:08.471742Z,6,0.7391,
tkpi_0922,"Ikan tarmon, segar","ikan tarmon, segar",TKPI,https://www.panganku.org/id-ID/view,Ikan/Kerang/Udang dll,ikan/kerang/udang dll,76.7,96.0,19.5,1.1,2.0,0.0,0.8,9.0,129.0,0.3,43.0,154.0,0.1,0.5,,,,,0.15,0.02,1.7,,,per 100g,2026-07-01T04:14:08.471742Z,2026-07-01T04:14:08.471742Z,6,0.7391,
tkpi_0923,"Ikan telan, segar (spiny eel, fresh)","ikan telan, segar (spiny eel, fresh)",TKPI,https://www.panganku.org/id-ID/view,Ikan/Kerang/Udang dll,ikan/kerang/udang dll,75.3,95.0,15.8,0.7,6.5,0.0,1.7,503.0,354.0,0.2,58.0,294.0,1.6,1.2,,,,,0.18,0.02,1.9,,,per 100g,2026-07-01T04:14:08.471742Z,2026-07-01T04:14:08.471742Z,6,0.7391,
tkpi_0924,"Ikan tembang, segar (Bonga shad, fresh)","ikan tembang, segar (bonga shad, fresh)",TKPI,https://www.panganku.org/id-ID/view,Ikan/Kerang/Udang dll,ikan/kerang/udang dll,65.0,204.0,16.0,15.0,0.0,0.0,4.0,20.0,200.0,2.0,341.0,291.0,0.4,2.6,30.0,0.0,,,0.05,0.0,5.6,0.0,,per 100g,2026-07-01T04:14:08.471742Z,2026-07-01T04:14:08.471742Z,3,0.8696,
tkpi_0925,"Ikan tempahas, segar","ikan tempahas, segar",TKPI,https://www.panganku.org/id-ID/view,Ikan/Kerang/Udang dll,ikan/kerang/udang dll,78.9,101.0,15.1,4.1,1.0,0.0,0.9,32.0,163.0,0.0,50.0,320.0,0.7,0.6,,,,,0.02,0.05,1.5,,,per 100g,2026-07-01T04:14:08.471742Z,2026-07-01T04:14:08.471742Z,6,0.7391,
tkpi_0926,"Ikan terbang, segar (Flyingfishes, fresh)","ikan terbang, segar (flyingfishes, fresh)",TKPI,https://www.panganku.org/id-ID/view,Ikan/Kerang/Udang dll,ikan/kerang/udang dll,76.1,98.0,19.6,1.7,1.0,0.0,1.6,90.0,190.0,0.6,90.0,320.0,0.1,0.5,39.0,0.0,,,0.0,0.1,0.1,,,per 100g,2026-07-01T04:14:08.471742Z,2026-07-01T04:14:08.471742Z,4,0.8261,
tkpi_0927,"Ikan teri, segar (Anchovies, fresh)","ikan teri, segar (anchovies, fresh)",TKPI,https://www.panganku.org/id-ID/view,Ikan/Kerang/Udang dll,ikan/kerang/udang dll,80.0,74.0,10.3,1.4,4.1,0.0,4.2,972.0,253.0,3.9,554.0,126.1,305.2,0.2,13.0,0.0,28.0,,0.24,0.1,1.9,0.0,,per 100g,2026-07-01T04:14:08.471742Z,2026-07-01T04:14:08.471742Z,2,0.913,
tkpi_0928,"Ikan titang, segar (Spotted scat,fresh)","ikan titang, segar (spotted scat,fresh)",TKPI,https://www.panganku.org/id-ID/view,Ikan/Kerang/Udang dll,ikan/kerang/udang dll,78.8,82.0,17.4,0.4,2.3,0.0,1.1,145.0,130.0,1.8,110.0,275.0,0.1,0.8,581.0,,,,0.64,0.03,1.5,,,per 100g,2026-07-01T04:14:08.471742Z,2026-07-01T04:14:08.471742Z,5,0.7826,
tkpi_0929,"Ikan tongkol, segar (Tuna, fresh)","ikan tongkol, segar (tuna, fresh)",TKPI,https://www.panganku.org/id-ID/view,Ikan/Kerang/Udang dll,ikan/kerang/udang dll,74.7,100.0,13.7,1.5,8.0,0.0,2.1,92.0,606.0,1.7,202.0,227.0,0.2,1.6,181.0,0.0,,,0.35,0.03,6.6,,,per 100g,2026-07-01T04:14:08.471742Z,2026-07-01T04:14:08.471742Z,4,0.8261,
tkpi_0930,"Ikan turi, segar","ikan turi, segar",TKPI,https://www.panganku.org/id-ID/view,Ikan/Kerang/Udang dll,ikan/kerang/udang dll,76.9,96.0,19.2,2.0,0.2,,2.1,340.0,340.0,0.8,370.0,300.0,0.1,2.0,26.0,,,,,,,,,per 100g,2026-07-01T04:14:08.471742Z,2026-07-01T04:14:08.471742Z,9,0.6087,
tkpi_0931,"Keong, segar (Snail, fresh)","keong, segar (snail, fresh)",TKPI,https://www.panganku.org/id-ID/view,Ikan/Kerang/Udang dll,ikan/kerang/udang dll,81.0,64.0,12.0,1.0,2.0,0.0,4.0,217.0,78.0,1.7,231.0,,0.37,0.1,0.0,244.0,,,,,,,,per 100g,2026-07-01T04:14:08.471742Z,2026-07-01T04:14:08.471742Z,8,0.6522,
tkpi_0932,"Kepiting, segar (Crab, fresh)","kepiting, segar (crab, fresh)",TKPI,https://www.panganku.org/id-ID/view,Ikan/Kerang/Udang dll,ikan/kerang/udang dll,68.1,151.0,13.8,3.8,14.1,0.0,0.2,210.0,250.0,1.1,,,,,61.0,,,,0.05,,,0.0,,per 100g,2026-07-01T04:14:08.471742Z,2026-07-01T04:14:08.471742Z,10,0.5652,
tkpi_0933,"Kerang, segar","kerang, segar",TKPI,https://www.panganku.org/id-ID/view,Ikan/Kerang/Udang dll,ikan/kerang/udang dll,78.2,101.0,14.4,2.6,3.9,0.0,0.9,321.0,270.0,15.6,,,,,0.0,,0.0,,0.01,,,0.0,,per 100g,2026-07-01T04:14:08.471742Z,2026-07-01T04:14:08.471742Z,9,0.6087,
tkpi_0934,"Kodok, segar (Frog, fresh)","kodok, segar (frog, fresh)",TKPI,https://www.panganku.org/id-ID/view,Ikan/Kerang/Udang dll,ikan/kerang/udang dll,81.9,73.0,16.4,0.3,0.0,0.0,1.4,18.0,147.0,1.1,,,,,0.0,,,,0.14,,,0.0,,per 100g,2026-07-01T04:14:08.471742Z,2026-07-01T04:14:08.471742Z,10,0.5652,
tkpi_0935,"Kura-kura, segar (Turtles, fresh)","kura-kura, segar (turtles, fresh)",TKPI,https://www.panganku.org/id-ID/view,Ikan/Kerang/Udang dll,ikan/kerang/udang dll,80.0,83.0,19.1,0.2,0.0,0.0,0.7,27.0,87.0,0.7,,,,,0.0,,,,0.2,,,0.0,,per 100g,2026-07-01T04:14:08.471742Z,2026-07-01T04:14:08.471742Z,10,0.5652,
tkpi_0936,"Kuro, segar (Threadfin, fresh)","kuro, segar (threadfin, fresh)",TKPI,https://www.panganku.org/id-ID/view,Ikan/Kerang/Udang dll,ikan/kerang/udang dll,79.9,87.0,16.0,2.2,1.0,0.0,0.9,75.0,136.0,1.0,,,,,6.0,,0.0,,0.04,,,0.0,,per 100g,2026-07-01T04:14:08.471742Z,2026-07-01T04:14:08.471742Z,9,0.6087,
tkpi_0937,"Lokan, segar","lokan, segar",TKPI,https://www.panganku.org/id-ID/view,Ikan/Kerang/Udang dll,ikan/kerang/udang dll,80.9,217.0,11.0,1.7,5.1,,1.3,20.0,390.0,10.9,3.0,7.0,0.2,2.7,,,,,0.45,0.07,,,,per 100g,2026-07-01T04:14:08.471742Z,2026-07-01T04:14:08.471742Z,8,0.6522,
tkpi_0938,"Rajungan, segar","rajungan, segar",TKPI,https://www.panganku.org/id-ID/view,Ikan/Kerang/Udang dll,ikan/kerang/udang dll,80.2,76.0,12.1,2.0,2.4,0.0,2.7,721.0,214.0,2.2,69.0,192.0,1.7,2.9,599.0,40.0,,,0.2,0.25,0.2,,,per 100g,2026-07-01T04:14:08.471742Z,2026-07-01T04:14:08.471742Z,4,0.8261,
tkpi_0939,"Rebon, udang kecil, segar","rebon, udang kecil, segar",TKPI,https://www.panganku.org/id-ID/view,Ikan/Kerang/Udang dll,ikan/kerang/udang dll,79.0,81.0,16.2,1.2,0.7,0.0,2.9,757.0,292.0,2.2,169.0,202.9,0.7,1.2,18.0,0.0,,,0.04,0.1,2.4,0.0,,per 100g,2026-07-01T04:14:08.471742Z,2026-07-01T04:14:08.471742Z,3,0.8696,
tkpi_0940,Rusip,rusip,TKPI,https://www.panganku.org/id-ID/view,Ikan/Kerang/Udang dll,ikan/kerang/udang dll,58.5,110.0,11.5,2.0,11.7,0.0,16.3,479.0,348.0,7.1,,,,,0.0,,0.0,,0.04,,,0.0,,per 100g,2026-07-01T04:14:08.471742Z,2026-07-01T04:14:08.471742Z,9,0.6087,
tkpi_0941,"Udang galah, segar (Giant river prawn, fresh)","udang galah, segar (giant river prawn, fresh)",TKPI,https://www.panganku.org/id-ID/view,Ikan/Kerang/Udang dll,ikan/kerang/udang dll,79.0,81.0,16.5,0.3,3.0,0.0,1.2,87.0,167.0,0.7,95.0,132.0,0.7,1.2,,3.0,,,0.24,0.03,2.9,,,per 100g,2026-07-01T04:14:08.471742Z,2026-07-01T04:14:08.471742Z,5,0.7826,
tkpi_0942,"Udang, besar, segar (Tiger prawn, fresh)","udang, besar, segar (tiger prawn, fresh)",TKPI,https://www.panganku.org/id-ID/view,Ikan/Kerang/Udang dll,ikan/kerang/udang dll,85.5,56.0,11.4,0.6,1.2,0.0,1.3,30.0,20.0,0.3,190.0,210.0,0.4,0.8,,0.0,,,0.14,0.0,0.1,,,per 100g,2026-07-01T04:14:08.471742Z,2026-07-01T04:14:08.471742Z,5,0.7826,
tkpi_0943,"Udang, segar (Shrimp, fresh)","udang, segar (shrimp, fresh)",TKPI,https://www.panganku.org/id-ID/view,Ikan/Kerang/Udang dll,ikan/kerang/udang dll,75.0,91.0,21.0,0.2,0.1,0.0,3.7,136.0,170.0,8.0,178.0,222.4,0.3,1.3,18.0,4.0,,,0.01,0.4,3.7,0.0,,per 100g,2026-07-01T04:14:08.471742Z,2026-07-01T04:14:08.471742Z,3,0.8696,
tkpi_0944,"Bekicot, dendeng, mentah","bekicot, dendeng, mentah",TKPI,https://www.panganku.org/id-ID/view,Ikan/Kerang/Udang dll,ikan/kerang/udang dll,6.7,441.0,48.7,20.3,15.8,0.0,8.4,692.0,523.0,16.6,,,,,6.0,,1.408,,0.56,,,69.0,,per 100g,2026-07-01T04:14:08.471742Z,2026-07-01T04:14:08.471742Z,9,0.6087,
tkpi_0945,"Belut, goreng (Asian swamp eel, fresh)","belut, goreng (asian swamp eel, fresh)",TKPI,https://www.panganku.org/id-ID/view,Ikan/Kerang/Udang dll,ikan/kerang/udang dll,11.2,417.0,25.9,19.4,32.0,0.0,11.5,840.0,872.0,4.9,71.0,217.7,0.3,1.8,0.0,,0.0,,0.0,0.2,10.5,0.0,,per 100g,2026-07-01T04:14:08.471742Z,2026-07-01T04:14:08.471742Z,3,0.8696,
tkpi_0946,"Cumi-cumi, goreng (Squid, fried)","cumi-cumi, goreng (squid, fried)",TKPI,https://www.panganku.org/id-ID/view,Ikan/Kerang/Udang dll,ikan/kerang/udang dll,54.2,265.0,40.6,10.1,0.0,0.0,3.1,62.0,270.0,2.7,86.0,81.9,,,0.0,56.0,0.0,,0.09,0.0,6.3,0.0,,per 100g,2026-07-01T04:14:08.471742Z,2026-07-01T04:14:08.471742Z,4,0.8261,
tkpi_0947,"Ikan asin, kering","ikan asin, kering",TKPI,https://www.panganku.org/id-ID/view,Ikan/Kerang/Udang dll,ikan/kerang/udang dll,40.0,193.0,42.0,1.5,0.0,0.0,16.5,200.0,300.0,0.0,,,,,,,,,0.01,,,0.0,,per 100g,2026-07-01T04:14:08.471742Z,2026-07-01T04:14:08.471742Z,11,0.5217,
tkpi_0948,"Ikan bandeng presto, masakan","ikan bandeng presto, masakan",TKPI,https://www.panganku.org/id-ID/view,Ikan/Kerang/Udang dll,ikan/kerang/udang dll,45.3,296.0,17.1,20.3,11.3,0.0,6.0,1.422,659.0,1.9,,,,,6.0,0.0,400.0,,0.14,,,69.0,,per 100g,2026-07-01T04:14:08.471742Z,2026-07-01T04:14:08.471742Z,8,0.6522,
tkpi_0949,"Ikan baung bakar (Asian river catfish, fresh)","ikan baung bakar (asian river catfish, fresh)",TKPI,https://www.panganku.org/id-ID/view,Ikan/Kerang/Udang dll,ikan/kerang/udang dll,69.8,144.0,17.8,5.8,5.2,,1.4,18.0,169.0,0.0,168.0,236.0,0.1,0.7,,,,,0.0,0.0,1.3,,,per 100g,2026-07-01T04:14:08.471742Z,2026-07-01T04:14:08.471742Z,7,0.6957,
tkpi_0950,"Ikan Belida bakar (Indonesian featherback, fresh)","ikan belida bakar (indonesian featherback, fresh)",TKPI,https://www.panganku.org/id-ID/view,Ikan/Kerang/Udang dll,ikan/kerang/udang dll,68.2,128.0,18.0,3.0,7.2,0.0,3.6,58.0,134.0,0.0,293.0,198.0,0.1,0.4,,0.0,,,1.8,0.17,1.5,,,per 100g,2026-07-01T04:14:08.471742Z,2026-07-01T04:14:08.471742Z,5,0.7826,
tkpi_0951,"Ikan cakalang asap, mentah (Skipjack tuna, fish,smoked, raw)","ikan cakalang asap, mentah (skipjack tuna, fish,smoked, raw)",TKPI,https://www.panganku.org/id-ID/view,Ikan/Kerang/Udang dll,ikan/kerang/udang dll,56.9,204.0,34.2,5.6,1.9,,1.4,14.0,399.0,1.3,176.0,588.0,0.3,0.7,1.546,,,,0.53,0.07,,,,per 100g,2026-07-01T04:14:08.471742Z,2026-07-01T04:14:08.471742Z,7,0.6957,
tkpi_0952,"Ikan cakalang asin, mentah (Skipjack tuna,fish, salted, raw)","ikan cakalang asin, mentah (skipjack tuna,fish, salted, raw)",TKPI,https://www.panganku.org/id-ID/view,Ikan/Kerang/Udang dll,ikan/kerang/udang dll,41.7,198.0,36.5,2.2,5.5,0.0,14.1,236.0,346.0,3.7,4.304,302.1,,,0.0,,0.0,,0.06,,,0.0,,per 100g,2026-07-01T04:14:08.471742Z,2026-07-01T04:14:08.471742Z,7,0.6957,
tkpi_0953,"Ikan calo/ peda, mentah","ikan calo/ peda, mentah",TKPI,https://www.panganku.org/id-ID/view,Ikan/Kerang/Udang dll,ikan/kerang/udang dll,71.3,81.0,11.4,1.9,3.8,0.0,11.6,743.0,174.0,22.6,,,,,15.0,,0.0,,0.0,,,0.0,,per 100g,2026-07-01T04:14:08.471742Z,2026-07-01T04:14:08.471742Z,9,0.6087,
tkpi_0954,"Ikan Gabus asap, mentah (Asian snakehead, fish, smoked)","ikan gabus asap, mentah (asian snakehead, fish, smoked)",TKPI,https://www.panganku.org/id-ID/view,Ikan/Kerang/Udang dll,ikan/kerang/udang dll,26.4,261.0,38.1,2.3,21.9,0.0,11.3,2.51,1.84,2.9,320.0,410.0,0.4,0.8,114.0,,,,0.1,0.1,14.5,,,per 100g,2026-07-01T04:14:08.471742Z,2026-07-01T04:14:08.471742Z,5,0.7826,
tkpi_0955,"Ikan Gabus, kering (Asian snakehead, fish, dried)","ikan gabus, kering (asian snakehead, fish, dried)",TKPI,https://www.panganku.org/id-ID/view,Ikan/Kerang/Udang dll,ikan/kerang/udang dll,24.0,268.0,58.0,4.0,0.0,0.0,14.0,15.0,100.0,0.1,,,,,30.0,,,,0.1,,,0.0,,per 100g,2026-07-01T04:14:08.471742Z,2026-07-01T04:14:08.471742Z,10,0.5652,
tkpi_0956,"Ikan gete, goreng","ikan gete, goreng",TKPI,https://www.panganku.org/id-ID/view,Ikan/Kerang/Udang dll,ikan/kerang/udang dll,44.7,267.0,23.1,19.4,0.2,,12.6,2.34,1.24,0.8,590.0,440.0,0.1,1.9,,,,,,,0.2,,,per 100g,2026-07-01T04:14:08.471742Z,2026-07-01T04:14:08.471742Z,9,0.6087,
tkpi_0957,"Ikan hiu, kering (Shark, fish, dried)","ikan hiu, kering (shark, fish, dried)",TKPI,https://www.panganku.org/id-ID/view,Ikan/Kerang/Udang dll,ikan/kerang/udang dll,23.1,298.0,46.3,3.6,20.2,,6.8,335.0,846.0,2.5,957.0,1.457,0.5,2.0,661.0,,,,0.84,0.11,22.5,,,per 100g,2026-07-01T04:14:08.471742Z,2026-07-01T04:14:08.471742Z,6,0.7391,
tkpi_0958,"Ikan katombo, asin (Pargy, fish, salted)","ikan katombo, asin (pargy, fish, salted)",TKPI,https://www.panganku.org/id-ID/view,Ikan/Kerang/Udang dll,ikan/kerang/udang dll,44.7,162.0,31.7,2.8,0.3,0.0,15.5,279.0,609.0,4.6,4.393,342.2,2.8,,0.0,,0.0,,0.09,,,0.0,,per 100g,2026-07-01T04:14:08.471742Z,2026-07-01T04:14:08.471742Z,6,0.7391,
tkpi_0959,"Ikan kayu, kering","ikan kayu, kering",TKPI,https://www.panganku.org/id-ID/view,Ikan/Kerang/Udang dll,ikan/kerang/udang dll,23.1,302.0,70.7,1.9,0.4,0.0,3.9,313.0,22.0,4.1,345.0,1.045,,1.8,,,,,1.4,0.04,20.0,,,per 100g,2026-07-01T04:14:08.471742Z,2026-07-01T04:14:08.471742Z,7,0.6957,
tkpi_0960,Ikan Lais bakar,ikan lais bakar,TKPI,https://www.panganku.org/id-ID/view,Ikan/Kerang/Udang dll,ikan/kerang/udang dll,69.4,147.0,17.5,6.5,5.4,,1.2,54.0,194.0,0.1,142.0,209.0,,0.5,,,,,,,,,,per 100g,2026-07-01T04:14:08.471742Z,2026-07-01T04:14:08.471742Z,11,0.5217,
tkpi_0961,"Ikan lomak asin, mentah","ikan lomak asin, mentah",TKPI,https://www.panganku.org/id-ID/view,Ikan/Kerang/Udang dll,ikan/kerang/udang dll,21.6,258.0,40.3,2.3,18.9,0.0,16.9,140.0,279.0,2.3,6.227,485.1,2.3,,,,,,0.1,0.3,6.0,,,per 100g,2026-07-01T04:14:08.471742Z,2026-07-01T04:14:08.471742Z,7,0.6957,
tkpi_0962,Ikan Mas pepes,ikan mas pepes,TKPI,https://www.panganku.org/id-ID/view,Ikan/Kerang/Udang dll,ikan/kerang/udang dll,57.5,209.0,15.2,11.3,11.8,0.5,4.3,686.0,530.0,6.1,74.0,276.7,0.1,1.9,3.0,,315.0,,0.13,0.1,2.4,0.0,,per 100g,2026-07-01T04:14:08.471742Z,2026-07-01T04:14:08.471742Z,3,0.8696,
tkpi_0963,Ikan mujahir goreng,ikan mujahir goreng,TKPI,https://www.panganku.org/id-ID/view,Ikan/Kerang/Udang dll,ikan/kerang/udang dll,44.7,416.0,46.9,23.9,0.0,0.0,2.2,346.0,654.0,0.9,54.0,278.9,0.0,0.2,12.0,3.0,8.0,,0.12,0.1,2.2,0.0,,per 100g,2026-07-01T04:14:08.471742Z,2026-07-01T04:14:08.471742Z,2,0.913,
tkpi_0964,Ikan Mujahir pepes,ikan mujahir pepes,TKPI,https://www.panganku.org/id-ID/view,Ikan/Kerang/Udang dll,ikan/kerang/udang dll,73.7,121.0,21.7,2.8,0.8,0.0,1.0,83.0,248.0,1.6,58.0,265.8,0.0,0.3,8.0,,6.0,,0.0,0.1,1.9,0.0,,per 100g,2026-07-01T04:14:08.471742Z,2026-07-01T04:14:08.471742Z,3,0.8696,
tkpi_0965,"Ikan mujahir, dendeng, mentah","ikan mujahir, dendeng, mentah",TKPI,https://www.panganku.org/id-ID/view,Ikan/Kerang/Udang dll,ikan/kerang/udang dll,15.2,582.0,68.3,15.2,37.2,0.0,14.1,3.258,1.699,4.3,,,,,15.0,,20.0,,0.27,,,0.0,,per 100g,2026-07-01T04:14:08.471742Z,2026-07-01T04:14:08.471742Z,9,0.6087,
tkpi_0966,"Ikan Papuyu, bakar","ikan papuyu, bakar",TKPI,https://www.panganku.org/id-ID/view,Ikan/Kerang/Udang dll,ikan/kerang/udang dll,66.6,152.0,17.6,6.1,6.7,0.0,3.0,244.0,227.0,3.4,320.0,224.0,0.2,1.0,,,,,,,,,,per 100g,2026-07-01T04:14:08.471742Z,2026-07-01T04:14:08.471742Z,9,0.6087,
tkpi_0967,"Ikan Patin, bakar","ikan patin, bakar",TKPI,https://www.panganku.org/id-ID/view,Ikan/Kerang/Udang dll,ikan/kerang/udang dll,70.3,144.0,17.5,6.3,4.3,,1.6,191.0,232.0,1.4,379.0,230.0,0.1,0.7,,,,,,,,,,per 100g,2026-07-01T04:14:08.471742Z,2026-07-01T04:14:08.471742Z,10,0.5652,
tkpi_0968,"Ikan peda banjar, mentah","ikan peda banjar, mentah",TKPI,https://www.panganku.org/id-ID/view,Ikan/Kerang/Udang dll,ikan/kerang/udang dll,46.0,156.0,28.0,4.0,2.0,0.0,20.0,174.0,316.0,3.1,59.0,368.8,0.0,0.5,33.0,4.0,,,0.1,0.1,4.7,,,per 100g,2026-07-01T04:14:08.471742Z,2026-07-01T04:14:08.471742Z,4,0.8261,
tkpi_0969,"Ikan pepetek, mentah (Ponyfish, fresh)","ikan pepetek, mentah (ponyfish, fresh)",TKPI,https://www.panganku.org/id-ID/view,Ikan/Kerang/Udang dll,ikan/kerang/udang dll,33.0,176.0,32.0,4.4,2.0,0.0,28.6,120.0,200.0,1.0,79.0,1.0,,,15.0,,,,0.05,0.1,2.4,0.0,,per 100g,2026-07-01T04:14:08.471742Z,2026-07-01T04:14:08.471742Z,6,0.7391,
tkpi_0970,"Ikan Pindang banjar, mentah","ikan pindang banjar, mentah",TKPI,https://www.panganku.org/id-ID/view,Ikan/Kerang/Udang dll,ikan/kerang/udang dll,59.0,157.0,28.0,4.2,1.8,0.0,7.0,50.0,100.0,1.0,,,,,45.0,,,,0.1,,,0.0,,per 100g,2026-07-01T04:14:08.471742Z,2026-07-01T04:14:08.471742Z,10,0.5652,
tkpi_0971,"Ikan Pindang benggol, mentah","ikan pindang benggol, mentah",TKPI,https://www.panganku.org/id-ID/view,Ikan/Kerang/Udang dll,ikan/kerang/udang dll,57.0,170.0,31.0,4.2,0.0,0.0,7.8,50.0,100.0,1.0,,,,,45.0,,,,0.1,,,0.0,,per 100g,2026-07-01T04:14:08.471742Z,2026-07-01T04:14:08.471742Z,10,0.5652,
tkpi_0972,"Ikan Pindang layang, mentah","ikan pindang layang, mentah",TKPI,https://www.panganku.org/id-ID/view,Ikan/Kerang/Udang dll,ikan/kerang/udang dll,60.0,153.0,30.0,2.8,0.0,0.0,7.2,60.0,200.0,3.0,,,,,61.0,,,,0.07,,,0.0,,per 100g,2026-07-01T04:14:08.471742Z,2026-07-01T04:14:08.471742Z,10,0.5652,
tkpi_0973,"Ikan Pindang selar, mentah","ikan pindang selar, mentah",TKPI,https://www.panganku.org/id-ID/view,Ikan/Kerang/Udang dll,ikan/kerang/udang dll,60.0,142.0,27.0,3.0,0.0,0.0,10.0,60.0,200.0,3.0,,,,,61.0,,,,0.07,,,0.0,,per 100g,2026-07-01T04:14:08.471742Z,2026-07-01T04:14:08.471742Z,10,0.5652,
tkpi_0974,"Ikan sale, mentah","ikan sale, mentah",TKPI,https://www.panganku.org/id-ID/view,Ikan/Kerang/Udang dll,ikan/kerang/udang dll,8.5,534.0,40.2,39.3,4.9,2.0,7.1,199.0,1.244,2.7,673.0,673.0,0.3,2.6,,410.0,0.0,,0.02,0.5,0.0,0.0,,per 100g,2026-07-01T04:14:08.471742Z,2026-07-01T04:14:08.471742Z,3,0.8696,
tkpi_0975,"Ikan sale lais, mentah (Sheatfish)","ikan sale lais, mentah (sheatfish)",TKPI,https://www.panganku.org/id-ID/view,Ikan/Kerang/Udang dll,ikan/kerang/udang dll,12.4,415.0,61.3,17.6,2.9,0.0,5.8,258.0,919.0,7.0,381.0,488.0,17.6,1.0,0.0,,0.0,,0.03,0.1,17.3,0.0,,per 100g,2026-07-01T04:14:08.471742Z,2026-07-01T04:14:08.471742Z,3,0.8696,
tkpi_0976,"Ikan saluang, kering, mentah (Rasborafish)","ikan saluang, kering, mentah (rasborafish)",TKPI,https://www.panganku.org/id-ID/view,Ikan/Kerang/Udang dll,ikan/kerang/udang dll,33.6,284.0,34.1,9.9,14.6,0.0,7.8,1.426,1.103,9.5,1.767,263.0,1.3,18.7,,,,,0.49,0.03,,,,per 100g,2026-07-01T04:14:08.471742Z,2026-07-01T04:14:08.471742Z,7,0.6957,
tkpi_0977,"Ikan sanggang, masakan","ikan sanggang, masakan",TKPI,https://www.panganku.org/id-ID/view,Ikan/Kerang/Udang dll,ikan/kerang/udang dll,42.6,240.0,21.7,7.7,20.7,,7.3,159.0,362.0,9.8,2.041,159.0,1.5,8.8,,,,,0.51,0.02,,,,per 100g,2026-07-01T04:14:08.471742Z,2026-07-01T04:14:08.471742Z,8,0.6522,
tkpi_0978,"Ikan selar kuning, cue, mentah (Black-banded trevally)","ikan selar kuning, cue, mentah (black-banded trevally)",TKPI,https://www.panganku.org/id-ID/view,Ikan/Kerang/Udang dll,ikan/kerang/udang dll,59.0,138.0,27.0,3.3,0.0,0.0,0.7,50.0,100.0,2.0,,,,,45.0,,,,0.1,,,0.0,,per 100g,2026-07-01T04:14:08.471742Z,2026-07-01T04:14:08.471742Z,10,0.5652,
tkpi_0979,"Ikan selar, kering, mentah (Trevally yellow-banded)","ikan selar, kering, mentah (trevally yellow-banded)",TKPI,https://www.panganku.org/id-ID/view,Ikan/Kerang/Udang dll,ikan/kerang/udang dll,43.0,194.0,38.0,3.5,0.0,0.0,15.5,20.0,200.0,1.0,,,,,0.0,0.0,,,0.01,,,0.0,,per 100g,2026-07-01T04:14:08.471742Z,2026-07-01T04:14:08.471742Z,9,0.6087,
tkpi_0980,"Ikan sepat, kering, mentah (Siamese gourami)","ikan sepat, kering, mentah (siamese gourami)",TKPI,https://www.panganku.org/id-ID/view,Ikan/Kerang/Udang dll,ikan/kerang/udang dll,30.0,289.0,38.0,14.0,0.0,0.0,18.0,40.0,100.0,0.7,,,,,0.0,0.0,,,0.0,,,0.0,,per 100g,2026-07-01T04:14:08.471742Z,2026-07-01T04:14:08.471742Z,9,0.6087,
tkpi_0981,"Ikan sunu, asin, mentah (Coral trout)","ikan sunu, asin, mentah (coral trout)",TKPI,https://www.panganku.org/id-ID/view,Ikan/Kerang/Udang dll,ikan/kerang/udang dll,34.7,199.0,34.1,3.8,7.1,,20.3,94.0,92.0,2.2,377.0,57.0,0.1,3.2,2.481,,,,1.5,0.13,7.2,,,per 100g,2026-07-01T04:14:08.471742Z,2026-07-01T04:14:08.471742Z,6,0.7391,
tkpi_0982,"Ikan, tepung, mentah","ikan, tepung, mentah",TKPI,https://www.panganku.org/id-ID/view,Ikan/Kerang/Udang dll,ikan/kerang/udang dll,4.3,316.0,60.1,6.5,22.4,0.0,6.7,3.196,1.976,16.6,,,,,320.0,0.0,0.0,,0.0,,,0.0,,per 100g,2026-07-01T04:14:08.471742Z,2026-07-01T04:14:08.471742Z,8,0.6522,
tkpi_0983,"Ikan Teri nasi, kering, mentah","ikan teri nasi, kering, mentah",TKPI,https://www.panganku.org/id-ID/view,Ikan/Kerang/Udang dll,ikan/kerang/udang dll,34.5,144.0,32.5,0.6,0.0,0.0,32.4,1.0,1.0,3.0,312.0,,,,61.0,,,,0.1,,,0.0,,per 100g,2026-07-01T04:14:08.471742Z,2026-07-01T04:14:08.471742Z,9,0.6087,
tkpi_0984,"Ikan Teri, bubuk, mentah","ikan teri, bubuk, mentah",TKPI,https://www.panganku.org/id-ID/view,Ikan/Kerang/Udang dll,ikan/kerang/udang dll,15.0,277.0,60.0,2.3,1.8,0.0,20.9,1.209,1.225,3.0,,,,,90.0,,,,0.1,,,0.0,,per 100g,2026-07-01T04:14:08.471742Z,2026-07-01T04:14:08.471742Z,10,0.5652,
tkpi_0985,"Ikan teri, kering, mentah (Anchovy)","ikan teri, kering, mentah (anchovy)",TKPI,https://www.panganku.org/id-ID/view,Ikan/Kerang/Udang dll,ikan/kerang/udang dll,37.8,170.0,33.4,3.0,0.0,0.0,25.8,1.2,1.5,3.6,,,,,64.0,,,,0.15,,,0.0,,per 100g,2026-07-01T04:14:08.471742Z,2026-07-01T04:14:08.471742Z,10,0.5652,
tkpi_0986,"Ikan Teri, kering, tawar, mentah","ikan teri, kering, tawar, mentah",TKPI,https://www.panganku.org/id-ID/view,Ikan/Kerang/Udang dll,ikan/kerang/udang dll,16.7,331.0,68.7,4.2,0.0,0.0,10.4,2.381,1.5,23.4,,,,,61.0,,,,0.1,,,0.0,,per 100g,2026-07-01T04:14:08.471742Z,2026-07-01T04:14:08.471742Z,10,0.5652,
tkpi_0987,"Ikan Teri, tepung, mentah","ikan teri, tepung, mentah",TKPI,https://www.panganku.org/id-ID/view,Ikan/Kerang/Udang dll,ikan/kerang/udang dll,5.2,347.0,48.8,6.4,19.6,0.0,20.0,4.608,1.2,18.6,,,,,61.0,0.0,130.0,,1.12,,,0.0,,per 100g,2026-07-01T04:14:08.471742Z,2026-07-01T04:14:08.471742Z,8,0.6522,
tkpi_0988,"Kerang, asap, mentah","kerang, asap, mentah",TKPI,https://www.panganku.org/id-ID/view,Ikan/Kerang/Udang dll,ikan/kerang/udang dll,9.3,393.0,38.9,13.3,29.4,,9.1,420.0,410.0,8.5,160.0,50.0,0.6,3.7,,,,,0.3,1.7,0.2,,,per 100g,2026-07-01T04:14:08.471742Z,2026-07-01T04:14:08.471742Z,7,0.6957,
tkpi_0989,"Kerang, dendeng, mentah","kerang, dendeng, mentah",TKPI,https://www.panganku.org/id-ID/view,Ikan/Kerang/Udang dll,ikan/kerang/udang dll,18.3,357.0,41.1,10.0,25.6,0.0,5.0,217.0,904.0,5.2,,,,,0.0,,329.0,,0.27,,,0.0,,per 100g,2026-07-01T04:14:08.471742Z,2026-07-01T04:14:08.471742Z,9,0.6087,
tkpi_0990,"Rebon, kering, mentah","rebon, kering, mentah",TKPI,https://www.panganku.org/id-ID/view,Ikan/Kerang/Udang dll,ikan/kerang/udang dll,21.6,299.0,59.4,3.6,3.2,0.0,12.2,2.306,625.0,21.4,,,,,0.0,0.0,,,0.06,,,0.0,,per 100g,2026-07-01T04:14:08.471742Z,2026-07-01T04:14:08.471742Z,9,0.6087,
tkpi_0991,"Rebung laut, mentah","rebung laut, mentah",TKPI,https://www.panganku.org/id-ID/view,Ikan/Kerang/Udang dll,ikan/kerang/udang dll,18.2,320.0,7.2,4.2,63.3,,7.1,240.0,570.0,6.6,20.0,1.04,1.5,6.2,917.0,,,,0.0,0.0,4.9,,,per 100g,2026-07-01T04:14:08.471742Z,2026-07-01T04:14:08.471742Z,6,0.7391,
tkpi_0992,Sardines dalam kaleng,sardines dalam kaleng,TKPI,https://www.panganku.org/id-ID/view,Ikan/Kerang/Udang dll,ikan/kerang/udang dll,47.1,338.0,21.1,27.0,1.0,0.0,3.8,354.0,434.0,3.5,,,,,76.0,0.0,,,0.1,,,0.0,,per 100g,2026-07-01T04:14:08.471742Z,2026-07-01T04:14:08.471742Z,9,0.6087,
tkpi_0993,"Teripang, dendeng, mentah","teripang, dendeng, mentah",TKPI,https://www.panganku.org/id-ID/view,Ikan/Kerang/Udang dll,ikan/kerang/udang dll,12.5,462.0,39.1,32.4,3.5,0.0,12.5,499.0,616.0,96.4,315.0,402.5,,,2.0,0.0,144.0,,1.37,0.0,5.3,0.0,,per 100g,2026-07-01T04:14:08.471742Z,2026-07-01T04:14:08.471742Z,4,0.8261,
tkpi_0994,"Udang kering, mentah","udang kering, mentah",TKPI,https://www.panganku.org/id-ID/view,Ikan/Kerang/Udang dll,ikan/kerang/udang dll,14.9,278.0,62.6,4.1,2.2,,16.2,760.0,510.0,5.2,540.0,360.0,2.4,3.2,39.0,,,,,,0.1,,,per 100g,2026-07-01T04:14:08.471742Z,2026-07-01T04:14:08.471742Z,8,0.6522,
tkpi_0995,"Udang papay, mentah","udang papay, mentah",TKPI,https://www.panganku.org/id-ID/view,Ikan/Kerang/Udang dll,ikan/kerang/udang dll,24.5,273.0,47.8,3.8,12.5,,11.5,1.109,789.0,2.4,651.0,802.0,2.6,10.8,,,,,,,,,,per 100g,2026-07-01T04:14:08.471742Z,2026-07-01T04:14:08.471742Z,10,0.5652,
tkpi_0996,Abon ikan,abon ikan,TKPI,https://www.panganku.org/id-ID/view,Ikan/Kerang/Udang dll,ikan/kerang/udang dll,6.4,435.0,27.2,20.2,36.1,,10.1,,,,,,,,,,,,,0.8,24.3,,,per 100g,2026-07-01T04:14:08.471742Z,2026-07-01T04:14:08.471742Z,15,0.3478,
tkpi_0997,"Betok wadi, masakan (Climbing gouramy)","betok wadi, masakan (climbing gouramy)",TKPI,https://www.panganku.org/id-ID/view,Ikan/Kerang/Udang dll,ikan/kerang/udang dll,69.2,145.0,16.3,7.0,4.1,,3.4,405.0,523.0,1.8,69.0,203.0,1.0,1.3,,,,,0.22,,,,,per 100g,2026-07-01T04:14:08.471742Z,2026-07-01T04:14:08.471742Z,9,0.6087,"Ikan betok yang dibersihkan lalu difermentasi dengan garam dalam wadah beling, setalah itu dimasak sesuai selera, digoreng atau disayur."
tkpi_0998,"Bou ninahu ndamate, masakan","bou ninahu ndamate, masakan",TKPI,https://www.panganku.org/id-ID/view,Ikan/Kerang/Udang dll,ikan/kerang/udang dll,79.5,79.0,6.3,1.0,1.1,,2.1,,,,67.0,,,,691.0,,,,0.1,0.0,0.1,,,per 100g,2026-07-01T04:14:08.471742Z,2026-07-01T04:14:08.471742Z,12,0.4783,Ikan gabus segar dimasak dengan tomat (Sup gabus)
tkpi_0999,"Bouiki ninahu nggaluku, masakan","bouiki ninahu nggaluku, masakan",TKPI,https://www.panganku.org/id-ID/view,Ikan/Kerang/Udang dll,ikan/kerang/udang dll,73.9,94.0,7.8,2.2,10.8,,5.3,,,,58.0,179.4,,1.5,,,,,0.5,0.03,2.4,,,per 100g,2026-07-01T04:14:08.471742Z,2026-07-01T04:14:08.471742Z,11,0.5217,Keong sawah / tutut dimasak dengan santan
tkpi_1000,Cakalang asar (asap),cakalang asar (asap),TKPI,https://www.panganku.org/id-ID/view,Ikan/Kerang/Udang dll,ikan/kerang/udang dll,64.3,155.0,20.1,3.8,10.2,,1.6,20.0,240.0,2.1,90.0,390.0,0.3,0.1,86.0,,,,,0.7,0.2,,,per 100g,2026-07-01T04:14:08.471742Z,2026-07-01T04:14:08.471742Z,7,0.6957,
tkpi_1001,"Dendeng belut, goreng, masakan","dendeng belut, goreng, masakan",TKPI,https://www.panganku.org/id-ID/view,Ikan/Kerang/Udang dll,ikan/kerang/udang dll,8.2,382.0,55.7,14.1,8.0,0.0,14.0,1.069,654.0,15.4,,,,,28.0,,1.48,,0.48,,,0.0,,per 100g,2026-07-01T04:14:08.471742Z,2026-07-01T04:14:08.471742Z,9,0.6087,
tkpi_1002,"Dendeng mujahir, goreng, masakan","dendeng mujahir, goreng, masakan",TKPI,https://www.panganku.org/id-ID/view,Ikan/Kerang/Udang dll,ikan/kerang/udang dll,6.5,598.0,74.3,26.9,9.2,0.0,13.1,1.957,1.447,7.4,,,,,18.0,,25.0,,0.19,,,0.0,,per 100g,2026-07-01T04:14:08.471742Z,2026-07-01T04:14:08.471742Z,9,0.6087,
tkpi_1003,Fillet o-fish,fillet o-fish,TKPI,https://www.panganku.org/id-ID/view,Ikan/Kerang/Udang dll,ikan/kerang/udang dll,51.0,270.0,12.3,15.9,19.3,0.2,1.5,239.0,272.0,1.8,439.0,,,,34.0,,580.0,,0.59,,,0.0,,per 100g,2026-07-01T04:14:08.471742Z,2026-07-01T04:14:08.471742Z,8,0.6522,
tkpi_1004,"Gete kuah asam, masakan","gete kuah asam, masakan",TKPI,https://www.panganku.org/id-ID/view,Ikan/Kerang/Udang dll,ikan/kerang/udang dll,80.1,75.0,8.2,2.0,6.0,,3.8,1.62,880.0,0.8,260.0,150.0,0.1,1.5,,,,,,,0.1,,,per 100g,2026-07-01T04:14:08.471742Z,2026-07-01T04:14:08.471742Z,9,0.6087,
tkpi_1005,"Gulai asam keueung, masakan","gulai asam keueung, masakan",TKPI,https://www.panganku.org/id-ID/view,Ikan/Kerang/Udang dll,ikan/kerang/udang dll,86.0,52.0,10.0,0.5,1.8,,1.7,62.0,102.0,0.3,332.0,141.0,0.0,1.0,,,,,0.18,0.34,,,,per 100g,2026-07-01T04:14:08.471742Z,2026-07-01T04:14:08.471742Z,8,0.6522,"Ikan yang dimasak dengan asam kanti, biasanya ikan kakap, ikan bandeng, tongkol, patin, dan kembung"
tkpi_1006,"Gulai ikan, masakan","gulai ikan, masakan",TKPI,https://www.panganku.org/id-ID/view,Ikan/Kerang/Udang dll,ikan/kerang/udang dll,75.7,106.0,16.5,3.3,2.5,,2.0,306.0,196.0,4.8,743.0,,,,86.0,,2.76,,0.32,,,0.0,,per 100g,2026-07-01T04:14:08.471742Z,2026-07-01T04:14:08.471742Z,9,0.6087,
tkpi_1007,"Gulai ikan paya, masakan","gulai ikan paya, masakan",TKPI,https://www.panganku.org/id-ID/view,Ikan/Kerang/Udang dll,ikan/kerang/udang dll,72.1,148.0,10.0,9.8,5.0,,3.1,103.0,82.0,0.7,525.0,256.0,0.1,0.9,,,,,0.26,0.02,,,,per 100g,2026-07-01T04:14:08.471742Z,2026-07-01T04:14:08.471742Z,8,0.6522,
tkpi_1008,"Gulai keumamah, masakan","gulai keumamah, masakan",TKPI,https://www.panganku.org/id-ID/view,Ikan/Kerang/Udang dll,ikan/kerang/udang dll,81.4,110.0,5.9,8.2,3.2,,1.3,32.0,96.0,1.0,335.0,121.0,0.2,0.9,,,,,0.33,0.04,,,,per 100g,2026-07-01T04:14:08.471742Z,2026-07-01T04:14:08.471742Z,8,0.6522,"Keumamah atau katshibushi atau ikan kayu (jenis ikan: tongkol/tuna/cakalang). Ikan direbus, dikeringkan beberapa hari hingga mengeras, lalu diiris kecil-kecil. Keumamah dimasak dengan santan"
tkpi_1009,"Gulai tiram, masakan","gulai tiram, masakan",TKPI,https://www.panganku.org/id-ID/view,Ikan/Kerang/Udang dll,ikan/kerang/udang dll,73.1,132.0,9.0,7.2,7.8,,2.9,53.0,134.0,3.7,285.0,133.0,1.1,0.7,389.0,,,,0.29,0.12,,,,per 100g,2026-07-01T04:14:08.471742Z,2026-07-01T04:14:08.471742Z,7,0.6957,
tkpi_1010,"Gurame asem manis, masakan","gurame asem manis, masakan",TKPI,https://www.panganku.org/id-ID/view,Ikan/Kerang/Udang dll,ikan/kerang/udang dll,63.1,192.0,12.7,10.1,12.7,0.0,2.4,283.0,169.0,1.1,,,,,19.0,,1.44,,0.1,,,0.0,,per 100g,2026-07-01T04:14:08.471742Z,2026-07-01T04:14:08.471742Z,9,0.6087,
tkpi_1011,"Ikan asar merah, masakan","ikan asar merah, masakan",TKPI,https://www.panganku.org/id-ID/view,Ikan/Kerang/Udang dll,ikan/kerang/udang dll,69.2,146.0,17.7,5.9,5.6,,1.6,100.0,240.0,4.0,170.0,310.0,0.3,1.4,224.0,0.0,,,,,,,,per 100g,2026-07-01T04:14:08.471742Z,2026-07-01T04:14:08.471742Z,8,0.6522,
tkpi_1012,"Jambal goreng, masakan","jambal goreng, masakan",TKPI,https://www.panganku.org/id-ID/view,Ikan/Kerang/Udang dll,ikan/kerang/udang dll,13.4,286.0,48.5,9.2,2.3,,26.6,207.0,457.0,3.3,,,,,109.0,,160.0,,0.4,,3.1,0.0,,per 100g,2026-07-01T04:14:08.471742Z,2026-07-01T04:14:08.471742Z,9,0.6087,
tkpi_1013,"Jukku pallu kaloa, masakan","jukku pallu kaloa, masakan",TKPI,https://www.panganku.org/id-ID/view,Ikan/Kerang/Udang dll,ikan/kerang/udang dll,69.4,15.0,15.2,4.3,8.8,,2.3,40.0,170.0,1.1,605.0,153.0,0.6,1.1,,,,,0.3,0.14,7.5,,,per 100g,2026-07-01T04:14:08.471742Z,2026-07-01T04:14:08.471742Z,7,0.6957,"Masakan ikan cangkalang dengan bumbu lengkuas, serai, cabai merah, kecap, dan garam"
tkpi_1014,"Kaholeo, masakan","kaholeo, masakan",TKPI,https://www.panganku.org/id-ID/view,Ikan/Kerang/Udang dll,ikan/kerang/udang dll,11.2,413.0,28.7,19.8,29.8,,10.5,909.0,1.291,0.0,0.0,1.171,0.1,3.1,4.236,,,,1.34,0.03,5.7,,,per 100g,2026-07-01T04:14:08.471742Z,2026-07-01T04:14:08.471742Z,6,0.7391,Sambal goreng kering teri
tkpi_1015,Lawara penjah,lawara penjah,TKPI,https://www.panganku.org/id-ID/view,Ikan/Kerang/Udang dll,ikan/kerang/udang dll,64.5,207.0,7.4,15.4,9.6,,2.9,114.0,219.0,5.9,683.0,117.0,0.5,0.7,0.0,38.0,,,0.19,0.04,,14.0,,per 100g,2026-07-01T04:14:08.471742Z,2026-07-01T04:14:08.471742Z,5,0.7826,Ikan penja dimasak dan dicampur dengan kelapa parut yang sudah berbumbu (seperti urap)
tkpi_1016,"Model, masakan","model, masakan",TKPI,https://www.panganku.org/id-ID/view,Ikan/Kerang/Udang dll,ikan/kerang/udang dll,83.9,79.0,2.2,4.0,8.6,,1.3,8.0,33.0,0.8,147.0,34.0,0.1,0.5,,,,,0.16,0.02,,,,per 100g,2026-07-01T04:14:08.471742Z,2026-07-01T04:14:08.471742Z,8,0.6522,"Dibuat dari adonan yang sama dengan�pempek�kapal selam. Bedanya, model diisi dengan�tahu�dan digoreng sebelum disaji. Dihidangkan dengan kuah model yang terbuat dari�kaldu�udang. Lalu dicampur dengan�bihun, timun,�dan�ebi"
tkpi_1017,"Mujahir acar kuning, masakan","mujahir acar kuning, masakan",TKPI,https://www.panganku.org/id-ID/view,Ikan/Kerang/Udang dll,ikan/kerang/udang dll,43.1,330.0,17.8,23.4,12.1,1.1,4.6,154.0,357.0,5.3,,,,,24.0,,4.13,,0.15,,,0.0,,per 100g,2026-07-01T04:14:08.471742Z,2026-07-01T04:14:08.471742Z,9,0.6087,
tkpi_1018,"Parede baleh, masakan","parede baleh, masakan",TKPI,https://www.panganku.org/id-ID/view,Ikan/Kerang/Udang dll,ikan/kerang/udang dll,80.0,87.0,10.5,2.5,5.5,,1.5,35.0,215.0,0.9,416.0,59.0,0.1,0.2,,,,,0.24,0.0,0.7,,,per 100g,2026-07-01T04:14:08.471742Z,2026-07-01T04:14:08.471742Z,7,0.6957,Masakan ikan dengan mangga
tkpi_1019,"Pempek adaan, masakan","pempek adaan, masakan",TKPI,https://www.panganku.org/id-ID/view,Ikan/Kerang/Udang dll,ikan/kerang/udang dll,62.6,162.0,4.9,3.0,27.8,,1.7,26.0,116.0,1.0,488.0,119.0,0.1,0.2,,,,,0.3,0.03,1.0,,,per 100g,2026-07-01T04:14:08.471742Z,2026-07-01T04:14:08.471742Z,7,0.6957,
tkpi_1020,"Pempek belida, masakan","pempek belida, masakan",TKPI,https://www.panganku.org/id-ID/view,Ikan/Kerang/Udang dll,ikan/kerang/udang dll,61.4,156.0,4.2,1.4,31.6,0.2,1.4,100.0,55.0,3.3,,,,,0.0,,0.0,,0.03,,,0.0,,per 100g,2026-07-01T04:14:08.471742Z,2026-07-01T04:14:08.471742Z,9,0.6087,
tkpi_1021,"Pempek kapal selam, masakan","pempek kapal selam, masakan",TKPI,https://www.panganku.org/id-ID/view,Ikan/Kerang/Udang dll,ikan/kerang/udang dll,63.4,152.0,4.5,2.3,28.2,,1.6,19.0,115.0,1.6,628.0,91.0,0.1,0.2,,,,,0.2,0.03,1.0,,,per 100g,2026-07-01T04:14:08.471742Z,2026-07-01T04:14:08.471742Z,7,0.6957,
tkpi_1022,"Pempek kelesan, masakan","pempek kelesan, masakan",TKPI,https://www.panganku.org/id-ID/view,Ikan/Kerang/Udang dll,ikan/kerang/udang dll,53.0,211.0,12.3,6.1,26.6,0.4,2.0,840.0,176.0,1.8,,,,,14.0,,888.0,,0.25,,,0.0,,per 100g,2026-07-01T04:14:08.471742Z,2026-07-01T04:14:08.471742Z,9,0.6087,
tkpi_1023,"Pempek kulit, masakan","pempek kulit, masakan",TKPI,https://www.panganku.org/id-ID/view,Ikan/Kerang/Udang dll,ikan/kerang/udang dll,45.7,243.0,5.2,7.3,39.1,,2.7,16.0,96.0,2.0,555.0,102.0,0.1,0.6,,,,,0.2,0.02,0.9,,,per 100g,2026-07-01T04:14:08.471742Z,2026-07-01T04:14:08.471742Z,7,0.6957,
tkpi_1024,"Pempek telur, masakan","pempek telur, masakan",TKPI,https://www.panganku.org/id-ID/view,Ikan/Kerang/Udang dll,ikan/kerang/udang dll,62.4,156.0,4.7,2.7,28.3,,1.9,13.0,83.0,1.3,448.0,48.0,0.1,0.6,,,,,0.2,0.05,1.1,,,per 100g,2026-07-01T04:14:08.471742Z,2026-07-01T04:14:08.471742Z,7,0.6957,
tkpi_1025,"Pempek tenggiri, masakan","pempek tenggiri, masakan",TKPI,https://www.panganku.org/id-ID/view,Ikan/Kerang/Udang dll,ikan/kerang/udang dll,56.3,173.0,7.2,1.2,33.4,0.2,1.9,164.0,80.0,3.1,,,,,0.0,,0.0,,0.02,,,0.0,,per 100g,2026-07-01T04:14:08.471742Z,2026-07-01T04:14:08.471742Z,9,0.6087,
tkpi_1026,"Pencok lele, masakan","pencok lele, masakan",TKPI,https://www.panganku.org/id-ID/view,Ikan/Kerang/Udang dll,ikan/kerang/udang dll,47.5,372.0,7.8,36.3,3.5,0.0,4.9,289.0,295.0,5.3,,,,,64.0,0.0,12.07,,0.12,,,0.0,,per 100g,2026-07-01T04:14:08.471742Z,2026-07-01T04:14:08.471742Z,8,0.6522,
tkpi_1027,Pinda,pinda,TKPI,https://www.panganku.org/id-ID/view,Ikan/Kerang/Udang dll,ikan/kerang/udang dll,71.0,107.0,15.9,0.6,0.4,,3.1,375.0,336.0,1.9,526.0,330.0,0.2,1.0,896.0,,,,0.89,0.05,0.5,,,per 100g,2026-07-01T04:14:08.471742Z,2026-07-01T04:14:08.471742Z,6,0.7391,Ikan boto - boto dimasak asam
tkpi_1028,"Pindang kenari, masakan","pindang kenari, masakan",TKPI,https://www.panganku.org/id-ID/view,Ikan/Kerang/Udang dll,ikan/kerang/udang dll,80.1,124.0,9.5,9.6,0.0,,2.8,120.0,220.0,1.3,370.0,270.0,0.3,1.2,18.0,381.0,,,,,0.1,,,per 100g,2026-07-01T04:14:08.471742Z,2026-07-01T04:14:08.471742Z,7,0.6957,"Ikan tongkol dimasak dengan terong, lalu ditambahkan kacang kenari sebagai bumbunya dan daun kemangi"
tkpi_1029,"Saboko gurita, masakan","saboko gurita, masakan",TKPI,https://www.panganku.org/id-ID/view,Ikan/Kerang/Udang dll,ikan/kerang/udang dll,76.2,87.0,15.7,1.5,2.6,,4.1,60.0,14.0,2.1,200.0,180.0,0.9,4.0,38.0,,,,,,,,,per 100g,2026-07-01T04:14:08.471742Z,2026-07-01T04:14:08.471742Z,9,0.6087,"Gurita dibumbui dengan cabe, bawang, daun asam muda yang kemudian dibungkus dengan daun lontar dan dibakar"
tkpi_1030,"Saboko saltan, masakan","saboko saltan, masakan",TKPI,https://www.panganku.org/id-ID/view,Ikan/Kerang/Udang dll,ikan/kerang/udang dll,76.0,113.0,17.1,3.6,3.0,,0.3,240.0,60.0,0.5,40.0,350.0,0.2,0.6,27.0,,,,,,0.1,,,per 100g,2026-07-01T04:14:08.471742Z,2026-07-01T04:14:08.471742Z,8,0.6522,"Ikan saltan dibumbui dengan cabe, bawang, daun asam muda yang kemudian dibungkus dengan daun lontar dan dibakar"
tkpi_1031,"Saboko sardin, masakan","saboko sardin, masakan",TKPI,https://www.panganku.org/id-ID/view,Ikan/Kerang/Udang dll,ikan/kerang/udang dll,70.0,110.0,12.9,4.3,4.9,,7.9,220.0,520.0,6.0,200.0,280.0,0.2,3.9,37.0,,,,,,,,,per 100g,2026-07-01T04:14:08.471742Z,2026-07-01T04:14:08.471742Z,9,0.6087,"Ikan sarden dibumbui dengan cabe, bawang, daun asam muda yang kemudian dibungkus dengan daun lontar dan dibakar"
tkpi_1032,Sate Bandeng,sate bandeng,TKPI,https://www.panganku.org/id-ID/view,Ikan/Kerang/Udang dll,ikan/kerang/udang dll,47.1,283.0,12.1,16.8,20.9,2.0,3.1,118.0,186.0,1.2,543.0,199.0,0.2,0.9,,2.0,0.0,,0.02,0.02,0.0,0.0,,per 100g,2026-07-01T04:14:08.471742Z,2026-07-01T04:14:08.471742Z,3,0.8696,Pangan tunggal terolah/ produk yang berbahan baku ikan bandeng
tkpi_1033,"Sepi, masakan","sepi, masakan",TKPI,https://www.panganku.org/id-ID/view,Ikan/Kerang/Udang dll,ikan/kerang/udang dll,66.1,88.0,7.9,1.6,10.6,,13.8,924.0,350.0,2.3,873.0,258.0,1.0,1.1,783.0,,,,,,,,,per 100g,2026-07-01T04:14:08.471742Z,2026-07-01T04:14:08.471742Z,9,0.6087,Makanan yang terbuat dari udang rebon (anak udang yang sangat kecil yang di Bima disebut Sepi Bou)
tkpi_1034,"Tekwan, masakan","tekwan, masakan",TKPI,https://www.panganku.org/id-ID/view,Ikan/Kerang/Udang dll,ikan/kerang/udang dll,86.7,53.0,1.9,0.9,9.4,,1.1,9.0,41.0,1.0,174.0,42.0,0.0,0.0,99.0,,,,0.1,0.02,0.4,,,per 100g,2026-07-01T04:14:08.471742Z,2026-07-01T04:14:08.471742Z,6,0.7391,
tkpi_1035,"Teri belado, masakan","teri belado, masakan",TKPI,https://www.panganku.org/id-ID/view,Ikan/Kerang/Udang dll,ikan/kerang/udang dll,25.8,365.0,23.7,22.3,17.5,0.0,10.9,869.0,348.0,4.0,,,,,27.0,,1.567,,0.13,,,0.0,,per 100g,2026-07-01T04:14:08.471742Z,2026-07-01T04:14:08.471742Z,9,0.6087,
tkpi_1036,"Tumis bandeng, masakan","tumis bandeng, masakan",TKPI,https://www.panganku.org/id-ID/view,Ikan/Kerang/Udang dll,ikan/kerang/udang dll,70.5,189.0,11.3,15.7,0.6,,1.9,56.0,129.0,0.4,314.0,280.0,0.1,0.7,579.0,,,,0.46,0.02,,,,per 100g,2026-07-01T04:14:08.471742Z,2026-07-01T04:14:08.471742Z,7,0.6957,
tkpi_1037,Tumis keumamah,tumis keumamah,TKPI,https://www.panganku.org/id-ID/view,Ikan/Kerang/Udang dll,ikan/kerang/udang dll,45.7,300.0,14.5,20.0,15.5,4.5,4.3,,,,,,,,,8.0,,,0.63,0.04,,7.0,,per 100g,2026-07-01T04:14:08.471742Z,2026-07-01T04:14:08.471742Z,12,0.4783,"Keumamah atau katshibushi atau ikan kayu (jenis ikan: tongkol/tuna/cakalang). Ikan direbus, dikeingkan beberapa hari hingga mengeras, lalu diiris kecil-kecil. Keumamah dimasak tumis"
tkpi_1038,"Telur ayam kampung, segar (Feral chicken, egg, fresh)","telur ayam kampung, segar (feral chicken, egg, fresh)",TKPI,https://www.panganku.org/id-ID/view,Telur,telur,73.1,174.0,10.8,14.0,1.2,0.0,0.9,68.0,268.0,4.9,190.0,141.0,0.6,1.5,203.0,23.0,125.0,,0.78,0.62,0.2,,,per 100g,2026-07-01T04:14:08.471742Z,2026-07-01T04:14:08.471742Z,3,0.8696,
tkpi_1039,"Telur ayam ras, segar (Domestic chicken, egg, fresh)","telur ayam ras, segar (domestic chicken, egg, fresh)",TKPI,https://www.panganku.org/id-ID/view,Telur,telur,74.3,154.0,12.4,10.8,0.7,0.0,0.8,86.0,258.0,3.0,142.0,118.5,0.16,1.0,61.0,22.0,104.0,,0.12,0.38,0.2,0.0,,per 100g,2026-07-01T04:14:08.471742Z,2026-07-01T04:14:08.471742Z,2,0.913,
tkpi_1040,"Telur ayam ras, bagian kuning, segar (Domestic chicken, egg, yolk, raw)","telur ayam ras, bagian kuning, segar (domestic chicken, egg, yolk, raw)",TKPI,https://www.panganku.org/id-ID/view,Telur,telur,49.4,355.0,16.3,31.9,0.7,0.0,1.7,147.0,586.0,7.2,111.0,107.5,0.2,2.5,606.0,63.0,,,0.27,0.51,0.2,0.0,,per 100g,2026-07-01T04:14:08.471742Z,2026-07-01T04:14:08.471742Z,3,0.8696,
tkpi_1041,"Telur aAyam ras, bagian putih, segar (Domestic chicken, egg, white, raw)","telur aayam ras, bagian putih, segar (domestic chicken, egg, white, raw)",TKPI,https://www.panganku.org/id-ID/view,Telur,telur,87.8,50.0,10.8,0.0,0.8,0.0,0.6,6.0,17.0,0.2,164.0,138.5,0.03,0.4,0.0,0.0,,,0.0,0.26,0.4,0.0,,per 100g,2026-07-01T04:14:08.471742Z,2026-07-01T04:14:08.471742Z,3,0.8696,
tkpi_1042,"Telur bebek alabio, segar (Duck, alabio, egg, fresh)","telur bebek alabio, segar (duck, alabio, egg, fresh)",TKPI,https://www.panganku.org/id-ID/view,Telur,telur,70.0,187.0,11.8,14.2,3.0,0.0,1.0,60.0,268.0,6.0,115.0,80.0,0.6,1.7,180.0,437.0,,,1.55,0.37,0.1,,,per 100g,2026-07-01T04:14:08.471742Z,2026-07-01T04:14:08.471742Z,4,0.8261,
tkpi_1043,"Telur bebek, bagian kuning, segar (Duck, egg, yolk, fresh)","telur bebek, bagian kuning, segar (duck, egg, yolk, fresh)",TKPI,https://www.panganku.org/id-ID/view,Telur,telur,47.0,386.0,17.0,35.0,0.8,0.0,0.2,150.0,400.0,7.0,106.0,90.7,0.09,2.5,870.0,747.0,,,0.6,0.68,1.4,0.0,,per 100g,2026-07-01T04:14:08.471742Z,2026-07-01T04:14:08.471742Z,3,0.8696,
tkpi_1044,"Telur bebek, bagian putih, segar (Duck, egg, white, fresh)","telur bebek, bagian putih, segar (duck, egg, white, fresh)",TKPI,https://www.panganku.org/id-ID/view,Telur,telur,88.0,54.0,11.0,0.0,0.8,0.0,0.2,21.0,20.0,0.1,184.0,150.2,0.13,0.1,0.0,0.0,,,0.01,0.02,0.1,0.0,,per 100g,2026-07-01T04:14:08.471742Z,2026-07-01T04:14:08.471742Z,3,0.8696,
tkpi_1045,"Telur bebek tambak, segar (Domestic duck, egg, fresh)","telur bebek tambak, segar (domestic duck, egg, fresh)",TKPI,https://www.panganku.org/id-ID/view,Telur,telur,67.7,187.0,10.9,12.4,7.9,0.0,1.1,64.0,295.0,5.4,209.0,146.0,0.4,1.8,378.0,471.0,375.0,,1.62,0.03,0.1,,,per 100g,2026-07-01T04:14:08.471742Z,2026-07-01T04:14:08.471742Z,3,0.8696,
tkpi_1046,"Telur burung maleo, segar (Maleo, bird, egg , fresh)","telur burung maleo, segar (maleo, bird, egg , fresh)",TKPI,https://www.panganku.org/id-ID/view,Telur,telur,36.0,436.0,26.5,36.3,0.4,,0.8,154.0,120.0,4.3,77.0,333.0,0.4,2.9,3.987,,,,,1.0,0.2,,,per 100g,2026-07-01T04:14:08.471742Z,2026-07-01T04:14:08.471742Z,7,0.6957,
tkpi_1047,"Telur penyu, segar (Turtle, egg)","telur penyu, segar (turtle, egg)",TKPI,https://www.panganku.org/id-ID/view,Telur,telur,7.4,136.0,8.6,10.1,2.7,0.0,1.2,66.0,282.0,3.4,478.0,115.0,0.5,1.4,82.0,17.0,,,0.21,0.02,0.0,0.0,,per 100g,2026-07-01T04:14:08.471742Z,2026-07-01T04:14:08.471742Z,3,0.8696,
tkpi_1048,"Telur burung puyuh, segar (Quail, egg, fress)","telur burung puyuh, segar (quail, egg, fress)",TKPI,https://www.panganku.org/id-ID/view,Telur,telur,79.8,116.0,10.7,7.0,1.6,0.0,0.9,65.0,191.0,3.5,111.0,11.0,0.05,1.2,95.0,80.0,,,0.13,0.65,0.1,0.0,,per 100g,2026-07-01T04:14:08.471742Z,2026-07-01T04:14:08.471742Z,3,0.8696,
tkpi_1049,"Telur ayam, dadar, masakan","telur ayam, dadar, masakan",TKPI,https://www.panganku.org/id-ID/view,Telur,telur,61.9,251.0,16.3,19.4,1.4,0.0,1.0,62.0,250.0,2.5,,,,,36.0,,221.0,,0.21,0.0,,0.0,,per 100g,2026-07-01T04:14:08.471742Z,2026-07-01T04:14:08.471742Z,8,0.6522,
tkpi_1050,"Telur bebek, asin, mentah (Duck, egg, salted, raw)","telur bebek, asin, mentah (duck, egg, salted, raw)",TKPI,https://www.panganku.org/id-ID/view,Telur,telur,66.5,179.0,13.6,13.3,4.4,0.0,2.2,120.0,157.0,1.8,483.0,140.1,,,253.0,13.0,,,0.28,0.98,0.6,0.0,,per 100g,2026-07-01T04:14:08.471742Z,2026-07-01T04:14:08.471742Z,5,0.7826,
tkpi_1051,"Telur bebek, dadar, masakan","telur bebek, dadar, masakan",TKPI,https://www.panganku.org/id-ID/view,Telur,telur,55.1,301.0,20.0,23.7,0.0,0.0,1.2,71.0,600.0,9.2,,,,,122.0,,613.0,,0.35,,,0.0,,per 100g,2026-07-01T04:14:08.471742Z,2026-07-01T04:14:08.471742Z,9,0.6087,
tkpi_1052,"Ikan, telur, asin, mentah (Roe, (fish egg), fresh)","ikan, telur, asin, mentah (roe, (fish egg), fresh)",TKPI,https://www.panganku.org/id-ID/view,Telur,telur,37.8,358.0,20.7,26.4,9.4,0.0,5.7,48.0,311.0,15.1,2.684,59.0,0.4,3.0,1.866,0.0,,,0.21,0.54,2.1,,,per 100g,2026-07-01T04:14:08.471742Z,2026-07-01T04:14:08.471742Z,4,0.8261,
tkpi_1053,"Bayau mi balu, masakan","bayau mi balu, masakan",TKPI,https://www.panganku.org/id-ID/view,Telur,telur,36.1,313.0,6.0,12.2,44.8,,0.9,,,,,,,,783.0,89.0,,,0.14,0.27,9.7,,,per 100g,2026-07-01T04:14:08.471742Z,2026-07-01T04:14:08.471742Z,12,0.4783,Kuning telur dibuat seperti kue dadar kemudian dimasak dengan sirup gula putih
tkpi_1054,"Cucuru bayau, masakan","cucuru bayau, masakan",TKPI,https://www.panganku.org/id-ID/view,Telur,telur,35.0,349.0,6.8,18.7,38.3,,1.2,,,,,,,,,123.0,,,0.06,0.25,0.0,,,per 100g,2026-07-01T04:14:08.471742Z,2026-07-01T04:14:08.471742Z,13,0.4348,"Snack dari kuning telur yang dikocok dengan sedikit gula, lalu dikukus dalam cetakan kecil - kecil bersama sirup gula putih"
tkpi_1055,"Kalio telur, masakan","kalio telur, masakan",TKPI,https://www.panganku.org/id-ID/view,Telur,telur,79.0,193.0,10.6,12.4,9.7,,1.4,148.0,246.0,3.8,540.0,,,,160.0,,3.6,,0.44,,,0.0,,per 100g,2026-07-01T04:14:08.471742Z,2026-07-01T04:14:08.471742Z,9,0.6087,
tkpi_1056,"Kepala susu - krim, segar","kepala susu - krim, segar",TKPI,https://www.panganku.org/id-ID/view,Susu,susu,72.5,204.0,2.6,20.0,4.0,0.0,0.9,97.0,77.0,0.1,,,,,252.0,191.0,,,0.03,0.2,0.1,1.0,,per 100g,2026-07-01T04:14:08.471742Z,2026-07-01T04:14:08.471742Z,7,0.6957,
tkpi_1057,Susu ibu - ASI,susu ibu - asi,TKPI,https://www.panganku.org/id-ID/view,Susu,susu,88.1,62.0,1.5,3.2,7.0,0.0,0.2,34.0,20.0,0.2,15.0,41.0,0.01,0.4,,7.0,,,0.01,0.03,0.2,,,per 100g,2026-07-01T04:14:08.471742Z,2026-07-01T04:14:08.471742Z,5,0.7826,
tkpi_1058,"Susu kambing, segar","susu kambing, segar",TKPI,https://www.panganku.org/id-ID/view,Susu,susu,85.9,64.0,4.3,2.3,6.6,0.0,0.9,98.0,78.0,2.7,35.0,160.0,0.33,0.1,38.0,0.0,,,0.06,0.45,0.3,1.0,,per 100g,2026-07-01T04:14:08.471742Z,2026-07-01T04:14:08.471742Z,3,0.8696,
tkpi_1059,"Susu kerbau, segar","susu kerbau, segar",TKPI,https://www.panganku.org/id-ID/view,Susu,susu,73.8,160.0,6.3,12.0,7.1,,0.8,216.0,101.0,0.2,82.0,,,0.3,24.0,,,,0.04,0.07,,1.0,,per 100g,2026-07-01T04:14:08.471742Z,2026-07-01T04:14:08.471742Z,8,0.6522,
tkpi_1060,"Susu kuda, segar","susu kuda, segar",TKPI,https://www.panganku.org/id-ID/view,Susu,susu,91.0,40.0,2.0,1.1,5.4,0.0,0.4,,,,,37.4,0.0,0.0,,1.0,,,0.0,0.2,0.2,,,per 100g,2026-07-01T04:14:08.471742Z,2026-07-01T04:14:08.471742Z,9,0.6087,
tkpi_1061,"Susu sapi, segar","susu sapi, segar",TKPI,https://www.panganku.org/id-ID/view,Susu,susu,88.3,61.0,3.2,3.5,4.3,0.0,0.7,143.0,60.0,1.7,36.0,149.0,0.02,0.3,39.0,12.0,,,0.03,0.18,0.2,1.0,,per 100g,2026-07-01T04:14:08.471742Z,2026-07-01T04:14:08.471742Z,3,0.8696,
tkpi_1062,Es krim,es krim,TKPI,https://www.panganku.org/id-ID/view,Susu,susu,62.1,210.0,4.0,12.5,20.6,0.0,0.8,123.0,99.0,0.1,78.0,193.4,0.0,0.7,158.0,0.0,,,0.04,0.23,0.1,1.0,,per 100g,2026-07-01T04:14:08.471742Z,2026-07-01T04:14:08.471742Z,3,0.8696,
tkpi_1063,Hangop,hangop,TKPI,https://www.panganku.org/id-ID/view,Susu,susu,84.0,65.0,10.0,1.0,3.5,0.0,1.5,180.0,190.0,0.2,126.0,374.4,0.0,,,22.0,,,0.03,0.43,0.2,,,per 100g,2026-07-01T04:14:08.471742Z,2026-07-01T04:14:08.471742Z,6,0.7391,Sejenis yoghurt
tkpi_1064,Keju,keju,TKPI,https://www.panganku.org/id-ID/view,Susu,susu,38.5,326.0,22.8,20.3,13.1,0.0,5.3,777.0,338.0,1.5,1.41,82.7,0.03,3.1,227.0,128.0,,,0.01,0.37,0.1,1.0,,per 100g,2026-07-01T04:14:08.471742Z,2026-07-01T04:14:08.471742Z,3,0.8696,
tkpi_1065,Kwark (Quark),kwark (quark),TKPI,https://www.panganku.org/id-ID/view,Susu,susu,59.0,242.0,19.0,17.0,3.0,0.0,2.0,300.0,350.0,0.5,37.0,72.7,0.01,0.2,173.0,0.0,,,0.03,0.38,0.0,,,per 100g,2026-07-01T04:14:08.471742Z,2026-07-01T04:14:08.471742Z,4,0.8261,Produk susu segar yang dibuat dengan pemanasan asam susu sampai tingkat kekentalan yang diinginkan tercapai
tkpi_1066,"Susu asam untuk bayi, bubuk","susu asam untuk bayi, bubuk",TKPI,https://www.panganku.org/id-ID/view,Susu,susu,2.5,418.0,19.0,9.0,65.5,0.0,4.0,800.0,600.0,7.0,188.0,486.5,0.0,0.0,303.0,83.0,,,1.0,1.31,0.7,30.0,,per 100g,2026-07-01T04:14:08.471742Z,2026-07-01T04:14:08.471742Z,3,0.8696,
tkpi_1067,Susu bubuk,susu bubuk,TKPI,https://www.panganku.org/id-ID/view,Susu,susu,3.5,513.0,24.6,30.0,36.2,0.0,5.7,904.0,694.0,0.6,380.0,1.33,0.02,4.1,476.0,118.0,,,0.29,1.39,1.6,6.0,,per 100g,2026-07-01T04:14:08.471742Z,2026-07-01T04:14:08.471742Z,3,0.8696,
tkpi_1068,Susu kental manis,susu kental manis,TKPI,https://www.panganku.org/id-ID/view,Susu,susu,25.0,343.0,8.2,10.0,55.0,0.0,1.8,275.0,209.0,0.2,150.0,320.0,0.02,1.0,155.0,46.0,,,0.05,0.43,0.4,1.0,,per 100g,2026-07-01T04:14:08.471742Z,2026-07-01T04:14:08.471742Z,3,0.8696,
tkpi_1069,Susu kental tak manis,susu kental tak manis,TKPI,https://www.panganku.org/id-ID/view,Susu,susu,73.7,138.0,7.0,7.9,9.9,,1.5,243.0,195.0,0.2,140.0,303.0,,,121.0,,,,0.05,,0.0,1.0,,per 100g,2026-07-01T04:14:08.471742Z,2026-07-01T04:14:08.471742Z,8,0.6522,
tkpi_1070,"Susu skim, bubuk","susu skim, bubuk",TKPI,https://www.panganku.org/id-ID/view,Susu,susu,3.5,359.0,35.6,1.0,52.0,0.0,7.9,1.3,1.03,0.6,470.0,1.745,0.04,4.1,,10.0,,,0.35,1.05,1.2,7.0,,per 100g,2026-07-01T04:14:08.471742Z,2026-07-01T04:14:08.471742Z,4,0.8261,
tkpi_1071,"Susu skim, segar","susu skim, segar",TKPI,https://www.panganku.org/id-ID/view,Susu,susu,90.5,36.0,3.5,0.1,5.1,,0.8,123.0,97.0,0.1,38.0,,,,0.0,,,,0.04,,,1.0,,per 100g,2026-07-01T04:14:08.471742Z,2026-07-01T04:14:08.471742Z,10,0.5652,
tkpi_1072,"Yoghurt, segar","yoghurt, segar",TKPI,https://www.panganku.org/id-ID/view,Susu,susu,88.0,52.0,3.3,2.5,4.0,0.0,2.2,120.0,90.0,0.1,40.0,299.0,0.01,0.6,22.0,10.0,,,0.04,0.1,0.2,0.0,,per 100g,2026-07-01T04:14:08.471742Z,2026-07-01T04:14:08.471742Z,3,0.8696,
tkpi_1073,"Kelapa setengah tua, daging, segar (Coconut flesh, half mature, fresh)","kelapa setengah tua, daging, segar (coconut flesh, half mature, fresh)",TKPI,https://www.panganku.org/id-ID/view,Minyak/Lemak,minyak/lemak,70.0,180.0,4.0,15.0,10.0,2.4,1.0,8.0,55.0,1.3,4.0,317.7,0.29,2.9,,0.0,10.0,,0.05,0.01,0.1,4.0,,per 100g,2026-07-01T04:14:08.471742Z,2026-07-01T04:14:08.471742Z,3,0.8696,
tkpi_1074,"Kelapa tua, daging, segar (Coconut, flesh, old, fresh)","kelapa tua, daging, segar (coconut, flesh, old, fresh)",TKPI,https://www.panganku.org/id-ID/view,Minyak/Lemak,minyak/lemak,46.9,359.0,3.4,34.7,14.0,4.7,1.0,21.0,98.0,2.0,3.0,293.9,0.44,1.1,0.0,0.0,,,0.1,0.0,0.0,2.0,,per 100g,2026-07-01T04:14:08.471742Z,2026-07-01T04:14:08.471742Z,3,0.8696,
tkpi_1075,"Lemak babi  (lard) (pork, fat, lord)","lemak babi (lard) (pork, fat, lord)",TKPI,https://www.panganku.org/id-ID/view,Minyak/Lemak,minyak/lemak,0.0,902.0,0.0,100.0,0.0,0.0,0.0,0.0,0.0,0.0,0.0,0.0,9.0,0.1,0.0,0.0,,,0.0,0.0,0.0,0.0,,per 100g,2026-07-01T04:14:08.471742Z,2026-07-01T04:14:08.471742Z,3,0.8696,
tkpi_1076,"Lemak babi (bacon) (pork, fat, bacon)","lemak babi (bacon) (pork, fat, bacon)",TKPI,https://www.panganku.org/id-ID/view,Minyak/Lemak,minyak/lemak,20.0,626.0,9.1,65.0,1.1,0.0,4.8,13.0,108.0,0.8,0.0,0.0,0.0,0.9,0.0,0.0,,,0.38,0.0,0.0,0.0,,per 100g,2026-07-01T04:14:08.471742Z,2026-07-01T04:14:08.471742Z,3,0.8696,
tkpi_1077,"Lemak ikan (Fish, fat)","lemak ikan (fish, fat)",TKPI,https://www.panganku.org/id-ID/view,Minyak/Lemak,minyak/lemak,43.3,372.0,12.0,29.4,14.4,0.0,0.3,20.0,230.0,32.7,60.0,52.0,0.4,1.1,,,,,0.49,0.13,,,,per 100g,2026-07-01T04:14:08.471742Z,2026-07-01T04:14:08.471742Z,7,0.6957,
tkpi_1078,"Lemak kerbau (lemak sapi) (fat, buffalo)","lemak kerbau (lemak sapi) (fat, buffalo)",TKPI,https://www.panganku.org/id-ID/view,Minyak/Lemak,minyak/lemak,5.0,818.0,1.5,90.0,0.0,0.0,3.5,0.0,0.0,0.0,29.0,25.8,0.0,0.0,0.0,283.0,,,0.0,0.0,0.7,0.0,,per 100g,2026-07-01T04:14:08.471742Z,2026-07-01T04:14:08.471742Z,3,0.8696,
tkpi_1079,"Minyak hiu, hati (shark, fish, liver, oil)","minyak hiu, hati (shark, fish, liver, oil)",TKPI,https://www.panganku.org/id-ID/view,Minyak/Lemak,minyak/lemak,0.0,902.0,0.0,100.0,0.0,0.0,0.0,0.0,0.0,0.0,0.0,0.0,0.0,0.0,21.212,0.0,,,0.0,0.0,0.0,0.0,,per 100g,2026-07-01T04:14:08.471742Z,2026-07-01T04:14:08.471742Z,3,0.8696,
tkpi_1080,"Minyak ikan (Fish, oil)","minyak ikan (fish, oil)",TKPI,https://www.panganku.org/id-ID/view,Minyak/Lemak,minyak/lemak,0.0,902.0,0.0,100.0,0.0,0.0,0.0,0.0,0.0,0.0,0.0,0.0,0.0,0.0,24.242,0.0,,,0.0,0.0,0.0,0.0,,per 100g,2026-07-01T04:14:08.471742Z,2026-07-01T04:14:08.471742Z,3,0.8696,
tkpi_1081,Minyak kacang tanah (Peanut oil),minyak kacang tanah (peanut oil),TKPI,https://www.panganku.org/id-ID/view,Minyak/Lemak,minyak/lemak,0.0,902.0,0.0,100.0,0.0,0.0,0.0,0.0,0.0,0.0,0.0,0.0,0.0,0.0,0.0,0.0,,,0.0,0.0,0.0,0.0,,per 100g,2026-07-01T04:14:08.471742Z,2026-07-01T04:14:08.471742Z,3,0.8696,
tkpi_1082,Minyak kedelai (Soybean oil),minyak kedelai (soybean oil),TKPI,https://www.panganku.org/id-ID/view,Minyak/Lemak,minyak/lemak,0.1,883.0,0.0,99.9,0.0,0.0,0.0,0.0,0.0,0.0,0.0,0.1,0.0,0.0,0.0,0.0,,,0.0,0.0,0.0,0.0,,per 100g,2026-07-01T04:14:08.471742Z,2026-07-01T04:14:08.471742Z,3,0.8696,
tkpi_1083,Minyak kelapa (Coconut oil),minyak kelapa (coconut oil),TKPI,https://www.panganku.org/id-ID/view,Minyak/Lemak,minyak/lemak,0.0,870.0,1.0,98.0,0.0,0.0,1.0,0.0,0.0,0.0,0.0,0.0,0.0,0.0,0.0,0.0,,,0.0,0.0,0.0,0.0,,per 100g,2026-07-01T04:14:08.471742Z,2026-07-01T04:14:08.471742Z,3,0.8696,
tkpi_1084,Minyak kelapa sawit (Palm oil),minyak kelapa sawit (palm oil),TKPI,https://www.panganku.org/id-ID/view,Minyak/Lemak,minyak/lemak,0.0,884.0,0.0,100.0,0.0,0.0,0.0,0.0,0.0,0.0,0.0,0.0,0.0,0.0,,18.181,,,0.0,0.0,0.0,0.0,,per 100g,2026-07-01T04:14:08.471742Z,2026-07-01T04:14:08.471742Z,4,0.8261,
tkpi_1085,Minyak wijen (Sesame oil),minyak wijen (sesame oil),TKPI,https://www.panganku.org/id-ID/view,Minyak/Lemak,minyak/lemak,0.1,881.0,0.2,99.7,0.0,0.0,0.0,10.0,5.0,0.1,2.0,20.0,0.0,0.0,0.0,0.0,,,0.01,0.07,0.1,0.0,,per 100g,2026-07-01T04:14:08.471742Z,2026-07-01T04:14:08.471742Z,3,0.8696,
tkpi_1086,Minyak Zaitun (Olive oil),minyak zaitun (olive oil),TKPI,https://www.panganku.org/id-ID/view,Minyak/Lemak,minyak/lemak,0.0,884.0,0.0,100.0,0.0,0.0,0.0,14.0,0.0,1.2,7.0,0.0,0.0,0.0,,0.0,,,0.0,0.0,5.0,,,per 100g,2026-07-01T04:14:08.471742Z,2026-07-01T04:14:08.471742Z,5,0.7826,
tkpi_1087,Margarin (Butter),margarin (butter),TKPI,https://www.panganku.org/id-ID/view,Minyak/Lemak,minyak/lemak,15.5,720.0,0.6,81.0,0.4,0.0,2.5,20.0,16.0,0.0,760.0,25.9,0.0,0.0,606.0,633.0,,,0.0,0.0,0.0,0.0,,per 100g,2026-07-01T04:14:08.471742Z,2026-07-01T04:14:08.471742Z,3,0.8696,
tkpi_1088,Mentega (Margarine),mentega (margarine),TKPI,https://www.panganku.org/id-ID/view,Minyak/Lemak,minyak/lemak,16.0,742.0,0.5,81.6,1.4,0.0,1.9,15.0,16.0,1.1,653.0,103.0,0.0,0.4,1.0,155.0,,,0.0,0.1,0.0,,,per 100g,2026-07-01T04:14:08.471742Z,2026-07-01T04:14:08.471742Z,4,0.8261,
tkpi_1089,Santan (dengan air) (Coconut milk mixed with water),santan (dengan air) (coconut milk mixed with water),TKPI,https://www.panganku.org/id-ID/view,Minyak/Lemak,minyak/lemak,80.0,122.0,2.0,10.0,7.6,1.4,0.4,25.0,30.0,0.1,9.0,162.4,0.16,0.4,0.0,,,,0.02,0.0,0.5,2.0,,per 100g,2026-07-01T04:14:08.471742Z,2026-07-01T04:14:08.471742Z,4,0.8261,
tkpi_1090,"Santan murni (Coconut milk, pured)","santan murni (coconut milk, pured)",TKPI,https://www.panganku.org/id-ID/view,Minyak/Lemak,minyak/lemak,54.9,324.0,4.2,34.3,5.6,0.0,1.0,14.0,45.0,1.9,18.0,514.1,0.37,0.9,0.0,0.0,,,0.02,0.0,0.5,2.0,,per 100g,2026-07-01T04:14:08.471742Z,2026-07-01T04:14:08.471742Z,3,0.8696,
tkpi_1091,"Coklat manis, batang (Chocolate, bar)","coklat manis, batang (chocolate, bar)",TKPI,https://www.panganku.org/id-ID/view,Konfeksioneri,konfeksioneri,1.4,527.0,2.0,29.8,62.7,6.5,4.1,63.0,287.0,2.8,6.0,499.5,0.0,0.0,,,30.0,,0.03,0.02,0.0,0.0,,per 100g,2026-07-01T04:14:08.471742Z,2026-07-01T04:14:08.471742Z,4,0.8261,
tkpi_1092,"Coklat pahit,batang (Chocolate,dark, bar)","coklat pahit,batang (chocolate,dark, bar)",TKPI,https://www.panganku.org/id-ID/view,Konfeksioneri,konfeksioneri,2.3,615.0,5.5,42.6,29.2,10.8,10.1,98.0,446.0,4.4,20.0,708.3,1.7,3.3,,2.0,60.0,,0.05,0.08,1.0,0.0,,per 100g,2026-07-01T04:14:08.471742Z,2026-07-01T04:14:08.471742Z,3,0.8696,
tkpi_1093,"Coklat susu, batang (Chocolate, dairy milk, bar)","coklat susu, batang (chocolate, dairy milk, bar)",TKPI,https://www.panganku.org/id-ID/view,Konfeksioneri,konfeksioneri,1.0,565.0,9.0,35.0,53.6,3.4,1.4,200.0,200.0,2.0,100.0,405.5,0.49,2.3,,54.0,30.0,,0.08,0.45,0.5,0.0,,per 100g,2026-07-01T04:14:08.471742Z,2026-07-01T04:14:08.471742Z,3,0.8696,
tkpi_1094,"Coklat bubuk (Cacao, powder)","coklat bubuk (cacao, powder)",TKPI,https://www.panganku.org/id-ID/view,Konfeksioneri,konfeksioneri,3.9,311.0,8.0,4.0,48.9,32.6,15.4,125.0,715.0,11.6,,,,,,,30.0,,0.12,,0.6,,,per 100g,2026-07-01T04:14:08.471742Z,2026-07-01T04:14:08.471742Z,10,0.5652,
tkpi_1095,"Gula aren (Sugar, palm)","gula aren (sugar, palm)",TKPI,https://www.panganku.org/id-ID/view,Konfeksioneri,konfeksioneri,7.0,368.0,0.0,0.0,92.0,0.0,1.0,75.0,35.0,3.0,15.0,390.4,0.04,26.4,0.0,0.0,,,0.0,0.01,0.5,0.0,,per 100g,2026-07-01T04:14:08.471742Z,2026-07-01T04:14:08.471742Z,3,0.8696,
tkpi_1096,Gula kelapa,gula kelapa,TKPI,https://www.panganku.org/id-ID/view,Konfeksioneri,konfeksioneri,10.0,386.0,3.0,10.0,76.0,0.0,1.0,76.0,37.0,2.6,2.0,0.0,0.0,0.0,0.0,0.0,,,0.0,0.34,0.5,0.0,,per 100g,2026-07-01T04:14:08.471742Z,2026-07-01T04:14:08.471742Z,3,0.8696,
tkpi_1097,Gula putih (Sugar cane),gula putih (sugar cane),TKPI,https://www.panganku.org/id-ID/view,Konfeksioneri,konfeksioneri,5.4,394.0,0.0,0.0,94.0,0.0,0.6,5.0,1.0,0.1,1.0,4.8,0.0,0.0,0.0,0.0,,,0.0,0.0,0.0,0.0,,per 100g,2026-07-01T04:14:08.471742Z,2026-07-01T04:14:08.471742Z,3,0.8696,
tkpi_1098,"Jam, selai (Jam)","jam, selai (jam)",TKPI,https://www.panganku.org/id-ID/view,Konfeksioneri,konfeksioneri,34.0,239.0,0.5,0.6,64.5,1.0,0.4,20.0,20.0,1.0,30.0,73.1,0.09,0.0,0.0,0.0,,,0.01,0.07,0.0,0.0,,per 100g,2026-07-01T04:14:08.471742Z,2026-07-01T04:14:08.471742Z,3,0.8696,
tkpi_1099,"Kopi bubuk instant (Coffee, instant)","kopi bubuk instant (coffee, instant)",TKPI,https://www.panganku.org/id-ID/view,Konfeksioneri,konfeksioneri,2.6,129.0,12.3,0.5,35.0,0.0,9.7,179.0,383.0,5.6,72.0,3.256,0.14,0.0,,0.0,0.0,,0.0,0.21,30.6,0.0,,per 100g,2026-07-01T04:14:08.471742Z,2026-07-01T04:14:08.471742Z,3,0.8696,
tkpi_1100,Madu (Honey),madu (honey),TKPI,https://www.panganku.org/id-ID/view,Konfeksioneri,konfeksioneri,20.0,294.0,0.3,0.0,79.5,0.2,0.2,5.0,16.0,0.9,6.0,26.9,0.04,0.2,0.0,0.0,,,0.0,0.04,0.1,4.0,,per 100g,2026-07-01T04:14:08.471742Z,2026-07-01T04:14:08.471742Z,3,0.8696,
tkpi_1101,Markisa squash,markisa squash,TKPI,https://www.panganku.org/id-ID/view,Konfeksioneri,konfeksioneri,46.7,217.0,2.5,1.0,49.6,,0.2,6.0,83.0,0.6,14.0,65.0,0.0,0.1,,23.0,75.0,,0.07,0.02,0.0,14.0,,per 100g,2026-07-01T04:14:08.471742Z,2026-07-01T04:14:08.471742Z,4,0.8261,
tkpi_1102,"Markisa squash, BD (Squash, markisa)","markisa squash, bd (squash, markisa)",TKPI,https://www.panganku.org/id-ID/view,Konfeksioneri,konfeksioneri,74.4,104.0,1.2,0.5,23.7,,0.2,1.0,88.0,0.5,40.0,40.0,0.0,0.1,,7.0,40.0,,0.2,0.02,0.0,12.0,,per 100g,2026-07-01T04:14:08.471742Z,2026-07-01T04:14:08.471742Z,4,0.8261,
tkpi_1103,Melase,melase,TKPI,https://www.panganku.org/id-ID/view,Konfeksioneri,konfeksioneri,21.2,276.0,,0.1,71.0,0.0,7.7,6.0,83.0,0.6,14.0,,0.0,0.3,0.0,0.0,,,0.04,,,0.0,,per 100g,2026-07-01T04:14:08.471742Z,2026-07-01T04:14:08.471742Z,7,0.6957,"Bagian dari gula yang tidak mengering setelah dimasak dengan banyaknya campuran yang ditambahkan, dimanfaatkan dalam pembuatan sirop, arak, spiritus, atau sebagai campuran pakan ternak"
tkpi_1104,Sirup (syrup),sirup (syrup),TKPI,https://www.panganku.org/id-ID/view,Konfeksioneri,konfeksioneri,44.0,213.0,0.0,0.0,55.0,0.0,1.0,0.0,0.0,0.0,3.0,4.2,,,,0.0,,,0.0,0.0,0.0,,,per 100g,2026-07-01T04:14:08.471742Z,2026-07-01T04:14:08.471742Z,7,0.6957,
tkpi_1105,"Sirup pirous (syrup, pirous)","sirup pirous (syrup, pirous)",TKPI,https://www.panganku.org/id-ID/view,Konfeksioneri,konfeksioneri,43.3,228.0,0.2,0.4,55.9,0.0,0.2,470.0,93.0,29.5,3.0,4.2,,,,0.0,0.0,,0.0,0.0,0.0,8.0,,per 100g,2026-07-01T04:14:08.471742Z,2026-07-01T04:14:08.471742Z,5,0.7826,
tkpi_1106,"Teh hijau daun kering (Tea, leaf, green, dried)","teh hijau daun kering (tea, leaf, green, dried)",TKPI,https://www.panganku.org/id-ID/view,Konfeksioneri,konfeksioneri,7.7,300.0,28.3,4.8,53.6,9.6,5.6,245.0,415.0,18.9,60.0,5.873,0.5,0.0,,8.4,,,0.38,1.24,4.6,230.0,,per 100g,2026-07-01T04:14:08.471742Z,2026-07-01T04:14:08.471742Z,4,0.8261,
tkpi_1107,"Teh hitam daun kering (tea, leaf, black, dried)","teh hitam daun kering (tea, leaf, black, dried)",TKPI,https://www.panganku.org/id-ID/view,Konfeksioneri,konfeksioneri,8.0,293.0,24.5,2.8,58.8,8.7,5.9,327.0,313.0,24.3,50.0,5.854,0.0,0.0,0.0,2.7,,,0.07,0.8,7.6,9.0,,per 100g,2026-07-01T04:14:08.471742Z,2026-07-01T04:14:08.471742Z,3,0.8696,
tkpi_1108,"Teh melati daun kering (Tea, jasmine, black, dried)","teh melati daun kering (tea, jasmine, black, dried)",TKPI,https://www.panganku.org/id-ID/view,Konfeksioneri,konfeksioneri,8.1,299.0,24.1,3.5,59.0,9.7,5.3,320.0,185.0,31.6,70.0,5.848,0.53,0.0,0.0,8.4,,,0.07,0.79,7.3,85.0,,per 100g,2026-07-01T04:14:08.471742Z,2026-07-01T04:14:08.471742Z,3,0.8696,
tkpi_1109,"Asam arang coklat, segar","asam arang coklat, segar",TKPI,https://www.panganku.org/id-ID/view,Bumbu,bumbu,66.1,130.0,0.5,1.1,30.9,1.5,1.4,79.0,113.0,4.3,13.0,,0.0,,,745.0,0.0,,0.01,0.2,0.0,0.0,,per 100g,2026-07-01T04:14:08.471742Z,2026-07-01T04:14:08.471742Z,5,0.7826,
tkpi_1110,"Asam arang merah, segar (Mysore Gamboge, fresh)","asam arang merah, segar (mysore gamboge, fresh)",TKPI,https://www.panganku.org/id-ID/view,Bumbu,bumbu,75.9,99.0,0.8,1.6,20.3,2.8,1.4,69.0,300.0,4.6,2.0,95.7,0.0,0.1,,529.0,0.0,,0.01,0.34,1.6,0.0,,per 100g,2026-07-01T04:14:08.471742Z,2026-07-01T04:14:08.471742Z,3,0.8696,
tkpi_1111,"Asan kandis, kering (Mysore Gamboge, dry)","asan kandis, kering (mysore gamboge, dry)",TKPI,https://www.panganku.org/id-ID/view,Bumbu,bumbu,32.2,261.0,0.9,1.6,63.3,5.0,2.0,192.0,657.0,4.4,26.0,341.4,0.4,0.3,,0.0,0.0,,0.0,0.0,0.4,0.0,,per 100g,2026-07-01T04:14:08.471742Z,2026-07-01T04:14:08.471742Z,3,0.8696,
tkpi_1112,"Asam kandis, segar (Mysore Gamboge, fresh)","asam kandis, segar (mysore gamboge, fresh)",TKPI,https://www.panganku.org/id-ID/view,Bumbu,bumbu,81.5,75.0,0.2,1.1,16.1,3.4,1.1,63.0,139.0,2.5,93.0,93.2,0.1,0.1,,41.0,0.0,,0.01,0.0,0.1,0.0,,per 100g,2026-07-01T04:14:08.471742Z,2026-07-01T04:14:08.471742Z,3,0.8696,
tkpi_1113,"Asam masak pohon, segar (Tamarind, fresh)","asam masak pohon, segar (tamarind, fresh)",TKPI,https://www.panganku.org/id-ID/view,Bumbu,bumbu,31.4,267.0,2.8,0.6,62.5,1.2,2.7,74.0,113.0,0.6,9.0,139.5,0.09,0.1,,9.0,30.0,,0.34,0.04,0.7,2.0,,per 100g,2026-07-01T04:14:08.471742Z,2026-07-01T04:14:08.471742Z,3,0.8696,
tkpi_1114,"Asam payak, segar (Asam paya/ kelubi/ kuwai-kuwai)","asam payak, segar (asam paya/ kelubi/ kuwai-kuwai)",TKPI,https://www.panganku.org/id-ID/view,Bumbu,bumbu,65.1,135.0,0.8,0.4,32.1,10.0,1.6,60.0,39.0,5.7,0.0,,,,,,0.0,,0.0,,,0.0,,per 100g,2026-07-01T04:14:08.471742Z,2026-07-01T04:14:08.471742Z,9,0.6087,
tkpi_1115,"Bawang merah, segar (Shallot)","bawang merah, segar (shallot)",TKPI,https://www.panganku.org/id-ID/view,Bumbu,bumbu,88.0,46.0,1.5,0.3,9.2,1.7,1.0,36.0,40.0,0.8,7.0,178.6,0.06,0.2,,2.0,,,0.03,0.04,0.2,2.0,,per 100g,2026-07-01T04:14:08.471742Z,2026-07-01T04:14:08.471742Z,4,0.8261,
tkpi_1116,"Bawang putih, segar (Garlic)","bawang putih, segar (garlic)",TKPI,https://www.panganku.org/id-ID/view,Bumbu,bumbu,71.0,112.0,4.5,0.2,23.1,0.6,1.8,42.0,134.0,1.0,46.0,665.7,0.09,0.4,,0.0,,,0.22,0.07,0.3,15.0,,per 100g,2026-07-01T04:14:08.471742Z,2026-07-01T04:14:08.471742Z,4,0.8261,
tkpi_1117,"Boros kunci, segar (Rhizomes / Kaemper / Chinesedey)","boros kunci, segar (rhizomes / kaemper / chinesedey)",TKPI,https://www.panganku.org/id-ID/view,Bumbu,bumbu,90.0,40.0,1.0,0.8,7.2,1.0,1.0,50.0,50.0,2.0,33.0,480.0,0.02,0.3,,0.0,5.0,,0.08,0.68,1.7,50.0,,per 100g,2026-07-01T04:14:08.471742Z,2026-07-01T04:14:08.471742Z,3,0.8696,
tkpi_1118,"Boros laja (lengkuas), segar (Rhizomes / Galanga)","boros laja (lengkuas), segar (rhizomes / galanga)",TKPI,https://www.panganku.org/id-ID/view,Bumbu,bumbu,93.0,26.0,1.0,0.3,4.7,1.1,1.0,50.0,50.0,2.0,24.0,137.1,0.07,0.3,,5.0,5.0,,0.08,0.06,0.3,50.0,,per 100g,2026-07-01T04:14:08.471742Z,2026-07-01T04:14:08.471742Z,3,0.8696,
tkpi_1119,"Cabai gembor merah, segar (Chili papper)","cabai gembor merah, segar (chili papper)",TKPI,https://www.panganku.org/id-ID/view,Bumbu,bumbu,90.8,38.0,1.6,0.8,6.3,1.6,0.6,49.0,41.0,1.1,7.0,275.3,0.12,0.2,,5.897,3.24,,0.21,0.12,0.0,16.0,,per 100g,2026-07-01T04:14:08.471742Z,2026-07-01T04:14:08.471742Z,3,0.8696,
tkpi_1120,"Cabai hijau, segar (Chili papper)","cabai hijau, segar (chili papper)",TKPI,https://www.panganku.org/id-ID/view,Bumbu,bumbu,93.4,26.0,0.7,0.3,5.2,2.6,0.4,14.0,23.0,0.4,7.0,151.0,0.08,0.2,,44.0,260.0,,0.05,0.06,0.4,84.0,,per 100g,2026-07-01T04:14:08.471742Z,2026-07-01T04:14:08.471742Z,3,0.8696,
tkpi_1121,"Cabai merah, kering (Chili papper)","cabai merah, kering (chili papper)",TKPI,https://www.panganku.org/id-ID/view,Bumbu,bumbu,10.0,367.0,15.9,6.2,61.8,26.9,6.1,160.0,370.0,2.3,25.0,181.5,1.2,1.8,,10.955,576.0,,0.4,1.36,4.4,50.0,,per 100g,2026-07-01T04:14:08.471742Z,2026-07-01T04:14:08.471742Z,3,0.8696,
tkpi_1122,"Cabai merah, segar (Chili papper)","cabai merah, segar (chili papper)",TKPI,https://www.panganku.org/id-ID/view,Bumbu,bumbu,90.9,36.0,1.0,0.3,7.3,1.4,0.5,29.0,24.0,0.5,23.0,272.4,0.12,0.2,,5.833,470.0,,0.05,0.09,3.0,18.0,,per 100g,2026-07-01T04:14:08.471742Z,2026-07-01T04:14:08.471742Z,3,0.8696,
tkpi_1123,"Cabai rawit, segar (Chili papper)","cabai rawit, segar (chili papper)",TKPI,https://www.panganku.org/id-ID/view,Bumbu,bumbu,71.2,120.0,4.7,2.4,19.9,15.2,1.8,45.0,85.0,2.5,34.0,706.2,0.29,0.6,,1.694,11.05,,0.24,0.09,1.7,70.0,,per 100g,2026-07-01T04:14:08.471742Z,2026-07-01T04:14:08.471742Z,3,0.8696,
tkpi_1124,"Cengkeh, kering (Cloves, dried)","cengkeh, kering (cloves, dried)",TKPI,https://www.panganku.org/id-ID/view,Bumbu,bumbu,23.3,330.0,5.2,8.9,57.4,10.0,5.2,740.0,100.0,4.9,282.0,961.0,0.3,0.0,,265.0,,,200.0,0.0,0.0,,,per 100g,2026-07-01T04:14:08.471742Z,2026-07-01T04:14:08.471742Z,5,0.7826,
tkpi_1125,"Daun salam,  bubuk (Bay-leaf)","daun salam, bubuk (bay-leaf)",TKPI,https://www.panganku.org/id-ID/view,Bumbu,bumbu,13.1,301.0,14.2,10.9,49.0,9.4,12.8,86.0,250.0,44.1,180.0,619.0,1.31,0.7,0.0,5.4,,,0.1,0.32,5.0,0.0,,per 100g,2026-07-01T04:14:08.471742Z,2026-07-01T04:14:08.471742Z,3,0.8696,
tkpi_1126,"Jahe, segar (Ginger, root)","jahe, segar (ginger, root)",TKPI,https://www.panganku.org/id-ID/view,Bumbu,bumbu,55.0,51.0,1.5,1.0,10.1,12.0,1.2,21.0,39.0,1.6,12.0,441.7,0.48,0.7,,0.0,9.0,,0.02,0.17,3.3,4.0,,per 100g,2026-07-01T04:14:08.471742Z,2026-07-01T04:14:08.471742Z,3,0.8696,
tkpi_1127,Kemiri (Candle nut),kemiri (candle nut),TKPI,https://www.panganku.org/id-ID/view,Bumbu,bumbu,7.0,675.0,19.0,63.0,8.0,3.0,3.0,80.0,200.0,2.0,25.0,430.7,0.23,0.8,,0.0,0.0,,0.06,0.06,0.4,0.0,,per 100g,2026-07-01T04:14:08.471742Z,2026-07-01T04:14:08.471742Z,3,0.8696,
tkpi_1128,"Ketumbar, kering (Coriander, seed)","ketumbar, kering (coriander, seed)",TKPI,https://www.panganku.org/id-ID/view,Bumbu,bumbu,11.2,418.0,14.1,16.1,54.2,12.3,4.4,630.0,370.0,17.9,91.0,1.787,0.95,4.6,,75.0,1.57,,0.2,0.35,1.8,0.0,,per 100g,2026-07-01T04:14:08.471742Z,2026-07-01T04:14:08.471742Z,3,0.8696,
tkpi_1129,Kluwek (Pucungmit),kluwek (pucungmit),TKPI,https://www.panganku.org/id-ID/view,Bumbu,bumbu,51.0,310.0,10.0,24.0,13.5,,1.5,40.0,100.0,2.0,,,,,,,0.0,,0.15,,,30.0,,per 100g,2026-07-01T04:14:08.471742Z,2026-07-01T04:14:08.471742Z,11,0.5217,
tkpi_1130,"Kunyit, segar (Turmeric)","kunyit, segar (turmeric)",TKPI,https://www.panganku.org/id-ID/view,Bumbu,bumbu,84.9,69.0,2.0,2.7,9.1,0.6,1.3,24.0,78.0,3.3,6.0,406.7,0.05,0.4,,12.0,,,0.03,0.02,0.4,1.0,,per 100g,2026-07-01T04:14:08.471742Z,2026-07-01T04:14:08.471742Z,4,0.8261,
tkpi_1131,"Merica, kering (Pepper)","merica, kering (pepper)",TKPI,https://www.panganku.org/id-ID/view,Bumbu,bumbu,12.9,365.0,11.5,6.8,64.4,1.0,4.4,460.0,200.0,16.4,4.0,99.7,0.89,1.1,,0.0,,,0.2,0.1,2.5,,,per 100g,2026-07-01T04:14:08.471742Z,2026-07-01T04:14:08.471742Z,5,0.7826,
tkpi_1132,"Pala, biji, kering (Nutmeg)","pala, biji, kering (nutmeg)",TKPI,https://www.panganku.org/id-ID/view,Bumbu,bumbu,14.3,518.0,7.5,36.4,40.1,3.5,1.7,120.0,240.0,4.6,2.0,78.7,0.94,2.0,,7.0,,,0.2,0.02,0.5,0.0,,per 100g,2026-07-01T04:14:08.471742Z,2026-07-01T04:14:08.471742Z,4,0.8261,
tkpi_1133,Balichong (Tiny shrimp fermented),balichong (tiny shrimp fermented),TKPI,https://www.panganku.org/id-ID/view,Bumbu,bumbu,59.9,152.0,13.2,0.8,22.9,1.5,3.6,380.0,210.0,2.9,120.0,310.0,0.8,1.1,34.0,0.0,,,0.01,0.08,0.2,,,per 100g,2026-07-01T04:14:08.471742Z,2026-07-01T04:14:08.471742Z,4,0.8261,Udang kecil yang difermentasi
tkpi_1134,Bekasam (Tiny shrimp fermented),bekasam (tiny shrimp fermented),TKPI,https://www.panganku.org/id-ID/view,Bumbu,bumbu,65.5,116.0,11.9,4.9,6.1,3.5,11.6,704.0,757.0,7.5,711.0,176.0,0.8,1.9,,0.0,,,0.0,0.03,2.1,,,per 100g,2026-07-01T04:14:08.471742Z,2026-07-01T04:14:08.471742Z,5,0.7826,Udang kecil yang difermentasi
tkpi_1135,Bekasang (Fermented fish),bekasang (fermented fish),TKPI,https://www.panganku.org/id-ID/view,Bumbu,bumbu,67.1,78.0,11.4,2.0,3.6,0.4,15.9,54.0,97.0,2.6,4.016,121.0,0.2,4.8,,,,,0.15,0.12,0.6,,,per 100g,2026-07-01T04:14:08.471742Z,2026-07-01T04:14:08.471742Z,6,0.7391,Ikan yang difermentasi
tkpi_1136,Cuka (vinegar),cuka (vinegar),TKPI,https://www.panganku.org/id-ID/view,Bumbu,bumbu,94.5,21.0,0.1,0.1,5.0,0.0,0.3,7.0,10.0,0.5,21.0,37.8,0.0,0.0,,0.0,,,0.24,0.0,0.7,,,per 100g,2026-07-01T04:14:08.471742Z,2026-07-01T04:14:08.471742Z,5,0.7826,
tkpi_1137,Kecap (Soyabean sauce),kecap (soyabean sauce),TKPI,https://www.panganku.org/id-ID/view,Bumbu,bumbu,63.0,71.0,5.7,1.3,9.0,0.0,21.0,123.0,96.0,5.7,1.114,,0.04,,0.0,,,,0.0,,,0.0,,per 100g,2026-07-01T04:14:08.471742Z,2026-07-01T04:14:08.471742Z,8,0.6522,
tkpi_1138,"Petis ikan (fish,fermented, paste (petis))","petis ikan (fish,fermented, paste (petis))",TKPI,https://www.panganku.org/id-ID/view,Bumbu,bumbu,56.0,165.0,20.0,0.2,20.8,,3.0,37.0,36.0,2.8,,,,,,,0.0,,0.01,0.2,0.8,0.0,,per 100g,2026-07-01T04:14:08.471742Z,2026-07-01T04:14:08.471742Z,9,0.6087,
tkpi_1139,"Petis udang kering (shrimp, fermented, dried (petis))","petis udang kering (shrimp, fermented, dried (petis))",TKPI,https://www.panganku.org/id-ID/view,Bumbu,bumbu,8.3,345.0,23.8,1.4,59.3,0.0,7.1,221.0,397.0,3.8,11.998,462.8,0.75,1.9,,0.0,232.0,,1.02,0.4,2.2,0.0,,per 100g,2026-07-01T04:14:08.471742Z,2026-07-01T04:14:08.471742Z,3,0.8696,
tkpi_1140,"Petis udang pasta (shrimp, fermented, paste (petis))","petis udang pasta (shrimp, fermented, paste (petis))",TKPI,https://www.panganku.org/id-ID/view,Bumbu,bumbu,39.0,220.0,15.0,0.9,38.0,2.3,7.1,37.0,36.0,2.8,7.981,307.9,0.5,1.3,,0.0,0.0,,0.01,0.13,1.7,0.0,,per 100g,2026-07-01T04:14:08.471742Z,2026-07-01T04:14:08.471742Z,3,0.8696,
tkpi_1141,"Saos tomat (Tomato, sauce)","saos tomat (tomato, sauce)",TKPI,https://www.panganku.org/id-ID/view,Bumbu,bumbu,69.5,110.0,2.0,0.4,24.5,0.9,3.6,12.0,18.0,0.8,890.0,129.6,0.18,0.3,,357.0,570.0,,0.09,0.06,1.7,11.0,,per 100g,2026-07-01T04:14:08.471742Z,2026-07-01T04:14:08.471742Z,3,0.8696,
tkpi_1142,"Tempoya (durian, fermented)","tempoya (durian, fermented)",TKPI,https://www.panganku.org/id-ID/view,Bumbu,bumbu,70.1,110.0,1.7,1.3,21.9,2.6,5.0,190.0,45.0,2.9,597.0,486.3,,,,71.0,,,0.3,0.04,1.1,0.0,,per 100g,2026-07-01T04:14:08.471742Z,2026-07-01T04:14:08.471742Z,6,0.7391,Daging durian yang difermentasi
tkpi_1143,"Terasi (Fish, fermented, paste (terasi))","terasi (fish, fermented, paste (terasi))",TKPI,https://www.panganku.org/id-ID/view,Bumbu,bumbu,33.8,155.0,22.3,2.9,9.9,2.7,31.1,3.812,726.0,78.5,1.664,821.4,0.99,2.4,,0.0,0.0,,0.24,0.0,3.3,0.0,,per 100g,2026-07-01T04:14:08.471742Z,2026-07-01T04:14:08.471742Z,3,0.8696,
tkpi_1144,Terasi dobo,terasi dobo,TKPI,https://www.panganku.org/id-ID/view,Bumbu,bumbu,58.4,191.0,33.1,3.6,6.6,1.6,11.5,2.25,1.13,22.9,650.0,1.26,2.9,5.0,,0.0,,,3.74,0.22,2.0,,,per 100g,2026-07-01T04:14:08.471742Z,2026-07-01T04:14:08.471742Z,5,0.7826,Udang yang difermentasi
tkpi_1145,Terasi merah,terasi merah,TKPI,https://www.panganku.org/id-ID/view,Bumbu,bumbu,40.0,174.0,30.0,3.5,5.6,2.2,20.4,100.0,150.0,3.1,7.85,302.8,0.49,1.2,,0.0,0.0,,0.0,0.12,1.7,0.0,,per 100g,2026-07-01T04:14:08.471742Z,2026-07-01T04:14:08.471742Z,3,0.8696,
tkpi_1146,"Kelapa muda, air, segar (Coconut, young,  water, fresh)","kelapa muda, air, segar (coconut, young, water, fresh)",TKPI,https://www.panganku.org/id-ID/view,Minuman Non Alkohol,minuman non alkohol,95.5,17.0,0.2,0.1,3.8,0.0,0.4,15.0,8.0,0.2,1.0,149.0,0.04,0.1,0.0,0.0,,,0.0,0.0,0.0,1.0,,per 100g,2026-07-01T04:14:08.471742Z,2026-07-01T04:14:08.471742Z,3,0.8696,
