food_id,food_name_original,food_name_normalized,source,source_url,category_original,category_normalized,water_g,energy_kcal,protein_g,fat_g,carbohydrate_g,fiber_g,ash_g,calcium_mg,phosphorus_mg,iron_mg,sodium_mg,potassium_mg,copper_mg,zinc_mg,retinol_mcg,beta_carotene_mcg,carotene_total_mcg,vitamin_a_mcg,vitamin_b1_mg,vitamin_b2_mg,niacin_mg,vitamin_c_mg,unit_basis,scraped_at,cleaned_at,missing_nutrient_count,completeness_score,notes,name_norm,magnesium_mg,magnesium_mg_source,magnesium_mg_confidence,sugars_total_g,sugars_total_g_source,sugars_total_g_confidence,saturated_fat_g,saturated_fat_g_source,saturated_fat_g_confidence,cholesterol_mg,cholesterol_mg_source,cholesterol_mg_confidence,vitamin_b6_mg,vitamin_b6_mg_source,vitamin_b6_mg_confidence,vitamin_b12_mcg,vitamin_b12_mcg_source,vitamin_b12_mcg_confidence
myfcd_0001,"BISCUIT, COCONUT","biscuit, coconut",MyFCD,https://myfcd.moh.gov.my/myfcdcurrent/index.php/site/detail_product/R101061/0/20/0/0/0,Cereals and grain products,cereals and grain products,2.2267,450.4433,8.3233,17.4433,65.04,5.2,1.7667,11.9,64.44,0.53325,42.137100000000004,112.5,0.0001,0.44,0.0,0.0,,,0.0717,0.09085,0.33665,2.575,per 100g,2026-07-01T04:14:10.551444Z,2026-07-01T04:14:10.551444Z,15,0.3182,"{""dg"":"""",""dc"":""""}",biscuit coconut,28.0,USDA_direct_medium,0.4305,21.16,USDA_direct_medium,0.4305,5.291,USDA_direct_medium,0.4305,0.0,USDA_direct_medium,0.4305,0.074,USDA_direct_medium,0.4305,0.19,USDA_direct_medium,0.4305
myfcd_0002,"BISCUIT, LEMON PUFF","biscuit, lemon puff",MyFCD,https://myfcd.moh.gov.my/myfcdcurrent/index.php/site/detail_product/R101069/0/20/0/0/0,Cereals and grain products,cereals and grain products,2.66,454.685,7.87,18.7983,63.505,5.1667,2.0,83.6667,107.3333,1.49,518.6667,71.75,0.0001,0.5667,0.04,0.0,,,0.9127,0.0967,0.0,0.0,per 100g,2026-07-01T04:14:10.551444Z,2026-07-01T04:14:10.551444Z,2,0.9091,"{""dg"":"""",""dc"":""""}",biscuit lemon puff,32.0977130977131,USDA_category_mean,0.3557,16.40905511811024,USDA_category_mean,0.3557,3.470831349206349,USDA_category_mean,0.3557,14.496688741721854,USDA_category_mean,0.3557,0.1068706896551724,USDA_category_mean,0.3557,0.1430875576036866,USDA_category_mean,0.3557
myfcd_0003,"BISCUIT, MARIE","biscuit, marie",MyFCD,https://myfcd.moh.gov.my/myfcdcurrent/index.php/site/detail_product/R101070/0/20/0/0/0,Cereals and grain products,cereals and grain products,3.8933,446.16,8.4633,16.8933,65.0667,3.5833,2.1,70.5,100.1667,1.55,575.5,95.6,0.04,0.5783,0.0,0.0,,,0.155,0.085,0.5183,0.0,per 100g,2026-07-01T04:14:10.551444Z,2026-07-01T04:14:10.551444Z,2,0.9091,"{""dg"":"""",""dc"":""""}",biscuit marie,28.0,USDA_direct_high,0.9437,21.16,USDA_direct_high,0.9437,5.291,USDA_direct_high,0.9437,0.0,USDA_direct_high,0.9437,0.074,USDA_direct_high,0.9437,0.19,USDA_direct_high,0.9437
myfcd_0004,"BISCUIT, MILK (BISKUT SUSU)","biscuit, milk (biskut susu)",MyFCD,https://myfcd.moh.gov.my/myfcdcurrent/index.php/site/detail_product/R101071/0/20/0/0/0,Cereals and grain products,cereals and grain products,2.8317,472.5,8.825,21.4183,58.2467,5.7633,2.9167,391.5,116.0,3.0833,641.1667,123.0,0.0001,0.5983,0.0468,0.0,,,0.0767,0.2783,0.0,0.0,per 100g,2026-07-01T04:14:10.551444Z,2026-07-01T04:14:10.551444Z,2,0.9091,"{""dg"":"""",""dc"":""""}",biscuit milk biskut susu,32.0977130977131,USDA_category_mean,0.3399,16.40905511811024,USDA_category_mean,0.3399,3.470831349206349,USDA_category_mean,0.3399,14.496688741721854,USDA_category_mean,0.3399,0.1068706896551724,USDA_category_mean,0.3399,0.1430875576036866,USDA_category_mean,0.3399
myfcd_0005,CROISSANT,croissant,MyFCD,https://myfcd.moh.gov.my/myfcdcurrent/index.php/site/detail_product/R101081/0/20/0/0/0,Cereals and grain products,cereals and grain products,16.28,413.58,8.6725,20.25,37.2469,4.2375,1.4,11.9,85.5,0.53325,42.137100000000004,112.5,0.0001,0.44,0.0,0.0,,,0.0717,0.09085,0.33665,2.575,per 100g,2026-07-01T04:14:10.551444Z,2026-07-01T04:14:10.551444Z,12,0.4545,"{""dg"":"""",""dc"":""""}",croissant,,not_matched,,,not_matched,,,not_matched,,,not_matched,,,not_matched,,,not_matched,
myfcd_0006,"BREAD, RAISIN (ROTI KISMIS)","bread, raisin (roti kismis)",MyFCD,https://myfcd.moh.gov.my/myfcdcurrent/index.php/site/detail_product/R101086/0/20/0/0/0,Cereals and grain products,cereals and grain products,3.062,449.212,9.924,19.252,59.062,6.5,2.2,5116.8,32956.4,304.04,102198.4,23128.2,200.3205,2608.8,0.0118,0.0,,,0.172,5.342,2.364,0.0,per 100g,2026-07-01T04:14:10.551444Z,2026-07-01T04:14:10.551444Z,2,0.9091,"{""dg"":"""",""dc"":""""}",bread raisin roti kismis,26.0,USDA_direct_medium,0.4713,5.68,USDA_direct_medium,0.4713,1.081,USDA_direct_medium,0.4713,0.0,USDA_direct_medium,0.4713,0.069,USDA_direct_medium,0.4713,0.0,USDA_direct_medium,0.4713
myfcd_0007,"BUN, CHEESE (BAN KEJU)","bun, cheese (ban keju)",MyFCD,https://myfcd.moh.gov.my/myfcdcurrent/index.php/site/detail_product/R101094/0/20/0/0/0,Cereals and grain products,cereals and grain products,16.7817,415.3967,12.2167,20.2567,46.0567,2.8767,1.8133,11.9,64.44,0.53325,42.137100000000004,112.5,0.0001,0.44,0.0,0.0,,,0.0717,0.09085,0.33665,2.575,per 100g,2026-07-01T04:14:10.551444Z,2026-07-01T04:14:10.551444Z,15,0.3182,"{""dg"":"""",""dc"":""""}",bun cheese ban keju,32.0977130977131,USDA_category_mean,0.3387,16.40905511811024,USDA_category_mean,0.3387,3.470831349206349,USDA_category_mean,0.3387,14.496688741721854,USDA_category_mean,0.3387,0.1068706896551724,USDA_category_mean,0.3387,0.1430875576036866,USDA_category_mean,0.3387
myfcd_0008,"Bun, coconut (Ban kelapa)","bun, coconut (ban kelapa)",MyFCD,https://myfcd.moh.gov.my/myfcdcurrent/index.php/site/detail_product/R101096/0/20/0/0/0,Cereals and grain products,cereals and grain products,29.3667,222.3533,7.2167,6.8833,51.05,4.4333,1.05,65.2667,64.9,1.0,197.5333,105.8667,0.0001,0.8333,0.0,0.0,,,0.0717,0.09085,0.33665,3.4833,per 100g,2026-07-01T04:14:10.551444Z,2026-07-01T04:14:10.551444Z,8,0.6364,,bun coconut ban kelapa,32.0977130977131,USDA_category_mean,0.2634,16.40905511811024,USDA_category_mean,0.2634,3.470831349206349,USDA_category_mean,0.2634,14.496688741721854,USDA_category_mean,0.2634,0.1068706896551724,USDA_category_mean,0.2634,0.1430875576036866,USDA_category_mean,0.2634
myfcd_0009,"Bun, kaya (Ban kaya)","bun, kaya (ban kaya)",MyFCD,https://myfcd.moh.gov.my/myfcdcurrent/index.php/site/detail_product/R101099/0/20/0/0/0,Cereals and grain products,cereals and grain products,30.4,222.3533,7.1333,2.9,54.7333,3.9333,0.9,61.9,58.8,0.6667,170.3333,80.4667,0.0001,0.7333,0.0,0.0,,,0.0717,0.09085,0.33665,2.0667,per 100g,2026-07-01T04:14:10.551444Z,2026-07-01T04:14:10.551444Z,8,0.6364,,bun kaya ban kaya,,not_matched,,,not_matched,,,not_matched,,,not_matched,,,not_matched,,,not_matched,
myfcd_0010,"Bun, potato (Ban kentang)","bun, potato (ban kentang)",MyFCD,https://myfcd.moh.gov.my/myfcdcurrent/index.php/site/detail_product/R101100/0/20/0/0/0,Cereals and grain products,cereals and grain products,29.65,222.3533,9.15,8.9833,46.2667,4.65,1.3,45.15,89.1,0.9167,274.2,140.5667,0.0001,0.95,0.0355,0.0,,,0.0717,0.09085,0.33665,2.85,per 100g,2026-07-01T04:14:10.551444Z,2026-07-01T04:14:10.551444Z,7,0.6818,,bun potato ban kentang,28.0,USDA_direct_medium,0.4318,9.38,USDA_direct_medium,0.4318,0.0,USDA_direct_medium,0.4318,0.0,USDA_direct_medium,0.4318,0.232,USDA_direct_medium,0.4318,0.15,USDA_direct_medium,0.4318
myfcd_0011,"Bun, red beans (Ban kacang merah)","bun, red beans (ban kacang merah)",MyFCD,https://myfcd.moh.gov.my/myfcdcurrent/index.php/site/detail_product/R101102/0/20/0/0/0,Cereals and grain products,cereals and grain products,28.0333,222.3533,7.9333,5.8333,52.4,4.7,1.1,79.9667,70.6333,1.0667,169.1333,130.2,0.0001,0.9333,0.0,0.0,,,0.0717,0.09085,0.33665,2.9,per 100g,2026-07-01T04:14:10.551444Z,2026-07-01T04:14:10.551444Z,8,0.6364,,bun red beans ban kacang merah,70.20994475138122,USDA_category_mean,0.2148,0.9388429752066116,USDA_category_mean,0.2148,0.4235747126436781,USDA_category_mean,0.2148,3.9820359281437128,USDA_category_mean,0.2148,0.2239111111111111,USDA_category_mean,0.2148,0.0151219512195121,USDA_category_mean,0.2148
myfcd_0012,"COOKIES, PEANUT","cookies, peanut",MyFCD,https://myfcd.moh.gov.my/myfcdcurrent/index.php/site/detail_product/R101109/0/20/0/0/0,Cereals and grain products,cereals and grain products,1.2733,508.4933,11.6133,26.1867,56.59,2.9,1.4367,11.9,64.44,0.53325,42.137100000000004,112.5,0.0001,0.44,0.0,0.0,,,0.0717,0.09085,0.33665,2.575,per 100g,2026-07-01T04:14:10.551444Z,2026-07-01T04:14:10.551444Z,15,0.3182,"{""dg"":"""",""dc"":""""}",cookies peanut,39.0,USDA_direct_medium,0.6019,,USDA_direct_medium,0.6019,4.438,USDA_direct_medium,0.6019,31.0,USDA_direct_medium,0.6019,0.084,USDA_direct_medium,0.6019,0.09,USDA_direct_medium,0.6019
myfcd_0013,"MUFFIN, CHOCOLATE","muffin, chocolate",MyFCD,https://myfcd.moh.gov.my/myfcdcurrent/index.php/site/detail_product/R101112/0/20/0/0/0,Cereals and grain products,cereals and grain products,10.92,441.7217,7.5017,19.4483,59.17,3.8967,1.0117,52.1667,85.6667,0.53325,322.3333,144.3333,0.0001,0.44,0.0,0.0,,,0.0717,0.09085,0.33665,2.575,per 100g,2026-07-01T04:14:10.551444Z,2026-07-01T04:14:10.551444Z,9,0.5909,"{""dg"":"""",""dc"":""""}",muffin chocolate,,USDA_direct_medium,0.4473,,USDA_direct_medium,0.4473,1.865,USDA_direct_medium,0.4473,,USDA_direct_medium,0.4473,,USDA_direct_medium,0.4473,,USDA_direct_medium,0.4473
myfcd_0014,"MUFFIN, VANILLA","muffin, vanilla",MyFCD,https://myfcd.moh.gov.my/myfcdcurrent/index.php/site/detail_product/R101113/0/20/0/0/0,Cereals and grain products,cereals and grain products,38.105000000000004,222.3533,3.4000000000000004,5.3633,29.9633,3.0944,0.9833,11.9,64.44,0.53325,42.137100000000004,112.5,0.0001,0.44,0.0,0.0,,,0.0717,0.09085,0.33665,2.575,per 100g,2026-07-01T04:14:10.551444Z,2026-07-01T04:14:10.551444Z,22,0.0,"{""dg"":"""",""dc"":""""}",muffin vanilla,32.0977130977131,USDA_category_mean,0.3998,16.40905511811024,USDA_category_mean,0.3998,3.470831349206349,USDA_category_mean,0.3998,14.496688741721854,USDA_category_mean,0.3998,0.1068706896551724,USDA_category_mean,0.3998,0.1430875576036866,USDA_category_mean,0.3998
myfcd_0015,"CEREAL, BREAKFAST, BRAN FLAKES","cereal, breakfast, bran flakes",MyFCD,https://myfcd.moh.gov.my/myfcdcurrent/index.php/site/detail_product/R101115/0/20/0/0/0,Cereals and grain products,cereals and grain products,4.175,263.45,14.595,1.59,47.69,27.52,4.43,11.9,64.44,0.53325,42.137100000000004,112.5,0.0001,0.44,0.0,0.0,,,0.0717,0.09085,0.33665,2.575,per 100g,2026-07-01T04:14:10.551444Z,2026-07-01T04:14:10.551444Z,15,0.3182,"{""dg"":"""",""dc"":""""}",cereal breakfast bran flakes,32.0977130977131,USDA_category_mean,0.2895,16.40905511811024,USDA_category_mean,0.2895,3.470831349206349,USDA_category_mean,0.2895,14.496688741721854,USDA_category_mean,0.2895,0.1068706896551724,USDA_category_mean,0.2895,0.1430875576036866,USDA_category_mean,0.2895
myfcd_0016,"CEREAL, BREAKFAST, CHOCOLATE FLAVOURED","cereal, breakfast, chocolate flavoured",MyFCD,https://myfcd.moh.gov.my/myfcdcurrent/index.php/site/detail_product/R101116/0/20/0/0/0,Cereals and grain products,cereals and grain products,2.6033,359.31,6.3767,0.35,82.6633,5.5633,2.4433,11.9,64.44,0.53325,42.137100000000004,112.5,0.0001,0.44,0.0,0.0,,,0.0717,0.09085,0.33665,2.575,per 100g,2026-07-01T04:14:10.551444Z,2026-07-01T04:14:10.551444Z,15,0.3182,"{""dg"":"""",""dc"":""""}",cereal breakfast chocolate flavoured,38.0,USDA_direct_medium,0.4369,40.32,USDA_direct_medium,0.4369,11.29,USDA_direct_medium,0.4369,0.0,USDA_direct_medium,0.4369,0.328,USDA_direct_medium,0.4369,0.07,USDA_direct_medium,0.4369
myfcd_0017,"CEREAL, BREAKFAST, GRANOLA","cereal, breakfast, granola",MyFCD,https://myfcd.moh.gov.my/myfcdcurrent/index.php/site/detail_product/R101117/0/20/0/0/0,Cereals and grain products,cereals and grain products,3.64,436.9133,9.44,18.1533,58.9433,8.4767,1.3467,11.9,64.44,0.53325,42.137100000000004,112.5,0.0001,0.44,0.0,0.0,,,0.0717,0.09085,0.33665,2.575,per 100g,2026-07-01T04:14:10.551444Z,2026-07-01T04:14:10.551444Z,15,0.3182,"{""dg"":"""",""dc"":""""}",cereal breakfast granola,32.0977130977131,USDA_category_mean,0.3386,16.40905511811024,USDA_category_mean,0.3386,3.470831349206349,USDA_category_mean,0.3386,14.496688741721854,USDA_category_mean,0.3386,0.1068706896551724,USDA_category_mean,0.3386,0.1430875576036866,USDA_category_mean,0.3386
myfcd_0018,"CEREAL, BREAKFAST, MULTICOLOURED, SUGAR-FILLED RING SHAPED","cereal, breakfast, multicoloured, sugar-filled ring shaped",MyFCD,https://myfcd.moh.gov.my/myfcdcurrent/index.php/site/detail_product/R101118/0/20/0/0/0,Cereals and grain products,cereals and grain products,3.4233,366.3533,7.21,1.0733,81.9633,4.3767,1.9533,11.9,64.44,0.53325,42.137100000000004,112.5,0.0001,0.44,0.0,0.0,,,0.0717,0.09085,0.33665,2.575,per 100g,2026-07-01T04:14:10.551444Z,2026-07-01T04:14:10.551444Z,15,0.3182,"{""dg"":"""",""dc"":""""}",cereal breakfast multicoloured sugar filled ring shaped,32.0977130977131,USDA_category_mean,0.2272,16.40905511811024,USDA_category_mean,0.2272,3.470831349206349,USDA_category_mean,0.2272,14.496688741721854,USDA_category_mean,0.2272,0.1068706896551724,USDA_category_mean,0.2272,0.1430875576036866,USDA_category_mean,0.2272
myfcd_0019,"CEREAL, BREAKFAST, OAT/MULTIGRAIN","cereal, breakfast, oat/multigrain",MyFCD,https://myfcd.moh.gov.my/myfcdcurrent/index.php/site/detail_product/R101119/0/20/0/0/0,Cereals and grain products,cereals and grain products,38.105000000000004,222.3533,3.4000000000000004,5.3633,29.9633,3.0944,0.9833,11.9,64.44,0.53325,42.137100000000004,112.5,0.0001,0.44,0.0,0.0,,,0.0717,0.09085,0.33665,2.575,per 100g,2026-07-01T04:14:10.551444Z,2026-07-01T04:14:10.551444Z,22,0.0,"{""dg"":"""",""dc"":""""}",cereal breakfast oat multigrain,29.0,USDA_direct_medium,0.4527,12.0,USDA_direct_medium,0.4527,3.3,USDA_direct_medium,0.4527,0.0,USDA_direct_medium,0.4527,0.117,USDA_direct_medium,0.4527,0.0,USDA_direct_medium,0.4527
myfcd_0020,"COOKIES/CRACKERS, SANDWICH WITH FLAVOURED CREAM OREO","cookies/crackers, sandwich with flavoured cream oreo",MyFCD,https://myfcd.moh.gov.my/myfcdcurrent/index.php/site/detail_product/R101121/0/20/0/0/0,Cereals and grain products,cereals and grain products,1.3833,462.88,5.7867,18.4267,68.4733,3.9567,1.9733,11.9,64.44,0.53325,42.137100000000004,112.5,0.0001,0.44,0.0,0.0,,,0.0717,0.09085,0.33665,2.575,per 100g,2026-07-01T04:14:10.551444Z,2026-07-01T04:14:10.551444Z,15,0.3182,"{""dg"":"""",""dc"":""""}",cookies crackers sandwich flavoured cream oreo,32.0977130977131,USDA_category_mean,0.3799,16.40905511811024,USDA_category_mean,0.3799,3.470831349206349,USDA_category_mean,0.3799,14.496688741721854,USDA_category_mean,0.3799,0.1068706896551724,USDA_category_mean,0.3799,0.1430875576036866,USDA_category_mean,0.3799
myfcd_0021,Breadfruits chips (Kerepek sukun),breadfruits chips (kerepek sukun),MyFCD,https://myfcd.moh.gov.my/myfcdcurrent/index.php/site/detail_product/R102002/0/20/0/0/0,"Starchy roots, tubers and products","starchy roots, tubers and products",1.015,222.3533,2.19,40.5425,29.9633,8.2625,2.1875,72.0,51.25,0.53325,309.0,901.0,0.0001,0.44,0.0,0.0,,,0.0717,0.09085,0.33665,2.575,per 100g,2026-07-01T04:14:10.551444Z,2026-07-01T04:14:10.551444Z,13,0.4091,,breadfruits chips kerepek sukun,,not_matched,,,not_matched,,,not_matched,,,not_matched,,,not_matched,,,not_matched,
myfcd_0022,"Flour, sago (Tepung sagu)","flour, sago (tepung sagu)",MyFCD,https://myfcd.moh.gov.my/myfcdcurrent/index.php/site/detail_product/R102004/0/20/0/0/0,"Starchy roots, tubers and products","starchy roots, tubers and products",10.5633,222.3533,0.2017,0.0983,29.9633,2.3917,0.115,3.1667,10.6667,1.28,7.0,12.5,0.0002,0.31,0.0,0.0,,,0.0717,0.09085,0.33665,2.575,per 100g,2026-07-01T04:14:10.551444Z,2026-07-01T04:14:10.551444Z,10,0.5455,,flour sago tepung sagu,31.708955223880597,USDA_category_mean,0.3963,3.343490054249548,USDA_category_mean,0.3963,0.2398865153538051,USDA_category_mean,0.3963,0.7215980024968789,USDA_category_mean,0.3963,0.175552070263488,USDA_category_mean,0.3963,0.0075409836065573,USDA_category_mean,0.3963
myfcd_0023,"Potato chips, spicy (Keropok ubi kentang berperisa rempah pedas)","potato chips, spicy (keropok ubi kentang berperisa rempah pedas)",MyFCD,https://myfcd.moh.gov.my/myfcdcurrent/index.php/site/detail_product/R102007/0/20/0/0/0,"Starchy roots, tubers and products","starchy roots, tubers and products",2.62,222.3533,6.052,26.45,29.9633,6.276,3.348,1.6,141.0,1.466,662.6,742.6,0.0007,0.692,0.0,0.0,,,0.0717,0.09085,0.33665,2.575,per 100g,2026-07-01T04:14:10.551444Z,2026-07-01T04:14:10.551444Z,10,0.5455,,potato chips spicy keropok ubi kentang berperisa rempah pedas,,not_matched,,,not_matched,,,not_matched,,,not_matched,,,not_matched,,,not_matched,
myfcd_0024,"Sweet potato, red, chips (Kerepek ubi keledek)","sweet potato, red, chips (kerepek ubi keledek)",MyFCD,https://myfcd.moh.gov.my/myfcdcurrent/index.php/site/detail_product/R102012/0/20/0/0/0,"Starchy roots, tubers and products","starchy roots, tubers and products",2.2425,222.3533,3.815,19.1625,29.9633,5.375,2.3125,55.6667,112.25,0.53325,178.6667,606.0,0.0001,0.44,0.0,0.0,,,0.0717,0.09085,0.33665,2.575,per 100g,2026-07-01T04:14:10.551444Z,2026-07-01T04:14:10.551444Z,13,0.4091,,sweet potato red chips kerepek ubi keledek,31.708955223880597,USDA_category_mean,0.3825,3.343490054249548,USDA_category_mean,0.3825,0.2398865153538051,USDA_category_mean,0.3825,0.7215980024968789,USDA_category_mean,0.3825,0.175552070263488,USDA_category_mean,0.3825,0.0075409836065573,USDA_category_mean,0.3825
myfcd_0025,"TAPIOCA CHIPS, BARBEQUE (KEREPEK UBI KAYU PERISA BARBEQUE)","tapioca chips, barbeque (kerepek ubi kayu perisa barbeque)",MyFCD,https://myfcd.moh.gov.my/myfcdcurrent/index.php/site/detail_product/R102015/0/20/0/0/0,"Starchy roots, tubers and products","starchy roots, tubers and products",1.348,222.3533,1.758,21.79,29.9633,7.03,2.542,46.8,78.8,0.53325,486.0,454.2,0.0001,0.44,0.0,0.0,,,0.0717,0.09085,0.33665,2.575,per 100g,2026-07-01T04:14:10.551444Z,2026-07-01T04:14:10.551444Z,13,0.4091,"{""dg"":"""",""dc"":""""}",tapioca chips barbeque kerepek ubi kayu perisa barbeque,,not_matched,,,not_matched,,,not_matched,,,not_matched,,,not_matched,,,not_matched,
myfcd_0026,"TAPIOCA CHIPS, BLACK PEPPER (KEREPEK UBI KAYU PERISA LADA HITAM)","tapioca chips, black pepper (kerepek ubi kayu perisa lada hitam)",MyFCD,https://myfcd.moh.gov.my/myfcdcurrent/index.php/site/detail_product/R102016/0/20/0/0/0,"Starchy roots, tubers and products","starchy roots, tubers and products",0.9967,222.3533,0.8667,24.5667,29.9633,6.72,2.23,46.3333,80.6667,0.53325,410.6667,516.6667,0.0001,0.44,0.0,0.0,,,0.0717,0.09085,0.33665,2.575,per 100g,2026-07-01T04:14:10.551444Z,2026-07-01T04:14:10.551444Z,13,0.4091,"{""dg"":"""",""dc"":""""}",tapioca chips black pepper kerepek ubi kayu perisa lada hitam,31.708955223880597,USDA_category_mean,0.227,3.343490054249548,USDA_category_mean,0.227,0.2398865153538051,USDA_category_mean,0.227,0.7215980024968789,USDA_category_mean,0.227,0.175552070263488,USDA_category_mean,0.227,0.0075409836065573,USDA_category_mean,0.227
myfcd_0027,"TAPIOCA CHIPS, PLAIN, SALTED (KEREPEK UBI KAYU, BERGARAM)","tapioca chips, plain, salted (kerepek ubi kayu, bergaram)",MyFCD,https://myfcd.moh.gov.my/myfcdcurrent/index.php/site/detail_product/R102017/0/20/0/0/0,"Starchy roots, tubers and products","starchy roots, tubers and products",1.09,222.3533,1.95,23.2333,29.9633,5.765,2.4467,11.9,84.6667,0.53325,42.137100000000004,112.5,0.0001,0.44,0.0,0.0,,,0.0717,0.09085,0.33665,2.575,per 100g,2026-07-01T04:14:10.551444Z,2026-07-01T04:14:10.551444Z,16,0.2727,"{""dg"":"""",""dc"":""""}",tapioca chips plain kerepek ubi kayu bergaram,31.708955223880597,USDA_category_mean,0.2155,3.343490054249548,USDA_category_mean,0.2155,0.2398865153538051,USDA_category_mean,0.2155,0.7215980024968789,USDA_category_mean,0.2155,0.175552070263488,USDA_category_mean,0.2155,0.0075409836065573,USDA_category_mean,0.2155
myfcd_0028,"TAPIOCA CHIPS, PLAIN, UNSALTED (KEREPEK UBI KAYU, TANPA GARAM)","tapioca chips, plain, unsalted (kerepek ubi kayu, tanpa garam)",MyFCD,https://myfcd.moh.gov.my/myfcdcurrent/index.php/site/detail_product/R102018/0/20/0/0/0,"Starchy roots, tubers and products","starchy roots, tubers and products",1.3633,222.3533,1.3,26.85,29.9633,6.0433,1.77,71.2,87.1667,0.53325,384.2,591.8,0.0001,0.44,0.0,0.0,,,0.0717,0.09085,0.33665,2.575,per 100g,2026-07-01T04:14:10.551444Z,2026-07-01T04:14:10.551444Z,13,0.4091,"{""dg"":"""",""dc"":""""}",tapioca chips plain unsalted kerepek ubi kayu tanpa garam,,not_matched,,,not_matched,,,not_matched,,,not_matched,,,not_matched,,,not_matched,
myfcd_0029,"TAPIOCA CHIPS, SPICY (KEREPEK UBI KAYU PEDAS)","tapioca chips, spicy (kerepek ubi kayu pedas)",MyFCD,https://myfcd.moh.gov.my/myfcdcurrent/index.php/site/detail_product/R102019/0/20/0/0/0,"Starchy roots, tubers and products","starchy roots, tubers and products",0.78,222.3533,1.2433,21.425,29.9633,6.3783,2.0717,1.8333,63.5,1.286,403.2,355.5,0.0019,0.584,0.0,0.0,,,0.0717,0.09085,0.33665,2.575,per 100g,2026-07-01T04:14:10.551444Z,2026-07-01T04:14:10.551444Z,10,0.5455,"{""dg"":"""",""dc"":""""}",tapioca chips spicy kerepek ubi kayu pedas,,not_matched,,,not_matched,,,not_matched,,,not_matched,,,not_matched,,,not_matched,
myfcd_0030,BLACK EYE BEAN (KACANG MATA HITAM),black eye bean (kacang mata hitam),MyFCD,https://myfcd.moh.gov.my/myfcdcurrent/index.php/site/detail_product/R103003/0/20/0/0/0,Legumes and legume products,legumes and legume products,10.965,222.3533,20.2583,0.5417,29.9633,19.9917,3.6417,84.6,344.8333,0.53325,19.2,1149.1667,0.0001,0.44,0.0,0.0,,,0.0717,0.09085,0.33665,2.575,per 100g,2026-07-01T04:14:10.551444Z,2026-07-01T04:14:10.551444Z,11,0.5,"{""dg"":"""",""dc"":""""}",black eye bean kacang mata hitam,88.4015444015444,USDA_category_mean,0.2814,4.053073170731707,USDA_category_mean,0.2814,1.2080034602076124,USDA_category_mean,0.2814,0.3204225352112676,USDA_category_mean,0.2814,0.2409211618257261,USDA_category_mean,0.2814,0.2477480916030534,USDA_category_mean,0.2814
myfcd_0031,CAROB FLOUR (TEPUNG KACANG KUDA),carob flour (tepung kacang kuda),MyFCD,https://myfcd.moh.gov.my/myfcdcurrent/index.php/site/detail_product/R103004/0/20/0/0/0,Legumes and legume products,legumes and legume products,10.54,222.3533,21.1133,1.7383,29.9633,11.3067,2.5733,1.5,303.8333,2.6417,11.2,592.6667,0.0006,2.3017,0.0,0.0,,,0.0717,0.09085,0.33665,2.575,per 100g,2026-07-01T04:14:10.551444Z,2026-07-01T04:14:10.551444Z,8,0.6364,"{""dg"":"""",""dc"":""""}",carob flour tepung kacang kuda,54.0,USDA_direct_medium,0.5732,49.08,USDA_direct_medium,0.5732,0.09,USDA_direct_medium,0.5732,0.0,USDA_direct_medium,0.5732,0.366,USDA_direct_medium,0.5732,0.0,USDA_direct_medium,0.5732
myfcd_0032,"SAUCE, SOYA, DARK","sauce, soya, dark",MyFCD,https://myfcd.moh.gov.my/myfcdcurrent/index.php/site/detail_product/R103033/0/20/0/0/0,Legumes and legume products,legumes and legume products,8.095,347.3017,31.926,19.2217,16.9717,24.2283,4.8783,282.2,487.4,0.53325,25.0,2275.4,0.0001,0.44,0.0,0.0,,,0.0717,0.09085,0.33665,2.575,per 100g,2026-07-01T04:14:10.551444Z,2026-07-01T04:14:10.551444Z,9,0.5909,"{""dg"":"""",""dc"":""""}",sauce soya dark,88.4015444015444,USDA_category_mean,0.2248,4.053073170731707,USDA_category_mean,0.2248,1.2080034602076124,USDA_category_mean,0.2248,0.3204225352112676,USDA_category_mean,0.2248,0.2409211618257261,USDA_category_mean,0.2248,0.2477480916030534,USDA_category_mean,0.2248
myfcd_0033,"SAUCE, SOYA, LIGHT","sauce, soya, light",MyFCD,https://myfcd.moh.gov.my/myfcdcurrent/index.php/site/detail_product/R103034/0/20/0/0/0,Legumes and legume products,legumes and legume products,59.9633,99.64,2.68,0.0,22.23,2.4067,12.72,11.9,64.44,0.53325,42.137100000000004,112.5,0.0001,0.44,0.0,0.0,,,0.0717,0.09085,0.33665,2.575,per 100g,2026-07-01T04:14:10.551444Z,2026-07-01T04:14:10.551444Z,15,0.3182,"{""dg"":"""",""dc"":""""}",sauce soya light,88.4015444015444,USDA_category_mean,0.3112,4.053073170731707,USDA_category_mean,0.3112,1.2080034602076124,USDA_category_mean,0.3112,0.3204225352112676,USDA_category_mean,0.3112,0.2409211618257261,USDA_category_mean,0.3112,0.2477480916030534,USDA_category_mean,0.3112
myfcd_0034,PEANUT BUTTER CHOCOLATE STRIPES,peanut butter chocolate stripes,MyFCD,https://myfcd.moh.gov.my/myfcdcurrent/index.php/site/detail_product/R104034/0/20/0/0/0,"Nuts, seeds and products","nuts, seeds and products",2.18,513.7683,20.3833,45.275,9.966,22.615,3.3567,161.8333,367.3333,0.53325,386.1667,1317.0,0.0001,0.44,0.0,0.0,,,0.0717,0.09085,0.33665,2.575,per 100g,2026-07-01T04:14:10.551444Z,2026-07-01T04:14:10.551444Z,9,0.5909,"{""dg"":"""",""dc"":""""}",peanut butter chocolate stripes,,not_matched,,,not_matched,,,not_matched,,,not_matched,,,not_matched,,,not_matched,
myfcd_0035,BABY CORN (JAGUNG SAYUR),baby corn (jagung sayur),MyFCD,https://myfcd.moh.gov.my/myfcdcurrent/index.php/site/detail_product/R105006/0/20/0/0/0,Vegetables and vegetable products,vegetables and vegetable products,91.05,37.0,2.1667,0.1,6.1167,1.4167,0.55,15.3667,40.0333,0.3,3.5833,133.3333,0.0001,0.4833,0.0,0.0,,,0.0717,0.09085,0.33665,8.9,per 100g,2026-07-01T04:14:10.551444Z,2026-07-01T04:14:10.551444Z,7,0.6818,"{""dg"":"""",""dc"":""""}",baby corn jagung sayur,31.708955223880597,USDA_category_mean,0.3551,3.343490054249548,USDA_category_mean,0.3551,0.2398865153538051,USDA_category_mean,0.3551,0.7215980024968789,USDA_category_mean,0.3551,0.175552070263488,USDA_category_mean,0.3551,0.0075409836065573,USDA_category_mean,0.3551
myfcd_0036,"CAPSICUM, GREEN (LADA BENGALA, HIJAU)","capsicum, green (lada bengala, hijau)",MyFCD,https://myfcd.moh.gov.my/myfcdcurrent/index.php/site/detail_product/R105022/0/20/0/0/0,Vegetables and vegetable products,vegetables and vegetable products,95.3,20.3333,0.6833,0.15,3.4,1.3,0.45,9.5333,15.7667,0.4333,14.35,99.9833,0.0001,0.1667,0.0,0.0,,,0.0717,0.09085,0.33665,4.6333,per 100g,2026-07-01T04:14:10.551444Z,2026-07-01T04:14:10.551444Z,7,0.6818,"{""dg"":"""",""dc"":""""}",capsicum green lada bengala hijau,,not_matched,,,not_matched,,,not_matched,,,not_matched,,,not_matched,,,not_matched,
myfcd_0037,"CAPSICUM, RED (LADA BENGALA, MERAH)","capsicum, red (lada bengala, merah)",MyFCD,https://myfcd.moh.gov.my/myfcdcurrent/index.php/site/detail_product/R105023/0/20/0/0/0,Vegetables and vegetable products,vegetables and vegetable products,93.4667,28.8333,0.8667,0.1833,4.9333,1.95,0.5333,9.3167,20.7167,0.75,17.9,134.2167,0.0001,0.5,0.0,0.0,,,0.0717,0.09085,0.33665,11.0,per 100g,2026-07-01T04:14:10.551444Z,2026-07-01T04:14:10.551444Z,7,0.6818,"{""dg"":"""",""dc"":""""}",capsicum red lada bengala merah,31.708955223880597,USDA_category_mean,0.2194,3.343490054249548,USDA_category_mean,0.2194,0.2398865153538051,USDA_category_mean,0.2194,0.7215980024968789,USDA_category_mean,0.2194,0.175552070263488,USDA_category_mean,0.2194,0.0075409836065573,USDA_category_mean,0.2194
myfcd_0038,"CAPSICUM, YELLOW (LADA BENGALA, KUNING)","capsicum, yellow (lada bengala, kuning)",MyFCD,https://myfcd.moh.gov.my/myfcdcurrent/index.php/site/detail_product/R105024/0/20/0/0/0,Vegetables and vegetable products,vegetables and vegetable products,93.1167,28.6667,0.85,0.0333,5.3667,1.8167,0.6333,7.2167,16.0,0.5333,13.15,132.0667,0.0001,0.1833,0.0,0.0,,,0.0717,0.09085,0.33665,11.4,per 100g,2026-07-01T04:14:10.551444Z,2026-07-01T04:14:10.551444Z,7,0.6818,"{""dg"":"""",""dc"":""""}",capsicum yellow lada bengala kuning,,not_matched,,,not_matched,,,not_matched,,,not_matched,,,not_matched,,,not_matched,
myfcd_0039,"SAUCE, CHILI THAI","sauce, chili thai",MyFCD,https://myfcd.moh.gov.my/myfcdcurrent/index.php/site/detail_product/R105150/0/20/0/0/0,Vegetables and vegetable products,vegetables and vegetable products,38.105000000000004,222.3533,3.4000000000000004,5.3633,29.9633,3.0944,0.9833,11.9,64.44,0.53325,42.137100000000004,112.5,0.0001,0.44,0.0,0.0,,,0.0717,0.09085,0.33665,2.575,per 100g,2026-07-01T04:14:10.551444Z,2026-07-01T04:14:10.551444Z,22,0.0,"{""dg"":"""",""dc"":""""}",sauce chili thai,31.708955223880597,USDA_category_mean,0.3929,3.343490054249548,USDA_category_mean,0.3929,0.2398865153538051,USDA_category_mean,0.3929,0.7215980024968789,USDA_category_mean,0.3929,0.175552070263488,USDA_category_mean,0.3929,0.0075409836065573,USDA_category_mean,0.3929
myfcd_0040,"DRAGON FRUIT, RED (BUAH NAGA, ISI MERAH)","dragon fruit, red (buah naga, isi merah)",MyFCD,https://myfcd.moh.gov.my/myfcdcurrent/index.php/site/detail_product/R106035/0/20/0/0/0,Fruits and fruit products,fruits and fruit products,86.7667,51.3333,1.3667,0.0667,10.9,0.8667,0.5667,8.9667,23.9333,0.1333,16.3,167.0667,0.0002,0.4667,0.0,0.0,,,0.0717,0.09085,0.33665,2.3667,per 100g,2026-07-01T04:14:10.551444Z,2026-07-01T04:14:10.551444Z,7,0.6818,"{""dg"":"""",""dc"":""""}",dragon fruit red buah naga isi merah,,not_matched,,,not_matched,,,not_matched,,,not_matched,,,not_matched,,,not_matched,
myfcd_0041,"DRAGON FRUIT, WHITE (BUAH NAGA, ISI PUTIH)","dragon fruit, white (buah naga, isi putih)",MyFCD,https://myfcd.moh.gov.my/myfcdcurrent/index.php/site/detail_product/R106036/0/20/0/0/0,Fruits and fruit products,fruits and fruit products,87.05,52.5,1.6,0.15,10.55,1.1,0.65,7.75,24.5,0.2,16.95,181.95,0.0001,0.45,0.0,0.0,,,0.0717,0.09085,0.33665,2.55,per 100g,2026-07-01T04:14:10.551444Z,2026-07-01T04:14:10.551444Z,7,0.6818,"{""dg"":"""",""dc"":""""}",dragon fruit white buah naga isi putih,14.53757225433526,USDA_category_mean,0.2072,16.17869888475836,USDA_category_mean,0.2072,0.0952971246006389,USDA_category_mean,0.2072,0.0031055900621118,USDA_category_mean,0.2072,0.087833836858006,USDA_category_mean,0.2072,0.0147468354430379,USDA_category_mean,0.2072
myfcd_0042,HONEYDEW (TEMBIKAI SUSU),honeydew (tembikai susu),MyFCD,https://myfcd.moh.gov.my/myfcdcurrent/index.php/site/detail_product/R106051/0/20/0/0/0,Fruits and fruit products,fruits and fruit products,94.5,23.5,0.35,0.35,4.325,0.9,0.475,9.85,12.55,0.175,24.4,92.625,0.0001,0.225,0.0,0.0,,,0.0717,0.09085,0.33665,2.575,per 100g,2026-07-01T04:14:10.551444Z,2026-07-01T04:14:10.551444Z,7,0.6818,"{""dg"":"""",""dc"":""""}",honeydew tembikai susu,14.53757225433526,USDA_category_mean,0.3996,16.17869888475836,USDA_category_mean,0.3996,0.0952971246006389,USDA_category_mean,0.3996,0.0031055900621118,USDA_category_mean,0.3996,0.087833836858006,USDA_category_mean,0.3996,0.0147468354430379,USDA_category_mean,0.3996
myfcd_0043,LYCHEE IN TIN,lychee in tin,MyFCD,https://myfcd.moh.gov.my/myfcdcurrent/index.php/site/detail_product/R106073/0/20/0/0/0,Fruits and fruit products,fruits and fruit products,71.1733,114.34,0.1267,0.02,28.4133,0.22,0.0467,11.9,64.44,0.53325,42.137100000000004,112.5,0.0001,0.44,0.0,0.0,,,0.0717,0.09085,0.33665,2.575,per 100g,2026-07-01T04:14:10.551444Z,2026-07-01T04:14:10.551444Z,15,0.3182,"{""dg"":"""",""dc"":""""}",lychee tin,,not_matched,,,not_matched,,,not_matched,,,not_matched,,,not_matched,,,not_matched,
myfcd_0044,POMEGRANATE (DELIMA),pomegranate (delima),MyFCD,https://myfcd.moh.gov.my/myfcdcurrent/index.php/site/detail_product/R106113/0/20/0/0/0,Fruits and fruit products,fruits and fruit products,82.5,80.0,1.5333,0.8,14.4,4.4667,0.7667,12.2,31.0,0.1667,20.7333,153.8667,0.0002,0.3667,0.0,0.0,,,0.0717,0.09085,0.33665,5.1333,per 100g,2026-07-01T04:14:10.551444Z,2026-07-01T04:14:10.551444Z,7,0.6818,"{""dg"":"""",""dc"":""""}",pomegranate delima,7.0,USDA_direct_medium,0.5323,12.65,USDA_direct_medium,0.5323,0.077,USDA_direct_medium,0.5323,0.0,USDA_direct_medium,0.5323,0.04,USDA_direct_medium,0.5323,0.0,USDA_direct_medium,0.5323
myfcd_0045,ASPARTAME (ASPARTAM),aspartame (aspartam),MyFCD,https://myfcd.moh.gov.my/myfcdcurrent/index.php/site/detail_product/R107001/0/20/0/0/0,Sugars and syrups,sugars and syrups,38.105000000000004,222.3533,3.4000000000000004,5.3633,29.9633,3.0944,0.9833,21.4633,3.3687,0.53325,24.6667,64.61,0.0001,0.44,0.0,0.0,,,0.0717,0.09085,0.33665,2.575,per 100g,2026-07-01T04:14:10.551444Z,2026-07-01T04:14:10.551444Z,16,0.2727,"{""dg"":"""",""dc"":""""}",aspartame aspartam,35.81666666666667,USDA_category_mean,0.2906,42.15437086092715,USDA_category_mean,0.2906,5.790073313782991,USDA_category_mean,0.2906,8.912181303116148,USDA_category_mean,0.2906,0.069267558528428,USDA_category_mean,0.2906,0.1920138888888888,USDA_category_mean,0.2906
myfcd_0046,ORANGE FLAVOURED CANDY (GULA-GULA PERISA OREN),orange flavoured candy (gula-gula perisa oren),MyFCD,https://myfcd.moh.gov.my/myfcdcurrent/index.php/site/detail_product/R107002/0/20/0/0/0,Sugars and syrups,sugars and syrups,38.105000000000004,222.3533,3.4000000000000004,5.3633,29.9633,3.0944,0.9833,18.595,1.4572,0.53325,79.7,2.895,0.0001,0.44,0.0,0.0,,,0.0717,0.09085,0.33665,2.575,per 100g,2026-07-01T04:14:10.551444Z,2026-07-01T04:14:10.551444Z,16,0.2727,"{""dg"":"""",""dc"":""""}",orange flavoured candy gula gula perisa oren,35.81666666666667,USDA_category_mean,0.2074,42.15437086092715,USDA_category_mean,0.2074,5.790073313782991,USDA_category_mean,0.2074,8.912181303116148,USDA_category_mean,0.2074,0.069267558528428,USDA_category_mean,0.2074,0.1920138888888888,USDA_category_mean,0.2074
myfcd_0047,STRAWBERRY FLAVOURED CANDY (GULA-GULA PERISA STRAWBERI),strawberry flavoured candy (gula-gula perisa strawberi),MyFCD,https://myfcd.moh.gov.my/myfcdcurrent/index.php/site/detail_product/R107004/0/20/0/0/0,Sugars and syrups,sugars and syrups,38.105000000000004,222.3533,3.4000000000000004,5.3633,29.9633,3.0944,0.9833,23.1767,1.5423,0.53325,45.0167,4.23,0.0001,0.44,0.0,0.0,,,0.0717,0.09085,0.33665,2.575,per 100g,2026-07-01T04:14:10.551444Z,2026-07-01T04:14:10.551444Z,16,0.2727,"{""dg"":"""",""dc"":""""}",strawberry flavoured candy gula gula perisa strawberi,35.81666666666667,USDA_category_mean,0.2504,42.15437086092715,USDA_category_mean,0.2504,5.790073313782991,USDA_category_mean,0.2504,8.912181303116148,USDA_category_mean,0.2504,0.069267558528428,USDA_category_mean,0.2504,0.1920138888888888,USDA_category_mean,0.2504
myfcd_0048,CORDIAL ROOT BEER (KORDIAL RUT BIR),cordial root beer (kordial rut bir),MyFCD,https://myfcd.moh.gov.my/myfcdcurrent/index.php/site/detail_product/R107005/0/20/0/0/0,Sugars and syrups,sugars and syrups,44.145,222.3533,0.1467,0.0,29.9633,3.0944,0.065,1.9405,0.3094,0.287,2.405,0.4225,0.0001,0.193,0.0,0.0,,,0.0717,0.09085,0.33665,2.575,per 100g,2026-07-01T04:14:10.551444Z,2026-07-01T04:14:10.551444Z,9,0.5909,"{""dg"":"""",""dc"":""""}",cordial root beer kordial rut bir,,not_matched,,,not_matched,,,not_matched,,,not_matched,,,not_matched,,,not_matched,
myfcd_0049,"CORDIAL, SOURSOP (KORDIAL DURIAN BELANDA)","cordial, soursop (kordial durian belanda)",MyFCD,https://myfcd.moh.gov.my/myfcdcurrent/index.php/site/detail_product/R107006/0/20/0/0/0,Sugars and syrups,sugars and syrups,35.1867,222.3533,0.1157,0.0,29.9633,28.7491,0.12,2.6382,1.5933,0.3377,19.6933,8.8828,0.0001,0.1087,0.5155,0.0,,,0.0717,0.09085,0.33665,2.575,per 100g,2026-07-01T04:14:10.551444Z,2026-07-01T04:14:10.551444Z,8,0.6364,"{""dg"":"""",""dc"":""""}",cordial soursop kordial durian belanda,,not_matched,,,not_matched,,,not_matched,,,not_matched,,,not_matched,,,not_matched,
myfcd_0050,"CORDIAL, GRAPE (KORDIAL ANGGUR)","cordial, grape (kordial anggur)",MyFCD,https://myfcd.moh.gov.my/myfcdcurrent/index.php/site/detail_product/R107007/0/20/0/0/0,Sugars and syrups,sugars and syrups,54.1283,222.3533,0.0233,0.0,29.9633,8.1962,0.1383,2.8922,1.6241,0.5332,33.4475,1.8453,0.0001,0.2074,0.0,0.0,,,0.0717,0.09085,0.33665,2.575,per 100g,2026-07-01T04:14:10.551444Z,2026-07-01T04:14:10.551444Z,8,0.6364,"{""dg"":"""",""dc"":""""}",cordial grape kordial anggur,35.81666666666667,USDA_category_mean,0.2074,42.15437086092715,USDA_category_mean,0.2074,5.790073313782991,USDA_category_mean,0.2074,8.912181303116148,USDA_category_mean,0.2074,0.069267558528428,USDA_category_mean,0.2074,0.1920138888888888,USDA_category_mean,0.2074
myfcd_0051,"CORDIAL, GUAVA (KORDIAL JAMBU BATU)","cordial, guava (kordial jambu batu)",MyFCD,https://myfcd.moh.gov.my/myfcdcurrent/index.php/site/detail_product/R107008/0/20/0/0/0,Sugars and syrups,sugars and syrups,33.11,222.3533,0.0,0.0,29.9633,3.0944,0.15,1.29,1.4447,0.3237,39.2575,19.179,0.0001,0.12,0.363,0.0,,,0.0717,0.09085,0.33665,2.575,per 100g,2026-07-01T04:14:10.551444Z,2026-07-01T04:14:10.551444Z,9,0.5909,"{""dg"":"""",""dc"":""""}",cordial guava kordial jambu batu,,not_matched,,,not_matched,,,not_matched,,,not_matched,,,not_matched,,,not_matched,
myfcd_0052,"CORDIAL, KIWI (KORDIAL KIWI)","cordial, kiwi (kordial kiwi)",MyFCD,https://myfcd.moh.gov.my/myfcdcurrent/index.php/site/detail_product/R107009/0/20/0/0/0,Sugars and syrups,sugars and syrups,31.5925,222.3533,0.0565,0.0,29.9633,3.6721,0.09,1.5502,1.0506,0.2423,26.75,5.2115,0.0001,1.292,0.0,0.0,,,0.0717,0.09085,0.33665,2.575,per 100g,2026-07-01T04:14:10.551444Z,2026-07-01T04:14:10.551444Z,8,0.6364,"{""dg"":"""",""dc"":""""}",cordial kiwi kordial kiwi,,not_matched,,,not_matched,,,not_matched,,,not_matched,,,not_matched,,,not_matched,
myfcd_0053,"CORDIAL, LIME (KORDIAL LIMAU NIPIS)","cordial, lime (kordial limau nipis)",MyFCD,https://myfcd.moh.gov.my/myfcdcurrent/index.php/site/detail_product/R107010/0/20/0/0/0,Sugars and syrups,sugars and syrups,65.7175,222.3533,0.0998,0.0,29.9633,4.5209,0.09,2.4475,1.5961,0.255,16.545,1.9672,0.0001,0.1387,0.0,0.0,,,0.0717,0.09085,0.33665,2.575,per 100g,2026-07-01T04:14:10.551444Z,2026-07-01T04:14:10.551444Z,8,0.6364,"{""dg"":"""",""dc"":""""}",cordial lime kordial limau nipis,35.81666666666667,USDA_category_mean,0.3138,42.15437086092715,USDA_category_mean,0.3138,5.790073313782991,USDA_category_mean,0.3138,8.912181303116148,USDA_category_mean,0.3138,0.069267558528428,USDA_category_mean,0.3138,0.1920138888888888,USDA_category_mean,0.3138
myfcd_0054,"CORDIAL, MANGO (KORDIAL MANGGA)","cordial, mango (kordial mangga)",MyFCD,https://myfcd.moh.gov.my/myfcdcurrent/index.php/site/detail_product/R107011/0/20/0/0/0,Sugars and syrups,sugars and syrups,53.094,222.3533,0.0513,0.0,29.9633,2.3511,0.1333,4.4493,3.4525,0.2696,15.7025,35.517,0.0001,0.2042,0.0,1.3037,,,0.0717,0.09085,0.33665,2.575,per 100g,2026-07-01T04:14:10.551444Z,2026-07-01T04:14:10.551444Z,8,0.6364,"{""dg"":"""",""dc"":""""}",cordial mango kordial mangga,,not_matched,,,not_matched,,,not_matched,,,not_matched,,,not_matched,,,not_matched,
myfcd_0055,"CORDIAL, ORANGE (KORDIAL OREN)","cordial, orange (kordial oren)",MyFCD,https://myfcd.moh.gov.my/myfcdcurrent/index.php/site/detail_product/R107012/0/20/0/0/0,Sugars and syrups,sugars and syrups,52.908,222.3533,0.0894,0.0,29.9633,16.4711,0.0333,1.5952,0.7252,0.2296,24.368,4.4788,0.0001,0.2767,0.0,0.0,,,0.0717,0.09085,0.33665,2.575,per 100g,2026-07-01T04:14:10.551444Z,2026-07-01T04:14:10.551444Z,8,0.6364,"{""dg"":"""",""dc"":""""}",cordial orange kordial oren,35.81666666666667,USDA_category_mean,0.3244,42.15437086092715,USDA_category_mean,0.3244,5.790073313782991,USDA_category_mean,0.3244,8.912181303116148,USDA_category_mean,0.3244,0.069267558528428,USDA_category_mean,0.3244,0.1920138888888888,USDA_category_mean,0.3244
myfcd_0056,"CORDIAL, PINEAPPLE(KORDIAL NENAS)","cordial, pineapple(kordial nenas)",MyFCD,https://myfcd.moh.gov.my/myfcdcurrent/index.php/site/detail_product/R107013/0/20/0/0/0,Sugars and syrups,sugars and syrups,31.4275,222.3533,0.1936,0.0,29.9633,9.1781,0.145,1.8173,4.5382,0.476,69.8425,112.5,0.0001,0.2225,0.0,0.0,,,0.0717,0.09085,0.33665,2.575,per 100g,2026-07-01T04:14:10.551444Z,2026-07-01T04:14:10.551444Z,11,0.5,"{""dg"":"""",""dc"":""""}",cordial pineapple kordial nenas,35.81666666666667,USDA_category_mean,0.3634,42.15437086092715,USDA_category_mean,0.3634,5.790073313782991,USDA_category_mean,0.3634,8.912181303116148,USDA_category_mean,0.3634,0.069267558528428,USDA_category_mean,0.3634,0.1920138888888888,USDA_category_mean,0.3634
myfcd_0057,"CORDIAL, ROSELLE (KORDIAL ROSEL)","cordial, roselle (kordial rosel)",MyFCD,https://myfcd.moh.gov.my/myfcdcurrent/index.php/site/detail_product/R107014/0/20/0/0/0,Sugars and syrups,sugars and syrups,41.5667,222.3533,0.1625,0.0,29.9633,5.9347,0.0917,5.3392,3.4975,0.4373,8.235,19.2772,0.0001,0.1313,0.0,0.0,,,0.0717,0.09085,0.33665,2.575,per 100g,2026-07-01T04:14:10.551444Z,2026-07-01T04:14:10.551444Z,8,0.6364,"{""dg"":"""",""dc"":""""}",cordial roselle kordial rosel,,not_matched,,,not_matched,,,not_matched,,,not_matched,,,not_matched,,,not_matched,
myfcd_0058,"CORDIAL, SARSI (KORDIAL SARSI)","cordial, sarsi (kordial sarsi)",MyFCD,https://myfcd.moh.gov.my/myfcdcurrent/index.php/site/detail_product/R107015/0/20/0/0/0,Sugars and syrups,sugars and syrups,61.6817,222.3533,0.089,0.0083,29.9633,3.0944,0.0767,0.9833,3.7183,0.2517,17.506,1.0348,0.0001,0.1708,0.0,0.0,,,0.0717,0.09085,0.33665,2.575,per 100g,2026-07-01T04:14:10.551444Z,2026-07-01T04:14:10.551444Z,9,0.5909,"{""dg"":"""",""dc"":""""}",cordial sarsi kordial sarsi,,not_matched,,,not_matched,,,not_matched,,,not_matched,,,not_matched,,,not_matched,
myfcd_0059,GLUCOSE (GLUKOSA),glucose (glukosa),MyFCD,https://myfcd.moh.gov.my/myfcdcurrent/index.php/site/detail_product/R107016/0/20/0/0/0,Sugars and syrups,sugars and syrups,38.105000000000004,222.3533,3.4000000000000004,5.3633,29.9633,3.0944,0.9833,121.96,64.44,0.53325,23.93,6.44,0.0001,0.44,0.0,0.0,,,0.0717,0.09085,0.33665,2.575,per 100g,2026-07-01T04:14:10.551444Z,2026-07-01T04:14:10.551444Z,16,0.2727,"{""dg"":"""",""dc"":""""}",glucose glukosa,,not_matched,,,not_matched,,,not_matched,,,not_matched,,,not_matched,,,not_matched,
myfcd_0060,HONEY,honey,MyFCD,https://myfcd.moh.gov.my/myfcdcurrent/index.php/site/detail_product/R107017/0/20/0/0/0,Sugars and syrups,sugars and syrups,18.95,324.0133,0.0467,0.0,80.9567,0.0,0.0467,11.9,64.44,0.53325,42.137100000000004,112.5,0.0001,0.44,0.0,0.0,,,0.0717,0.09085,0.33665,2.575,per 100g,2026-07-01T04:14:10.551444Z,2026-07-01T04:14:10.551444Z,15,0.3182,"{""dg"":"""",""dc"":""""}",honey,2.0,USDA_direct_high,1.0,82.12,USDA_direct_high,1.0,0.0,USDA_direct_high,1.0,0.0,USDA_direct_high,1.0,0.024,USDA_direct_high,1.0,0.0,USDA_direct_high,1.0
myfcd_0061,"JAM, APRICOT (JEM APRIKOT)","jam, apricot (jem aprikot)",MyFCD,https://myfcd.moh.gov.my/myfcdcurrent/index.php/site/detail_product/R107018/0/20/0/0/0,Sugars and syrups,sugars and syrups,31.4833,272.4933,0.425,0.0,67.205,0.5367,0.25,7.6333,7.5643,0.2,8.9167,140.89,0.0,0.01,0.0,0.0,,,0.0,0.0,22.0333,5.6733,per 100g,2026-07-01T04:14:10.551444Z,2026-07-01T04:14:10.551444Z,4,0.8182,"{""dg"":"""",""dc"":""""}",jam apricot jem aprikot,35.81666666666667,USDA_category_mean,0.3312,42.15437086092715,USDA_category_mean,0.3312,5.790073313782991,USDA_category_mean,0.3312,8.912181303116148,USDA_category_mean,0.3312,0.069267558528428,USDA_category_mean,0.3312,0.1920138888888888,USDA_category_mean,0.3312
myfcd_0062,"JAM, BLUEBERRY (JEM BLUEBERI)","jam, blueberry (jem blueberi)",MyFCD,https://myfcd.moh.gov.my/myfcdcurrent/index.php/site/detail_product/R107019/0/20/0/0/0,Sugars and syrups,sugars and syrups,31.8283,271.9233,0.3083,0.01,67.2483,0.3983,0.1167,6.5167,5.2776,0.25,9.2333,112.5,0.0,0.0,0.0,0.0,,,0.0633,0.0,0.0,2.5167,per 100g,2026-07-01T04:14:10.551444Z,2026-07-01T04:14:10.551444Z,5,0.7727,"{""dg"":"""",""dc"":""""}",jam blueberry jem blueberi,35.81666666666667,USDA_category_mean,0.3027,42.15437086092715,USDA_category_mean,0.3027,5.790073313782991,USDA_category_mean,0.3027,8.912181303116148,USDA_category_mean,0.3027,0.069267558528428,USDA_category_mean,0.3027,0.1920138888888888,USDA_category_mean,0.3027
myfcd_0063,"JAM, BLACKCURRENT (JEM ANGGUR HITAM)","jam, blackcurrent (jem anggur hitam)",MyFCD,https://myfcd.moh.gov.my/myfcdcurrent/index.php/site/detail_product/R107021/0/20/0/0/0,Sugars and syrups,sugars and syrups,33.3633,266.1333,0.2717,0.02,65.9917,0.09,0.1833,10.2833,6.0864,0.2,4.0667,112.5,0.0,0.07,0.0,0.0,,,0.0,0.0,0.155,2.65,per 100g,2026-07-01T04:14:10.551444Z,2026-07-01T04:14:10.551444Z,5,0.7727,"{""dg"":"""",""dc"":""""}",jam blackcurrent jem anggur hitam,,not_matched,,,not_matched,,,not_matched,,,not_matched,,,not_matched,,,not_matched,
myfcd_0064,"JAM, MANGO (JEM MEMPELAM)","jam, mango (jem mempelam)",MyFCD,https://myfcd.moh.gov.my/myfcdcurrent/index.php/site/detail_product/R107023/0/20/0/0/0,Sugars and syrups,sugars and syrups,48.0467,197.8133,1.8933,0.0,47.56,2.2233,0.2767,11.9,64.44,0.53325,42.137100000000004,112.5,0.0001,0.44,0.0,0.0,,,0.0717,0.09085,0.33665,2.575,per 100g,2026-07-01T04:14:10.551444Z,2026-07-01T04:14:10.551444Z,15,0.3182,"{""dg"":"""",""dc"":""""}",jam mango jem mempelam,,not_matched,,,not_matched,,,not_matched,,,not_matched,,,not_matched,,,not_matched,
myfcd_0065,"JAM, PINEAPPLE (JEM NENAS)","jam, pineapple (jem nenas)",MyFCD,https://myfcd.moh.gov.my/myfcdcurrent/index.php/site/detail_product/R107025/0/20/0/0/0,Sugars and syrups,sugars and syrups,38.105000000000004,222.3533,3.4000000000000004,5.3633,29.9633,3.0944,0.9833,11.9,64.44,0.53325,42.137100000000004,112.5,0.0001,0.44,0.0,0.0,,,0.0717,0.09085,0.33665,2.575,per 100g,2026-07-01T04:14:10.551444Z,2026-07-01T04:14:10.551444Z,22,0.0,"{""dg"":"""",""dc"":""""}",jam pineapple jem nenas,35.81666666666667,USDA_category_mean,0.3484,42.15437086092715,USDA_category_mean,0.3484,5.790073313782991,USDA_category_mean,0.3484,8.912181303116148,USDA_category_mean,0.3484,0.069267558528428,USDA_category_mean,0.3484,0.1920138888888888,USDA_category_mean,0.3484
myfcd_0066,"JAM, STRAWBERRY (JEM STRAWBERI)","jam, strawberry (jem strawberi)",MyFCD,https://myfcd.moh.gov.my/myfcdcurrent/index.php/site/detail_product/R107029/0/20/0/0/0,Sugars and syrups,sugars and syrups,31.2283,273.89,0.41,0.0233,67.6467,0.3817,0.2333,18.1,10.0148,0.2667,1.3667,112.5,0.0,0.0483,0.0,0.0,,,0.0867,0.0,0.0,3.2833,per 100g,2026-07-01T04:14:10.551444Z,2026-07-01T04:14:10.551444Z,5,0.7727,"{""dg"":"""",""dc"":""""}",jam strawberry jem strawberi,35.81666666666667,USDA_category_mean,0.3322,42.15437086092715,USDA_category_mean,0.3322,5.790073313782991,USDA_category_mean,0.3322,8.912181303116148,USDA_category_mean,0.3322,0.069267558528428,USDA_category_mean,0.3322,0.1920138888888888,USDA_category_mean,0.3322
myfcd_0067,"JAM, ORANGE MARMALADE","jam, orange marmalade",MyFCD,https://myfcd.moh.gov.my/myfcdcurrent/index.php/site/detail_product/R107041/0/20/0/0/0,Sugars and syrups,sugars and syrups,38.105000000000004,222.3533,3.4000000000000004,5.3633,29.9633,3.0944,0.9833,11.9,64.44,0.53325,42.137100000000004,112.5,0.0001,0.44,0.0,0.0,,,0.0717,0.09085,0.33665,2.575,per 100g,2026-07-01T04:14:10.551444Z,2026-07-01T04:14:10.551444Z,22,0.0,"{""dg"":"""",""dc"":""""}",jam orange marmalade,2.0,USDA_direct_high,0.8351,60.0,USDA_direct_high,0.8351,0.0,USDA_direct_high,0.8351,0.0,USDA_direct_high,0.8351,0.019,USDA_direct_high,0.8351,0.0,USDA_direct_high,0.8351
myfcd_0068,GRAPE FLAVOURED CANDY (GULA-GULA PERISA ANGGUR),grape flavoured candy (gula-gula perisa anggur),MyFCD,https://myfcd.moh.gov.my/myfcdcurrent/index.php/site/detail_product/R107042/0/20/0/0/0,Sugars and syrups,sugars and syrups,38.105000000000004,222.3533,3.4000000000000004,5.3633,29.9633,3.0944,0.9833,21.2633,1.5237,0.53325,37.5267,11.9133,0.0001,0.44,0.0,0.0,,,0.0717,0.09085,0.33665,2.575,per 100g,2026-07-01T04:14:10.551444Z,2026-07-01T04:14:10.551444Z,16,0.2727,"{""dg"":"""",""dc"":""""}",grape flavoured candy gula gula perisa anggur,,not_matched,,,not_matched,,,not_matched,,,not_matched,,,not_matched,,,not_matched,
myfcd_0069,"SUGAR, ICING (GULA ISING)","sugar, icing (gula ising)",MyFCD,https://myfcd.moh.gov.my/myfcdcurrent/index.php/site/detail_product/R107046/0/20/0/0/0,Sugars and syrups,sugars and syrups,38.105000000000004,222.3533,3.4000000000000004,5.3633,29.9633,3.0944,0.9833,30.684,0.6784,0.53325,23.102,7.19,0.0001,0.44,0.0,0.0,,,0.0717,0.09085,0.33665,2.575,per 100g,2026-07-01T04:14:10.551444Z,2026-07-01T04:14:10.551444Z,16,0.2727,"{""dg"":"""",""dc"":""""}",sugar icing gula ising,,not_matched,,,not_matched,,,not_matched,,,not_matched,,,not_matched,,,not_matched,
myfcd_0070,PINEAPPLE FLAVOURED CANDY (GULA-GULA PERISA NANAS),pineapple flavoured candy (gula-gula perisa nanas),MyFCD,https://myfcd.moh.gov.my/myfcdcurrent/index.php/site/detail_product/R107047/0/20/0/0/0,Sugars and syrups,sugars and syrups,38.105000000000004,222.3533,3.4000000000000004,5.3633,29.9633,3.0944,0.9833,11.9,2.661,0.53325,42.137100000000004,112.5,0.0001,0.44,0.0,0.0,,,0.0717,0.09085,0.33665,2.575,per 100g,2026-07-01T04:14:10.551444Z,2026-07-01T04:14:10.551444Z,19,0.1364,"{""dg"":"""",""dc"":""""}",pineapple flavoured candy gula gula perisa nanas,35.81666666666667,USDA_category_mean,0.232,42.15437086092715,USDA_category_mean,0.232,5.790073313782991,USDA_category_mean,0.232,8.912181303116148,USDA_category_mean,0.232,0.069267558528428,USDA_category_mean,0.232,0.1920138888888888,USDA_category_mean,0.232
myfcd_0071,"BEEF, SAUSAGE (SOSEJ DAGING LEMBU)","beef, sausage (sosej daging lembu)",MyFCD,https://myfcd.moh.gov.my/myfcdcurrent/index.php/site/detail_product/R108014/0/20/0/0/0,Meat and meat products,meat and meat products,68.05,194.0,12.6,11.4,6.1,8.1,1.85,11.9,118.4,1.5,511.8,103.4,0.0001,1.75,0.0,0.0,,,0.0717,0.09085,0.33665,8.7,per 100g,2026-07-01T04:14:10.551444Z,2026-07-01T04:14:10.551444Z,7,0.6818,"{""dg"":"""",""dc"":""""}",beef sausage sosej daging lembu,,not_matched,,,not_matched,,,not_matched,,,not_matched,,,not_matched,,,not_matched,
myfcd_0072,"CHICKEN, SAUSAGE (SOSEJ DAGING AYAM)","chicken, sausage (sosej daging ayam)",MyFCD,https://myfcd.moh.gov.my/myfcdcurrent/index.php/site/detail_product/R108040/0/20/0/0/0,Meat and meat products,meat and meat products,65.4167,192.6667,11.6833,10.4667,9.95,5.9,2.5167,67.5,154.6833,1.1333,675.3667,124.45,0.0001,1.0333,0.0,0.0,,,0.0717,0.09085,0.33665,8.4833,per 100g,2026-07-01T04:14:10.551444Z,2026-07-01T04:14:10.551444Z,7,0.6818,"{""dg"":"""",""dc"":""""}",chicken sausage sosej daging ayam,,not_matched,,,not_matched,,,not_matched,,,not_matched,,,not_matched,,,not_matched,
myfcd_0073,"HEN EGG, LOWER CHOLESTROL, WITH VITAMIN E (TELUR AYAM RENDAH KOLESTROL, DENGAN VITAMIN E)","hen egg, lower cholestrol, with vitamin e (telur ayam rendah kolestrol, dengan vitamin e)",MyFCD,https://myfcd.moh.gov.my/myfcdcurrent/index.php/site/detail_product/R109009/0/20/0/0/0,Eggs,eggs,12.7667,136.0,2.0333,1.35,0.3667,0.45,0.15,6.0667,19.8167,0.3167,24.9667,14.95,0.0,0.1667,0.0,0.0,,,0.0717,0.09085,0.33665,0.1333,per 100g,2026-07-01T04:14:10.551444Z,2026-07-01T04:14:10.551444Z,7,0.6818,"{""dg"":"""",""dc"":""""}",hen egg lower cholestrol vitamin telur ayam rendah kolestrol dengan vitamin,27.27611940298507,USDA_category_mean,0.217,9.044745098039217,USDA_category_mean,0.217,7.532806896551724,USDA_category_mean,0.217,94.60627177700349,USDA_category_mean,0.217,0.1071716417910447,USDA_category_mean,0.217,0.9377611940298508,USDA_category_mean,0.217
myfcd_0074,"HEN EGG, OMEGA 3 (TELUR AYAM OMEGA 3)","hen egg, omega 3 (telur ayam omega 3)",MyFCD,https://myfcd.moh.gov.my/myfcdcurrent/index.php/site/detail_product/R109010/0/20/0/0/0,Eggs,eggs,30.76,55.6,5.06,3.72,0.16,0.64,0.36,14.22,49.4,0.78,64.6,39.88,0.0001,0.44,0.0,0.0,,,0.0717,0.09085,0.33665,0.58,per 100g,2026-07-01T04:14:10.551444Z,2026-07-01T04:14:10.551444Z,7,0.6818,"{""dg"":"""",""dc"":""""}",hen egg omega telur ayam omega,27.27611940298507,USDA_category_mean,0.2085,9.044745098039217,USDA_category_mean,0.2085,7.532806896551724,USDA_category_mean,0.2085,94.60627177700349,USDA_category_mean,0.2085,0.1071716417910447,USDA_category_mean,0.2085,0.9377611940298508,USDA_category_mean,0.2085
myfcd_0075,"Eeel, swamp, raw (Belut)","eeel, swamp, raw (belut)",MyFCD,https://myfcd.moh.gov.my/myfcdcurrent/index.php/site/detail_product/R110064/0/20/0/0/0,"Fish, shellfish and products","fish, shellfish and products",81.011,222.3533,90.6333,2.5,29.9633,3.0944,5.9,453.1333,942.5333,4.8,182.7,1454.8,0.0003,7.1333,0.0,0.0,,,0.0717,0.09085,0.33665,2.575,per 100g,2026-07-01T04:14:10.551444Z,2026-07-01T04:14:10.551444Z,11,0.5,,eeel swamp belut,,not_matched,,,not_matched,,,not_matched,,,not_matched,,,not_matched,,,not_matched,
myfcd_0076,"SAUCE, OYSTER FLAVOURED","sauce, oyster flavoured",MyFCD,https://myfcd.moh.gov.my/myfcdcurrent/index.php/site/detail_product/R110126/0/20/0/0/0,"Fish, shellfish and products","fish, shellfish and products",38.105000000000004,222.3533,3.4000000000000004,5.3633,29.9633,3.0944,0.9833,11.9,64.44,0.53325,42.137100000000004,112.5,0.0001,0.44,0.0,0.0,,,0.0717,0.09085,0.33665,2.575,per 100g,2026-07-01T04:14:10.551444Z,2026-07-01T04:14:10.551444Z,22,0.0,"{""dg"":"""",""dc"":""""}",sauce oyster flavoured,39.17045454545455,USDA_category_mean,0.2978,0.153515625,USDA_category_mean,0.2978,1.0472270588235293,USDA_category_mean,0.2978,72.53030303030303,USDA_category_mean,0.2978,0.284030888030888,USDA_category_mean,0.2978,4.861969111969112,USDA_category_mean,0.2978
myfcd_0077,BUTTER (MENTEGA KURANG MASIN),butter (mentega kurang masin),MyFCD,https://myfcd.moh.gov.my/myfcdcurrent/index.php/site/detail_product/R111001/0/20/0/0/0,Milk and milk products,milk and milk products,38.105000000000004,222.3533,3.4000000000000004,5.3633,29.9633,3.0944,0.9833,11.9,20.4638,0.53325,42.137100000000004,112.5,0.0001,0.44,0.0,0.0,,,0.0717,0.09085,0.33665,2.575,per 100g,2026-07-01T04:14:10.551444Z,2026-07-01T04:14:10.551444Z,21,0.0455,"{""dg"":"""",""dc"":""""}",butter mentega kurang masin,2.0,USDA_direct_medium,0.4242,0.06,USDA_direct_medium,0.4242,51.368,USDA_direct_medium,0.4242,215.0,USDA_direct_medium,0.4242,0.003,USDA_direct_medium,0.4242,0.17,USDA_direct_medium,0.4242
myfcd_0078,CHEESE SPREAD (KEJU SAPUAN),cheese spread (keju sapuan),MyFCD,https://myfcd.moh.gov.my/myfcdcurrent/index.php/site/detail_product/R111004/0/20/0/0/0,Milk and milk products,milk and milk products,38.105000000000004,222.3533,3.4000000000000004,23.09,29.9633,3.0944,0.9833,11.9,697.6266,0.53325,42.137100000000004,112.5,0.0001,0.44,0.0,0.0,,,0.0717,0.09085,0.33665,2.575,per 100g,2026-07-01T04:14:10.551444Z,2026-07-01T04:14:10.551444Z,20,0.0909,"{""dg"":"""",""dc"":""""}",cheese spread keju sapuan,27.27611940298507,USDA_category_mean,0.3989,9.044745098039217,USDA_category_mean,0.3989,7.532806896551724,USDA_category_mean,0.3989,94.60627177700349,USDA_category_mean,0.3989,0.1071716417910447,USDA_category_mean,0.3989,0.9377611940298508,USDA_category_mean,0.3989
myfcd_0079,"CHEESE, BLUE (KEJU, BIRU)","cheese, blue (keju, biru)",MyFCD,https://myfcd.moh.gov.my/myfcdcurrent/index.php/site/detail_product/R111005/0/20/0/0/0,Milk and milk products,milk and milk products,41.7533,372.0,18.0633,27.8567,20.95,0.0,4.1667,450.0,388.8096,0.0,1013.0,112.5,0.0,2.2233,0.0,0.0,,,0.0433,0.3033,18.66,0.0013,per 100g,2026-07-01T04:14:10.551444Z,2026-07-01T04:14:10.551444Z,5,0.7727,"{""dg"":"""",""dc"":""""}",cheese blue keju biru,23.0,USDA_direct_medium,0.6301,0.5,USDA_direct_medium,0.6301,18.669,USDA_direct_medium,0.6301,75.0,USDA_direct_medium,0.6301,0.166,USDA_direct_medium,0.6301,1.22,USDA_direct_medium,0.6301
myfcd_0080,"CHEESE, BRIE (KEJU, BRIE)","cheese, brie (keju, brie)",MyFCD,https://myfcd.moh.gov.my/myfcdcurrent/index.php/site/detail_product/R111007/0/20/0/0/0,Milk and milk products,milk and milk products,38.105000000000004,222.3533,3.4000000000000004,5.3633,29.9633,3.0944,0.9833,11.9,285.0646,0.53325,42.137100000000004,112.5,0.0001,0.44,0.0,0.0,,,0.0717,0.09085,0.33665,2.575,per 100g,2026-07-01T04:14:10.551444Z,2026-07-01T04:14:10.551444Z,21,0.0455,"{""dg"":"""",""dc"":""""}",cheese brie keju brie,20.0,USDA_direct_high,0.9241,0.45,USDA_direct_high,0.9241,17.41,USDA_direct_high,0.9241,100.0,USDA_direct_high,0.9241,0.235,USDA_direct_high,0.9241,1.65,USDA_direct_high,0.9241
myfcd_0081,"CHEESE, CAMEMBERT (KEJU, CAMEMBERT)","cheese, camembert (keju, camembert)",MyFCD,https://myfcd.moh.gov.my/myfcdcurrent/index.php/site/detail_product/R111008/0/20/0/0/0,Milk and milk products,milk and milk products,38.105000000000004,222.3533,3.4000000000000004,5.3633,29.9633,3.0944,0.9833,11.9,341.5302,0.53325,42.137100000000004,245.438,0.0001,0.44,0.0,0.0,,,0.0717,0.09085,0.33665,2.575,per 100g,2026-07-01T04:14:10.551444Z,2026-07-01T04:14:10.551444Z,20,0.0909,"{""dg"":"""",""dc"":""""}",cheese camembert keju camembert,20.0,USDA_direct_high,0.9241,0.46,USDA_direct_high,0.9241,15.259,USDA_direct_high,0.9241,72.0,USDA_direct_high,0.9241,0.227,USDA_direct_high,0.9241,1.3,USDA_direct_high,0.9241
myfcd_0082,"CHEESE, CHEDDAR, REDUCED FAT (KEJU CHEDDAR, KURANG LEMAK)","cheese, cheddar, reduced fat (keju cheddar, kurang lemak)",MyFCD,https://myfcd.moh.gov.my/myfcdcurrent/index.php/site/detail_product/R111010/0/20/0/0/0,Milk and milk products,milk and milk products,38.105000000000004,222.3533,3.4000000000000004,5.3633,29.9633,3.0944,0.9833,11.9,450.1012,0.53325,42.137100000000004,97.6125,0.0001,0.44,0.0,0.0,,,0.0717,0.09085,0.33665,2.575,per 100g,2026-07-01T04:14:10.551444Z,2026-07-01T04:14:10.551444Z,20,0.0909,"{""dg"":"""",""dc"":""""}",cheese cheddar reduced fat keju cheddar kurang lemak,16.0,USDA_direct_medium,0.4837,0.0,USDA_direct_medium,0.4837,0.0,USDA_direct_medium,0.4837,18.0,USDA_direct_medium,0.4837,0.045,USDA_direct_medium,0.4837,0.49,USDA_direct_medium,0.4837
myfcd_0083,"CHEESE, CHESDALE SLICES, PROCESSED (KEPINGAN KEJU CHESDALE)","cheese, chesdale slices, processed (kepingan keju chesdale)",MyFCD,https://myfcd.moh.gov.my/myfcdcurrent/index.php/site/detail_product/R111011/0/20/0/0/0,Milk and milk products,milk and milk products,38.105000000000004,222.3533,3.4000000000000004,5.3633,29.9633,3.0944,0.9833,11.9,541.6629,0.53325,42.137100000000004,112.5,0.0001,0.44,0.0,0.0,,,0.0717,0.09085,0.33665,2.575,per 100g,2026-07-01T04:14:10.551444Z,2026-07-01T04:14:10.551444Z,21,0.0455,"{""dg"":"""",""dc"":""""}",cheese chesdale slices processed kepingan keju chesdale,,not_matched,,,not_matched,,,not_matched,,,not_matched,,,not_matched,,,not_matched,
myfcd_0084,"CHEESE, COLBY (KEJU, COLBY)","cheese, colby (keju, colby)",MyFCD,https://myfcd.moh.gov.my/myfcdcurrent/index.php/site/detail_product/R111013/0/20/0/0/0,Milk and milk products,milk and milk products,38.105000000000004,222.3533,3.4000000000000004,5.3633,29.9633,3.0944,0.9833,11.9,460.734,0.53325,42.137100000000004,112.5,0.0001,0.44,0.0,0.0,,,0.0717,0.09085,0.33665,2.575,per 100g,2026-07-01T04:14:10.551444Z,2026-07-01T04:14:10.551444Z,21,0.0455,"{""dg"":"""",""dc"":""""}",cheese colby keju colby,26.0,USDA_direct_high,0.9108,0.52,USDA_direct_high,0.9108,20.218,USDA_direct_high,0.9108,95.0,USDA_direct_high,0.9108,0.079,USDA_direct_high,0.9108,0.83,USDA_direct_high,0.9108
myfcd_0085,"CHEESE, MOZARELLA (KEJU MOZARELLA)","cheese, mozarella (keju mozarella)",MyFCD,https://myfcd.moh.gov.my/myfcdcurrent/index.php/site/detail_product/R111015/0/20/0/0/0,Milk and milk products,milk and milk products,38.105000000000004,222.3533,3.4000000000000004,5.3633,29.9633,3.0944,0.9833,11.9,478.9278,0.53325,42.137100000000004,112.5,0.0001,0.44,0.0,0.0,,,0.0717,0.09085,0.33665,2.575,per 100g,2026-07-01T04:14:10.551444Z,2026-07-01T04:14:10.551444Z,21,0.0455,"{""dg"":"""",""dc"":""""}",cheese mozarella keju mozarella,,not_matched,,,not_matched,,,not_matched,,,not_matched,,,not_matched,,,not_matched,
myfcd_0086,"CHEESE, PARMESAN (KEJU PARMESAN)","cheese, parmesan (keju parmesan)",MyFCD,https://myfcd.moh.gov.my/myfcdcurrent/index.php/site/detail_product/R111016/0/20/0/0/0,Milk and milk products,milk and milk products,38.105000000000004,222.3533,3.4000000000000004,5.3633,29.9633,3.0944,0.9833,11.9,640.0575,0.53325,42.137100000000004,182.88,0.0001,0.44,0.0,0.0,,,0.0717,0.09085,0.33665,2.575,per 100g,2026-07-01T04:14:10.551444Z,2026-07-01T04:14:10.551444Z,20,0.0909,"{""dg"":"""",""dc"":""""}",cheese parmesan keju parmesan,44.0,USDA_direct_medium,0.6172,0.11,USDA_direct_medium,0.6172,14.85,USDA_direct_medium,0.6172,68.0,USDA_direct_medium,0.6172,0.091,USDA_direct_medium,0.6172,1.2,USDA_direct_medium,0.6172
myfcd_0087,"CHEESE, RICOTTA (KEJU, RICOTTA)","cheese, ricotta (keju, ricotta)",MyFCD,https://myfcd.moh.gov.my/myfcdcurrent/index.php/site/detail_product/R111019/0/20/0/0/0,Milk and milk products,milk and milk products,38.105000000000004,222.3533,3.4000000000000004,5.3633,29.9633,3.0944,0.9833,11.9,123.3827,0.53325,42.137100000000004,112.5,0.0001,0.44,0.0,0.0,,,0.0717,0.09085,0.33665,2.575,per 100g,2026-07-01T04:14:10.551444Z,2026-07-01T04:14:10.551444Z,21,0.0455,"{""dg"":"""",""dc"":""""}",cheese ricotta keju ricotta,20.0,USDA_direct_high,0.8466,0.27,USDA_direct_high,0.8466,6.42,USDA_direct_high,0.8466,49.0,USDA_direct_high,0.8466,0.097,USDA_direct_high,0.8466,0.85,USDA_direct_high,0.8466
myfcd_0088,"CREAM, WHIPPED (KRIM PUTAR)","cream, whipped (krim putar)",MyFCD,https://myfcd.moh.gov.my/myfcdcurrent/index.php/site/detail_product/R111020/0/20/0/0/0,Milk and milk products,milk and milk products,38.105000000000004,222.3533,3.4000000000000004,5.3633,29.9633,3.0944,0.9833,11.9,51.7962,0.53325,42.137100000000004,94.765,0.0001,0.44,0.0,0.0,,,0.0717,0.09085,0.33665,2.575,per 100g,2026-07-01T04:14:10.551444Z,2026-07-01T04:14:10.551444Z,20,0.0909,"{""dg"":"""",""dc"":""""}",cream whipped krim putar,27.27611940298507,USDA_category_mean,0.3818,9.044745098039217,USDA_category_mean,0.3818,7.532806896551724,USDA_category_mean,0.3818,94.60627177700349,USDA_category_mean,0.3818,0.1071716417910447,USDA_category_mean,0.3818,0.9377611940298508,USDA_category_mean,0.3818
myfcd_0089,CREAM CHEESE (KRIM KEJU),cream cheese (krim keju),MyFCD,https://myfcd.moh.gov.my/myfcdcurrent/index.php/site/detail_product/R111021/0/20/0/0/0,Milk and milk products,milk and milk products,38.105000000000004,222.3533,3.4000000000000004,5.3633,29.9633,3.0944,0.9833,11.9,86.063,0.53325,42.137100000000004,112.5,0.0001,0.44,0.0,0.0,,,0.0717,0.09085,0.33665,2.575,per 100g,2026-07-01T04:14:10.551444Z,2026-07-01T04:14:10.551444Z,21,0.0455,"{""dg"":"""",""dc"":""""}",cream cheese krim keju,9.0,USDA_direct_medium,0.4488,3.76,USDA_direct_medium,0.4488,20.213,USDA_direct_medium,0.4488,101.0,USDA_direct_medium,0.4488,0.056,USDA_direct_medium,0.4488,0.22,USDA_direct_medium,0.4488
myfcd_0090,"CREAMER, POWDER (KRIMER SERBUK)","creamer, powder (krimer serbuk)",MyFCD,https://myfcd.moh.gov.my/myfcdcurrent/index.php/site/detail_product/R111023/0/20/0/0/0,Milk and milk products,milk and milk products,2.0567,489.8733,1.6567,33.14,46.0967,14.2667,2.6333,11.9,354.7275,0.53325,42.137100000000004,662.8725,0.0001,0.44,0.0,0.0,,,0.0717,0.09085,0.33665,0.635,per 100g,2026-07-01T04:14:10.551444Z,2026-07-01T04:14:10.551444Z,10,0.5455,"{""dg"":"""",""dc"":""""}",creamer powder krimer serbuk,27.27611940298507,USDA_category_mean,0.2643,9.044745098039217,USDA_category_mean,0.2643,7.532806896551724,USDA_category_mean,0.2643,94.60627177700349,USDA_category_mean,0.2643,0.1071716417910447,USDA_category_mean,0.2643,0.9377611940298508,USDA_category_mean,0.2643
myfcd_0091,"MILK, PASTEURISED, CHOCOLATE FLAVOUR","milk, pasteurised, chocolate flavour",MyFCD,https://myfcd.moh.gov.my/myfcdcurrent/index.php/site/detail_product/R111026/0/20/0/0/0,Milk and milk products,milk and milk products,38.105000000000004,222.3533,3.4000000000000004,5.3633,29.9633,3.0944,0.9833,11.9,64.44,0.53325,42.137100000000004,112.5,0.0001,0.44,0.0,0.0,,,0.0717,0.09085,0.33665,2.575,per 100g,2026-07-01T04:14:10.551444Z,2026-07-01T04:14:10.551444Z,22,0.0,"{""dg"":"""",""dc"":""""}",milk pasteurised chocolate flavour,27.27611940298507,USDA_category_mean,0.357,9.044745098039217,USDA_category_mean,0.357,7.532806896551724,USDA_category_mean,0.357,94.60627177700349,USDA_category_mean,0.357,0.1071716417910447,USDA_category_mean,0.357,0.9377611940298508,USDA_category_mean,0.357
myfcd_0092,"MILK, COW, FRESH","milk, cow, fresh",MyFCD,https://myfcd.moh.gov.my/myfcdcurrent/index.php/site/detail_product/R111028/0/20/0/0/0,Milk and milk products,milk and milk products,52.4533,249.5133,11.0967,13.9133,19.9767,0.0,2.56,11.9,64.44,0.53325,42.137100000000004,112.5,0.0001,0.44,0.0,0.0,,,0.0717,0.09085,0.33665,2.575,per 100g,2026-07-01T04:14:10.551444Z,2026-07-01T04:14:10.551444Z,15,0.3182,"{""dg"":"""",""dc"":""""}",milk cow,,not_matched,,,not_matched,,,not_matched,,,not_matched,,,not_matched,,,not_matched,
myfcd_0093,"MILK DRINK, CULTURED","milk drink, cultured",MyFCD,https://myfcd.moh.gov.my/myfcdcurrent/index.php/site/detail_product/R111029/0/20/0/0/0,Milk and milk products,milk and milk products,85.5,56.7733,1.13,0.0734,12.8233,0.27,0.17,11.9,64.44,0.53325,42.137100000000004,112.5,0.0001,0.44,0.0,0.0,,,0.0717,0.09085,0.33665,2.575,per 100g,2026-07-01T04:14:10.551444Z,2026-07-01T04:14:10.551444Z,15,0.3182,"{""dg"":"""",""dc"":""""}",milk drink cultured,27.27611940298507,USDA_category_mean,0.3921,9.044745098039217,USDA_category_mean,0.3921,7.532806896551724,USDA_category_mean,0.3921,94.60627177700349,USDA_category_mean,0.3921,0.1071716417910447,USDA_category_mean,0.3921,0.9377611940298508,USDA_category_mean,0.3921
myfcd_0094,"MILK, SWEETENED, CONDENSED","milk, sweetened, condensed",MyFCD,https://myfcd.moh.gov.my/myfcdcurrent/index.php/site/detail_product/R111044/0/20/0/0/0,Milk and milk products,milk and milk products,38.105000000000004,222.3533,3.4000000000000004,5.3633,29.9633,3.0944,0.9833,11.9,64.44,0.53325,42.137100000000004,112.5,0.0001,0.44,0.0,0.0,,,0.0717,0.09085,0.33665,2.575,per 100g,2026-07-01T04:14:10.551444Z,2026-07-01T04:14:10.551444Z,22,0.0,"{""dg"":"""",""dc"":""""}",milk sweetened condensed,26.0,USDA_direct_high,1.0,54.4,USDA_direct_high,1.0,5.486,USDA_direct_high,1.0,34.0,USDA_direct_high,1.0,0.051,USDA_direct_high,1.0,0.44,USDA_direct_high,1.0
myfcd_0095,"MILK, UHT, CHOCOLATE FLAVOUR","milk, uht, chocolate flavour",MyFCD,https://myfcd.moh.gov.my/myfcdcurrent/index.php/site/detail_product/R111045/0/20/0/0/0,Milk and milk products,milk and milk products,85.7667,51.3833,2.56,0.69,8.7333,1.43,0.82,11.9,64.44,0.53325,42.137100000000004,112.5,0.0001,0.44,0.0,0.0,,,0.0717,0.09085,0.33665,2.575,per 100g,2026-07-01T04:14:10.551444Z,2026-07-01T04:14:10.551444Z,15,0.3182,"{""dg"":"""",""dc"":""""}",milk uht chocolate flavour,27.27611940298507,USDA_category_mean,0.357,9.044745098039217,USDA_category_mean,0.357,7.532806896551724,USDA_category_mean,0.357,94.60627177700349,USDA_category_mean,0.357,0.1071716417910447,USDA_category_mean,0.357,0.9377611940298508,USDA_category_mean,0.357
myfcd_0096,"MILK, UHT, FULL CREAM","milk, uht, full cream",MyFCD,https://myfcd.moh.gov.my/myfcdcurrent/index.php/site/detail_product/R111047/0/20/0/0/0,Milk and milk products,milk and milk products,87.5033,61.9667,2.8333,3.42,4.9633,0.6767,0.6033,11.9,64.44,0.53325,42.137100000000004,112.5,0.0001,0.44,0.0,0.0,,,0.0717,0.09085,0.33665,2.575,per 100g,2026-07-01T04:14:10.551444Z,2026-07-01T04:14:10.551444Z,15,0.3182,"{""dg"":"""",""dc"":""""}",milk uht full cream,27.27611940298507,USDA_category_mean,0.2663,9.044745098039217,USDA_category_mean,0.2663,7.532806896551724,USDA_category_mean,0.2663,94.60627177700349,USDA_category_mean,0.2663,0.1071716417910447,USDA_category_mean,0.2663,0.9377611940298508,USDA_category_mean,0.2663
myfcd_0097,"MILK, UHT, LOW FAT","milk, uht, low fat",MyFCD,https://myfcd.moh.gov.my/myfcdcurrent/index.php/site/detail_product/R111048/0/20/0/0/0,Milk and milk products,milk and milk products,86.05,55.4733,2.9567,1.0867,8.4667,0.5733,0.8667,11.9,64.44,0.53325,42.137100000000004,112.5,0.0001,0.44,0.0,0.0,,,0.0717,0.09085,0.33665,2.575,per 100g,2026-07-01T04:14:10.551444Z,2026-07-01T04:14:10.551444Z,15,0.3182,"{""dg"":"""",""dc"":""""}",milk uht low fat,8.0,USDA_direct_medium,0.4377,3.3,USDA_direct_medium,0.4377,10.0,USDA_direct_medium,0.4377,54.0,USDA_direct_medium,0.4377,0.045,USDA_direct_medium,0.4377,0.92,USDA_direct_medium,0.4377
myfcd_0098,"YOGURT, DRINKING, PASTEURISED, NATURAL FLAVOUR","yogurt, drinking, pasteurised, natural flavour",MyFCD,https://myfcd.moh.gov.my/myfcdcurrent/index.php/site/detail_product/R111054/0/20/0/0/0,Milk and milk products,milk and milk products,83.7233,55.35,10.32,2.3367,6.07,2.8,2.56,11.9,64.44,0.53325,42.137100000000004,112.5,0.0001,0.44,0.0,0.0,,,0.0717,0.09085,0.33665,2.575,per 100g,2026-07-01T04:14:10.551444Z,2026-07-01T04:14:10.551444Z,15,0.3182,"{""dg"":"""",""dc"":""""}",yogurt drinking pasteurised natural flavour,,not_matched,,,not_matched,,,not_matched,,,not_matched,,,not_matched,,,not_matched,
myfcd_0099,"YOGURT, LOW FAT, NATURAL","yogurt, low fat, natural",MyFCD,https://myfcd.moh.gov.my/myfcdcurrent/index.php/site/detail_product/R111057/0/20/0/0/0,Milk and milk products,milk and milk products,38.105000000000004,222.3533,3.4000000000000004,5.3633,29.9633,3.0944,0.9833,11.9,64.44,0.53325,42.137100000000004,112.5,0.0001,0.44,0.0,0.0,,,0.0717,0.09085,0.33665,2.575,per 100g,2026-07-01T04:14:10.551444Z,2026-07-01T04:14:10.551444Z,22,0.0,"{""dg"":"""",""dc"":""""}",yogurt low fat natural,16.0,USDA_direct_medium,0.5127,13.8,USDA_direct_medium,0.5127,0.806,USDA_direct_medium,0.5127,5.0,USDA_direct_medium,0.5127,0.045,USDA_direct_medium,0.5127,0.53,USDA_direct_medium,0.5127
myfcd_0100,"ICE-CREAM, VANILLA","ice-cream, vanilla",MyFCD,https://myfcd.moh.gov.my/myfcdcurrent/index.php/site/detail_product/R111059/0/20/0/0/0,Milk and milk products,milk and milk products,47.6633,261.1367,2.3967,11.8033,36.33,0.5767,1.23,11.9,64.44,0.53325,42.137100000000004,112.5,0.0001,0.44,0.0,0.0,,,0.0717,0.09085,0.33665,2.575,per 100g,2026-07-01T04:14:10.551444Z,2026-07-01T04:14:10.551444Z,15,0.3182,"{""dg"":"""",""dc"":""""}",ice cream vanilla,10.0,USDA_direct_high,0.7464,17.86,USDA_direct_high,0.7464,0.821,USDA_direct_high,0.7464,7.0,USDA_direct_high,0.7464,0.01,USDA_direct_high,0.7464,0.02,USDA_direct_high,0.7464
myfcd_0101,"YOGURT, DRINKING, PASTEURISED, MIX FRUIT FLAVOURS","yogurt, drinking, pasteurised, mix fruit flavours",MyFCD,https://myfcd.moh.gov.my/myfcdcurrent/index.php/site/detail_product/R111060/0/20/0/0/0,Milk and milk products,milk and milk products,38.105000000000004,222.3533,3.4000000000000004,5.3633,29.9633,3.0944,0.9833,11.9,64.44,0.53325,42.137100000000004,112.5,0.0001,0.44,0.0,0.0,,,0.0717,0.09085,0.33665,2.575,per 100g,2026-07-01T04:14:10.551444Z,2026-07-01T04:14:10.551444Z,22,0.0,"{""dg"":"""",""dc"":""""}",yogurt drinking pasteurised mix fruit flavours,27.27611940298507,USDA_category_mean,0.2974,9.044745098039217,USDA_category_mean,0.2974,7.532806896551724,USDA_category_mean,0.2974,94.60627177700349,USDA_category_mean,0.2974,0.1071716417910447,USDA_category_mean,0.2974,0.9377611940298508,USDA_category_mean,0.2974
myfcd_0102,"YOGURT, FLAVOURED (STRAWBERRY, ETC)","yogurt, flavoured (strawberry, etc)",MyFCD,https://myfcd.moh.gov.my/myfcdcurrent/index.php/site/detail_product/R111061/0/20/0/0/0,Milk and milk products,milk and milk products,64.9,159.7467,4.89,5.1733,23.4067,0.5133,1.1167,11.9,64.44,0.53325,42.137100000000004,112.5,0.0001,0.44,0.0,0.0,,,0.0717,0.09085,0.33665,2.575,per 100g,2026-07-01T04:14:10.551444Z,2026-07-01T04:14:10.551444Z,15,0.3182,"{""dg"":"""",""dc"":""""}",yogurt flavoured strawberry etc,10.0,USDA_direct_medium,0.401,11.27,USDA_direct_medium,0.401,0.105,USDA_direct_medium,0.401,4.0,USDA_direct_medium,0.401,0.05,USDA_direct_medium,0.401,0.49,USDA_direct_medium,0.401
myfcd_0103,CONDENSED/EVAPORATED MILK WITH ROSE CORDIAL (SIRAP BANDUNG),condensed/evaporated milk with rose cordial (sirap bandung),MyFCD,https://myfcd.moh.gov.my/myfcdcurrent/index.php/site/detail_product/R111062/0/20/0/0/0,Milk and milk products,milk and milk products,82.7433,77.37,4.6667,2.6633,8.6833,0.9333,0.31,11.9,64.44,0.53325,42.137100000000004,112.5,0.0001,0.44,0.0,0.0,,,0.0717,0.09085,0.33665,2.575,per 100g,2026-07-01T04:14:10.551444Z,2026-07-01T04:14:10.551444Z,15,0.3182,"{""dg"":"""",""dc"":""""}",condensed evaporated milk rose cordial sirap bandung,27.27611940298507,USDA_category_mean,0.3127,9.044745098039217,USDA_category_mean,0.3127,7.532806896551724,USDA_category_mean,0.3127,94.60627177700349,USDA_category_mean,0.3127,0.1071716417910447,USDA_category_mean,0.3127,0.9377611940298508,USDA_category_mean,0.3127
myfcd_0104,"FISH OIL, COD LIVER OIL (MINYAK IKAN KOD)","fish oil, cod liver oil (minyak ikan kod)",MyFCD,https://myfcd.moh.gov.my/myfcdcurrent/index.php/site/detail_product/R112001/0/20/0/0/0,Oils and fats,oils and fats,38.105000000000004,222.3533,3.4000000000000004,5.3633,29.9633,3.0944,0.9833,11.9,154.8475,0.53325,42.137100000000004,112.5,0.0001,0.44,0.0,0.0,,,0.0717,0.09085,0.33665,2.575,per 100g,2026-07-01T04:14:10.551444Z,2026-07-01T04:14:10.551444Z,19,0.1364,"{""dg"":"""",""dc"":""""}",fish oil cod liver oil minyak ikan kod,0.0,USDA_direct_high,0.6958,,USDA_direct_high,0.6958,22.608,USDA_direct_high,0.6958,570.0,USDA_direct_high,0.6958,0.0,USDA_direct_high,0.6958,0.0,USDA_direct_high,0.6958
myfcd_0105,"MARGARINE SPREAD, WITH SALT (SAPUAN MERJERIN BERGARAM)","margarine spread, with salt (sapuan merjerin bergaram)",MyFCD,https://myfcd.moh.gov.my/myfcdcurrent/index.php/site/detail_product/R112003/0/20/0/0/0,Oils and fats,oils and fats,38.105000000000004,222.3533,3.4000000000000004,5.3633,29.9633,3.0944,0.9833,11.9,3.5009,0.53325,42.137100000000004,112.5,0.0001,0.44,0.0,0.0,,,0.0717,0.09085,0.33665,2.575,per 100g,2026-07-01T04:14:10.551444Z,2026-07-01T04:14:10.551444Z,21,0.0455,"{""dg"":"""",""dc"":""""}",margarine spread salt sapuan merjerin bergaram,2.0246305418719213,USDA_category_mean,0.3092,3.341595744680851,USDA_category_mean,0.3092,19.469212962962963,USDA_category_mean,0.3092,27.903846153846153,USDA_category_mean,0.3092,0.0868514851485148,USDA_category_mean,0.3092,0.2530964467005076,USDA_category_mean,0.3092
myfcd_0106,"MARGARINE SPREAD, WITHOUT SALT (SAPUAN MERJERIN TANPA GARAM)","margarine spread, without salt (sapuan merjerin tanpa garam)",MyFCD,https://myfcd.moh.gov.my/myfcdcurrent/index.php/site/detail_product/R112004/0/20/0/0/0,Oils and fats,oils and fats,38.105000000000004,222.3533,3.4000000000000004,5.3633,29.9633,3.0944,0.9833,11.9,7.4248,0.53325,42.137100000000004,38.485,0.0001,0.44,0.0,0.0,,,0.0717,0.09085,0.33665,2.575,per 100g,2026-07-01T04:14:10.551444Z,2026-07-01T04:14:10.551444Z,20,0.0909,"{""dg"":"""",""dc"":""""}",margarine spread without salt sapuan merjerin tanpa garam,2.0246305418719213,USDA_category_mean,0.3592,3.341595744680851,USDA_category_mean,0.3592,19.469212962962963,USDA_category_mean,0.3592,27.903846153846153,USDA_category_mean,0.3592,0.0868514851485148,USDA_category_mean,0.3592,0.2530964467005076,USDA_category_mean,0.3592
myfcd_0107,MAYONNAISE (MAYONIS),mayonnaise (mayonis),MyFCD,https://myfcd.moh.gov.my/myfcdcurrent/index.php/site/detail_product/R112005/0/20/0/0/0,Oils and fats,oils and fats,28.705,432.7312,1.085,30.765,37.8798,0.0,1.5667,10.3333,25.3676,0.075,580.6667,112.5,0.0,0.29,0.0,0.0,,,0.0667,0.148,0.7217,0.0,per 100g,2026-07-01T04:14:10.551444Z,2026-07-01T04:14:10.551444Z,5,0.7727,"{""dg"":"""",""dc"":""""}",mayonnaise mayonis,2.0246305418719213,USDA_category_mean,0.3253,3.341595744680851,USDA_category_mean,0.3253,19.469212962962963,USDA_category_mean,0.3253,27.903846153846153,USDA_category_mean,0.3253,0.0868514851485148,USDA_category_mean,0.3253,0.2530964467005076,USDA_category_mean,0.3253
myfcd_0108,"OIL, BLEND (MINYAK CAMPURAN)","oil, blend (minyak campuran)",MyFCD,https://myfcd.moh.gov.my/myfcdcurrent/index.php/site/detail_product/R112009/0/20/0/0/0,Oils and fats,oils and fats,0.1733,222.3533,0.0,99.3667,29.9633,3.0944,0.9833,11.9,0.142,0.53325,42.137100000000004,112.5,0.0001,0.44,0.0,0.0,,,0.0717,0.09085,0.33665,2.575,per 100g,2026-07-01T04:14:10.551444Z,2026-07-01T04:14:10.551444Z,16,0.2727,"{""dg"":"""",""dc"":""""}",oil blend minyak campuran,2.0246305418719213,USDA_category_mean,0.2741,3.341595744680851,USDA_category_mean,0.2741,19.469212962962963,USDA_category_mean,0.2741,27.903846153846153,USDA_category_mean,0.2741,0.0868514851485148,USDA_category_mean,0.2741,0.2530964467005076,USDA_category_mean,0.2741
myfcd_0109,"OIL, CANOLA (MINYAK CANOLA)","oil, canola (minyak canola)",MyFCD,https://myfcd.moh.gov.my/myfcdcurrent/index.php/site/detail_product/R112011/0/20/0/0/0,Oils and fats,oils and fats,0.12,222.3533,0.001,99.47,29.9633,3.0944,0.9833,11.9,0.148,0.53325,42.137100000000004,112.5,0.0001,0.44,0.0,0.0,,,0.0717,0.09085,0.33665,2.575,per 100g,2026-07-01T04:14:10.551444Z,2026-07-01T04:14:10.551444Z,16,0.2727,"{""dg"":"""",""dc"":""""}",oil canola minyak canola,0.0,USDA_direct_high,0.8678,0.0,USDA_direct_high,0.8678,7.365,USDA_direct_high,0.8678,0.0,USDA_direct_high,0.8678,0.0,USDA_direct_high,0.8678,0.0,USDA_direct_high,0.8678
myfcd_0110,"OIL, COCONUT (MINYAK KELAPA)","oil, coconut (minyak kelapa)",MyFCD,https://myfcd.moh.gov.my/myfcdcurrent/index.php/site/detail_product/R112013/0/20/0/0/0,Oils and fats,oils and fats,0.204,222.3533,0.0762,99.63,29.9633,3.0944,0.9833,11.9,0.3931,0.53325,42.137100000000004,112.5,0.0001,0.44,0.0,0.0,,,0.0717,0.09085,0.33665,2.575,per 100g,2026-07-01T04:14:10.551444Z,2026-07-01T04:14:10.551444Z,16,0.2727,"{""dg"":"""",""dc"":""""}",oil coconut minyak kelapa,0.0,USDA_direct_medium,0.5489,0.0,USDA_direct_medium,0.5489,82.475,USDA_direct_medium,0.5489,0.0,USDA_direct_medium,0.5489,0.0,USDA_direct_medium,0.5489,0.0,USDA_direct_medium,0.5489
myfcd_0111,"OIL, SUNFLOWER (MINYAK BUNGA MATAHARI)","oil, sunflower (minyak bunga matahari)",MyFCD,https://myfcd.moh.gov.my/myfcdcurrent/index.php/site/detail_product/R112021/0/20/0/0/0,Oils and fats,oils and fats,0.1017,222.3533,0.0,99.3233,29.9633,3.0944,0.9833,11.9,0.116,0.53325,42.137100000000004,112.5,0.0001,0.44,0.0,0.0,,,0.0717,0.09085,0.33665,2.575,per 100g,2026-07-01T04:14:10.551444Z,2026-07-01T04:14:10.551444Z,16,0.2727,"{""dg"":"""",""dc"":""""}",oil sunflower minyak bunga matahari,2.0246305418719213,USDA_category_mean,0.2739,3.341595744680851,USDA_category_mean,0.2739,19.469212962962963,USDA_category_mean,0.2739,27.903846153846153,USDA_category_mean,0.2739,0.0868514851485148,USDA_category_mean,0.2739,0.2530964467005076,USDA_category_mean,0.2739
myfcd_0112,"OIL, VEGETABLE (MINYAK SAYURAN)","oil, vegetable (minyak sayuran)",MyFCD,https://myfcd.moh.gov.my/myfcdcurrent/index.php/site/detail_product/R112022/0/20/0/0/0,Oils and fats,oils and fats,0.2133,222.3533,0.0,99.7067,29.9633,3.0944,0.9833,11.9,0.2671,0.53325,42.137100000000004,112.5,0.0001,0.44,0.0,0.0,,,0.0717,0.09085,0.33665,2.575,per 100g,2026-07-01T04:14:10.551444Z,2026-07-01T04:14:10.551444Z,16,0.2727,"{""dg"":"""",""dc"":""""}",oil vegetable minyak sayuran,2.0246305418719213,USDA_category_mean,0.2402,3.341595744680851,USDA_category_mean,0.2402,19.469212962962963,USDA_category_mean,0.2402,27.903846153846153,USDA_category_mean,0.2402,0.0868514851485148,USDA_category_mean,0.2402,0.2530964467005076,USDA_category_mean,0.2402
myfcd_0113,"SAUCE, THOUSAND ISLAND","sauce, thousand island",MyFCD,https://myfcd.moh.gov.my/myfcdcurrent/index.php/site/detail_product/R112023/0/20/0/0/0,Oils and fats,oils and fats,38.105000000000004,222.3533,3.4000000000000004,5.3633,29.9633,3.0944,0.9833,11.9,25.9773,0.53325,42.137100000000004,88.8967,0.0001,0.44,0.0,0.0,,,0.0717,0.09085,0.33665,2.575,per 100g,2026-07-01T04:14:10.551444Z,2026-07-01T04:14:10.551444Z,20,0.0909,"{""dg"":"""",""dc"":""""}",sauce thousand island,8.0,USDA_direct_medium,0.5674,15.18,USDA_direct_medium,0.5674,5.092,USDA_direct_medium,0.5674,26.0,USDA_direct_medium,0.5674,0.0,USDA_direct_medium,0.5674,0.0,USDA_direct_medium,0.5674
myfcd_0114,SOFT MARGARINE (MARJERIN LEMBUT),soft margarine (marjerin lembut),MyFCD,https://myfcd.moh.gov.my/myfcdcurrent/index.php/site/detail_product/R112024/0/20/0/0/0,Oils and fats,oils and fats,38.105000000000004,222.3533,3.4000000000000004,5.3633,29.9633,3.0944,0.9833,11.9,6.914,0.53325,42.137100000000004,16.7375,0.0001,0.44,0.0,0.0,,,0.0717,0.09085,0.33665,2.575,per 100g,2026-07-01T04:14:10.551444Z,2026-07-01T04:14:10.551444Z,20,0.0909,"{""dg"":"""",""dc"":""""}",soft margarine marjerin lembut,2.0246305418719213,USDA_category_mean,0.2194,3.341595744680851,USDA_category_mean,0.2194,19.469212962962963,USDA_category_mean,0.2194,27.903846153846153,USDA_category_mean,0.2194,0.0868514851485148,USDA_category_mean,0.2194,0.2530964467005076,USDA_category_mean,0.2194
myfcd_0115,"DESSERT, CHILLED COCONUT MILK- & PALM SUGAR-BASED, WITH PANDAN JELLY NOODLES AND RED BEAN (CENDOL)","dessert, chilled coconut milk-  palm sugar-based, with pandan jelly noodles and red bean (cendol)",MyFCD,https://myfcd.moh.gov.my/myfcdcurrent/index.php/site/detail_product/R113007/0/20/0/0/0,Beverages,beverages,38.105000000000004,222.3533,3.4000000000000004,5.3633,29.9633,3.0944,0.9833,11.9,64.44,0.53325,42.137100000000004,112.5,0.0001,0.44,0.0,0.0,,,0.0717,0.09085,0.33665,2.575,per 100g,2026-07-01T04:14:10.551444Z,2026-07-01T04:14:10.551444Z,22,0.0,"{""dg"":"""",""dc"":""""}",dessert chilled coconut milk palm sugar based pandan jelly noodles red bean cendol,,not_matched,,,not_matched,,,not_matched,,,not_matched,,,not_matched,,,not_matched,
myfcd_0116,"HOT CHOCOLATE, INSTANT PREMIX (WITH SUGAR, COCOA POWDER, CREAMER)","hot chocolate, instant premix (with sugar, cocoa powder, creamer)",MyFCD,https://myfcd.moh.gov.my/myfcdcurrent/index.php/site/detail_product/R113009/0/20/0/0/0,Beverages,beverages,1.4067,425.2167,4.3367,14.8833,68.48,7.7333,3.16,11.9,64.44,0.53325,42.137100000000004,112.5,0.0001,0.44,0.0,0.0,,,0.0717,0.09085,0.33665,2.575,per 100g,2026-07-01T04:14:10.551444Z,2026-07-01T04:14:10.551444Z,15,0.3182,"{""dg"":"""",""dc"":""""}",hot chocolate instant premix sugar cocoa powder creamer,,USDA_direct_medium,0.4275,60.0,USDA_direct_medium,0.4275,10.0,USDA_direct_medium,0.4275,0.0,USDA_direct_medium,0.4275,,USDA_direct_medium,0.4275,,USDA_direct_medium,0.4275
myfcd_0117,ENERGY DRINK,energy drink,MyFCD,https://myfcd.moh.gov.my/myfcdcurrent/index.php/site/detail_product/R113020/0/20/0/0/0,Beverages,beverages,87.02,51.92,0.49,0.0,12.49,0.0,0.0,11.9,64.44,0.53325,42.137100000000004,112.5,0.0001,0.44,0.0,0.0,,,0.0717,0.09085,0.33665,2.575,per 100g,2026-07-01T04:14:10.551444Z,2026-07-01T04:14:10.551444Z,15,0.3182,"{""dg"":"""",""dc"":""""}",energy drink,0.0,USDA_direct_high,0.6788,10.42,USDA_direct_high,0.6788,0.0,USDA_direct_high,0.6788,0.0,USDA_direct_high,0.6788,0.0,USDA_direct_high,0.6788,0.0,USDA_direct_high,0.6788
myfcd_0118,ISOTONIC DRINK,isotonic drink,MyFCD,https://myfcd.moh.gov.my/myfcdcurrent/index.php/site/detail_product/R113024/0/20/0/0/0,Beverages,beverages,89.6433,41.36,0.0033,0.0,10.3367,0.0,0.0167,11.9,64.44,0.53325,42.137100000000004,112.5,0.0001,0.44,0.0,0.0,,,0.0717,0.09085,0.33665,2.575,per 100g,2026-07-01T04:14:10.551444Z,2026-07-01T04:14:10.551444Z,15,0.3182,"{""dg"":"""",""dc"":""""}",isotonic drink,,not_matched,,,not_matched,,,not_matched,,,not_matched,,,not_matched,,,not_matched,
myfcd_0119,"DESSERT, SWEET LOTUS SEED SOUP (LIN-CHI-KANG)","dessert, sweet lotus seed soup (lin-chi-kang)",MyFCD,https://myfcd.moh.gov.my/myfcdcurrent/index.php/site/detail_product/R113026/0/20/0/0/0,Beverages,beverages,38.105000000000004,222.3533,3.4000000000000004,5.3633,29.9633,3.0944,0.9833,11.9,64.44,0.53325,42.137100000000004,112.5,0.0001,0.44,0.0,0.0,,,0.0717,0.09085,0.33665,2.575,per 100g,2026-07-01T04:14:10.551444Z,2026-07-01T04:14:10.551444Z,22,0.0,"{""dg"":"""",""dc"":""""}",dessert sweet lotus seed soup lin chi kang,28.9211356466877,USDA_category_mean,0.389,12.50324414715719,USDA_category_mean,0.389,0.5430918032786886,USDA_category_mean,0.389,1.824675324675325,USDA_category_mean,0.389,0.1994950819672131,USDA_category_mean,0.389,0.3178859060402684,USDA_category_mean,0.389
myfcd_0120,FRUIT JUICE ORANGE,fruit juice orange,MyFCD,https://myfcd.moh.gov.my/myfcdcurrent/index.php/site/detail_product/R113039/0/20/0/0/0,Beverages,beverages,92.5033,31.0567,0.64,0.7767,5.3767,0.1167,0.5867,11.9,64.44,0.53325,42.137100000000004,112.5,0.0001,0.44,0.0,0.0,,,0.0717,0.09085,0.33665,2.575,per 100g,2026-07-01T04:14:10.551444Z,2026-07-01T04:14:10.551444Z,15,0.3182,"{""dg"":"""",""dc"":""""}",fruit juice orange,3.0,USDA_direct_high,0.7225,9.36,USDA_direct_high,0.7225,0.0,USDA_direct_high,0.7225,0.0,USDA_direct_high,0.7225,0.5,USDA_direct_high,0.7225,0.0,USDA_direct_high,0.7225
myfcd_0121,"TEA, CHRYSANTHEMUM, PACKET, WITH ADDED SUGAR","tea, chrysanthemum, packet, with added sugar",MyFCD,https://myfcd.moh.gov.my/myfcdcurrent/index.php/site/detail_product/R113050/0/20/0/0/0,Beverages,beverages,94.7167,19.4133,0.0,0.0,4.8533,0.43,0.0,11.9,64.44,0.53325,42.137100000000004,112.5,0.0001,0.44,0.0,0.0,,,0.0717,0.09085,0.33665,2.575,per 100g,2026-07-01T04:14:10.551444Z,2026-07-01T04:14:10.551444Z,15,0.3182,"{""dg"":"""",""dc"":""""}",tea chrysanthemum packet added sugar,28.9211356466877,USDA_category_mean,0.3775,12.50324414715719,USDA_category_mean,0.3775,0.5430918032786886,USDA_category_mean,0.3775,1.824675324675325,USDA_category_mean,0.3775,0.1994950819672131,USDA_category_mean,0.3775,0.3178859060402684,USDA_category_mean,0.3775
myfcd_0122,"TEA, GREEN, WITH ADDED SUGAR","tea, green, with added sugar",MyFCD,https://myfcd.moh.gov.my/myfcdcurrent/index.php/site/detail_product/R113051/0/20/0/0/0,Beverages,beverages,93.6933,23.4933,0.0267,0.0,5.8467,0.4067,0.0267,11.9,64.44,0.53325,42.137100000000004,112.5,0.0001,0.44,0.0,0.0,,,0.0717,0.09085,0.33665,2.575,per 100g,2026-07-01T04:14:10.551444Z,2026-07-01T04:14:10.551444Z,15,0.3182,"{""dg"":"""",""dc"":""""}",tea green added sugar,410.0,USDA_direct_medium,0.5134,27.27,USDA_direct_medium,0.5134,0.0,USDA_direct_medium,0.5134,0.0,USDA_direct_medium,0.5134,1.818,USDA_direct_medium,0.5134,0.0,USDA_direct_medium,0.5134
myfcd_0123,"TEA, KUNDUR, PACKET, WITH ADDED SUGAR","tea, kundur, packet, with added sugar",MyFCD,https://myfcd.moh.gov.my/myfcdcurrent/index.php/site/detail_product/R113052/0/20/0/0/0,Beverages,beverages,38.105000000000004,222.3533,3.4000000000000004,5.3633,29.9633,3.0944,0.9833,11.9,64.44,0.53325,42.137100000000004,112.5,0.0001,0.44,0.0,0.0,,,0.0717,0.09085,0.33665,2.575,per 100g,2026-07-01T04:14:10.551444Z,2026-07-01T04:14:10.551444Z,22,0.0,"{""dg"":"""",""dc"":""""}",tea kundur packet added sugar,28.9211356466877,USDA_category_mean,0.3775,12.50324414715719,USDA_category_mean,0.3775,0.5430918032786886,USDA_category_mean,0.3775,1.824675324675325,USDA_category_mean,0.3775,0.1994950819672131,USDA_category_mean,0.3775,0.3178859060402684,USDA_category_mean,0.3775
myfcd_0124,"Tea, Stevia (Teh Stevia)","tea, stevia (teh stevia)",MyFCD,https://myfcd.moh.gov.my/myfcdcurrent/index.php/site/detail_product/R113055/0/20/0/0/0,Beverages,beverages,38.105000000000004,222.3533,3.4000000000000004,5.3633,29.9633,3.0944,0.9833,11.9,230.9247,0.53325,42.137100000000004,112.5,0.0001,0.44,0.0,0.0,,,0.0717,0.09085,0.33665,2.575,per 100g,2026-07-01T04:14:10.551444Z,2026-07-01T04:14:10.551444Z,21,0.0455,,tea stevia teh stevia,,not_matched,,,not_matched,,,not_matched,,,not_matched,,,not_matched,,,not_matched,
myfcd_0125,CANNED COFFEE,canned coffee,MyFCD,https://myfcd.moh.gov.my/myfcdcurrent/index.php/site/detail_product/R113056/0/20/0/0/0,Beverages,beverages,38.105000000000004,222.3533,3.4000000000000004,5.3633,29.9633,3.0944,0.9833,11.9,64.44,0.53325,42.137100000000004,112.5,0.0001,0.44,0.0,0.0,,,0.0717,0.09085,0.33665,2.575,per 100g,2026-07-01T04:14:10.551444Z,2026-07-01T04:14:10.551444Z,22,0.0,"{""dg"":"""",""dc"":""""}",coffee,311.0,USDA_direct_medium,0.4891,0.0,USDA_direct_medium,0.4891,0.101,USDA_direct_medium,0.4891,0.0,USDA_direct_medium,0.4891,0.0,USDA_direct_medium,0.4891,0.0,USDA_direct_medium,0.4891
myfcd_0126,"MILK, MALTED (CHOCOLATE FLAVOUR)","milk, malted (chocolate flavour)",MyFCD,https://myfcd.moh.gov.my/myfcdcurrent/index.php/site/detail_product/R113057/0/20/0/0/0,Beverages,beverages,85.5,58.4367,1.17,1.6767,9.6667,1.56,0.4267,11.9,64.44,0.53325,42.137100000000004,112.5,0.0001,0.44,0.0,0.0,,,0.0717,0.09085,0.33665,2.575,per 100g,2026-07-01T04:14:10.551444Z,2026-07-01T04:14:10.551444Z,15,0.3182,"{""dg"":"""",""dc"":""""}",milk malted chocolate flavour,15.0,USDA_direct_medium,0.5713,6.68,USDA_direct_medium,0.5713,1.883,USDA_direct_medium,0.5713,10.0,USDA_direct_medium,0.5713,0.046,USDA_direct_medium,0.5713,0.42,USDA_direct_medium,0.5713
myfcd_0127,"SOYA BEAN DRINK, PACKET, WITH REGULAR ADDED SUGAR","soya bean drink, packet, with regular added sugar",MyFCD,https://myfcd.moh.gov.my/myfcdcurrent/index.php/site/detail_product/R113058/0/20/0/0/0,Beverages,beverages,87.74,55.03,1.58,1.31,9.23,0.0,0.14,11.9,64.44,0.53325,42.137100000000004,112.5,0.0001,0.44,0.0,0.0,,,0.0717,0.09085,0.33665,2.575,per 100g,2026-07-01T04:14:10.551444Z,2026-07-01T04:14:10.551444Z,15,0.3182,"{""dg"":"""",""dc"":""""}",soya bean drink packet regular added sugar,28.9211356466877,USDA_category_mean,0.3101,12.50324414715719,USDA_category_mean,0.3101,0.5430918032786886,USDA_category_mean,0.3101,1.824675324675325,USDA_category_mean,0.3101,0.1994950819672131,USDA_category_mean,0.3101,0.3178859060402684,USDA_category_mean,0.3101
myfcd_0128,"TEA MIX, INSTANT","tea mix, instant",MyFCD,https://myfcd.moh.gov.my/myfcdcurrent/index.php/site/detail_product/R113059/0/20/0/0/0,Beverages,beverages,38.105000000000004,222.3533,3.4000000000000004,5.3633,29.9633,3.0944,0.9833,11.9,64.44,0.53325,42.137100000000004,112.5,0.0001,0.44,0.0,0.0,,,0.0717,0.09085,0.33665,2.575,per 100g,2026-07-01T04:14:10.551444Z,2026-07-01T04:14:10.551444Z,22,0.0,"{""dg"":"""",""dc"":""""}",tea mix instant,272.0,USDA_direct_medium,0.5376,5.53,USDA_direct_medium,0.5376,0.0,USDA_direct_medium,0.5376,0.0,USDA_direct_medium,0.5376,0.356,USDA_direct_medium,0.5376,0.0,USDA_direct_medium,0.5376
myfcd_0129,"TEA, ICE LEMON, PACKET, WITH ADDED SUGAR","tea, ice lemon, packet, with added sugar",MyFCD,https://myfcd.moh.gov.my/myfcdcurrent/index.php/site/detail_product/R113060/0/20/0/0/0,Beverages,beverages,91.29,34.84,0.0033,0.0,8.7067,0.0,0.0,11.9,64.44,0.53325,42.137100000000004,112.5,0.0001,0.44,0.0,0.0,,,0.0717,0.09085,0.33665,2.575,per 100g,2026-07-01T04:14:10.551444Z,2026-07-01T04:14:10.551444Z,15,0.3182,"{""dg"":"""",""dc"":""""}",tea ice lemon packet added sugar,28.9211356466877,USDA_category_mean,0.3602,12.50324414715719,USDA_category_mean,0.3602,0.5430918032786886,USDA_category_mean,0.3602,1.824675324675325,USDA_category_mean,0.3602,0.1994950819672131,USDA_category_mean,0.3602,0.3178859060402684,USDA_category_mean,0.3602
myfcd_0130,"FLAVOURED DRINK, COLA TYPE","flavoured drink, cola type",MyFCD,https://myfcd.moh.gov.my/myfcdcurrent/index.php/site/detail_product/R113061/0/20/0/0/0,Beverages,beverages,38.105000000000004,222.3533,3.4000000000000004,5.3633,29.9633,3.0944,0.9833,11.9,64.44,0.53325,42.137100000000004,112.5,0.0001,0.44,0.0,0.0,,,0.0717,0.09085,0.33665,2.575,per 100g,2026-07-01T04:14:10.551444Z,2026-07-01T04:14:10.551444Z,22,0.0,"{""dg"":"""",""dc"":""""}",flavoured drink cola type,28.9211356466877,USDA_category_mean,0.3343,12.50324414715719,USDA_category_mean,0.3343,0.5430918032786886,USDA_category_mean,0.3343,1.824675324675325,USDA_category_mean,0.3343,0.1994950819672131,USDA_category_mean,0.3343,0.3178859060402684,USDA_category_mean,0.3343
myfcd_0131,"FRUIT JUICE DRINK, ORANGE","fruit juice drink, orange",MyFCD,https://myfcd.moh.gov.my/myfcdcurrent/index.php/site/detail_product/R113062/0/20/0/0/0,Beverages,beverages,38.105000000000004,222.3533,3.4000000000000004,5.3633,29.9633,3.0944,0.9833,11.9,64.44,0.53325,42.137100000000004,112.5,0.0001,0.44,0.0,0.0,,,0.0717,0.09085,0.33665,2.575,per 100g,2026-07-01T04:14:10.551444Z,2026-07-01T04:14:10.551444Z,22,0.0,"{""dg"":"""",""dc"":""""}",fruit juice drink orange,3.0,USDA_direct_high,0.8161,9.36,USDA_direct_high,0.8161,0.0,USDA_direct_high,0.8161,0.0,USDA_direct_high,0.8161,0.5,USDA_direct_high,0.8161,0.0,USDA_direct_high,0.8161
myfcd_0132,"FRUIT DRINK, ORANGE","fruit drink, orange",MyFCD,https://myfcd.moh.gov.my/myfcdcurrent/index.php/site/detail_product/R113063/0/20/0/0/0,Beverages,beverages,90.1,49.98,0.0567,2.4867,6.8433,0.4667,0.0467,11.9,64.44,0.53325,42.137100000000004,112.5,0.0001,0.44,0.0,0.0,,,0.0717,0.09085,0.33665,2.575,per 100g,2026-07-01T04:14:10.551444Z,2026-07-01T04:14:10.551444Z,15,0.3182,"{""dg"":"""",""dc"":""""}",fruit drink orange,3.0,USDA_direct_medium,0.646,9.36,USDA_direct_medium,0.646,0.0,USDA_direct_medium,0.646,0.0,USDA_direct_medium,0.646,0.5,USDA_direct_medium,0.646,0.0,USDA_direct_medium,0.646
myfcd_0133,"FRUIT JUICE, FRESH, ORANGE","fruit juice, fresh, orange",MyFCD,https://myfcd.moh.gov.my/myfcdcurrent/index.php/site/detail_product/R113064/0/20/0/0/0,Beverages,beverages,86.5867,51.0133,0.1267,0.0933,12.4167,0.6667,0.11,11.9,64.44,0.53325,42.137100000000004,112.5,0.0001,0.44,0.0,0.0,,,0.0717,0.09085,0.33665,2.575,per 100g,2026-07-01T04:14:10.551444Z,2026-07-01T04:14:10.551444Z,15,0.3182,"{""dg"":"""",""dc"":""""}",fruit juice orange,3.0,USDA_direct_high,0.7225,9.36,USDA_direct_high,0.7225,0.0,USDA_direct_high,0.7225,0.0,USDA_direct_high,0.7225,0.5,USDA_direct_high,0.7225,0.0,USDA_direct_high,0.7225
myfcd_0134,CHOCOLATE (COKLAT BERTIH),chocolate (coklat bertih),MyFCD,https://myfcd.moh.gov.my/myfcdcurrent/index.php/site/detail_product/R114007/0/20/0/0/0,Miscellaneous,miscellaneous,38.105000000000004,222.3533,3.4000000000000004,5.3633,29.9633,3.0944,0.9833,11.9,162.4,0.53325,42.137100000000004,484.8633,0.0001,0.44,0.0,0.0,,,0.0717,0.09085,0.33665,2.575,per 100g,2026-07-01T04:14:10.551444Z,2026-07-01T04:14:10.551444Z,20,0.0909,"{""dg"":"""",""dc"":""""}",chocolate coklat bertih,,not_matched,,,not_matched,,,not_matched,,,not_matched,,,not_matched,,,not_matched,
myfcd_0135,"CHOCOLATE, BREAD SPREAD","chocolate, bread spread",MyFCD,https://myfcd.moh.gov.my/myfcdcurrent/index.php/site/detail_product/R114012/0/20/0/0/0,Miscellaneous,miscellaneous,38.105000000000004,222.3533,3.4000000000000004,5.3633,29.9633,3.0944,0.9833,11.9,109.1,0.53325,42.137100000000004,112.5,0.0001,0.44,0.0,0.0,,,0.0717,0.09085,0.33665,2.575,per 100g,2026-07-01T04:14:10.551444Z,2026-07-01T04:14:10.551444Z,21,0.0455,"{""dg"":"""",""dc"":""""}",chocolate bread spread,,not_matched,,,not_matched,,,not_matched,,,not_matched,,,not_matched,,,not_matched,
myfcd_0136,"CHOCOLATE, CASHEW NUT (COKLAT KACANG GAJUS)","chocolate, cashew nut (coklat kacang gajus)",MyFCD,https://myfcd.moh.gov.my/myfcdcurrent/index.php/site/detail_product/R114013/0/20/0/0/0,Miscellaneous,miscellaneous,38.105000000000004,222.3533,3.4000000000000004,5.3633,29.9633,3.0944,0.9833,11.9,250.0833,0.53325,42.137100000000004,112.5,0.0001,0.44,0.0,0.0,,,0.0717,0.09085,0.33665,2.575,per 100g,2026-07-01T04:14:10.551444Z,2026-07-01T04:14:10.551444Z,21,0.0455,"{""dg"":"""",""dc"":""""}",chocolate cashew nut coklat kacang gajus,,not_matched,,,not_matched,,,not_matched,,,not_matched,,,not_matched,,,not_matched,
myfcd_0137,"CHOCOLATE, HAZELNUT (COKLAT KACANG BADAM)","chocolate, hazelnut (coklat kacang badam)",MyFCD,https://myfcd.moh.gov.my/myfcdcurrent/index.php/site/detail_product/R114015/0/20/0/0/0,Miscellaneous,miscellaneous,1.285,222.3533,9.4288,29.9267,29.9633,3.0944,0.9833,205.2,198.2217,0.53325,42.137100000000004,112.5,0.0001,0.44,0.0,0.0,,,0.0717,0.09085,0.33665,2.575,per 100g,2026-07-01T04:14:10.551444Z,2026-07-01T04:14:10.551444Z,17,0.2273,"{""dg"":"""",""dc"":""""}",chocolate hazelnut coklat kacang badam,,not_matched,,,not_matched,,,not_matched,,,not_matched,,,not_matched,,,not_matched,
myfcd_0138,"CHOCOLATE, MILK (COKLAT SUSU)","chocolate, milk (coklat susu)",MyFCD,https://myfcd.moh.gov.my/myfcdcurrent/index.php/site/detail_product/R114016/0/20/0/0/0,Miscellaneous,miscellaneous,38.105000000000004,222.3533,3.4000000000000004,5.3633,29.9633,3.0944,0.9833,11.9,64.44,0.53325,42.137100000000004,112.5,0.0001,0.44,0.0,0.0,,,0.0717,0.09085,0.33665,2.575,per 100g,2026-07-01T04:14:10.551444Z,2026-07-01T04:14:10.551444Z,22,0.0,"{""dg"":"""",""dc"":""""}",chocolate milk coklat susu,14.29045643153527,USDA_category_mean,0.2184,4.653980099502488,USDA_category_mean,0.2184,1.20485306122449,USDA_category_mean,0.2184,4.821276595744681,USDA_category_mean,0.2184,0.0719829059829059,USDA_category_mean,0.2184,0.287196261682243,USDA_category_mean,0.2184
myfcd_0139,"CHOCOLATE, RAISIN (COKLAT BERKISMIS)","chocolate, raisin (coklat berkismis)",MyFCD,https://myfcd.moh.gov.my/myfcdcurrent/index.php/site/detail_product/R114017/0/20/0/0/0,Miscellaneous,miscellaneous,2.7567,527.8733,7.78,32.6333,50.7633,3.9167,2.15,11.9,64.44,0.53325,42.137100000000004,112.5,0.0001,0.44,0.0,0.0,,,0.0717,0.09085,0.33665,2.575,per 100g,2026-07-01T04:14:10.551444Z,2026-07-01T04:14:10.551444Z,15,0.3182,"{""dg"":"""",""dc"":""""}",chocolate raisin coklat berkismis,,not_matched,,,not_matched,,,not_matched,,,not_matched,,,not_matched,,,not_matched,
myfcd_0140,"CHOCOLATE, ROASTED ALMOND (COKLAT DENGAN KACANG BADAM)","chocolate, roasted almond (coklat dengan kacang badam)",MyFCD,https://myfcd.moh.gov.my/myfcdcurrent/index.php/site/detail_product/R114018/0/20/0/0/0,Miscellaneous,miscellaneous,38.105000000000004,222.3533,3.4000000000000004,5.3633,29.9633,3.0944,0.9833,11.9,247.359,0.53325,42.137100000000004,524.0417,0.0001,0.44,0.0,0.0,,,0.0717,0.09085,0.33665,2.575,per 100g,2026-07-01T04:14:10.551444Z,2026-07-01T04:14:10.551444Z,20,0.0909,"{""dg"":"""",""dc"":""""}",chocolate almond coklat dengan kacang badam,,not_matched,,,not_matched,,,not_matched,,,not_matched,,,not_matched,,,not_matched,
myfcd_0141,"CHOCOLATE, WHITE (COKLAT PUTIH)","chocolate, white (coklat putih)",MyFCD,https://myfcd.moh.gov.my/myfcdcurrent/index.php/site/detail_product/R114019/0/20/0/0/0,Miscellaneous,miscellaneous,38.105000000000004,222.3533,3.4000000000000004,5.3633,29.9633,3.0944,0.9833,11.9,168.8352,0.53325,42.137100000000004,344.234,0.0001,0.44,0.0,0.0,,,0.0717,0.09085,0.33665,2.575,per 100g,2026-07-01T04:14:10.551444Z,2026-07-01T04:14:10.551444Z,20,0.0909,"{""dg"":"""",""dc"":""""}",chocolate white coklat putih,205.85,USDA_category_mean,0.2883,4.4195,USDA_category_mean,0.2883,1.9768548387096776,USDA_category_mean,0.2883,0.0,USDA_category_mean,0.2883,0.7262631578947368,USDA_category_mean,0.2883,0.0,USDA_category_mean,0.2883
myfcd_0142,"CHOCOLATE, MIXED NUTS (COKLAT KACANG CAMPURAN)","chocolate, mixed nuts (coklat kacang campuran)",MyFCD,https://myfcd.moh.gov.my/myfcdcurrent/index.php/site/detail_product/R114025/0/20/0/0/0,Miscellaneous,miscellaneous,38.105000000000004,222.3533,3.4000000000000004,5.3633,29.9633,3.0944,0.9833,11.9,221.25,0.53325,42.137100000000004,389.81,0.0001,0.44,0.0,0.0,,,0.0717,0.09085,0.33665,2.575,per 100g,2026-07-01T04:14:10.551444Z,2026-07-01T04:14:10.551444Z,20,0.0909,"{""dg"":"""",""dc"":""""}",chocolate mixed nuts coklat kacang campuran,,not_matched,,,not_matched,,,not_matched,,,not_matched,,,not_matched,,,not_matched,
myfcd_0143,PLUM SAUCE (SOS PLUM),plum sauce (sos plum),MyFCD,https://myfcd.moh.gov.my/myfcdcurrent/index.php/site/detail_product/R114047/0/20/0/0/0,Miscellaneous,miscellaneous,38.105000000000004,222.3533,3.4000000000000004,5.3633,29.9633,3.0944,0.9833,11.9,14.0371,0.53325,42.137100000000004,112.5,0.0001,0.44,0.0,0.0,,,0.0717,0.09085,0.33665,2.575,per 100g,2026-07-01T04:14:10.551444Z,2026-07-01T04:14:10.551444Z,21,0.0455,"{""dg"":"""",""dc"":""""}",plum sauce sos plum,12.0,USDA_direct_high,0.7339,,USDA_direct_high,0.7339,0.153,USDA_direct_high,0.7339,0.0,USDA_direct_high,0.7339,0.078,USDA_direct_high,0.7339,0.0,USDA_direct_high,0.7339
myfcd_0144,VANILLA WAFER (WAFER VANILLA),vanilla wafer (wafer vanilla),MyFCD,https://myfcd.moh.gov.my/myfcdcurrent/index.php/site/detail_product/R114053/0/20/0/0/0,Miscellaneous,miscellaneous,38.105000000000004,222.3533,3.4000000000000004,5.3633,29.9633,3.0944,0.9833,139.65,96.785,0.53325,202.215,240.4,0.0001,0.44,0.0,0.0,,,0.0717,0.09085,0.33665,2.575,per 100g,2026-07-01T04:14:10.551444Z,2026-07-01T04:14:10.551444Z,16,0.2727,"{""dg"":"""",""dc"":""""}",vanilla wafer wafer vanilla,12.0,USDA_direct_medium,0.463,12.65,USDA_direct_medium,0.463,0.01,USDA_direct_medium,0.463,0.0,USDA_direct_medium,0.463,0.026,USDA_direct_medium,0.463,0.0,USDA_direct_medium,0.463
myfcd_0145,"WAFER, ORANGE FLAVOR (WAFER BERPERISA OREN)","wafer, orange flavor (wafer berperisa oren)",MyFCD,https://myfcd.moh.gov.my/myfcdcurrent/index.php/site/detail_product/R114056/0/20/0/0/0,Miscellaneous,miscellaneous,38.105000000000004,222.3533,3.4000000000000004,5.3633,29.9633,3.0944,0.9833,90.98,111.32,0.53325,225.55,237.41,0.0001,0.44,0.0,0.0,,,0.0717,0.09085,0.33665,2.575,per 100g,2026-07-01T04:14:10.551444Z,2026-07-01T04:14:10.551444Z,16,0.2727,"{""dg"":"""",""dc"":""""}",wafer orange flavor wafer berperisa oren,,not_matched,,,not_matched,,,not_matched,,,not_matched,,,not_matched,,,not_matched,
myfcd_0146,"WAFER, STRAWBERRY FLAVOR (WAFER BERPERISA STRAWBERI)","wafer, strawberry flavor (wafer berperisa strawberi)",MyFCD,https://myfcd.moh.gov.my/myfcdcurrent/index.php/site/detail_product/R114057/0/20/0/0/0,Miscellaneous,miscellaneous,38.105000000000004,222.3533,3.4000000000000004,5.3633,29.9633,3.0944,0.9833,11.9,102.9538,0.53325,42.137100000000004,137.376,0.0001,0.44,0.0,0.0,,,0.0717,0.09085,0.33665,2.575,per 100g,2026-07-01T04:14:10.551444Z,2026-07-01T04:14:10.551444Z,18,0.1818,"{""dg"":"""",""dc"":""""}",wafer strawberry flavor wafer berperisa strawberi,,not_matched,,,not_matched,,,not_matched,,,not_matched,,,not_matched,,,not_matched,
myfcd_0147,CHOCOLATE SPREAD,chocolate spread,MyFCD,https://myfcd.moh.gov.my/myfcdcurrent/index.php/site/detail_product/R114062/0/20/0/0/0,Miscellaneous,miscellaneous,38.105000000000004,222.3533,3.4000000000000004,5.3633,29.9633,3.0944,0.9833,11.9,64.44,0.53325,42.137100000000004,112.5,0.0001,0.44,0.0,0.0,,,0.0717,0.09085,0.33665,2.575,per 100g,2026-07-01T04:14:10.551444Z,2026-07-01T04:14:10.551444Z,22,0.0,"{""dg"":"""",""dc"":""""}",chocolate spread,,not_matched,,,not_matched,,,not_matched,,,not_matched,,,not_matched,,,not_matched,
myfcd_0148,"TRADITIONAL MALAYSIAN KUIH, STEAMED GLUTINOUS RICE BALLS COATED WITH SESAME/PEANUT SUGAR CRUMBS (MOCHI@CHEE-PAH)","traditional malaysian kuih, steamed glutinous rice balls coated with sesame/peanut sugar crumbs (mochichee-pah)",MyFCD,https://myfcd.moh.gov.my/myfcdcurrent/index.php/site/detail_product/R211005/0/20/0/0/0,Rice and rice flour based,rice and rice flour based,17.954,380.2867,9.05,14.0233,54.47,3.7067,0.7967,11.9,64.44,0.53325,42.137100000000004,112.5,0.0001,0.44,0.0,0.0,,,0.0717,0.09085,0.33665,2.575,per 100g,2026-07-01T04:14:10.551444Z,2026-07-01T04:14:10.551444Z,15,0.3182,"{""dg"":"""",""dc"":""""}",traditional malaysian kuih glutinous rice balls coated sesame peanut sugar crumbs mochichee pah,70.20994475138122,USDA_category_mean,0.2429,0.9388429752066116,USDA_category_mean,0.2429,0.4235747126436781,USDA_category_mean,0.2429,3.9820359281437128,USDA_category_mean,0.2429,0.2239111111111111,USDA_category_mean,0.2429,0.0151219512195121,USDA_category_mean,0.2429
myfcd_0149,"TRADITIONAL MALAYSIAN KUIH, STEAMED RICE FLOUR WITH COCONUT MILK AND SUGAR IN SMALL MOULD, SERVED WITH GRATED COCONUT (KUIH LOMPANG)","traditional malaysian kuih, steamed rice flour with coconut milk and sugar in small mould, served with grated coconut (kuih lompang)",MyFCD,https://myfcd.moh.gov.my/myfcdcurrent/index.php/site/detail_product/R211018/0/20/0/0/0,Rice and rice flour based,rice and rice flour based,35.57,253.4067,2.88,1.6467,56.7667,2.1367,1.0,11.9,64.44,0.53325,42.137100000000004,112.5,0.0001,0.44,0.0,0.0,,,0.0717,0.09085,0.33665,2.575,per 100g,2026-07-01T04:14:10.551444Z,2026-07-01T04:14:10.551444Z,15,0.3182,"{""dg"":"""",""dc"":""""}",traditional malaysian kuih rice flour coconut milk sugar small mould served grated coconut kuih lompang,,not_matched,,,not_matched,,,not_matched,,,not_matched,,,not_matched,,,not_matched,
myfcd_0150,"TRADITIONAL MALAYSIAN KUIH, STEAMED RICE CAKE WITH COCONUT AND PALM SUGAR,  CYLINDRICAL-SHAPED AND GREEN-COLORED (PUTU BAMBU)","traditional malaysian kuih, steamed rice cake with coconut and palm sugar, cylindrical-shaped and green-colored (putu bambu)",MyFCD,https://myfcd.moh.gov.my/myfcdcurrent/index.php/site/detail_product/R211030/0/20/0/0/0,Rice and rice flour based,rice and rice flour based,36.2433,247.2067,3.5833,2.22,53.2233,3.76,0.97,11.9,64.44,0.53325,42.137100000000004,112.5,0.0001,0.44,0.0,0.0,,,0.0717,0.09085,0.33665,2.575,per 100g,2026-07-01T04:14:10.551444Z,2026-07-01T04:14:10.551444Z,15,0.3182,"{""dg"":"""",""dc"":""""}",traditional malaysian kuih rice cake coconut palm sugar cylindrical shaped green colored putu bambu,,not_matched,,,not_matched,,,not_matched,,,not_matched,,,not_matched,,,not_matched,
myfcd_0151,"TRADITIONAL MALAYSIAN KUIH, TWO LAYERED STEAMED CAKE, TARO AND COCONUT MILK (KUIH TALAM KELADI)","traditional malaysian kuih, two layered steamed cake, taro and coconut milk (kuih talam keladi)",MyFCD,https://myfcd.moh.gov.my/myfcdcurrent/index.php/site/detail_product/R211037/0/20/0/0/0,Rice and rice flour based,rice and rice flour based,38.105000000000004,222.3533,3.4000000000000004,5.3633,29.9633,3.0944,0.9833,11.9,64.44,0.53325,42.137100000000004,112.5,0.0001,0.44,0.0,0.0,,,0.0717,0.09085,0.33665,2.575,per 100g,2026-07-01T04:14:10.551444Z,2026-07-01T04:14:10.551444Z,22,0.0,"{""dg"":"""",""dc"":""""}",traditional malaysian kuih two layered cake taro coconut milk kuih talam keladi,,not_matched,,,not_matched,,,not_matched,,,not_matched,,,not_matched,,,not_matched,
myfcd_0152,KUIH TALAM LABU,kuih talam labu,MyFCD,https://myfcd.moh.gov.my/myfcdcurrent/index.php/site/detail_product/R211039/0/20/0/0/0,Rice and rice flour based,rice and rice flour based,38.105000000000004,222.3533,3.4000000000000004,5.3633,29.9633,3.0944,0.9833,11.9,64.44,0.53325,42.137100000000004,112.5,0.0001,0.44,0.0,0.0,,,0.0717,0.09085,0.33665,2.575,per 100g,2026-07-01T04:14:10.551444Z,2026-07-01T04:14:10.551444Z,22,0.0,"{""dg"":"""",""dc"":""""}",kuih talam labu,,not_matched,,,not_matched,,,not_matched,,,not_matched,,,not_matched,,,not_matched,
myfcd_0153,"TRADITIONAL MALAYSIAN KUIH, SWEET GLUTINOUS RICE CAKE (WAJIK)","traditional malaysian kuih, sweet glutinous rice cake (wajik)",MyFCD,https://myfcd.moh.gov.my/myfcdcurrent/index.php/site/detail_product/R211044/0/20/0/0/0,Rice and rice flour based,rice and rice flour based,38.105000000000004,222.3533,3.4000000000000004,5.3633,29.9633,3.0944,0.9833,11.9,64.44,0.53325,42.137100000000004,112.5,0.0001,0.44,0.0,0.0,,,0.0717,0.09085,0.33665,2.575,per 100g,2026-07-01T04:14:10.551444Z,2026-07-01T04:14:10.551444Z,22,0.0,"{""dg"":"""",""dc"":""""}",traditional malaysian kuih sweet glutinous rice cake wajik,70.20994475138122,USDA_category_mean,0.3392,0.9388429752066116,USDA_category_mean,0.3392,0.4235747126436781,USDA_category_mean,0.3392,3.9820359281437128,USDA_category_mean,0.3392,0.2239111111111111,USDA_category_mean,0.3392,0.0151219512195121,USDA_category_mean,0.3392
myfcd_0154,"DESSERT, RED TORTOISE CAKE (KUIH ANG KOO)","dessert, red tortoise cake (kuih ang koo)",MyFCD,https://myfcd.moh.gov.my/myfcdcurrent/index.php/site/detail_product/R211045/0/20/0/0/0,Rice and rice flour based,rice and rice flour based,38.105000000000004,222.3533,3.4000000000000004,5.3633,29.9633,3.0944,0.9833,11.9,64.44,0.53325,42.137100000000004,112.5,0.0001,0.44,0.0,0.0,,,0.0717,0.09085,0.33665,2.575,per 100g,2026-07-01T04:14:10.551444Z,2026-07-01T04:14:10.551444Z,22,0.0,"{""dg"":"""",""dc"":""""}",dessert red tortoise cake kuih ang koo,70.20994475138122,USDA_category_mean,0.2287,0.9388429752066116,USDA_category_mean,0.2287,0.4235747126436781,USDA_category_mean,0.2287,3.9820359281437128,USDA_category_mean,0.2287,0.2239111111111111,USDA_category_mean,0.2287,0.0151219512195121,USDA_category_mean,0.2287
myfcd_0155,Bahulu Kemboja,bahulu kemboja,MyFCD,https://myfcd.moh.gov.my/myfcdcurrent/index.php/site/detail_product/R212003/0/20/0/0/0,Wheat flour based,wheat flour based,49.6,222.3533,6.5004,8.646,29.9633,8.3405,0.485,1.532,69.9383,0.53325,35.46,112.1,0.0001,0.508,0.0,0.0,,,0.0717,0.09085,0.33665,2.575,per 100g,2026-07-01T04:14:10.551444Z,2026-07-01T04:14:10.551444Z,11,0.5,,bahulu kemboja,,not_matched,,,not_matched,,,not_matched,,,not_matched,,,not_matched,,,not_matched,
myfcd_0156,KEK PISANG,kek pisang,MyFCD,https://myfcd.moh.gov.my/myfcdcurrent/index.php/site/detail_product/R212005/0/20/0/0/0,Wheat flour based,wheat flour based,32.3,222.3533,5.6691,13.9056,29.9633,4.7932,1.145,1.248,83.2529,0.911,119.5,205.5,0.0001,0.425,0.0,0.0,,,0.0717,0.09085,0.33665,2.575,per 100g,2026-07-01T04:14:10.551444Z,2026-07-01T04:14:10.551444Z,10,0.5455,"{""dg"":"""",""dc"":""""}",kek pisang,,not_matched,,,not_matched,,,not_matched,,,not_matched,,,not_matched,,,not_matched,
myfcd_0157,"DESSERT, FRUIT CAKE (KEK BUAH)","dessert, fruit cake (kek buah)",MyFCD,https://myfcd.moh.gov.my/myfcdcurrent/index.php/site/detail_product/R212007/0/20/0/0/0,Wheat flour based,wheat flour based,38.105000000000004,222.3533,3.4000000000000004,5.3633,29.9633,3.0944,0.9833,11.9,64.44,0.53325,42.137100000000004,112.5,0.0001,0.44,0.0,0.0,,,0.0717,0.09085,0.33665,2.575,per 100g,2026-07-01T04:14:10.551444Z,2026-07-01T04:14:10.551444Z,22,0.0,"{""dg"":"""",""dc"":""""}",dessert fruit cake kek buah,32.0977130977131,USDA_category_mean,0.393,16.40905511811024,USDA_category_mean,0.393,3.470831349206349,USDA_category_mean,0.393,14.496688741721854,USDA_category_mean,0.393,0.1068706896551724,USDA_category_mean,0.393,0.1430875576036866,USDA_category_mean,0.393
myfcd_0158,"CAKE, SPONGE (KEK SPAN)","cake, sponge (kek span)",MyFCD,https://myfcd.moh.gov.my/myfcdcurrent/index.php/site/detail_product/R212009/0/20/0/0/0,Wheat flour based,wheat flour based,17.3833,401.6067,7.12,18.78,51.0267,4.5267,1.1633,11.9,64.44,0.53325,42.137100000000004,112.5,0.0001,0.44,0.0,0.0,,,0.0717,0.09085,0.33665,2.575,per 100g,2026-07-01T04:14:10.551444Z,2026-07-01T04:14:10.551444Z,15,0.3182,"{""dg"":"""",""dc"":""""}",cake sponge kek span,11.0,USDA_direct_medium,0.5137,36.66,USDA_direct_medium,0.5137,0.802,USDA_direct_medium,0.5137,102.0,USDA_direct_medium,0.5137,0.052,USDA_direct_medium,0.5137,0.24,USDA_direct_medium,0.5137
myfcd_0159,"CAKE, SWISS ROLL (KEK SWISS ROLL)","cake, swiss roll (kek swiss roll)",MyFCD,https://myfcd.moh.gov.my/myfcdcurrent/index.php/site/detail_product/R212010/0/20/0/0/0,Wheat flour based,wheat flour based,38.105000000000004,222.3533,3.4000000000000004,5.3633,29.9633,3.0944,0.9833,11.9,64.44,0.53325,42.137100000000004,112.5,0.0001,0.44,0.0,0.0,,,0.0717,0.09085,0.33665,2.575,per 100g,2026-07-01T04:14:10.551444Z,2026-07-01T04:14:10.551444Z,22,0.0,"{""dg"":"""",""dc"":""""}",cake swiss roll kek swiss roll,32.0977130977131,USDA_category_mean,0.3088,16.40905511811024,USDA_category_mean,0.3088,3.470831349206349,USDA_category_mean,0.3088,14.496688741721854,USDA_category_mean,0.3088,0.1068706896551724,USDA_category_mean,0.3088,0.1430875576036866,USDA_category_mean,0.3088
myfcd_0160,"CAKE, SWISS ROLL, CHOCOLATE FLAVOUR (KEK SWISS ROLL PERASA COKLAT)","cake, swiss roll, chocolate flavour (kek swiss roll perasa coklat)",MyFCD,https://myfcd.moh.gov.my/myfcdcurrent/index.php/site/detail_product/R212011/0/20/0/0/0,Wheat flour based,wheat flour based,30.1633,381.27,10.9067,28.1767,21.0133,8.2433,1.4967,11.9,64.44,0.53325,42.137100000000004,112.5,0.0001,0.44,0.0,0.0,,,0.0717,0.09085,0.33665,2.575,per 100g,2026-07-01T04:14:10.551444Z,2026-07-01T04:14:10.551444Z,15,0.3182,"{""dg"":"""",""dc"":""""}",cake swiss roll chocolate flavour kek swiss roll perasa coklat,32.0977130977131,USDA_category_mean,0.2574,16.40905511811024,USDA_category_mean,0.2574,3.470831349206349,USDA_category_mean,0.2574,14.496688741721854,USDA_category_mean,0.2574,0.1068706896551724,USDA_category_mean,0.2574,0.1430875576036866,USDA_category_mean,0.2574
myfcd_0161,CUCUR BAWANG,cucur bawang,MyFCD,https://myfcd.moh.gov.my/myfcdcurrent/index.php/site/detail_product/R212017/0/20/0/0/0,Wheat flour based,wheat flour based,43.5,222.3533,6.6413,6.4213,29.9633,2.5841,1.59,2.812,65.2635,2.038,443.8,76.88,0.0001,0.539,0.0,0.0,,,0.0717,0.09085,0.33665,2.575,per 100g,2026-07-01T04:14:10.551444Z,2026-07-01T04:14:10.551444Z,10,0.5455,"{""dg"":"""",""dc"":""""}",cucur bawang,,not_matched,,,not_matched,,,not_matched,,,not_matched,,,not_matched,,,not_matched,
myfcd_0162,"CAKE, CUP, WITH FROSTING/GLAZE (KEK CAWAN)","cake, cup, with frosting/glaze (kek cawan)",MyFCD,https://myfcd.moh.gov.my/myfcdcurrent/index.php/site/detail_product/R212026/0/20/0/0/0,Wheat flour based,wheat flour based,38.105000000000004,222.3533,3.4000000000000004,5.3633,29.9633,3.0944,0.9833,11.9,64.44,0.53325,42.137100000000004,112.5,0.0001,0.44,0.0,0.0,,,0.0717,0.09085,0.33665,2.575,per 100g,2026-07-01T04:14:10.551444Z,2026-07-01T04:14:10.551444Z,22,0.0,"{""dg"":"""",""dc"":""""}",cake cup frosting glaze kek cawan,32.0977130977131,USDA_category_mean,0.2438,16.40905511811024,USDA_category_mean,0.2438,3.470831349206349,USDA_category_mean,0.2438,14.496688741721854,USDA_category_mean,0.2438,0.1068706896551724,USDA_category_mean,0.2438,0.1430875576036866,USDA_category_mean,0.2438
myfcd_0163,KARIPAP SARDIN,karipap sardin,MyFCD,https://myfcd.moh.gov.my/myfcdcurrent/index.php/site/detail_product/R212032/0/20/0/0/0,Wheat flour based,wheat flour based,22.7,222.3533,8.1958,21.7995,29.9633,6.3605,1.185,3.597,81.8284,0.771,42.137100000000004,112.5,0.0001,0.462,0.0,0.0,,,0.0717,0.09085,0.33665,2.575,per 100g,2026-07-01T04:14:10.551444Z,2026-07-01T04:14:10.551444Z,11,0.5,"{""dg"":"""",""dc"":""""}",karipap sardin,,not_matched,,,not_matched,,,not_matched,,,not_matched,,,not_matched,,,not_matched,
myfcd_0164,"TRADITIONAL MALAYSIAN KUIH, CINNAMON ROLLS  (KUIH CEMPIANG)","traditional malaysian kuih, cinnamon rolls (kuih cempiang)",MyFCD,https://myfcd.moh.gov.my/myfcdcurrent/index.php/site/detail_product/R212056/0/20/0/0/0,Wheat flour based,wheat flour based,38.105000000000004,222.3533,3.4000000000000004,5.3633,29.9633,3.0944,0.9833,11.9,64.44,0.53325,42.137100000000004,112.5,0.0001,0.44,0.0,0.0,,,0.0717,0.09085,0.33665,2.575,per 100g,2026-07-01T04:14:10.551444Z,2026-07-01T04:14:10.551444Z,22,0.0,"{""dg"":"""",""dc"":""""}",traditional malaysian kuih cinnamon rolls kuih cempiang,32.0977130977131,USDA_category_mean,0.2031,16.40905511811024,USDA_category_mean,0.2031,3.470831349206349,USDA_category_mean,0.2031,14.496688741721854,USDA_category_mean,0.2031,0.1068706896551724,USDA_category_mean,0.2031,0.1430875576036866,USDA_category_mean,0.2031
myfcd_0165,CARA BERLAUK,cara berlauk,MyFCD,https://myfcd.moh.gov.my/myfcdcurrent/index.php/site/detail_product/R212057/0/20/0/0/0,Wheat flour based,wheat flour based,62.9,222.3533,5.6786,1.7472,29.9633,3.0944,0.75,1.8,50.5894,0.699,117.6,82.25,0.0001,0.425,0.0,0.0,,,0.0717,0.09085,0.33665,2.575,per 100g,2026-07-01T04:14:10.551444Z,2026-07-01T04:14:10.551444Z,10,0.5455,"{""dg"":"""",""dc"":""""}",cara berlauk,,not_matched,,,not_matched,,,not_matched,,,not_matched,,,not_matched,,,not_matched,
myfcd_0166,CARA MANIS,cara manis,MyFCD,https://myfcd.moh.gov.my/myfcdcurrent/index.php/site/detail_product/R212058/0/20/0/0/0,Wheat flour based,wheat flour based,56.8,222.3533,4.7064,2.854,29.9633,3.6561,0.71,1.445,49.5338,0.726,42.137100000000004,73.15,0.0001,0.394,0.0,0.0,,,0.0717,0.09085,0.33665,2.575,per 100g,2026-07-01T04:14:10.551444Z,2026-07-01T04:14:10.551444Z,11,0.5,"{""dg"":"""",""dc"":""""}",cara manis,,not_matched,,,not_matched,,,not_matched,,,not_matched,,,not_matched,,,not_matched,
myfcd_0167,LEPAT LABU,lepat labu,MyFCD,https://myfcd.moh.gov.my/myfcdcurrent/index.php/site/detail_product/R212071/0/20/0/0/0,Wheat flour based,wheat flour based,57.35,222.3533,3.0042,2.9802,29.9633,4.0681,0.9833,11.9,48.4252,0.53325,42.137100000000004,112.5,0.0001,0.44,0.0,0.0,,,0.0717,0.09085,0.33665,2.575,per 100g,2026-07-01T04:14:10.551444Z,2026-07-01T04:14:10.551444Z,17,0.2273,"{""dg"":"""",""dc"":""""}",lepat labu,,not_matched,,,not_matched,,,not_matched,,,not_matched,,,not_matched,,,not_matched,
myfcd_0168,"DESSERT, MOON CAKES RED BEAN","dessert, moon cakes red bean",MyFCD,https://myfcd.moh.gov.my/myfcdcurrent/index.php/site/detail_product/R212074/0/20/0/0/0,Wheat flour based,wheat flour based,38.105000000000004,222.3533,3.4000000000000004,5.3633,29.9633,3.0944,0.9833,11.9,64.44,0.53325,42.137100000000004,112.5,0.0001,0.44,0.0,0.0,,,0.0717,0.09085,0.33665,2.575,per 100g,2026-07-01T04:14:10.551444Z,2026-07-01T04:14:10.551444Z,22,0.0,"{""dg"":"""",""dc"":""""}",dessert moon cakes red bean,70.20994475138122,USDA_category_mean,0.2455,0.9388429752066116,USDA_category_mean,0.2455,0.4235747126436781,USDA_category_mean,0.2455,3.9820359281437128,USDA_category_mean,0.2455,0.2239111111111111,USDA_category_mean,0.2455,0.0151219512195121,USDA_category_mean,0.2455
myfcd_0169,ROTI JALA,roti jala,MyFCD,https://myfcd.moh.gov.my/myfcdcurrent/index.php/site/detail_product/R212078/0/20/0/0/0,Wheat flour based,wheat flour based,53.7,222.3533,5.2011,3.3671,29.9633,3.4795,1.0,3.217,58.2924,0.885,241.2,68.64,0.0001,0.473,0.0,0.0,,,0.0717,0.09085,0.33665,2.575,per 100g,2026-07-01T04:14:10.551444Z,2026-07-01T04:14:10.551444Z,10,0.5455,"{""dg"":"""",""dc"":""""}",roti jala,32.0977130977131,USDA_category_mean,0.3787,16.40905511811024,USDA_category_mean,0.3787,3.470831349206349,USDA_category_mean,0.3787,14.496688741721854,USDA_category_mean,0.3787,0.1068706896551724,USDA_category_mean,0.3787,0.1430875576036866,USDA_category_mean,0.3787
myfcd_0170,"CAKE, CHEESE (KEK KEJU)","cake, cheese (kek keju)",MyFCD,https://myfcd.moh.gov.my/myfcdcurrent/index.php/site/detail_product/R212084/0/20/0/0/0,Wheat flour based,wheat flour based,38.105000000000004,222.3533,3.4000000000000004,5.3633,29.9633,3.0944,0.9833,11.9,64.44,0.53325,42.137100000000004,112.5,0.0001,0.44,0.0,0.0,,,0.0717,0.09085,0.33665,2.575,per 100g,2026-07-01T04:14:10.551444Z,2026-07-01T04:14:10.551444Z,22,0.0,"{""dg"":"""",""dc"":""""}",cake cheese kek keju,15.0,USDA_direct_medium,0.4055,,USDA_direct_medium,0.4055,5.391,USDA_direct_medium,0.4055,85.0,USDA_direct_medium,0.4055,0.058,USDA_direct_medium,0.4055,0.34,USDA_direct_medium,0.4055
myfcd_0171,"CAKE, CHOCOLATE (KEK COKLAT)","cake, chocolate (kek coklat)",MyFCD,https://myfcd.moh.gov.my/myfcdcurrent/index.php/site/detail_product/R212085/0/20/0/0/0,Wheat flour based,wheat flour based,38.105000000000004,222.3533,3.4000000000000004,5.3633,29.9633,3.0944,0.9833,11.9,64.44,0.53325,42.137100000000004,112.5,0.0001,0.44,0.0,0.0,,,0.0717,0.09085,0.33665,2.575,per 100g,2026-07-01T04:14:10.551444Z,2026-07-01T04:14:10.551444Z,22,0.0,"{""dg"":"""",""dc"":""""}",cake chocolate kek coklat,32.0977130977131,USDA_category_mean,0.2854,16.40905511811024,USDA_category_mean,0.2854,3.470831349206349,USDA_category_mean,0.2854,14.496688741721854,USDA_category_mean,0.2854,0.1068706896551724,USDA_category_mean,0.2854,0.1430875576036866,USDA_category_mean,0.2854
myfcd_0172,"DESSERT, HONEYCOMB CAKE (KEK GULA HANGUS)","dessert, honeycomb cake (kek gula hangus)",MyFCD,https://myfcd.moh.gov.my/myfcdcurrent/index.php/site/detail_product/R212086/0/20/0/0/0,Wheat flour based,wheat flour based,38.105000000000004,222.3533,3.4000000000000004,5.3633,29.9633,3.0944,0.9833,11.9,64.44,0.53325,42.137100000000004,112.5,0.0001,0.44,0.0,0.0,,,0.0717,0.09085,0.33665,2.575,per 100g,2026-07-01T04:14:10.551444Z,2026-07-01T04:14:10.551444Z,22,0.0,"{""dg"":"""",""dc"":""""}",dessert honeycomb cake kek gula hangus,,not_matched,,,not_matched,,,not_matched,,,not_matched,,,not_matched,,,not_matched,
myfcd_0173,"DESSERT, LAYER CAKE (KEK LAPIS SARAWAK)","dessert, layer cake (kek lapis sarawak)",MyFCD,https://myfcd.moh.gov.my/myfcdcurrent/index.php/site/detail_product/R212087/0/20/0/0/0,Wheat flour based,wheat flour based,19.51,429.0367,8.2833,25.57,41.4433,4.1133,1.08,11.9,64.44,0.53325,42.137100000000004,112.5,0.0001,0.44,0.0,0.0,,,0.0717,0.09085,0.33665,2.575,per 100g,2026-07-01T04:14:10.551444Z,2026-07-01T04:14:10.551444Z,15,0.3182,"{""dg"":"""",""dc"":""""}",dessert layer cake kek lapis sarawak,,not_matched,,,not_matched,,,not_matched,,,not_matched,,,not_matched,,,not_matched,
myfcd_0174,"PASTRY, DANISH","pastry, danish",MyFCD,https://myfcd.moh.gov.my/myfcdcurrent/index.php/site/detail_product/R212088/0/20/0/0/0,Wheat flour based,wheat flour based,38.105000000000004,222.3533,3.4000000000000004,5.3633,29.9633,3.0944,0.9833,11.9,64.44,0.53325,42.137100000000004,112.5,0.0001,0.44,0.0,0.0,,,0.0717,0.09085,0.33665,2.575,per 100g,2026-07-01T04:14:10.551444Z,2026-07-01T04:14:10.551444Z,22,0.0,"{""dg"":"""",""dc"":""""}",pastry danish,15.0,USDA_direct_high,0.8386,6.95,USDA_direct_high,0.8386,6.794,USDA_direct_high,0.8386,23.0,USDA_direct_high,0.8386,0.04,USDA_direct_high,0.8386,0.2,USDA_direct_high,0.8386
myfcd_0175,"PASTRY, PUFF, APPLE FILLING","pastry, puff, apple filling",MyFCD,https://myfcd.moh.gov.my/myfcdcurrent/index.php/site/detail_product/R212089/0/20/0/0/0,Wheat flour based,wheat flour based,20.4467,392.3233,5.4567,17.99,52.1467,2.97,0.99,11.9,64.44,0.53325,42.137100000000004,112.5,0.0001,0.44,0.0,0.0,,,0.0717,0.09085,0.33665,2.575,per 100g,2026-07-01T04:14:10.551444Z,2026-07-01T04:14:10.551444Z,15,0.3182,"{""dg"":"""",""dc"":""""}",pastry puff apple filling,16.0,USDA_direct_medium,0.5749,0.74,USDA_direct_medium,0.5749,9.643,USDA_direct_medium,0.5749,0.0,USDA_direct_medium,0.5749,0.021,USDA_direct_medium,0.5749,0.0,USDA_direct_medium,0.5749
myfcd_0176,"PASTRY, PUFF, CHOCOLATE FILLING","pastry, puff, chocolate filling",MyFCD,https://myfcd.moh.gov.my/myfcdcurrent/index.php/site/detail_product/R212090/0/20/0/0/0,Wheat flour based,wheat flour based,38.105000000000004,222.3533,3.4000000000000004,5.3633,29.9633,3.0944,0.9833,11.9,64.44,0.53325,42.137100000000004,112.5,0.0001,0.44,0.0,0.0,,,0.0717,0.09085,0.33665,2.575,per 100g,2026-07-01T04:14:10.551444Z,2026-07-01T04:14:10.551444Z,22,0.0,"{""dg"":"""",""dc"":""""}",pastry puff chocolate filling,16.0,USDA_direct_medium,0.6123,0.74,USDA_direct_medium,0.6123,9.643,USDA_direct_medium,0.6123,0.0,USDA_direct_medium,0.6123,0.021,USDA_direct_medium,0.6123,0.0,USDA_direct_medium,0.6123
myfcd_0177,"TRADITIONAL MALAYSIAN KUIH, MINI EGG SPONGE CAKE (BAHULU CERMAI)","traditional malaysian kuih, mini egg sponge cake (bahulu cermai)",MyFCD,https://myfcd.moh.gov.my/myfcdcurrent/index.php/site/detail_product/R212091/0/20/0/0/0,Wheat flour based,wheat flour based,14.4433,359.0633,8.8867,5.6767,68.1067,2.0267,0.86,11.9,64.44,0.53325,42.137100000000004,112.5,0.0001,0.44,0.0,0.0,,,0.0717,0.09085,0.33665,2.575,per 100g,2026-07-01T04:14:10.551444Z,2026-07-01T04:14:10.551444Z,15,0.3182,"{""dg"":"""",""dc"":""""}",traditional malaysian kuih mini egg sponge cake bahulu cermai,32.0977130977131,USDA_category_mean,0.3122,16.40905511811024,USDA_category_mean,0.3122,3.470831349206349,USDA_category_mean,0.3122,14.496688741721854,USDA_category_mean,0.3122,0.1068706896551724,USDA_category_mean,0.3122,0.1430875576036866,USDA_category_mean,0.3122
myfcd_0178,"DESSERT, MOON CAKES PURE LOTUS","dessert, moon cakes pure lotus",MyFCD,https://myfcd.moh.gov.my/myfcdcurrent/index.php/site/detail_product/R212092/0/20/0/0/0,Wheat flour based,wheat flour based,38.105000000000004,222.3533,3.4000000000000004,5.3633,29.9633,3.0944,0.9833,11.9,64.44,0.53325,42.137100000000004,112.5,0.0001,0.44,0.0,0.0,,,0.0717,0.09085,0.33665,2.575,per 100g,2026-07-01T04:14:10.551444Z,2026-07-01T04:14:10.551444Z,22,0.0,"{""dg"":"""",""dc"":""""}",dessert moon cakes pure lotus,,not_matched,,,not_matched,,,not_matched,,,not_matched,,,not_matched,,,not_matched,
myfcd_0179,Koleh Kacang,koleh kacang,MyFCD,https://myfcd.moh.gov.my/myfcdcurrent/index.php/site/detail_product/R213004/0/20/0/0/0,Legume based,legume based,53.9,222.3533,4.65,6.65,29.9633,10.5314,0.9833,11.9,84.9238,0.53325,42.137100000000004,112.5,0.0001,0.44,0.0,0.0,,,0.0717,0.09085,0.33665,2.575,per 100g,2026-07-01T04:14:10.551444Z,2026-07-01T04:14:10.551444Z,17,0.2273,,koleh kacang,,not_matched,,,not_matched,,,not_matched,,,not_matched,,,not_matched,,,not_matched,
myfcd_0180,"TRADITIONAL MALAYSIAN KUIH, FLOUR AND GHEE SUGAR BASED, SPHERE-SHAPED SWEETS (LADDU)","traditional malaysian kuih, flour and ghee sugar based, sphere-shaped sweets (laddu)",MyFCD,https://myfcd.moh.gov.my/myfcdcurrent/index.php/site/detail_product/R213007/0/20/0/0/0,Legume based,legume based,38.105000000000004,222.3533,3.4000000000000004,5.3633,29.9633,3.0944,0.9833,11.9,64.44,0.53325,42.137100000000004,112.5,0.0001,0.44,0.0,0.0,,,0.0717,0.09085,0.33665,2.575,per 100g,2026-07-01T04:14:10.551444Z,2026-07-01T04:14:10.551444Z,22,0.0,"{""dg"":"""",""dc"":""""}",traditional malaysian kuih flour ghee sugar based sphere shaped sweets laddu,,not_matched,,,not_matched,,,not_matched,,,not_matched,,,not_matched,,,not_matched,
myfcd_0181,"TRADITIONAL MALAYSIAN KUIH, GLUTINOUS RICE BALLS IN COCONUT MILK (BADAK BERENDAM)","traditional malaysian kuih, glutinous rice balls in coconut milk (badak berendam)",MyFCD,https://myfcd.moh.gov.my/myfcdcurrent/index.php/site/detail_product/R214002/0/20/0/0/0,Glutinous rice based,glutinous rice based,38.105000000000004,222.3533,3.4000000000000004,5.3633,29.9633,3.0944,0.9833,11.9,64.44,0.53325,42.137100000000004,112.5,0.0001,0.44,0.0,0.0,,,0.0717,0.09085,0.33665,2.575,per 100g,2026-07-01T04:14:10.551444Z,2026-07-01T04:14:10.551444Z,22,0.0,"{""dg"":"""",""dc"":""""}",traditional malaysian kuih glutinous rice balls coconut milk badak berendam,70.20994475138122,USDA_category_mean,0.2747,0.9388429752066116,USDA_category_mean,0.2747,0.4235747126436781,USDA_category_mean,0.2747,3.9820359281437128,USDA_category_mean,0.2747,0.2239111111111111,USDA_category_mean,0.2747,0.0151219512195121,USDA_category_mean,0.2747
myfcd_0182,"TRADITIONAL MALAYSIAN KUIH, GLUTINOUS RICE FLOUR AND COCONUT MILK BASED, BOILED PALM SUGAR TOFFEE-LIKE SWEET (DODOL)","traditional malaysian kuih, glutinous rice flour and coconut milk based, boiled palm sugar toffee-like sweet (dodol)",MyFCD,https://myfcd.moh.gov.my/myfcdcurrent/index.php/site/detail_product/R214006/0/20/0/0/0,Glutinous rice based,glutinous rice based,38.105000000000004,222.3533,3.4000000000000004,5.3633,29.9633,3.0944,0.9833,11.9,64.44,0.53325,42.137100000000004,112.5,0.0001,0.44,0.0,0.0,,,0.0717,0.09085,0.33665,2.575,per 100g,2026-07-01T04:14:10.551444Z,2026-07-01T04:14:10.551444Z,22,0.0,"{""dg"":"""",""dc"":""""}",traditional malaysian kuih glutinous rice flour coconut milk based palm sugar toffee like sweet dodol,70.20994475138122,USDA_category_mean,0.2198,0.9388429752066116,USDA_category_mean,0.2198,0.4235747126436781,USDA_category_mean,0.2198,3.9820359281437128,USDA_category_mean,0.2198,0.2239111111111111,USDA_category_mean,0.2198,0.0151219512195121,USDA_category_mean,0.2198
myfcd_0183,"TRADITIONAL MALAYSIAN KUIH, SESAME BALLS (KUIH BOM)","traditional malaysian kuih, sesame balls (kuih bom)",MyFCD,https://myfcd.moh.gov.my/myfcdcurrent/index.php/site/detail_product/R214010/0/20/0/0/0,Glutinous rice based,glutinous rice based,22.0153,335.3433,6.5433,11.59,51.2133,7.38,1.2567,11.9,64.44,0.53325,42.137100000000004,112.5,0.0001,0.44,0.0,0.0,,,0.0717,0.09085,0.33665,2.575,per 100g,2026-07-01T04:14:10.551444Z,2026-07-01T04:14:10.551444Z,15,0.3182,"{""dg"":"""",""dc"":""""}",traditional malaysian kuih sesame balls kuih bom,,not_matched,,,not_matched,,,not_matched,,,not_matched,,,not_matched,,,not_matched,
myfcd_0184,"TRADITIONAL MALAYSIAN KUIH, SWEET BLACK GLUTINOUS RICE DUMPLING STUFFED WITH GRATED COCONUT FILLING (KUIH KOCI PULUT HITAM)","traditional malaysian kuih, sweet black glutinous rice dumpling stuffed with grated coconut filling (kuih koci pulut hitam)",MyFCD,https://myfcd.moh.gov.my/myfcdcurrent/index.php/site/detail_product/R214016/0/20/0/0/0,Glutinous rice based,glutinous rice based,38.105000000000004,222.3533,3.4000000000000004,5.3633,29.9633,3.0944,0.9833,11.9,64.44,0.53325,42.137100000000004,112.5,0.0001,0.44,0.0,0.0,,,0.0717,0.09085,0.33665,2.575,per 100g,2026-07-01T04:14:10.551444Z,2026-07-01T04:14:10.551444Z,22,0.0,"{""dg"":"""",""dc"":""""}",traditional malaysian kuih sweet black glutinous rice dumpling stuffed grated coconut filling kuih koci pulut hitam,,not_matched,,,not_matched,,,not_matched,,,not_matched,,,not_matched,,,not_matched,
myfcd_0185,"TRADITIONAL MALAYSIAN KUIH, SWEET FERMENTED GLUTINOUS RICE (TAPAI PULUT)","traditional malaysian kuih, sweet fermented glutinous rice (tapai pulut)",MyFCD,https://myfcd.moh.gov.my/myfcdcurrent/index.php/site/detail_product/R214032/0/20/0/0/0,Glutinous rice based,glutinous rice based,38.105000000000004,222.3533,3.4000000000000004,5.3633,29.9633,3.0944,0.9833,11.9,64.44,0.53325,42.137100000000004,112.5,0.0001,0.44,0.0,0.0,,,0.0717,0.09085,0.33665,2.575,per 100g,2026-07-01T04:14:10.551444Z,2026-07-01T04:14:10.551444Z,22,0.0,"{""dg"":"""",""dc"":""""}",traditional malaysian kuih sweet fermented glutinous rice tapai pulut,70.20994475138122,USDA_category_mean,0.2917,0.9388429752066116,USDA_category_mean,0.2917,0.4235747126436781,USDA_category_mean,0.2917,3.9820359281437128,USDA_category_mean,0.2917,0.2239111111111111,USDA_category_mean,0.2917,0.0151219512195121,USDA_category_mean,0.2917
myfcd_0186,"TRADITIONAL MALAYSIAN KUIH, GLUTINUOS RICE FLOUR BASED STUFFED WITH GRATED COCONUT COATED WITH MUNG BEAN POWDER (KUIH TEPUNG GOMAK)","traditional malaysian kuih, glutinuos rice flour based stuffed with grated coconut coated with mung bean powder (kuih tepung gomak)",MyFCD,https://myfcd.moh.gov.my/myfcdcurrent/index.php/site/detail_product/R214034/0/20/0/0/0,Glutinous rice based,glutinous rice based,38.105000000000004,222.3533,3.4000000000000004,5.3633,29.9633,3.0944,0.9833,11.9,64.44,0.53325,42.137100000000004,112.5,0.0001,0.44,0.0,0.0,,,0.0717,0.09085,0.33665,2.575,per 100g,2026-07-01T04:14:10.551444Z,2026-07-01T04:14:10.551444Z,22,0.0,"{""dg"":"""",""dc"":""""}",traditional malaysian kuih glutinuos rice flour based stuffed grated coconut coated mung bean powder kuih tepung gomak,,not_matched,,,not_matched,,,not_matched,,,not_matched,,,not_matched,,,not_matched,
myfcd_0187,Cakar Ayam,cakar ayam,MyFCD,https://myfcd.moh.gov.my/myfcdcurrent/index.php/site/detail_product/R215003/0/20/0/0/0,Tuber based,tuber based,6.405,222.3533,1.0,17.05,29.9633,9.1488,0.9833,11.9,66.8311,0.53325,42.137100000000004,112.5,0.0001,0.44,0.0,0.0,,,0.0717,0.09085,0.33665,2.575,per 100g,2026-07-01T04:14:10.551444Z,2026-07-01T04:14:10.551444Z,17,0.2273,,cakar ayam,,not_matched,,,not_matched,,,not_matched,,,not_matched,,,not_matched,,,not_matched,
myfcd_0188,Keledek Goreng,keledek goreng,MyFCD,https://myfcd.moh.gov.my/myfcdcurrent/index.php/site/detail_product/R215004/0/20/0/0/0,Tuber based,tuber based,47.85,222.3533,1.9,10.45,29.9633,6.5351,0.9833,11.9,47.3451,0.53325,42.137100000000004,112.5,0.0001,0.44,0.0,0.0,,,0.0717,0.09085,0.33665,2.575,per 100g,2026-07-01T04:14:10.551444Z,2026-07-01T04:14:10.551444Z,17,0.2273,,keledek,,not_matched,,,not_matched,,,not_matched,,,not_matched,,,not_matched,,,not_matched,
myfcd_0189,Samosa,samosa,MyFCD,https://myfcd.moh.gov.my/myfcdcurrent/index.php/site/detail_product/R216012/0/20/0/0/0,Vegetables and fruits based,vegetables and fruits based,36.05,222.3533,5.4,17.5,29.9633,31.3147,0.9833,11.9,70.2386,0.53325,42.137100000000004,112.5,0.0001,0.44,0.0,0.0,,,0.0717,0.09085,0.33665,2.575,per 100g,2026-07-01T04:14:10.551444Z,2026-07-01T04:14:10.551444Z,17,0.2273,,samosa,,not_matched,,,not_matched,,,not_matched,,,not_matched,,,not_matched,,,not_matched,
myfcd_0190,"DESSERT, COCONUT MILK BASED, SWEET POTATOES AND TARO IN COCONUT MILK (BUBUR CHA CHA)","dessert, coconut milk based, sweet potatoes and taro in coconut milk (bubur cha cha)",MyFCD,https://myfcd.moh.gov.my/myfcdcurrent/index.php/site/detail_product/R217005/0/20/0/0/0,Porridge and <i>pengat</i>,porridge and ipengat/i,33.8003,309.0475,2.54,5.61,65.89,2.5833,0.9467,11.9,64.44,0.53325,42.137100000000004,112.5,0.0001,0.44,0.0,0.0,,,0.0717,0.09085,0.33665,2.575,per 100g,2026-07-01T04:14:10.551444Z,2026-07-01T04:14:10.551444Z,15,0.3182,"{""dg"":"""",""dc"":""""}",dessert coconut milk based sweet potatoes taro coconut milk bubur cha cha,,not_matched,,,not_matched,,,not_matched,,,not_matched,,,not_matched,,,not_matched,
myfcd_0191,"DESSERT, CORN IN SWEETENED COCONUT MILK (BUBUR JAGUNG)","dessert, corn in sweetened coconut milk (bubur jagung)",MyFCD,https://myfcd.moh.gov.my/myfcdcurrent/index.php/site/detail_product/R217007/0/20/0/0/0,Porridge and <i>pengat</i>,porridge and ipengat/i,47.451,213.3333,2.6233,4.2433,41.1633,3.2933,1.2267,11.9,64.44,0.53325,42.137100000000004,112.5,0.0001,0.44,0.0,0.0,,,0.0717,0.09085,0.33665,2.575,per 100g,2026-07-01T04:14:10.551444Z,2026-07-01T04:14:10.551444Z,15,0.3182,"{""dg"":"""",""dc"":""""}",dessert corn sweetened coconut milk bubur jagung,,not_matched,,,not_matched,,,not_matched,,,not_matched,,,not_matched,,,not_matched,
myfcd_0192,"DESSERT, BLACK GLUTINOUS RICE PORRIDGE (BUBUR PULUT HITAM)","dessert, black glutinous rice porridge (bubur pulut hitam)",MyFCD,https://myfcd.moh.gov.my/myfcdcurrent/index.php/site/detail_product/R217021/0/20/0/0/0,Porridge and <i>pengat</i>,porridge and ipengat/i,44.835,271.7125,2.5767,4.17,58.9575,2.3767,0.7633,11.9,64.44,0.53325,42.137100000000004,112.5,0.0001,0.44,0.0,0.0,,,0.0717,0.09085,0.33665,2.575,per 100g,2026-07-01T04:14:10.551444Z,2026-07-01T04:14:10.551444Z,15,0.3182,"{""dg"":"""",""dc"":""""}",dessert black glutinous rice porridge bubur pulut hitam,70.20994475138122,USDA_category_mean,0.3333,0.9388429752066116,USDA_category_mean,0.3333,0.4235747126436781,USDA_category_mean,0.3333,3.9820359281437128,USDA_category_mean,0.3333,0.2239111111111111,USDA_category_mean,0.3333,0.0151219512195121,USDA_category_mean,0.3333
myfcd_0193,"DESSERT, SAGO PORRIDGE (BUBUR SAGU)","dessert, sago porridge (bubur sagu)",MyFCD,https://myfcd.moh.gov.my/myfcdcurrent/index.php/site/detail_product/R217022/0/20/0/0/0,Porridge and <i>pengat</i>,porridge and ipengat/i,44.0077,240.3167,2.8533,4.4667,47.1767,0.92,0.5767,11.9,64.44,0.53325,42.137100000000004,112.5,0.0001,0.44,0.0,0.0,,,0.0717,0.09085,0.33665,2.575,per 100g,2026-07-01T04:14:10.551444Z,2026-07-01T04:14:10.551444Z,15,0.3182,"{""dg"":"""",""dc"":""""}",dessert sago porridge bubur sagu,,not_matched,,,not_matched,,,not_matched,,,not_matched,,,not_matched,,,not_matched,
myfcd_0194,"DESEERT, COCONUT MILK JELLY (AGAR-AGAR SANTAN)","deseert, coconut milk jelly (agar-agar santan)",MyFCD,https://myfcd.moh.gov.my/myfcdcurrent/index.php/site/detail_product/R218004/0/20/0/0/0,Miscellaneous,miscellaneous,38.105000000000004,222.3533,3.4000000000000004,5.3633,29.9633,3.0944,0.9833,11.9,64.44,0.53325,42.137100000000004,112.5,0.0001,0.44,0.0,0.0,,,0.0717,0.09085,0.33665,2.575,per 100g,2026-07-01T04:14:10.551444Z,2026-07-01T04:14:10.551444Z,22,0.0,"{""dg"":"""",""dc"":""""}",deseert coconut milk jelly agar agar santan,,not_matched,,,not_matched,,,not_matched,,,not_matched,,,not_matched,,,not_matched,
myfcd_0195,"DESSERT , CARAMEL PUDDING","dessert , caramel pudding",MyFCD,https://myfcd.moh.gov.my/myfcdcurrent/index.php/site/detail_product/R218007/0/20/0/0/0,Miscellaneous,miscellaneous,38.105000000000004,222.3533,3.4000000000000004,5.3633,29.9633,3.0944,0.9833,11.9,64.44,0.53325,42.137100000000004,112.5,0.0001,0.44,0.0,0.0,,,0.0717,0.09085,0.33665,2.575,per 100g,2026-07-01T04:14:10.551444Z,2026-07-01T04:14:10.551444Z,22,0.0,"{""dg"":"""",""dc"":""""}",dessert caramel pudding,,not_matched,,,not_matched,,,not_matched,,,not_matched,,,not_matched,,,not_matched,
myfcd_0196,"CREAM ROLL, VANILLA FLAVOUR","cream roll, vanilla flavour",MyFCD,https://myfcd.moh.gov.my/myfcdcurrent/index.php/site/detail_product/R218011/0/20/0/0/0,Miscellaneous,miscellaneous,28.2527,377.2325,6.86,20.7067,54.22,4.1533,1.0667,11.9,64.44,0.53325,42.137100000000004,112.5,0.0001,0.44,0.0,0.0,,,0.0717,0.09085,0.33665,2.575,per 100g,2026-07-01T04:14:10.551444Z,2026-07-01T04:14:10.551444Z,15,0.3182,"{""dg"":"""",""dc"":""""}",cream roll vanilla flavour,205.85,USDA_category_mean,0.3246,4.4195,USDA_category_mean,0.3246,1.9768548387096776,USDA_category_mean,0.3246,0.0,USDA_category_mean,0.3246,0.7262631578947368,USDA_category_mean,0.3246,0.0,USDA_category_mean,0.3246
myfcd_0197,"TRADITIONAL MALAYSIAN KUIH, COCONUT CREAM COOKIES (KUIH BANGKIT)","traditional malaysian kuih, coconut cream cookies (kuih bangkit)",MyFCD,https://myfcd.moh.gov.my/myfcdcurrent/index.php/site/detail_product/R218019/0/20/0/0/0,Miscellaneous,miscellaneous,5.8,412.0733,1.54,7.9533,83.5833,0.9333,0.19,11.9,64.44,0.53325,42.137100000000004,112.5,0.0001,0.44,0.0,0.0,,,0.0717,0.09085,0.33665,2.575,per 100g,2026-07-01T04:14:10.551444Z,2026-07-01T04:14:10.551444Z,15,0.3182,"{""dg"":"""",""dc"":""""}",traditional malaysian kuih coconut cream cookies kuih bangkit,,not_matched,,,not_matched,,,not_matched,,,not_matched,,,not_matched,,,not_matched,
myfcd_0198,"TRADITIONAL MALAYSIAN KUIH, FLOUR BASED, WITH RED PALM SUGAR  (KUIH CINCIN)","traditional malaysian kuih, flour based, with red palm sugar (kuih cincin)",MyFCD,https://myfcd.moh.gov.my/myfcdcurrent/index.php/site/detail_product/R218023/0/20/0/0/0,Miscellaneous,miscellaneous,1.9167,516.58,5.49,27.3133,62.2,2.58,0.5,11.9,64.44,0.53325,42.137100000000004,112.5,0.0001,0.44,0.0,0.0,,,0.0717,0.09085,0.33665,2.575,per 100g,2026-07-01T04:14:10.551444Z,2026-07-01T04:14:10.551444Z,15,0.3182,"{""dg"":"""",""dc"":""""}",traditional malaysian kuih flour based red palm sugar kuih cincin,,not_matched,,,not_matched,,,not_matched,,,not_matched,,,not_matched,,,not_matched,
myfcd_0199,"DESSERT, BREAD PUDDING","dessert, bread pudding",MyFCD,https://myfcd.moh.gov.my/myfcdcurrent/index.php/site/detail_product/R218036/0/20/0/0/0,Miscellaneous,miscellaneous,38.105000000000004,222.3533,3.4000000000000004,5.3633,29.9633,3.0944,0.9833,11.9,64.44,0.53325,42.137100000000004,112.5,0.0001,0.44,0.0,0.0,,,0.0717,0.09085,0.33665,2.575,per 100g,2026-07-01T04:14:10.551444Z,2026-07-01T04:14:10.551444Z,22,0.0,"{""dg"":"""",""dc"":""""}",dessert bread pudding,,not_matched,,,not_matched,,,not_matched,,,not_matched,,,not_matched,,,not_matched,
myfcd_0200,"DESSERT, PUDDING, MILK (PUDING SUSU)","dessert, pudding, milk (puding susu)",MyFCD,https://myfcd.moh.gov.my/myfcdcurrent/index.php/site/detail_product/R218037/0/20/0/0/0,Miscellaneous,miscellaneous,44.4537,222.5167,2.02,2.9433,46.99,2.9867,0.61,11.9,64.44,0.53325,42.137100000000004,112.5,0.0001,0.44,0.0,0.0,,,0.0717,0.09085,0.33665,2.575,per 100g,2026-07-01T04:14:10.551444Z,2026-07-01T04:14:10.551444Z,15,0.3182,"{""dg"":"""",""dc"":""""}",dessert pudding milk puding susu,,not_matched,,,not_matched,,,not_matched,,,not_matched,,,not_matched,,,not_matched,
myfcd_0201,"DESSERT, BROWNIES, CHOCOLATE","dessert, brownies, chocolate",MyFCD,https://myfcd.moh.gov.my/myfcdcurrent/index.php/site/detail_product/R218048/0/20/0/0/0,Miscellaneous,miscellaneous,38.105000000000004,222.3533,3.4000000000000004,5.3633,29.9633,3.0944,0.9833,11.9,64.44,0.53325,42.137100000000004,112.5,0.0001,0.44,0.0,0.0,,,0.0717,0.09085,0.33665,2.575,per 100g,2026-07-01T04:14:10.551444Z,2026-07-01T04:14:10.551444Z,22,0.0,"{""dg"":"""",""dc"":""""}",dessert brownies chocolate,,not_matched,,,not_matched,,,not_matched,,,not_matched,,,not_matched,,,not_matched,
myfcd_0202,"DESSERT, CHEESE TART","dessert, cheese tart",MyFCD,https://myfcd.moh.gov.my/myfcdcurrent/index.php/site/detail_product/R218049/0/20/0/0/0,Miscellaneous,miscellaneous,38.105000000000004,222.3533,3.4000000000000004,5.3633,29.9633,3.0944,0.9833,11.9,64.44,0.53325,42.137100000000004,112.5,0.0001,0.44,0.0,0.0,,,0.0717,0.09085,0.33665,2.575,per 100g,2026-07-01T04:14:10.551444Z,2026-07-01T04:14:10.551444Z,22,0.0,"{""dg"":"""",""dc"":""""}",dessert cheese tart,14.29045643153527,USDA_category_mean,0.2707,4.653980099502488,USDA_category_mean,0.2707,1.20485306122449,USDA_category_mean,0.2707,4.821276595744681,USDA_category_mean,0.2707,0.0719829059829059,USDA_category_mean,0.2707,0.287196261682243,USDA_category_mean,0.2707
myfcd_0203,"DESSERT, SHAVED ICE, ABC (AIR BATU CAMPUR/AIS KACANG)","dessert, shaved ice, abc (air batu campur/ais kacang)",MyFCD,https://myfcd.moh.gov.my/myfcdcurrent/index.php/site/detail_product/R218050/0/20/0/0/0,Miscellaneous,miscellaneous,38.105000000000004,222.3533,3.4000000000000004,5.3633,29.9633,3.0944,0.9833,11.9,64.44,0.53325,42.137100000000004,112.5,0.0001,0.44,0.0,0.0,,,0.0717,0.09085,0.33665,2.575,per 100g,2026-07-01T04:14:10.551444Z,2026-07-01T04:14:10.551444Z,22,0.0,"{""dg"":"""",""dc"":""""}",dessert shaved ice abc air batu campur ais kacang,,not_matched,,,not_matched,,,not_matched,,,not_matched,,,not_matched,,,not_matched,
myfcd_0204,"DOUGHNUT, WITH FROSTING/GLAZE (DONUT)","doughnut, with frosting/glaze (donut)",MyFCD,https://myfcd.moh.gov.my/myfcdcurrent/index.php/site/detail_product/R218051/0/20/0/0/0,Miscellaneous,miscellaneous,38.105000000000004,222.3533,3.4000000000000004,5.3633,29.9633,3.0944,0.9833,11.9,64.44,0.53325,42.137100000000004,112.5,0.0001,0.44,0.0,0.0,,,0.0717,0.09085,0.33665,2.575,per 100g,2026-07-01T04:14:10.551444Z,2026-07-01T04:14:10.551444Z,22,0.0,"{""dg"":"""",""dc"":""""}",doughnut frosting glaze donut,,not_matched,,,not_matched,,,not_matched,,,not_matched,,,not_matched,,,not_matched,
myfcd_0205,"DESSERT, SOY MILK CUSTARD (TAUFU-FAH)","dessert, soy milk custard (taufu-fah)",MyFCD,https://myfcd.moh.gov.my/myfcdcurrent/index.php/site/detail_product/R218052/0/20/0/0/0,Miscellaneous,miscellaneous,65.8933,135.45,3.3433,0.93,28.4267,0.4233,0.9833,11.9,64.44,0.53325,42.137100000000004,112.5,0.0001,0.44,0.0,0.0,,,0.0717,0.09085,0.33665,2.575,per 100g,2026-07-01T04:14:10.551444Z,2026-07-01T04:14:10.551444Z,15,0.3182,"{""dg"":"""",""dc"":""""}",dessert soy milk custard taufu fah,,not_matched,,,not_matched,,,not_matched,,,not_matched,,,not_matched,,,not_matched,
myfcd_0206,"RICE, ""DAGANG"" (NASI DAGANG)(COMPLETE SET)","rice, dagang (nasi dagang)(complete set)",MyFCD,https://myfcd.moh.gov.my/myfcdcurrent/index.php/site/detail_product/R221079/0/20/0/0/0,Cereal based,cereal based,55.1433,196.4133,6.6633,6.3333,28.19,1.7333,1.9367,11.9,64.44,0.53325,42.137100000000004,112.5,0.0001,0.44,0.0,0.0,,,0.0717,0.09085,0.33665,2.575,per 100g,2026-07-01T04:14:10.551444Z,2026-07-01T04:14:10.551444Z,15,0.3182,"{""dg"":"""",""dc"":""""}",rice dagang nasi dagang complete set,,not_matched,,,not_matched,,,not_matched,,,not_matched,,,not_matched,,,not_matched,
myfcd_0207,"RICE, ARAB (NASI ARAB)","rice, arab (nasi arab)",MyFCD,https://myfcd.moh.gov.my/myfcdcurrent/index.php/site/detail_product/R221081/0/20/0/0/0,Cereal based,cereal based,46.4767,222.3533,5.1967,4.2733,40.7767,1.7833,1.4933,11.9,64.44,0.53325,42.137100000000004,112.5,0.0001,0.44,0.0,0.0,,,0.0717,0.09085,0.33665,2.575,per 100g,2026-07-01T04:14:10.551444Z,2026-07-01T04:14:10.551444Z,15,0.3182,"{""dg"":"""",""dc"":""""}",rice arab nasi arab,,not_matched,,,not_matched,,,not_matched,,,not_matched,,,not_matched,,,not_matched,
myfcd_0208,"RICE, BRIYANI (RICE ONLY) (BASMATHI RICE)","rice, briyani (rice only) (basmathi rice)",MyFCD,https://myfcd.moh.gov.my/myfcdcurrent/index.php/site/detail_product/R221083/0/20/0/0/0,Cereal based,cereal based,57.1333,190.4533,2.5933,5.96,31.61,1.2667,1.4367,11.9,64.44,0.53325,42.137100000000004,112.5,0.0001,0.44,0.0,0.0,,,0.0717,0.09085,0.33665,2.575,per 100g,2026-07-01T04:14:10.551444Z,2026-07-01T04:14:10.551444Z,15,0.3182,"{""dg"":"""",""dc"":""""}",rice briyani rice only basmathi rice,70.20994475138122,USDA_category_mean,0.3865,0.9388429752066116,USDA_category_mean,0.3865,0.4235747126436781,USDA_category_mean,0.3865,3.9820359281437128,USDA_category_mean,0.3865,0.2239111111111111,USDA_category_mean,0.3865,0.0151219512195121,USDA_category_mean,0.3865
myfcd_0209,"RICE, KERABU (NASI KERABU)(COMPLETE SET)","rice, kerabu (nasi kerabu)(complete set)",MyFCD,https://myfcd.moh.gov.my/myfcdcurrent/index.php/site/detail_product/R221088/0/20/0/0/0,Cereal based,cereal based,47.09,208.9867,4.0033,2.9867,41.5233,2.8233,1.5733,11.9,64.44,0.53325,42.137100000000004,112.5,0.0001,0.44,0.0,0.0,,,0.0717,0.09085,0.33665,2.575,per 100g,2026-07-01T04:14:10.551444Z,2026-07-01T04:14:10.551444Z,15,0.3182,"{""dg"":"""",""dc"":""""}",rice kerabu nasi kerabu complete set,,not_matched,,,not_matched,,,not_matched,,,not_matched,,,not_matched,,,not_matched,
myfcd_0210,"RICE, BRIYANI (AYAM)","rice, briyani (ayam)",MyFCD,https://myfcd.moh.gov.my/myfcdcurrent/index.php/site/detail_product/R221107/0/20/0/0/0,Cereal based,cereal based,64.3133,158.6567,3.2367,5.3633,24.36,1.27,1.4567,11.9,64.44,0.53325,42.137100000000004,112.5,0.0001,0.44,0.0,0.0,,,0.0717,0.09085,0.33665,2.575,per 100g,2026-07-01T04:14:10.551444Z,2026-07-01T04:14:10.551444Z,15,0.3182,"{""dg"":"""",""dc"":""""}",rice briyani ayam,70.20994475138122,USDA_category_mean,0.2032,0.9388429752066116,USDA_category_mean,0.2032,0.4235747126436781,USDA_category_mean,0.2032,3.9820359281437128,USDA_category_mean,0.2032,0.2239111111111111,USDA_category_mean,0.2032,0.0151219512195121,USDA_category_mean,0.2032
myfcd_0211,"RICE, BRIYANI (DAGING)","rice, briyani (daging)",MyFCD,https://myfcd.moh.gov.my/myfcdcurrent/index.php/site/detail_product/R221108/0/20/0/0/0,Cereal based,cereal based,57.6133,194.5667,7.85,8.0733,37.07,1.7833,2.0533,11.9,64.44,0.53325,42.137100000000004,112.5,0.0001,0.44,0.0,0.0,,,0.0717,0.09085,0.33665,2.575,per 100g,2026-07-01T04:14:10.551444Z,2026-07-01T04:14:10.551444Z,15,0.3182,"{""dg"":"""",""dc"":""""}",rice briyani daging,,not_matched,,,not_matched,,,not_matched,,,not_matched,,,not_matched,,,not_matched,
myfcd_0212,NASI ARAB SET KHABSYAH (KAMBING),nasi arab set khabsyah (kambing),MyFCD,https://myfcd.moh.gov.my/myfcdcurrent/index.php/site/detail_product/R221109/0/20/0/0/0,Cereal based,cereal based,56.2633,205.6133,3.59,7.9333,29.9633,0.8,1.45,11.9,64.44,0.53325,42.137100000000004,112.5,0.0001,0.44,0.0,0.0,,,0.0717,0.09085,0.33665,2.575,per 100g,2026-07-01T04:14:10.551444Z,2026-07-01T04:14:10.551444Z,15,0.3182,"{""dg"":"""",""dc"":""""}",nasi arab set khabsyah kambing,,not_matched,,,not_matched,,,not_matched,,,not_matched,,,not_matched,,,not_matched,
myfcd_0213,NASI ARAB SET MANDY (AYAM),nasi arab set mandy (ayam),MyFCD,https://myfcd.moh.gov.my/myfcdcurrent/index.php/site/detail_product/R221110/0/20/0/0/0,Cereal based,cereal based,64.9767,147.64,3.7367,3.8425,24.5267,1.1333,1.7833,11.9,64.44,0.53325,42.137100000000004,112.5,0.0001,0.44,0.0,0.0,,,0.0717,0.09085,0.33665,2.575,per 100g,2026-07-01T04:14:10.551444Z,2026-07-01T04:14:10.551444Z,15,0.3182,"{""dg"":"""",""dc"":""""}",nasi arab set mandy ayam,,not_matched,,,not_matched,,,not_matched,,,not_matched,,,not_matched,,,not_matched,
myfcd_0214,"RICE, ""DAGANG"" (NASI DAGANG)(RICE ONLY)","rice, dagang (nasi dagang)(rice only)",MyFCD,https://myfcd.moh.gov.my/myfcdcurrent/index.php/site/detail_product/R221113/0/20/0/0/0,Cereal based,cereal based,54.6433,125.1448,3.2667,1.89,38.2933,0.8,1.1067,11.9,64.44,0.53325,42.137100000000004,112.5,0.0001,0.44,0.0,0.0,,,0.0717,0.09085,0.33665,2.575,per 100g,2026-07-01T04:14:10.551444Z,2026-07-01T04:14:10.551444Z,15,0.3182,"{""dg"":"""",""dc"":""""}",rice dagang nasi dagang rice only,70.20994475138122,USDA_category_mean,0.2298,0.9388429752066116,USDA_category_mean,0.2298,0.4235747126436781,USDA_category_mean,0.2298,3.9820359281437128,USDA_category_mean,0.2298,0.2239111111111111,USDA_category_mean,0.2298,0.0151219512195121,USDA_category_mean,0.2298
myfcd_0215,BEEF RENDANG (RENDANG DAGING LEMBU),beef rendang (rendang daging lembu),MyFCD,https://myfcd.moh.gov.my/myfcdcurrent/index.php/site/detail_product/R222004/0/20/0/0/0,Meat dishes,meat dishes,35.52,360.1,18.7567,23.46,18.4833,2.9333,0.8467,11.9,64.44,0.53325,42.137100000000004,112.5,0.0001,0.44,0.0,0.0,,,0.0717,0.09085,0.33665,2.575,per 100g,2026-07-01T04:14:10.551444Z,2026-07-01T04:14:10.551444Z,15,0.3182,"{""dg"":"""",""dc"":""""}",beef rendang rendang daging lembu,,not_matched,,,not_matched,,,not_matched,,,not_matched,,,not_matched,,,not_matched,
myfcd_0216,"BEEF, FLOSS (SERUNDING DAGING)","beef, floss (serunding daging)",MyFCD,https://myfcd.moh.gov.my/myfcdcurrent/index.php/site/detail_product/R222008/0/20/0/0/0,Meat dishes,meat dishes,6.8167,434.8533,23.0767,20.2533,40.0667,8.0,1.7867,11.9,64.44,0.53325,42.137100000000004,112.5,0.0001,0.44,0.0,0.0,,,0.0717,0.09085,0.33665,2.575,per 100g,2026-07-01T04:14:10.551444Z,2026-07-01T04:14:10.551444Z,15,0.3182,"{""dg"":"""",""dc"":""""}",beef floss serunding daging,,not_matched,,,not_matched,,,not_matched,,,not_matched,,,not_matched,,,not_matched,
myfcd_0217,CHICKEN CHOP (BELAHAN AYAM TANPA TULANG),chicken chop (belahan ayam tanpa tulang),MyFCD,https://myfcd.moh.gov.my/myfcdcurrent/index.php/site/detail_product/R222022/0/20/0/0/0,Meat dishes,meat dishes,47.42,263.6567,16.9,15.4967,14.1467,5.5667,0.47,11.9,64.44,0.53325,42.137100000000004,112.5,0.0001,0.44,0.0,0.0,,,0.0717,0.09085,0.33665,2.575,per 100g,2026-07-01T04:14:10.551444Z,2026-07-01T04:14:10.551444Z,15,0.3182,"{""dg"":"""",""dc"":""""}",chicken chop belahan ayam tanpa tulang,,not_matched,,,not_matched,,,not_matched,,,not_matched,,,not_matched,,,not_matched,
myfcd_0218,CHICKEN SATAY (SATAY AYAM),chicken satay (satay ayam),MyFCD,https://myfcd.moh.gov.my/myfcdcurrent/index.php/site/detail_product/R222029/0/20/0/0/0,Meat dishes,meat dishes,32.876,187.2167,28.3233,11.7733,5.28,34.0333,1.0033,11.9,64.44,0.53325,42.137100000000004,112.5,0.0001,0.44,0.0,0.0,,,0.0717,0.09085,0.33665,2.575,per 100g,2026-07-01T04:14:10.551444Z,2026-07-01T04:14:10.551444Z,15,0.3182,"{""dg"":"""",""dc"":""""}",chicken satay satay ayam,,not_matched,,,not_matched,,,not_matched,,,not_matched,,,not_matched,,,not_matched,
myfcd_0219,"ANCHOVY, DRIED, FRIED IN CHILLI (IKAN BILIS SAMBAL)","anchovy, dried, fried in chilli (ikan bilis sambal)",MyFCD,https://myfcd.moh.gov.my/myfcdcurrent/index.php/site/detail_product/R223003/0/20/0/0/0,Fish and sea-food dishes,fish and sea-food dishes,22.0333,364.7433,16.2067,21.3833,26.8667,12.11,1.4,11.9,64.44,0.53325,42.137100000000004,112.5,0.0001,0.44,0.0,0.0,,,0.0717,0.09085,0.33665,2.575,per 100g,2026-07-01T04:14:10.551444Z,2026-07-01T04:14:10.551444Z,15,0.3182,"{""dg"":"""",""dc"":""""}",anchovy chilli ikan bilis sambal,39.17045454545455,USDA_category_mean,0.306,0.153515625,USDA_category_mean,0.306,1.0472270588235293,USDA_category_mean,0.306,72.53030303030303,USDA_category_mean,0.306,0.284030888030888,USDA_category_mean,0.306,4.861969111969112,USDA_category_mean,0.306
myfcd_0220,"CATFISH, FRIED IN CHILLI (IKAN KELI GORENG BERLADA)","catfish, fried in chilli (ikan keli goreng berlada)",MyFCD,https://myfcd.moh.gov.my/myfcdcurrent/index.php/site/detail_product/R223015/0/20/0/0/0,Fish and sea-food dishes,fish and sea-food dishes,29.2433,424.97,16.2667,31.9567,18.0733,3.4,1.06,11.9,64.44,0.53325,42.137100000000004,112.5,0.0001,0.44,0.0,0.0,,,0.0717,0.09085,0.33665,2.575,per 100g,2026-07-01T04:14:10.551444Z,2026-07-01T04:14:10.551444Z,15,0.3182,"{""dg"":"""",""dc"":""""}",catfish chilli ikan keli berlada,39.17045454545455,USDA_category_mean,0.2285,0.153515625,USDA_category_mean,0.2285,1.0472270588235293,USDA_category_mean,0.2285,72.53030303030303,USDA_category_mean,0.2285,0.284030888030888,USDA_category_mean,0.2285,4.861969111969112,USDA_category_mean,0.2285
myfcd_0221,"COCKLES, BOILED (KERANG REBUS)","cockles, boiled (kerang rebus)",MyFCD,https://myfcd.moh.gov.my/myfcdcurrent/index.php/site/detail_product/R223019/0/20/0/0/0,Fish and sea-food dishes,fish and sea-food dishes,68.02,135.8233,14.7433,2.1833,14.3,0.7,0.0533,11.9,64.44,0.53325,42.137100000000004,112.5,0.0001,0.44,0.0,0.0,,,0.0717,0.09085,0.33665,2.575,per 100g,2026-07-01T04:14:10.551444Z,2026-07-01T04:14:10.551444Z,15,0.3182,"{""dg"":"""",""dc"":""""}",cockles kerang,,not_matched,,,not_matched,,,not_matched,,,not_matched,,,not_matched,,,not_matched,
myfcd_0222,"CRAB, IN COCONUT MILK (KETAM MASAK LEMAK CILI API)","crab, in coconut milk (ketam masak lemak cili api)",MyFCD,https://myfcd.moh.gov.my/myfcdcurrent/index.php/site/detail_product/R223027/0/20/0/0/0,Fish and sea-food dishes,fish and sea-food dishes,76.9067,116.6467,9.69,5.9133,6.1667,1.3,0.0233,11.9,64.44,0.53325,42.137100000000004,112.5,0.0001,0.44,0.0,0.0,,,0.0717,0.09085,0.33665,2.575,per 100g,2026-07-01T04:14:10.551444Z,2026-07-01T04:14:10.551444Z,15,0.3182,"{""dg"":"""",""dc"":""""}",crab coconut milk ketam lemak cili api,,not_matched,,,not_matched,,,not_matched,,,not_matched,,,not_matched,,,not_matched,
myfcd_0223,"CUTTLEFISH, DRIED, FRIED IN CHILLI (SAMBAL SOTONG KERING)","cuttlefish, dried, fried in chilli (sambal sotong kering)",MyFCD,https://myfcd.moh.gov.my/myfcdcurrent/index.php/site/detail_product/R223030/0/20/0/0/0,Fish and sea-food dishes,fish and sea-food dishes,39.9667,283.44,15.45,16.2933,18.75,8.8333,0.7067,11.9,64.44,0.53325,42.137100000000004,112.5,0.0001,0.44,0.0,0.0,,,0.0717,0.09085,0.33665,2.575,per 100g,2026-07-01T04:14:10.551444Z,2026-07-01T04:14:10.551444Z,15,0.3182,"{""dg"":"""",""dc"":""""}",cuttlefish chilli sambal sotong,39.17045454545455,USDA_category_mean,0.3544,0.153515625,USDA_category_mean,0.3544,1.0472270588235293,USDA_category_mean,0.3544,72.53030303030303,USDA_category_mean,0.3544,0.284030888030888,USDA_category_mean,0.3544,4.861969111969112,USDA_category_mean,0.3544
myfcd_0224,"STINGRAY, COOKED IN TAMARIND (IKAN PARI MASAK ASAM PEDAS)","stingray, cooked in tamarind (ikan pari masak asam pedas)",MyFCD,https://myfcd.moh.gov.my/myfcdcurrent/index.php/site/detail_product/R223080/0/20/0/0/0,Fish and sea-food dishes,fish and sea-food dishes,69.0167,114.9567,21.6833,2.5833,2.565,4.0667,1.4067,11.9,64.44,0.53325,42.137100000000004,112.5,0.0001,0.44,0.0,0.0,,,0.0717,0.09085,0.33665,2.575,per 100g,2026-07-01T04:14:10.551444Z,2026-07-01T04:14:10.551444Z,15,0.3182,"{""dg"":"""",""dc"":""""}",stingray tamarind ikan pari asam pedas,,not_matched,,,not_matched,,,not_matched,,,not_matched,,,not_matched,,,not_matched,
myfcd_0225,"CABBAGE, FRIED (KOBIS GORENG)","cabbage, fried (kobis goreng)",MyFCD,https://myfcd.moh.gov.my/myfcdcurrent/index.php/site/detail_product/R224014/0/20/0/0/0,Vegetable dishes,vegetable dishes,73.44,159.0967,2.5067,11.6833,10.98,1.3667,0.0233,11.9,64.44,0.53325,42.137100000000004,112.5,0.0001,0.44,0.0,0.0,,,0.0717,0.09085,0.33665,2.575,per 100g,2026-07-01T04:14:10.551444Z,2026-07-01T04:14:10.551444Z,15,0.3182,"{""dg"":"""",""dc"":""""}",cabbage kobis,12.0,USDA_direct_medium,0.5503,3.2,USDA_direct_medium,0.5503,0.034,USDA_direct_medium,0.5503,0.0,USDA_direct_medium,0.5503,0.124,USDA_direct_medium,0.5503,0.0,USDA_direct_medium,0.5503
myfcd_0226,KALE WITH SALTED FISH (KAILAN IKAN MASIN),kale with salted fish (kailan ikan masin),MyFCD,https://myfcd.moh.gov.my/myfcdcurrent/index.php/site/detail_product/R224026/0/20/0/0/0,Vegetable dishes,vegetable dishes,48.9867,287.5267,8.23,20.58,17.3467,4.8,0.0567,11.9,64.44,0.53325,42.137100000000004,112.5,0.0001,0.44,0.0,0.0,,,0.0717,0.09085,0.33665,2.575,per 100g,2026-07-01T04:14:10.551444Z,2026-07-01T04:14:10.551444Z,15,0.3182,"{""dg"":"""",""dc"":""""}",kale fish kailan ikan masin,31.708955223880597,USDA_category_mean,0.3852,3.343490054249548,USDA_category_mean,0.3852,0.2398865153538051,USDA_category_mean,0.3852,0.7215980024968789,USDA_category_mean,0.3852,0.175552070263488,USDA_category_mean,0.3852,0.0075409836065573,USDA_category_mean,0.3852
myfcd_0227,"MIX VEGETABLES, STIR FRIED (SAYUR CAMPUR GORENG)","mix vegetables, stir fried (sayur campur goreng)",MyFCD,https://myfcd.moh.gov.my/myfcdcurrent/index.php/site/detail_product/R224034/0/20/0/0/0,Vegetable dishes,vegetable dishes,66.4667,146.55,4.4,6.39,17.86,4.8533,0.03,11.9,64.44,0.53325,42.137100000000004,112.5,0.0001,0.44,0.0,0.0,,,0.0717,0.09085,0.33665,2.575,per 100g,2026-07-01T04:14:10.551444Z,2026-07-01T04:14:10.551444Z,15,0.3182,"{""dg"":"""",""dc"":""""}",mix vegetables stir sayur campur,31.708955223880597,USDA_category_mean,0.2715,3.343490054249548,USDA_category_mean,0.2715,0.2398865153538051,USDA_category_mean,0.2715,0.7215980024968789,USDA_category_mean,0.2715,0.175552070263488,USDA_category_mean,0.2715,0.0075409836065573,USDA_category_mean,0.2715
myfcd_0228,"SPINACH, (BAYAM MASAK AIR)","spinach, (bayam masak air)",MyFCD,https://myfcd.moh.gov.my/myfcdcurrent/index.php/site/detail_product/R224046/0/20/0/0/0,Vegetable dishes,vegetable dishes,78.99,91.21,3.4567,2.41,13.9233,0.87,0.35,11.9,64.44,0.53325,42.137100000000004,112.5,0.0001,0.44,0.0,0.0,,,0.0717,0.09085,0.33665,2.575,per 100g,2026-07-01T04:14:10.551444Z,2026-07-01T04:14:10.551444Z,15,0.3182,"{""dg"":"""",""dc"":""""}",spinach bayam air,79.0,USDA_direct_medium,0.439,0.42,USDA_direct_medium,0.439,0.063,USDA_direct_medium,0.439,0.0,USDA_direct_medium,0.439,0.195,USDA_direct_medium,0.439,0.0,USDA_direct_medium,0.439
myfcd_0229,"SWAMP CABBAGE, FRIED WITH BELACAN (KANGKUNG GORENG BELACAN)","swamp cabbage, fried with belacan (kangkung goreng belacan)",MyFCD,https://myfcd.moh.gov.my/myfcdcurrent/index.php/site/detail_product/R224048/0/20/0/0/0,Vegetable dishes,vegetable dishes,74.8767,132.2933,3.59,7.9333,11.6333,1.3667,0.6,11.9,64.44,0.53325,42.137100000000004,112.5,0.0001,0.44,0.0,0.0,,,0.0717,0.09085,0.33665,2.575,per 100g,2026-07-01T04:14:10.551444Z,2026-07-01T04:14:10.551444Z,15,0.3182,"{""dg"":"""",""dc"":""""}",swamp cabbage belacan kangkung belacan,31.708955223880597,USDA_category_mean,0.2598,3.343490054249548,USDA_category_mean,0.2598,0.2398865153538051,USDA_category_mean,0.2598,0.7215980024968789,USDA_category_mean,0.2598,0.175552070263488,USDA_category_mean,0.2598,0.0075409836065573,USDA_category_mean,0.2598
myfcd_0230,"TRADITIONAL MALAYSIAN KUIH, SWEET FERMENTED TAPIOCA (TAPAI UBI KAYU)","traditional malaysian kuih, sweet fermented tapioca (tapai ubi kayu)",MyFCD,https://myfcd.moh.gov.my/myfcdcurrent/index.php/site/detail_product/R224049/0/20/0/0/0,Vegetable dishes,vegetable dishes,32.4397,248.5133,0.85,0.2033,60.8167,3.8567,1.83,11.9,64.44,0.53325,42.137100000000004,112.5,0.0001,0.44,0.0,0.0,,,0.0717,0.09085,0.33665,2.575,per 100g,2026-07-01T04:14:10.551444Z,2026-07-01T04:14:10.551444Z,15,0.3182,"{""dg"":"""",""dc"":""""}",traditional malaysian kuih sweet fermented tapioca tapai ubi kayu,,not_matched,,,not_matched,,,not_matched,,,not_matched,,,not_matched,,,not_matched,
myfcd_0231,ROJAK PASTE,rojak paste,MyFCD,https://myfcd.moh.gov.my/myfcdcurrent/index.php/site/detail_product/R225015/0/20/0/0/0,Miscellaneous,miscellaneous,38.105000000000004,222.3533,3.4000000000000004,5.3633,29.9633,3.0944,0.9833,11.9,64.44,0.53325,42.137100000000004,112.5,0.0001,0.44,0.0,0.0,,,0.0717,0.09085,0.33665,2.575,per 100g,2026-07-01T04:14:10.551444Z,2026-07-01T04:14:10.551444Z,22,0.0,"{""dg"":"""",""dc"":""""}",rojak paste,,not_matched,,,not_matched,,,not_matched,,,not_matched,,,not_matched,,,not_matched,
myfcd_0232,"COFFEE, WITH MILK AND SUGAR, FROM MAMAK STALLS","coffee, with milk and sugar, from mamak stalls",MyFCD,https://myfcd.moh.gov.my/myfcdcurrent/index.php/site/detail_product/R225024/0/20/0/0/0,Miscellaneous,miscellaneous,48.123,207.01,0.172,0.0183,51.54,3.0944,0.1477,11.9,64.44,0.53325,42.137100000000004,112.5,0.0001,0.44,0.0,0.0,,,0.0717,0.09085,0.33665,2.575,per 100g,2026-07-01T04:14:10.551444Z,2026-07-01T04:14:10.551444Z,16,0.2727,"{""dg"":"""",""dc"":""""}",coffee milk sugar from mamak stalls,14.29045643153527,USDA_category_mean,0.2671,4.653980099502488,USDA_category_mean,0.2671,1.20485306122449,USDA_category_mean,0.2671,4.821276595744681,USDA_category_mean,0.2671,0.0719829059829059,USDA_category_mean,0.2671,0.287196261682243,USDA_category_mean,0.2671
myfcd_0233,"PEARL MILK TEA (WITH BREWED TEA, MILK, SUGAR SYRUP, TAPIOCA PEARLS), NORMAL SUGAR","pearl milk tea (with brewed tea, milk, sugar syrup, tapioca pearls), normal sugar",MyFCD,https://myfcd.moh.gov.my/myfcdcurrent/index.php/site/detail_product/R237013/0/20/0/0/0,Miscellaneous,miscellaneous,38.105000000000004,222.3533,3.4000000000000004,5.3633,29.9633,3.0944,0.9833,11.9,64.44,0.53325,42.137100000000004,112.5,0.0001,0.44,0.0,0.0,,,0.0717,0.09085,0.33665,2.575,per 100g,2026-07-01T04:14:10.551444Z,2026-07-01T04:14:10.551444Z,22,0.0,"{""dg"":"""",""dc"":""""}",pearl milk tea brewed tea milk sugar syrup tapioca pearls normal sugar,,not_matched,,,not_matched,,,not_matched,,,not_matched,,,not_matched,,,not_matched,
myfcd_0234,"ICE CHOCOLATE BLENDED, WITH WHIPPING CREAM","ice chocolate blended, with whipping cream",MyFCD,https://myfcd.moh.gov.my/myfcdcurrent/index.php/site/detail_product/R237014/0/20/0/0/0,Miscellaneous,miscellaneous,82.55,201.082,0.6767,0.11,49.716,0.2,0.27,11.9,64.44,0.53325,42.137100000000004,112.5,0.0001,0.44,0.0,0.0,,,0.0717,0.09085,0.33665,2.575,per 100g,2026-07-01T04:14:10.551444Z,2026-07-01T04:14:10.551444Z,15,0.3182,"{""dg"":"""",""dc"":""""}",ice chocolate blended whipping cream,,not_matched,,,not_matched,,,not_matched,,,not_matched,,,not_matched,,,not_matched,
