food_id,food_name_original,food_name_normalized,source,source_url,category_original,category_normalized,water_g,energy_kcal,protein_g,fat_g,carbohydrate_g,fiber_g,ash_g,calcium_mg,phosphorus_mg,iron_mg,sodium_mg,potassium_mg,copper_mg,zinc_mg,retinol_mcg,beta_carotene_mcg,carotene_total_mcg,vitamin_a_mcg,vitamin_b1_mg,vitamin_b2_mg,niacin_mg,vitamin_c_mg,edible_portion_percent,unit_basis,scraped_at,cleaned_at,missing_nutrient_count,completeness_score,notes
tkpi_0001,"Beras giling, mentah (Rice, raw)","beras giling, mentah (rice, raw)",TKPI,https://www.panganku.org/id-ID/view,Serealia,serealia,11.254,357.0,8.4,1.7,77.1,0.2,0.8,147.0,81.0,1.8,27.0,71.0,0.1,0.5,0.0,0.0,0.0,,0.2,0.08,2.6,0.0,,per 100g,2026-07-01T04:14:08.471742Z,2026-07-01T04:14:08.471742Z,2,0.913,
tkpi_0002,"Beras giling var pelita, mentah (Rice, raw)","beras giling var pelita, mentah (rice, raw)",TKPI,https://www.panganku.org/id-ID/view,Serealia,serealia,11.482,369.0,9.5,1.4,77.1,0.4,0.6,68.0,171.0,1.4,34.0,0.0,0.0,0.0,0.0,0.0,0.0,,0.26,0.0,0.0,0.0,,per 100g,2026-07-01T04:14:08.471742Z,2026-07-01T04:14:08.471742Z,2,0.913,
tkpi_0003,"Beras giling var rojolele, mentah (Rice. Raw)","beras giling var rojolele, mentah (rice. raw)",TKPI,https://www.panganku.org/id-ID/view,Serealia,serealia,12.0,357.0,8.4,1.7,77.1,0.2,0.8,147.0,81.0,1.8,34.0,112.9,0.14,0.1,0.54,0.0,80.0,,0.2,0.02,1.5,0.0,,per 100g,2026-07-01T04:14:08.471742Z,2026-07-01T04:14:08.471742Z,2,0.913,
tkpi_0004,"Beras hitam, mentah (Rice, raw)","beras hitam, mentah (rice, raw)",TKPI,https://www.panganku.org/id-ID/view,Serealia,serealia,12.9,351.0,8.0,1.3,76.9,20.1,0.9,6.0,198.0,0.1,15.0,105.0,0.1,1.6,0.0,0.0,0.0,,0.21,0.06,0.0,0.0,,per 100g,2026-07-01T04:14:08.471742Z,2026-07-01T04:14:08.471742Z,2,0.913,
tkpi_0005,"Beras jagung kuning, kering, mentah (Corn, yellow","beras jagung kuning, kering, mentah (corn, yellow",TKPI,https://www.panganku.org/id-ID/view,Serealia,serealia,10.8,358.0,5.5,0.1,82.7,10.0,0.9,20.0,90.0,1.4,1.0,80.0,0.1,4.1,242.86,641.0,551.36,,0.12,0.08,1.0,3.0,,per 100g,2026-07-01T04:14:08.471742Z,2026-07-01T04:14:08.471742Z,2,0.913,
tkpi_0006,"Beras jagung putih, kering, mentah (Corn, white, died, crushed, raw)","beras jagung putih, kering, mentah (corn, white, died, crushed, raw)",TKPI,https://www.panganku.org/id-ID/view,Serealia,serealia,22.5,307.0,4.8,0.1,71.8,10.0,0.8,17.0,78.0,1.2,1.0,70.0,0.1,3.5,250.02,301.0,560.76,,0.15,0.07,0.9,0.0,,per 100g,2026-07-01T04:14:08.471742Z,2026-07-01T04:14:08.471742Z,2,0.913,
tkpi_0007,"Beras ketan hitam tumbuk, mentah (Glutinous rice, black, husk,raw)","beras ketan hitam tumbuk, mentah (glutinous rice, black, husk,raw)",TKPI,https://www.panganku.org/id-ID/view,Serealia,serealia,13.7,360.0,8.0,2.3,74.5,1.0,1.5,10.0,347.0,6.2,11.0,288.0,0.28,2.2,0.0,0.0,0.0,,0.24,0.1,2.0,0.0,,per 100g,2026-07-01T04:14:08.471742Z,2026-07-01T04:14:08.471742Z,2,0.913,
tkpi_0008,"Beras ketan putih tumbuk, mentah (Glutinous rice, white, husk,raw)","beras ketan putih tumbuk, mentah (glutinous rice, white, husk,raw)",TKPI,https://www.panganku.org/id-ID/view,Serealia,serealia,12.9,361.0,7.4,0.8,78.4,0.4,0.5,13.0,157.0,3.4,3.0,282.0,0.28,2.2,0.0,0.0,0.0,,0.28,0.0,1.4,0.0,,per 100g,2026-07-01T04:14:08.471742Z,2026-07-01T04:14:08.471742Z,2,0.913,
tkpi_0009,"Beras ladang, mentah (Rice, raw)","beras ladang, mentah (rice, raw)",TKPI,https://www.panganku.org/id-ID/view,Serealia,serealia,9.8,376.0,7.5,3.8,78.0,5.9,0.9,20.0,110.0,0.8,10.0,70.0,0.1,1.4,0.0,0.0,0.53156,,0.2,0.2,5.1,0.0,,per 100g,2026-07-01T04:14:08.471742Z,2026-07-01T04:14:08.471742Z,2,0.913,
tkpi_0010,"Beras menir, mentah (Rice, crushed, raw)","beras menir, mentah (rice, crushed, raw)",TKPI,https://www.panganku.org/id-ID/view,Serealia,serealia,12.0,362.0,7.7,4.4,73.0,0.2,0.2,22.0,272.0,3.7,90.0,201.0,0.1,0.5,0.0,0.0,2.4961599999999997,,0.55,0.0,1.9,0.0,,per 100g,2026-07-01T04:14:08.471742Z,2026-07-01T04:14:08.471742Z,2,0.913,
tkpi_0011,"Beras parboiled (Rice, parboiled)","beras parboiled (rice, parboiled)",TKPI,https://www.panganku.org/id-ID/view,Serealia,serealia,10.0,353.0,6.8,0.6,80.0,0.5,2.5,5.0,142.0,0.8,2.0,46.0,0.28,1.0,0.0,0.0,7.1,,0.22,0.11,3.4,0.0,,per 100g,2026-07-01T04:14:08.471742Z,2026-07-01T04:14:08.471742Z,2,0.913,
tkpi_0012,"Beras tumbuk, mentah (Rice with husk, raw)","beras tumbuk, mentah (rice with husk, raw)",TKPI,https://www.panganku.org/id-ID/view,Serealia,serealia,11.5,354.0,7.8,0.4,79.9,3.8,0.4,3.0,112.0,0.6,5.0,85.0,0.5,1.5,0.0,0.0,10.1,,0.25,0.22,5.1,0.0,,per 100g,2026-07-01T04:14:08.471742Z,2026-07-01T04:14:08.471742Z,2,0.913,
tkpi_0013,"Beras tumbuk merah, mentah (Rice, brown with husk, raw)","beras tumbuk merah, mentah (rice, brown with husk, raw)",TKPI,https://www.panganku.org/id-ID/view,Serealia,serealia,14.6,352.0,7.3,0.9,76.2,0.8,1.0,15.0,257.0,4.2,10.0,202.0,0.36,1.9,0.0,0.0,0.0,,0.34,0.0,3.3,0.0,,per 100g,2026-07-01T04:14:08.471742Z,2026-07-01T04:14:08.471742Z,2,0.913,
tkpi_0014,"Cantel, mentah (Sorghum, raw)","cantel, mentah (sorghum, raw)",TKPI,https://www.panganku.org/id-ID/view,Serealia,serealia,11.0,366.0,11.0,3.3,73.0,1.2,1.7,28.0,287.0,4.4,7.0,249.0,0.3657999999999999,1.6260000000000003,0.0,0.0,0.2,,0.09,0.14,2.8,0.0,,per 100g,2026-07-01T04:14:08.471742Z,2026-07-01T04:14:08.471742Z,2,0.913,
tkpi_0015,"Jagung muda, kuning, mentah (Corn,baby, yellow, raw)","jagung muda, kuning, mentah (corn,baby, yellow, raw)",TKPI,https://www.panganku.org/id-ID/view,Serealia,serealia,61.8,147.0,5.1,0.7,31.5,1.3,0.9,6.0,122.0,1.1,5.0,33.6,0.13,0.9,0.0,113.0,261.0,,0.24,0.1,0.8,9.0,,per 100g,2026-07-01T04:14:08.471742Z,2026-07-01T04:14:08.471742Z,2,0.913,
tkpi_0016,"Jagung kuning pipil, kering, mentah (Corn, yellow, raw)","jagung kuning pipil, kering, mentah (corn, yellow, raw)",TKPI,https://www.panganku.org/id-ID/view,Serealia,serealia,11.5,366.0,9.8,7.3,69.1,2.2,2.4,30.0,538.0,2.3,5.0,79.4,0.1,4.1,452.58,636.0,641.0,,0.12,0.12,1.8,3.0,,per 100g,2026-07-01T04:14:08.471742Z,2026-07-01T04:14:08.471742Z,2,0.913,
tkpi_0017,"Jagung pipil var. harapan, kering (Corn, dried, raw)","jagung pipil var. harapan, kering (corn, dried, raw)",TKPI,https://www.panganku.org/id-ID/view,Serealia,serealia,11.3,367.0,6.2,5.1,76.2,2.6,1.2,7.0,354.0,2.8,1.0,79.6,0.1,4.1,24.06854,637.0,385.0,,0.19,0.08,1.0,0.0,,per 100g,2026-07-01T04:14:08.471742Z,2026-07-01T04:14:08.471742Z,2,0.913,
tkpi_0018,"Jagung pipil var. metro, kering (Corn, dried, raw)","jagung pipil var. metro, kering (corn, dried, raw)",TKPI,https://www.panganku.org/id-ID/view,Serealia,serealia,10.6,368.0,5.5,4.6,78.0,2.9,1.3,7.0,300.0,2.4,1.0,80.2,0.1,4.1,331.96,642.0,554.0,,0.16,0.08,1.0,0.0,,per 100g,2026-07-01T04:14:08.471742Z,2026-07-01T04:14:08.471742Z,2,0.913,
tkpi_0019,"Jali, mentah (Job's tear/adlay, raw)","jali, mentah (jobs tear/adlay, raw)",TKPI,https://www.panganku.org/id-ID/view,Serealia,serealia,23.0,324.0,11.0,4.0,61.0,3.1,1.0,213.0,176.0,11.0,24.0,182.7881,0.1,0.4,0.96,3.41832,1.44094,,0.14,0.08,1.8,0.0,,per 100g,2026-07-01T04:14:08.471742Z,2026-07-01T04:14:08.471742Z,2,0.913,
tkpi_0020,"Jawawut, mentah (Italian millet, raw)","jawawut, mentah (italian millet, raw)",TKPI,https://www.panganku.org/id-ID/view,Serealia,serealia,11.9,364.0,9.7,3.5,73.4,8.2,1.5,28.0,311.0,5.3,7.0,255.1,0.45,1.5,1.42,33.0,25.958519999999993,,0.33,0.28,4.5,0.4,,per 100g,2026-07-01T04:14:08.471742Z,2026-07-01T04:14:08.471742Z,2,0.913,
tkpi_0021,"Jampang huma, mentah (Ragi millet, raw)","jampang huma, mentah (ragi millet, raw)",TKPI,https://www.panganku.org/id-ID/view,Serealia,serealia,11.7,350.0,6.2,1.4,78.2,1.7,2.5,329.0,254.0,5.3,53.0,396.7,0.7,1.6,2.98,33.0,63.05664000000001,,0.51,0.3,0.7,0.0,,per 100g,2026-07-01T04:14:08.471742Z,2026-07-01T04:14:08.471742Z,2,0.913,
tkpi_0022,Nasi,nasi,TKPI,https://www.panganku.org/id-ID/view,Serealia,serealia,56.7,180.0,3.0,0.3,39.8,0.2,0.2,25.0,27.0,0.4,1.0,38.0,0.1,0.6,0.0,0.0,12.9397,,0.05,0.1,2.6,0.0,,per 100g,2026-07-01T04:14:08.471742Z,2026-07-01T04:14:08.471742Z,2,0.913,
tkpi_0023,Nasi tim,nasi tim,TKPI,https://www.panganku.org/id-ID/view,Serealia,serealia,71.0,120.0,2.4,0.4,26.0,0.5,0.2,3.0,7.0,0.4,0.0,23.9,0.1,0.4,0.0,0.0,137.2,,0.1,0.0,1.4,0.0,,per 100g,2026-07-01T04:14:08.471742Z,2026-07-01T04:14:08.471742Z,2,0.913,
tkpi_0024,Tapai beras,tapai beras,TKPI,https://www.panganku.org/id-ID/view,Serealia,serealia,75.5,99.0,1.7,0.3,22.4,0.0,0.1,4.0,19.0,0.0,26.0,2.0,0.1,0.5,0.0,0.0,0.0,,0.0,0.0,0.0,0.0,,per 100g,2026-07-01T04:14:08.471742Z,2026-07-01T04:14:08.471742Z,2,0.913,Nasi yang difermentasi 2-3 hari dengan ragi dibungkus daun pisang
tkpi_0025,"Tepung beras, mentah","tepung beras, mentah",TKPI,https://www.panganku.org/id-ID/view,Serealia,serealia,12.0,353.0,7.0,0.5,80.0,2.4,0.5,5.0,140.0,0.8,5.0,241.0,0.1,0.8,0.0,0.0,0.0,,0.12,0.1,1.2,0.0,,per 100g,2026-07-01T04:14:08.471742Z,2026-07-01T04:14:08.471742Z,2,0.913,
tkpi_0026,Nasi beras merah,nasi beras merah,TKPI,https://www.panganku.org/id-ID/view,Serealia,serealia,64.0,149.0,2.8,0.4,32.5,0.3,0.3,6.0,63.0,0.8,5.0,91.4,0.2,0.9,0.0,0.0,0.0,,0.06,0.0,1.6,0.0,,per 100g,2026-07-01T04:14:08.471742Z,2026-07-01T04:14:08.471742Z,2,0.913,
tkpi_0027,"Bihun, mentah","bihun, mentah",TKPI,https://www.panganku.org/id-ID/view,Serealia,serealia,12.9,348.0,4.7,0.1,82.1,1.2,0.2,6.0,35.0,1.8,12.0,5.0,0.08,0.7,0.0,0.0,0.0,,0.0,0.0,0.2,0.0,,per 100g,2026-07-01T04:14:08.471742Z,2026-07-01T04:14:08.471742Z,2,0.913,
tkpi_0028,Bihun goreng instan,bihun goreng instan,TKPI,https://www.panganku.org/id-ID/view,Serealia,serealia,9.0,381.0,6.1,3.9,80.3,2.8180000000000005,0.7,266.0,151.0,2.9,928.0,333.63646,1.5418599999999996,2.6039999999999996,58.0,236.12,400.0,,0.37,0.4019999999999999,3.0699999999999994,0.0,,per 100g,2026-07-01T04:14:08.471742Z,2026-07-01T04:14:08.471742Z,2,0.913,
tkpi_0029,"Bihun Jagung, mentah","bihun jagung, mentah",TKPI,https://www.panganku.org/id-ID/view,Serealia,serealia,11.3,354.0,0.5,0.3,87.4,3.0,0.5,13.0,111.0,0.6,49.0,1.4,0.4,0.0,0.12,0.0,0.0,,0.02,0.02,0.3,0.0,,per 100g,2026-07-01T04:14:08.471742Z,2026-07-01T04:14:08.471742Z,2,0.913,"Bihun, produk setengah jadi berbahan dasar tepung jagung"
tkpi_0030,Nasi jagung,nasi jagung,TKPI,https://www.panganku.org/id-ID/view,Serealia,serealia,11.0,357.0,8.8,0.5,79.5,6.2,0.3,5.0,43.0,0.6,2.0,30.4,0.1,0.3,0.36,0.0,0.0,,0.3,0.02,0.1,0.0,,per 100g,2026-07-01T04:14:08.471742Z,2026-07-01T04:14:08.471742Z,2,0.913,Nasi yang berasal dari beras berbahan dasar jagung pipil
tkpi_0031,"Jagung muda, rebus","jagung muda, rebus",TKPI,https://www.panganku.org/id-ID/view,Serealia,serealia,53.2,142.0,5.0,0.7,30.3,0.8,0.8,5.0,105.0,0.8,5.0,24.3,0.2,0.9,0.0,145.0,225.0,,0.15,0.0,0.7,0.0,,per 100g,2026-07-01T04:14:08.471742Z,2026-07-01T04:14:08.471742Z,2,0.913,
tkpi_0032,"Jagung kuning, tepung","jagung kuning, tepung",TKPI,https://www.panganku.org/id-ID/view,Serealia,serealia,12.0,355.0,9.2,3.9,73.7,7.2,1.2,10.0,256.0,2.4,11.0,24.4,0.23,1.7,327.14,0.0,510.0,,0.38,0.02,0.3,0.98,,per 100g,2026-07-01T04:14:08.471742Z,2026-07-01T04:14:08.471742Z,2,0.913,
tkpi_0033,"Jagung kuning pipil, rebus","jagung kuning pipil, rebus",TKPI,https://www.panganku.org/id-ID/view,Serealia,serealia,63.7,154.0,3.8,3.5,28.4,0.7,0.6,7.0,171.0,0.5,5.0,56.4,0.1,4.4,0.06386,818.0,234.0,,0.08,0.1,1.7,0.0,,per 100g,2026-07-01T04:14:08.471742Z,2026-07-01T04:14:08.471742Z,2,0.913,
tkpi_0034,Tepung jagung putih,tepung jagung putih,TKPI,https://www.panganku.org/id-ID/view,Serealia,serealia,12.0,355.0,9.2,3.9,73.7,7.2,1.2,10.0,256.0,2.4,11.0,24.4,0.23,1.7,1.72,0.0,0.0,,0.38,0.02,0.3,0.08,,per 100g,2026-07-01T04:14:08.471742Z,2026-07-01T04:14:08.471742Z,2,0.913,
tkpi_0035,Ketupat ketan,ketupat ketan,TKPI,https://www.panganku.org/id-ID/view,Serealia,serealia,52.0,212.0,4.0,4.6,38.6,0.2,0.9,8.0,46.0,1.0,90.17328,130.64274,0.3581999999999999,0.962,0.0,0.0,0.0,,0.07,0.0422,0.2,0.0,,per 100g,2026-07-01T04:14:08.471742Z,2026-07-01T04:14:08.471742Z,2,0.913,
tkpi_0036,"Ketan hitam, matang","ketan hitam, matang",TKPI,https://www.panganku.org/id-ID/view,Serealia,serealia,56.9,181.0,4.0,1.2,37.3,0.3,0.6,9.0,144.0,1.7,9.0,18.4,0.1,0.7,0.0,0.0,0.0,,0.06,0.0,0.5,0.0,,per 100g,2026-07-01T04:14:08.471742Z,2026-07-01T04:14:08.471742Z,2,0.913,
tkpi_0037,Tapai ketan hitam,tapai ketan hitam,TKPI,https://www.panganku.org/id-ID/view,Serealia,serealia,50.2,166.0,3.8,1.0,34.4,0.3,0.6,8.0,106.0,1.6,5.0,12.0,0.3399999999999999,1.3279999999999996,0.0,0.0,0.0,,0.02,0.0837999999999999,1.896,0.0,,per 100g,2026-07-01T04:14:08.471742Z,2026-07-01T04:14:08.471742Z,2,0.913,Ketan hitam matang yang difermentasi 2-3 hari dengan ragi dibungkus daun pisang
tkpi_0038,"Ketan putih, matang","ketan putih, matang",TKPI,https://www.panganku.org/id-ID/view,Serealia,serealia,60.7,163.0,3.0,0.4,35.7,0.2,0.2,4.0,55.0,0.7,8.0,16.8,0.1,0.7,0.0,0.0,0.0,,0.07,0.0,0.5,0.0,,per 100g,2026-07-01T04:14:08.471742Z,2026-07-01T04:14:08.471742Z,2,0.913,
tkpi_0039,Tapai ketan putih,tapai ketan putih,TKPI,https://www.panganku.org/id-ID/view,Serealia,serealia,58.9,172.0,3.0,0.5,37.5,0.6,0.1,6.0,35.0,0.5,1.0,128.11799999999997,2.9494,1.495999999999999,0.0,0.0,0.0,,0.04,0.0,0.2,0.0,,per 100g,2026-07-01T04:14:08.471742Z,2026-07-01T04:14:08.471742Z,2,0.913,Ketan putih matang  yang difermentasi 2-3 hari dengan ragi dibungkus daun pisang
tkpi_0040,"Maizena, tepung","maizena, tepung",TKPI,https://www.panganku.org/id-ID/view,Serealia,serealia,14.0,341.0,0.3,0.0,85.0,7.0,0.7,20.0,30.0,1.5,6.0,9.0,0.22,1.6,0.0,0.0,0.0,,0.0,0.09,1.3,0.0,,per 100g,2026-07-01T04:14:08.471742Z,2026-07-01T04:14:08.471742Z,2,0.913,
tkpi_0041,"Makaroni, mentah","makaroni, mentah",TKPI,https://www.panganku.org/id-ID/view,Serealia,serealia,11.7,353.0,8.7,0.4,78.7,4.9,2.5,20.0,80.0,0.3,5.0,0.0,0.28,1.4,4.1447199999999995,48.34,0.0,,0.1,0.13,2.2,0.0,,per 100g,2026-07-01T04:14:08.471742Z,2026-07-01T04:14:08.471742Z,2,0.913,
tkpi_0042,Mi basah,mi basah,TKPI,https://www.panganku.org/id-ID/view,Serealia,serealia,80.0,88.0,0.6,3.3,14.0,0.1,2.1,14.0,13.0,6.8,63.0,13.5,0.06,0.4,0.04386,0.0,9.3826,,0.0,0.0,0.0,0.0,,per 100g,2026-07-01T04:14:08.471742Z,2026-07-01T04:14:08.471742Z,2,0.913,
tkpi_0043,Mi kering,mi kering,TKPI,https://www.panganku.org/id-ID/view,Serealia,serealia,10.6,339.0,10.0,1.7,6.3,0.4,1.4,31.0,143.0,3.9,760.0,83.0,0.29,1.9,22.46804,27.37038,0.0,,0.0,0.08,2.2,0.0,,per 100g,2026-07-01T04:14:08.471742Z,2026-07-01T04:14:08.471742Z,2,0.913,
tkpi_0044,Misoa,misoa,TKPI,https://www.panganku.org/id-ID/view,Serealia,serealia,10.0,345.0,8.5,2.2,78.0,0.5,1.3,52.0,120.0,8.7,3.064,44.0,0.08,0.0,0.0,0.0,0.0,,0.0,0.02,0.2,0.0,,per 100g,2026-07-01T04:14:08.471742Z,2026-07-01T04:14:08.471742Z,2,0.913,"Seperti mie, bentuk pipih"
tkpi_0045,Roti putih,roti putih,TKPI,https://www.panganku.org/id-ID/view,Serealia,serealia,40.0,248.0,8.0,1.2,50.0,9.1,0.8,10.0,95.0,1.5,530.0,91.0,0.15,0.9,0.0,0.0,0.0,,0.1,0.29,2.4,0.0,,per 100g,2026-07-01T04:14:08.471742Z,2026-07-01T04:14:08.471742Z,2,0.913,
tkpi_0046,Tepung terigu,tepung terigu,TKPI,https://www.panganku.org/id-ID/view,Serealia,serealia,11.8,333.0,9.0,1.0,77.2,0.3,1.0,22.0,150.0,1.3,2.0,0.0,0.0,2.8,0.0,0.0,0.0,,0.1,0.07,1.0,0.0,,per 100g,2026-07-01T04:14:08.471742Z,2026-07-01T04:14:08.471742Z,2,0.913,
tkpi_0047,Amparan tatak,amparan tatak,TKPI,https://www.panganku.org/id-ID/view,Serealia,serealia,58.4,191.0,1.3,5.5,34.0,1.4700000000000002,0.8,58.1,52.26,1.614,41.46,340.4127399999999,0.2914,0.634,0.0,0.28,0.2648,,0.0846,0.064,0.644,1.3,,per 100g,2026-07-01T04:14:08.471742Z,2026-07-01T04:14:08.471742Z,2,0.913,"Seperti kue talam. Berbahan dasar tepung beras, santan, dan pisang"
tkpi_0048,"Apang kukus, kue","apang kukus, kue",TKPI,https://www.panganku.org/id-ID/view,Serealia,serealia,49.5,202.0,3.0,0.3,46.7,3.096000000000001,0.5,54.78,71.32,1.5339999999999998,15.3,200.4933,0.3245999999999999,0.8779999999999998,0.0,0.03434,0.0405,,0.0632,0.0884,0.6240000000000001,4.34,,per 100g,2026-07-01T04:14:08.471742Z,2026-07-01T04:14:08.471742Z,2,0.913,"Seperti kue mangkok. Berbahan dasar tepung beras, santan dan gula merah yang diolah dengan cara di kukus"
tkpi_0049,"Apem, kue","apem, kue",TKPI,https://www.panganku.org/id-ID/view,Serealia,serealia,63.1,148.0,2.0,0.5,33.9,4.0520000000000005,0.5,26.52,33.14,0.88,20.52,375.994,3.677000000000001,0.5559999999999998,0.0,1.49476,3.3551800000000003,,0.1751999999999999,0.0702,0.7559999999999999,9.74,,per 100g,2026-07-01T04:14:08.471742Z,2026-07-01T04:14:08.471742Z,2,0.913,"Seperti kue mangkok. Berbahan dasar tepung beras, santan dan gula merah yang diolah dengan cara di kukus"
tkpi_0050,Biskuit,biskuit,TKPI,https://www.panganku.org/id-ID/view,Serealia,serealia,2.2,458.0,6.9,14.4,75.1,2.1,1.4,62.0,87.0,2.7,241.0,20.3,0.16,0.6,0.0,14.0,44.28134,,0.09,0.15,1.4,0.0,,per 100g,2026-07-01T04:14:08.471742Z,2026-07-01T04:14:08.471742Z,2,0.913,
tkpi_0051,"Bakpia, kue","bakpia, kue",TKPI,https://www.panganku.org/id-ID/view,Serealia,serealia,38.9,272.0,8.7,6.7,44.1,0.9,1.6,194.0,117.0,4.5,637.76,257.31594,0.8106,3.9880000000000018,101.23994,75.089,1.392,,0.31,1.0,2.9,0.0,,per 100g,2026-07-01T04:14:08.471742Z,2026-07-01T04:14:08.471742Z,2,0.913,
tkpi_0052,Bakwan,bakwan,TKPI,https://www.panganku.org/id-ID/view,Serealia,serealia,40.5,280.0,8.2,10.2,39.0,3.4,2.1,204.0,79.0,7.0,85.37984,169.84454000000005,0.4789999999999999,1.4139999999999997,0.0,10.230240000000002,0.0,,0.08,0.147,1.6780000000000006,0.0,,per 100g,2026-07-01T04:14:08.471742Z,2026-07-01T04:14:08.471742Z,2,0.913,Di Jawa Barat disebut bala-bala; di Jawa Timur disebut ote-ote. Berbahan dasar campuran tepung terigu dan sayuran yang diolah dengan cara di goreng
tkpi_0053,Bantal,bantal,TKPI,https://www.panganku.org/id-ID/view,Serealia,serealia,52.3,190.0,3.3,0.3,43.5,3.4,0.6,9.0,0.0,0.4,164.0,84.0,0.2,0.9,205.74,222.16,600.96,,0.27,0.02,3.6,8.84,,per 100g,2026-07-01T04:14:08.471742Z,2026-07-01T04:14:08.471742Z,2,0.913,Jajanan dari ketan dan kacang tolo dibungkus daun kelapa diolah dengan cara dikukus. (Lontong ketan dan kacang)
tkpi_0054,Baruasa,baruasa,TKPI,https://www.panganku.org/id-ID/view,Serealia,serealia,5.3,417.0,6.5,8.2,79.3,1.6119999999999992,0.7,92.68496,160.14,4.668000000000001,77.7483,387.5510200000001,2.0294000000000003,3.2879999999999985,0.97974,61.85697999999999,61.19854,,0.302,0.2283999999999999,1.985999999999999,0.1,,per 100g,2026-07-01T04:14:08.471742Z,2026-07-01T04:14:08.471742Z,2,0.913,"Kue kering berbahan dasar tepung beras, gula pasir, telur, kelapa parut diolah dengan cara dipanggang"
tkpi_0055,Batar daan,batar daan,TKPI,https://www.panganku.org/id-ID/view,Serealia,serealia,75.3,107.0,2.2,2.2,19.6,4.086,0.7,20.0,30.0,0.6,200.0,90.0,0.1,0.372,257.46,235.78,495.16566,,0.18,0.02,0.502,11.08,,per 100g,2026-07-01T04:14:08.471742Z,2026-07-01T04:14:08.471742Z,2,0.913,"Semacam bubur jagung yang dilengkapi dengan campuran daging, kacang tanah, sayuran, dan belimbing"
tkpi_0056,Bika ambon,bika ambon,TKPI,https://www.panganku.org/id-ID/view,Serealia,serealia,51.5,199.0,2.1,1.5,44.4,0.3,0.6,45.0,28.0,1.8,111.14136,203.74993999999995,0.2101999999999999,0.6200000000000001,0.0,191.43666,408.0,,0.1,0.0648,0.0,0.0,,per 100g,2026-07-01T04:14:08.471742Z,2026-07-01T04:14:08.471742Z,2,0.913,"Kue basah berbahan dasar tepung terigu, tepung tapioka, ragi, gula pasir, telur, santan diolah dengan cara dipanggang"
tkpi_0057,Bingka,bingka,TKPI,https://www.panganku.org/id-ID/view,Serealia,serealia,44.4,273.0,5.3,10.6,39.1,1.4979999999999998,0.6,83.34,116.34,2.987999999999999,67.47784,165.55365999999998,0.3636000000000001,1.0659999999999998,0.0,0.02748,0.39964,,0.114,0.1434,1.31,0.14,,per 100g,2026-07-01T04:14:08.471742Z,2026-07-01T04:14:08.471742Z,2,0.913,"Seperti kue lumpur. Berbahan dasar tepung terigu, kentang, telur, santan, gula, garam"
tkpi_0058,Bobengka,bobengka,TKPI,https://www.panganku.org/id-ID/view,Serealia,serealia,46.3,225.0,5.3,2.6,45.2,1.7539999999999991,0.6,65.32,122.96,2.903999999999999,82.86498,167.37475999999998,0.3519999999999998,1.382,0.0,0.0,0.4794,,0.1362,0.1148,1.6519999999999997,0.08,,per 100g,2026-07-01T04:14:08.471742Z,2026-07-01T04:14:08.471742Z,2,0.913,"Berbahan dasar tepung terigu, gula merah/gula kelapa,kenari yang diolah dengan cara dipanggang"
tkpi_0059,Bolu peca,bolu peca,TKPI,https://www.panganku.org/id-ID/view,Serealia,serealia,55.6,197.0,3.3,4.6,35.6,8.895999999999999,0.9,130.3668,0.0,0.0,0.0,0.0,3.0361999999999965,3.1940000000000013,466.48,249.63162,541.0668000000001,,0.7790000000000005,0.0,0.0,0.0,,per 100g,2026-07-01T04:14:08.471742Z,2026-07-01T04:14:08.471742Z,2,0.913,Berbahan dasar tepung terigu atau tepung ketan dengan gula merah yang diolah dengan cara dikukus
tkpi_0060,Brem,brem,TKPI,https://www.panganku.org/id-ID/view,Serealia,serealia,37.4,249.0,3.4,0.4,58.0,0.0,0.9,198.0,86.0,2.0,16.94228,190.30231999999995,0.2105999999999999,0.598,0.0,120.6391,240.0,,0.34,0.0,0.0,0.0,,per 100g,2026-07-01T04:14:08.471742Z,2026-07-01T04:14:08.471742Z,2,0.913,Sari dari fermentasi ketan hitam atau ketan putih
tkpi_0061,Bubur tinotuan (Manado),bubur tinotuan (manado),TKPI,https://www.panganku.org/id-ID/view,Serealia,serealia,80.9,156.0,2.3,0.2,15.6,8.2,1.0,41.0,20.0,0.4,486.0,164.0,0.3,0.4,135.72,1.437,13.262880000000004,,0.1,0.04,0.6340000000000002,15.0,,per 100g,2026-07-01T04:14:08.471742Z,2026-07-01T04:14:08.471742Z,2,0.913,"Bubur berisi beras, singkong, jagung, labu kuning, kangkung, daun gedi, daun leilem, daun kemangi."
tkpi_0062,Cake tape,cake tape,TKPI,https://www.panganku.org/id-ID/view,Serealia,serealia,32.2,323.0,4.9,11.5,50.1,1.4,1.4,131.0,83.0,2.6,399.16246,204.715,0.3069999999999999,0.902,26.0,0.2,1.872,,0.38,0.16,0.3,0.0,,per 100g,2026-07-01T04:14:08.471742Z,2026-07-01T04:14:08.471742Z,2,0.913,
tkpi_0063,Cangkuning,cangkuning,TKPI,https://www.panganku.org/id-ID/view,Serealia,serealia,57.5,204.0,2.8,7.5,31.4,1.29,0.8,66.46,70.4,1.9839999999999995,99.334,193.56674000000004,0.3329999999999999,0.9159999999999998,0.0,0.0,0.04,,0.0781999999999999,0.0496,0.312,0.0,,per 100g,2026-07-01T04:14:08.471742Z,2026-07-01T04:14:08.471742Z,2,0.913,Seperti kue bugis. Berbahan dasar tepung ketan hitam
tkpi_0064,Dodol bali,dodol bali,TKPI,https://www.panganku.org/id-ID/view,Serealia,serealia,26.5,298.0,3.7,2.1,65.9,0.4,1.8,70.0,76.0,2.5,181.48729999999995,113.23914,0.2767999999999999,1.13,0.0,0.0,496.0,,0.28,0.0904,2.5,0.0,,per 100g,2026-07-01T04:14:08.471742Z,2026-07-01T04:14:08.471742Z,2,0.913,"Bahan dasar terdir dari tepung beras ketan, kacang tanah, gula merah, gula pasir, santan, dengan kemasan daun jagung"
tkpi_0065,Dodol galamai,dodol galamai,TKPI,https://www.panganku.org/id-ID/view,Serealia,serealia,16.5,348.0,0.4,3.8,76.1,0.5,1.2,41.0,144.0,2.6,38.0,76.0,0.3,2.1,0.0,0.0,0.0,,0.03,0.06,1.8,0.0,,per 100g,2026-07-01T04:14:08.471742Z,2026-07-01T04:14:08.471742Z,2,0.913,"Bahan dasar terdiri dari Tepung beras ketan, gula, dan santan"
tkpi_0066,Dodol kedondong,dodol kedondong,TKPI,https://www.panganku.org/id-ID/view,Serealia,serealia,26.4,331.0,1.9,7.6,63.8,1.0,0.4,90.0,55.0,2.3,105.60877999999998,116.91808,0.3328000000000001,0.6219999999999999,0.0,188.45332,408.0,,0.11,0.0628,0.8,5.0,,per 100g,2026-07-01T04:14:08.471742Z,2026-07-01T04:14:08.471742Z,2,0.913,"Bahan dasar terdiri dari Tepung beras ketan, gula , santan, kedondong"
tkpi_0067,Dodol manado,dodol manado,TKPI,https://www.panganku.org/id-ID/view,Serealia,serealia,26.1,373.0,4.3,16.5,51.9,0.4,1.2,41.0,142.0,2.4,35.0,72.0,0.3,2.1,0.0,0.0,0.0,,0.04,0.06,2.1,0.0,,per 100g,2026-07-01T04:14:08.471742Z,2026-07-01T04:14:08.471742Z,2,0.913,"Nama lainnya adalah Dodol amuran. Bahan dasar terdiri dari Tepung ketan putih, gula, santan, kenari atau kacang lainnya"
tkpi_0068,Emping beras,emping beras,TKPI,https://www.panganku.org/id-ID/view,Serealia,serealia,13.6,403.0,10.6,2.2,85.3,0.2,1.9,11.0,240.0,0.3,1.0,113.0,0.3,2.4,5.16676,6.135840000000001,0.0,,0.0,0.16,2.1660000000000004,0.0,,per 100g,2026-07-01T04:14:08.471742Z,2026-07-01T04:14:08.471742Z,2,0.913,Beras disangrai kemudian ditumbuk dengan alu di dalam lesung kayu. Makanan ini dihidangkan dengan cara digoreng dicampur kelapa dan gula merah
tkpi_0069,Gemblong,gemblong,TKPI,https://www.panganku.org/id-ID/view,Serealia,serealia,36.2,274.0,1.7,5.4,55.5,2.2,1.2,69.0,55.0,3.3,58.067820000000005,162.84089999999998,0.3919999999999999,0.7060000000000001,0.0,0.0,0.0,,0.0,0.0538,0.5540000000000002,0.0,,per 100g,2026-07-01T04:14:08.471742Z,2026-07-01T04:14:08.471742Z,2,0.913,"Bahan dasar terdiri dari beras ketan, kelapa, gula merah"
tkpi_0070,Gendar goreng,gendar goreng,TKPI,https://www.panganku.org/id-ID/view,Serealia,serealia,30.4,407.0,6.4,28.2,32.0,0.1,3.0,216.0,62.0,1.6,131.31708,249.19078,0.3873999999999999,1.1979999999999995,0.0,91.8,184.0,,0.16,0.0,0.6,0.0,,per 100g,2026-07-01T04:14:08.471742Z,2026-07-01T04:14:08.471742Z,2,0.913,Kerupuk dari nasi/beras
tkpi_0071,Intip goreng,intip goreng,TKPI,https://www.panganku.org/id-ID/view,Serealia,serealia,6.5,474.0,7.6,21.6,62.3,1.2,2.0,36.0,64.0,2.5,0.0,38.0,0.05,0.5,2.51232,0.0,200.0,,0.25,0.03,0.8,0.0,,per 100g,2026-07-01T04:14:08.471742Z,2026-07-01T04:14:08.471742Z,2,0.913,Nasi kering dengan gula merah
tkpi_0072,Jagung gerontol,jagung gerontol,TKPI,https://www.panganku.org/id-ID/view,Serealia,serealia,61.7,156.0,2.7,1.3,33.3,1.0,0.8,51.0,105.0,1.2,94.60456,192.07,0.2238,0.5520000000000002,0.0,94.5,162.0,,0.08,0.0,0.0,0.0,,per 100g,2026-07-01T04:14:08.471742Z,2026-07-01T04:14:08.471742Z,2,0.913,"Pipil jagung kering direbus disajikan dengan kelapa parut, gula pasir, dan garam"
tkpi_0073,Jagung titi,jagung titi,TKPI,https://www.panganku.org/id-ID/view,Serealia,serealia,9.2,374.0,9.4,2.2,79.1,0.8,0.1,14.0,142.0,2.9,42.21254000000001,252.23985999999996,9.0,3.705999999999998,0.42,0.418,11.507,,0.2,0.1398,3.623999999999999,0.12,,per 100g,2026-07-01T04:14:08.471742Z,2026-07-01T04:14:08.471742Z,2,0.913,Jagung pipil disangrai kemudian dipipihkan
tkpi_0074,Japilus,japilus,TKPI,https://www.panganku.org/id-ID/view,Serealia,serealia,3.8,500.0,1.2,25.1,67.3,0.4,2.7,186.0,29.0,4.9,61.94954,237.8267400000001,5.7181999999999995,1.38,0.0,1.52752,0.0,,0.17,0.03,0.4,0.0,,per 100g,2026-07-01T04:14:08.471742Z,2026-07-01T04:14:08.471742Z,2,0.913,
tkpi_0075,Kakicak,kakicak,TKPI,https://www.panganku.org/id-ID/view,Serealia,serealia,43.9,296.0,3.4,15.1,36.7,1.082,0.9,144.54,65.94,2.2699999999999996,387.6324,190.1456,0.3079999999999999,1.148,30.02,66.85524000000001,132.80984,,0.2326,0.0897999999999999,0.6180000000000001,0.12,,per 100g,2026-07-01T04:14:08.471742Z,2026-07-01T04:14:08.471742Z,2,0.913,"nama lain hintakungkaruang, seperti candil berbahan dasar tepung ketan, terigu dan gula merah"
tkpi_0076,Kambose,kambose,TKPI,https://www.panganku.org/id-ID/view,Serealia,serealia,61.5,164.0,3.0,2.4,32.6,4.3,0.7,16.0,36.0,0.7,0.0,32.0,0.1,1.6,0.0,256.0,357.53832,,0.1,0.1,0.4,3.8,,per 100g,2026-07-01T04:14:08.471742Z,2026-07-01T04:14:08.471742Z,2,0.913,Jagung pipil direbus
tkpi_0077,Kapusa,kapusa,TKPI,https://www.panganku.org/id-ID/view,Serealia,serealia,63.5,158.0,4.4,3.2,27.8,5.3,1.0,79.0,115.0,1.2,104.0,149.0,0.5,1.1,0.0,1.374,1.98984,,0.06,0.05,0.1,0.0,,per 100g,2026-07-01T04:14:08.471742Z,2026-07-01T04:14:08.471742Z,2,0.913,Jagung pipil direbus dengan santan bersama kacang merah
tkpi_0078,Keddo bodong,keddo bodong,TKPI,https://www.panganku.org/id-ID/view,Serealia,serealia,33.9,290.0,4.6,5.7,55.2,2.174,0.6,220.96,89.38,3.612,345.20844,224.72061999999997,0.3895999999999999,1.4920000000000004,71.73152,140.07047999999998,279.48479999999995,,0.8424,0.1543999999999999,1.156,0.06,,per 100g,2026-07-01T04:14:08.471742Z,2026-07-01T04:14:08.471742Z,2,0.913,
tkpi_0079,"Kelepon, kue","kelepon, kue",TKPI,https://www.panganku.org/id-ID/view,Serealia,serealia,49.6,215.0,3.7,3.7,41.8,1.0,1.2,232.0,45.0,3.3,171.78502,64.94835999999998,0.3469999999999998,2.1120000000000005,0.0,300.26,872.0,,0.09,0.07,0.2,0.0,,per 100g,2026-07-01T04:14:08.471742Z,2026-07-01T04:14:08.471742Z,2,0.913,"Bahan dasar terdiri dari Tepung beras/ketan, parutan kelapa, gula merah (bentuk bulat hijau isi cairan gula merah)"
tkpi_0080,Kereput,kereput,TKPI,https://www.panganku.org/id-ID/view,Serealia,serealia,3.5,580.0,4.8,39.6,51.1,2.396,1.0,151.28,164.56,4.8,55.18356,419.0000800000001,0.8742000000000002,1.8519999999999996,0.12,9.79632,4.663480000000002,,0.2098,0.3699999999999999,1.398,0.0,,per 100g,2026-07-01T04:14:08.471742Z,2026-07-01T04:14:08.471742Z,2,0.913,
tkpi_0081,Ketoprak,ketoprak,TKPI,https://www.panganku.org/id-ID/view,Serealia,serealia,69.1,153.0,7.9,7.7,13.0,2.9,2.6,153.0,134.0,3.4,104.08939999999998,207.80272,0.3766,1.386,3.0,239.36,435.0,,0.05,0.1492,0.994,0.0,,per 100g,2026-07-01T04:14:08.471742Z,2026-07-01T04:14:08.471742Z,2,0.913,"Bahan utama ketupat, tahu goreng, bihun dan tauge yang diseduh, saus kacang"
tkpi_0082,Ketupat kandangan,ketupat kandangan,TKPI,https://www.panganku.org/id-ID/view,Serealia,serealia,78.5,109.0,2.2,5.2,13.4,4.194,0.7,92.62,46.6,1.4719999999999995,41.50526,200.974,0.2345999999999999,0.7280000000000001,0.0,2.03122,11.59218,,0.1219999999999999,0.1,0.72,14.54,,per 100g,2026-07-01T04:14:08.471742Z,2026-07-01T04:14:08.471742Z,2,0.913,Ketupat dengan kuah santan dan ayam
tkpi_0083,Koya,koya,TKPI,https://www.panganku.org/id-ID/view,Serealia,serealia,13.2,366.0,4.2,4.3,77.5,0.8,0.8,153.0,222.0,7.0,75.977,197.47116000000003,0.4005999999999999,1.8499999999999996,0.0,9.91368,1.13818,,0.1462,0.1729999999999999,1.7859999999999996,0.0,,per 100g,2026-07-01T04:14:08.471742Z,2026-07-01T04:14:08.471742Z,2,0.913,Kue kering.  Bahan dasar terdiri dari kacang kedelai sangrai diihaluskan dan dicampur  gula halus kemudian dipanggang.
tkpi_0084,Koya mirasa,koya mirasa,TKPI,https://www.panganku.org/id-ID/view,Serealia,serealia,7.2,370.0,8.0,1.0,82.2,0.4,1.6,83.0,110.0,17.0,47.26456,350.16085999999996,1.4836599999999995,2.7859999999999996,3.0,57.53764,144.0,,0.19,0.45,2.6,0.0,,per 100g,2026-07-01T04:14:08.471742Z,2026-07-01T04:14:08.471742Z,2,0.913,
tkpi_0085,Koyabu,koyabu,TKPI,https://www.panganku.org/id-ID/view,Serealia,serealia,44.2,241.0,3.4,4.3,47.2,1.3959999999999997,0.9,43.1,72.06,1.756,98.057,86.22644,0.3877999999999999,0.7480000000000001,0.0,0.18,0.11584,,0.092,0.0682,0.4399999999999999,0.0,,per 100g,2026-07-01T04:14:08.471742Z,2026-07-01T04:14:08.471742Z,2,0.913,"Bahan dasar : tepung ketan putih, kelapa, dan gula merah. Dibungkus dengan daun pandan segitiga dan dikukus"
tkpi_0086,Kue ali,kue ali,TKPI,https://www.panganku.org/id-ID/view,Serealia,serealia,12.8,440.0,3.8,18.5,64.5,0.3,0.4,27.0,47.0,2.5,89.23368,101.1066,0.6818,1.5099999999999991,0.0,0.26116,0.0,,0.13,0.09,0.0,0.0,,per 100g,2026-07-01T04:14:08.471742Z,2026-07-01T04:14:08.471742Z,2,0.913,Bentuk seperti donat kecil (kue cincin). Bahan dasar terdiri dari tepung beras dan gula merah
tkpi_0087,Kue bangen,kue bangen,TKPI,https://www.panganku.org/id-ID/view,Serealia,serealia,5.6,442.0,3.3,14.7,74.2,1.96,2.2,126.78,97.36,4.4719999999999995,422.22,311.47416,0.7294000000000003,1.4480000000000004,40.91564,0.63976,1.2891799999999998,,0.3355999999999999,0.15,0.9359999999999996,0.0,,per 100g,2026-07-01T04:14:08.471742Z,2026-07-01T04:14:08.471742Z,2,0.913,
tkpi_0088,Kue gelang,kue gelang,TKPI,https://www.panganku.org/id-ID/view,Serealia,serealia,7.1,448.0,5.8,16.1,70.0,1.2639999999999998,1.0,183.26,145.82,3.678000000000001,403.26492,294.82795999999996,0.505,2.02,42.91206,0.7228,21.40652,,0.2592,0.2542,2.2100000000000004,0.08,,per 100g,2026-07-01T04:14:08.471742Z,2026-07-01T04:14:08.471742Z,2,0.913,"Bahan dasar terdiri dari Terigu, kacang tanah, gula jawa, santan, kuning telur, bentuk seperti donat"
tkpi_0089,Kue jahe,kue jahe,TKPI,https://www.panganku.org/id-ID/view,Serealia,serealia,3.7,425.0,1.6,8.8,84.6,1.2,1.3,155.0,61.0,4.0,78.94826,213.29992000000004,0.3471999999999999,0.8099999999999997,0.86,0.7444,0.0,,0.2,0.0562,0.532,0.0,,per 100g,2026-07-01T04:14:08.471742Z,2026-07-01T04:14:08.471742Z,2,0.913,"Kukis dari terigu, gula merah, jahe"
tkpi_0090,Kue kelapa,kue kelapa,TKPI,https://www.panganku.org/id-ID/view,Serealia,serealia,3.3,591.0,5.6,42.1,47.5,2.232,1.5,32.0,180.0,1.6,33.0,443.0,0.5,1.1,0.84,9.13632,6.831800000000002,,0.1747999999999999,0.1721999999999999,2.619999999999999,0.1,,per 100g,2026-07-01T04:14:08.471742Z,2026-07-01T04:14:08.471742Z,2,0.913,"Kue kering berbahan dasar kelapa parut sangrai dicampur telur, gula halus, mentega dan terigu kemudian dipanggang"
tkpi_0091,Kue koa,kue koa,TKPI,https://www.panganku.org/id-ID/view,Serealia,serealia,14.5,340.0,4.8,0.4,79.3,5.242000000000001,1.0,94.16,138.02,5.9719999999999995,13.3219,251.87128000000013,0.5559999999999998,1.2280000000000002,0.06,1.35838,22.46738,,0.1735999999999999,0.1609999999999999,2.394,1.62,,per 100g,2026-07-01T04:14:08.471742Z,2026-07-01T04:14:08.471742Z,2,0.913,
tkpi_0092,Kue ku temu,kue ku temu,TKPI,https://www.panganku.org/id-ID/view,Serealia,serealia,46.2,214.0,3.5,0.2,49.6,3.842000000000001,0.5,108.5,92.74,2.801999999999999,15.06,259.77032,0.2939999999999999,0.6719999999999999,0.0,3.27252,3.36274,,0.1031999999999999,0.0805999999999999,0.9180000000000004,5.98,,per 100g,2026-07-01T04:14:08.471742Z,2026-07-01T04:14:08.471742Z,2,0.913,"Kue basah. Bahan dasar kue: tepung ketan, gula halus, dan pewarna merah. Bahan isi kue: kacang hijau kupas dan gula halus. Diolah dengan cara dikukus"
tkpi_0093,Kue lumpur,kue lumpur,TKPI,https://www.panganku.org/id-ID/view,Serealia,serealia,40.1,291.0,3.6,11.1,44.1,1.5579999999999998,1.1,96.0,60.0,2.3,221.55436,154.27936,0.209,0.8320000000000002,20.0,116.1119,400.0,,0.24,0.0905999999999999,0.7620000000000001,0.22,,per 100g,2026-07-01T04:14:08.471742Z,2026-07-01T04:14:08.471742Z,2,0.913,"Bahan dasar terdiri dari Terigu, kentang,  telur, santan diolah dengan cara panggang"
tkpi_0094,Kue pelita,kue pelita,TKPI,https://www.panganku.org/id-ID/view,Serealia,serealia,71.0,141.0,5.3,5.5,17.6,4.9399999999999995,0.6,154.24,99.22,2.0359999999999987,60.79878000000001,235.95346,0.3286000000000002,1.2920000000000005,0.2,2.1670800000000003,10.185940000000002,,0.142,0.1497999999999999,1.332,11.52,,per 100g,2026-07-01T04:14:08.471742Z,2026-07-01T04:14:08.471742Z,2,0.913,"Bahan dasar terdiri dari Tepung beras, nangka, santan, dan garam seperti talam"
tkpi_0095,Kue putu cangkir,kue putu cangkir,TKPI,https://www.panganku.org/id-ID/view,Serealia,serealia,32.6,304.0,5.3,7.0,54.9,0.9,0.2,18.0,193.0,4.0,76.92104,128.51074,0.4464000000000001,1.5739999999999998,0.0,0.0,0.0,,0.06,0.0739999999999999,2.324,0.0,,per 100g,2026-07-01T04:14:08.471742Z,2026-07-01T04:14:08.471742Z,2,0.913,"Bahan dasar terdiri dari Tepung beras, kelapa, gula merah"
tkpi_0096,Kue sus,kue sus,TKPI,https://www.panganku.org/id-ID/view,Serealia,serealia,56.6,221.0,7.5,10.2,24.8,0.732,0.9,105.0,85.0,2.5,387.00246,202.64868,0.3137999999999999,1.392,26.0,0.4503799999999999,1.3,,0.12,0.1468,1.3140000000000005,0.0,,per 100g,2026-07-01T04:14:08.471742Z,2026-07-01T04:14:08.471742Z,2,0.913,
tkpi_0097,Kue timphan,kue timphan,TKPI,https://www.panganku.org/id-ID/view,Serealia,serealia,43.0,247.0,2.9,4.2,49.5,2.486,0.4,16.0,107.0,1.8,95.0,56.0,1.3,0.8,0.0,0.02748,0.04416,,0.17,0.0438,0.652,0.36,,per 100g,2026-07-01T04:14:08.471742Z,2026-07-01T04:14:08.471742Z,2,0.913,"Bahan dasar : tepung ketan,santan, isi angka/unti,dll. Dibungkus dengan daun pisang memanjang dan dikukus"
tkpi_0098,Laksa/Putu mayang,laksa/putu mayang,TKPI,https://www.panganku.org/id-ID/view,Serealia,serealia,73.2,121.0,1.7,3.4,21.1,3.884,0.6,22.88,35.82,0.956,31.17328,260.72860000000003,0.1434,0.5359999999999998,0.0,4.110040000000001,6.3615600000000025,,0.1121999999999999,0.0622,0.538,12.7,,per 100g,2026-07-01T04:14:08.471742Z,2026-07-01T04:14:08.471742Z,2,0.913,
tkpi_0099,Lapis legit,lapis legit,TKPI,https://www.panganku.org/id-ID/view,Serealia,serealia,21.3,389.0,6.6,15.7,55.5,0.5,0.9,16.0,136.0,1.9,306.16024,171.08874000000003,0.3688,1.186,41.0,0.6784600000000001,1.032,,0.26,0.09,3.0,0.0,,per 100g,2026-07-01T04:14:08.471742Z,2026-07-01T04:14:08.471742Z,2,0.913,"Nama lainnya adalah Spekkoek. Sejenis kue berbahan dasar tepung terigu, kuning telur, gula, dan mentega atau margarin. Umumnya berwarna kuning dan coklat."
tkpi_0100,Lupis ketan,lupis ketan,TKPI,https://www.panganku.org/id-ID/view,Serealia,serealia,61.0,164.0,1.8,2.1,34.5,0.7,0.6,119.0,31.0,1.5,93.07014,251.4408999999999,0.3444,0.5039999999999999,0.0,0.03156,0.0,,0.09,0.0,0.2,0.0,,per 100g,2026-07-01T04:14:08.471742Z,2026-07-01T04:14:08.471742Z,2,0.913,"Bahan dasar terdiri dari Ketan, gula jawa, kelapa"
tkpi_0101,Manan samin,manan samin,TKPI,https://www.panganku.org/id-ID/view,Serealia,serealia,27.1,379.0,3.4,18.1,50.6,1.382,0.8,61.68,77.84,2.5759999999999996,56.993680000000005,108.36166,0.4244,1.0659999999999998,0.0,0.0,0.02,,0.0955999999999999,0.0474,0.5539999999999999,0.2,,per 100g,2026-07-01T04:14:08.471742Z,2026-07-01T04:14:08.471742Z,2,0.913,Bolu ubi
tkpi_0102,Martabak india,martabak india,TKPI,https://www.panganku.org/id-ID/view,Serealia,serealia,65.8,153.0,4.5,4.2,24.3,1.4139999999999997,1.2,14.0,108.0,2.4,240.0,112.0,0.4,0.5,29.22,168.49523999999997,301.0615,,0.1768,0.0902,1.1860000000000002,1.1,,per 100g,2026-07-01T04:14:08.471742Z,2026-07-01T04:14:08.471742Z,2,0.913,"Martabak telur, kuah kari"
tkpi_0103,Martabak mesir,martabak mesir,TKPI,https://www.panganku.org/id-ID/view,Serealia,serealia,40.2,278.0,5.1,8.6,45.0,1.6639999999999997,1.1,49.0,168.0,3.4,193.0,123.0,0.2,0.9,12.56962,0.18,23.482340000000004,,0.1485999999999999,0.1159999999999999,1.24,0.1,,per 100g,2026-07-01T04:14:08.471742Z,2026-07-01T04:14:08.471742Z,2,0.913,Martabak telur
tkpi_0104,Masekat,masekat,TKPI,https://www.panganku.org/id-ID/view,Serealia,serealia,15.6,369.0,2.1,7.0,74.1,4.0,0.8,17.0,52.0,0.8,141.0,12.0,0.4,0.3,155.0,243.108,566.3189600000001,,0.2031999999999999,0.0631999999999999,1.046,1.34,,per 100g,2026-07-01T04:14:08.471742Z,2026-07-01T04:14:08.471742Z,2,0.913,"Meuseukat./ seperti dodol. Bahan dasar terdiri dari gula, tepung terigu, anans, jeruk peras, mentega."
tkpi_0105,Mie aceh rebus,mie aceh rebus,TKPI,https://www.panganku.org/id-ID/view,Serealia,serealia,74.6,113.0,3.0,3.2,18.1,1.7160000000000004,1.1,22.0,44.0,1.4,191.0,36.0,0.2,0.3,0.0,0.0,34.392739999999996,,0.0,0.0,0.0,0.0,,per 100g,2026-07-01T04:14:08.471742Z,2026-07-01T04:14:08.471742Z,2,0.913,"Sama dengan mie rebus, tapi berempah (bumbu aceh)"
tkpi_0106,Mie ayam,mie ayam,TKPI,https://www.panganku.org/id-ID/view,Serealia,serealia,78.6,102.0,6.2,3.9,10.5,0.8340000000000002,0.8,262.0,51.0,1.8,279.0,265.6859999999999,0.2073999999999999,0.8019999999999997,39.0,106.3,166.0,,0.85,0.1096,0.0,0.0,,per 100g,2026-07-01T04:14:08.471742Z,2026-07-01T04:14:08.471742Z,2,0.913,
tkpi_0107,Mie bakso,mie bakso,TKPI,https://www.panganku.org/id-ID/view,Serealia,serealia,74.5,114.0,5.3,3.0,16.4,0.1,0.8,286.0,53.0,1.9,760.0,238.95799999999997,0.2477999999999999,0.99,17.0,156.67524,180.0,,0.16,0.0983999999999999,1.2840000000000005,0.0,,per 100g,2026-07-01T04:14:08.471742Z,2026-07-01T04:14:08.471742Z,2,0.913,
tkpi_0108,Mie celon,mie celon,TKPI,https://www.panganku.org/id-ID/view,Serealia,serealia,75.9,102.0,3.0,2.1,17.8,2.1500000000000004,1.2,12.0,84.0,1.4,451.0,112.0,0.1,0.5,0.0,0.0,14.785559999999997,,0.0,0.0,0.0,0.0,,per 100g,2026-07-01T04:14:08.471742Z,2026-07-01T04:14:08.471742Z,2,0.913,
tkpi_0109,Mie pangsit basah,mie pangsit basah,TKPI,https://www.panganku.org/id-ID/view,Serealia,serealia,79.2,105.0,5.9,4.9,9.4,1.0920000000000003,0.7,208.0,48.0,2.0,530.0,172.2945,0.2451999999999999,1.1000000000000003,25.0,311.7,620.0,,0.46,0.1455999999999999,1.858,0.0,,per 100g,2026-07-01T04:14:08.471742Z,2026-07-01T04:14:08.471742Z,2,0.913,Mie ayam dengan pangsit basah
tkpi_0110,Nasi gemuk,nasi gemuk,TKPI,https://www.panganku.org/id-ID/view,Serealia,serealia,61.4,192.0,3.8,8.8,24.4,0.7,1.6,15.0,74.0,1.0,355.0,63.0,0.2,1.4,0.0,0.0,14.68964,,0.19,0.05,2.0,0.0,,per 100g,2026-07-01T04:14:08.471742Z,2026-07-01T04:14:08.471742Z,2,0.913,Nasi berbumbu mirip nasi uduk (beras dan santan)
tkpi_0111,Nasi gurih,nasi gurih,TKPI,https://www.panganku.org/id-ID/view,Serealia,serealia,60.5,190.0,4.7,7.5,26.0,0.7,1.3,12.0,62.0,0.8,296.0,52.0,0.2,1.2,0.0,0.0,14.65512,,0.11,0.06,2.1,0.0,,per 100g,2026-07-01T04:14:08.471742Z,2026-07-01T04:14:08.471742Z,2,0.913,Beras yang dimasak dengan santan
tkpi_0112,Nasi minyak,nasi minyak,TKPI,https://www.panganku.org/id-ID/view,Serealia,serealia,53.3,207.0,3.5,5.0,37.1,0.8,1.1,26.0,100.0,1.5,74.0,174.0,0.2,2.2,0.0,0.0,20.1802,,0.14,0.07,2.6,0.0,,per 100g,2026-07-01T04:14:08.471742Z,2026-07-01T04:14:08.471742Z,2,0.913,Palembang: Nasi dengan minyak samin. Jambi: nasi minyak dimakan dengan kuah kari
tkpi_0113,Nasi rames,nasi rames,TKPI,https://www.panganku.org/id-ID/view,Serealia,serealia,65.8,155.0,10.3,4.2,19.1,5.041999999999998,0.6,239.0,62.0,1.8,265.0,277.46196,1.0332,2.4260000000000006,96.0,4.7290399999999995,3.14,,0.59,0.0,1.2700000000000002,7.72,,per 100g,2026-07-01T04:14:08.471742Z,2026-07-01T04:14:08.471742Z,2,0.913,Nasi lengkap dengan sayur dan lauknya
tkpi_0114,Nopia spesial,nopia spesial,TKPI,https://www.panganku.org/id-ID/view,Serealia,serealia,11.5,387.0,5.3,7.6,74.3,0.3,1.3,903.0,133.0,4.2,505.56,189.09028,0.5488000000000001,1.2900000000000005,79.12,296.98,512.0,,0.17,0.2683999999999999,1.3460000000000003,0.0,,per 100g,2026-07-01T04:14:08.471742Z,2026-07-01T04:14:08.471742Z,2,0.913,Kue kering. Bahan dasar terdiri dari Tepung terigu dibentuk bulat diisi gula merah dan dipanggang
tkpi_0115,Onde-onde,onde-onde,TKPI,https://www.panganku.org/id-ID/view,Serealia,serealia,27.7,336.0,4.0,9.8,57.9,1.3019999999999998,0.6,47.32,91.66,2.008,70.69368,95.93804000000002,0.4199999999999999,1.1880000000000002,0.0,0.0,0.0253399999999999,,0.0722,0.065,0.72,0.1,,per 100g,2026-07-01T04:14:08.471742Z,2026-07-01T04:14:08.471742Z,2,0.913,"Kue dari tepung ketan, tepung beras, gula pasir, garam, dibentuk bulat diisi kacang hijau, gula pasir, di lumuri biji wijen, dan digoreng"
tkpi_0116,Padamaran,padamaran,TKPI,https://www.panganku.org/id-ID/view,Serealia,serealia,67.6,171.0,3.9,8.9,18.8,0.732,0.8,151.04,82.8,2.4359999999999986,375.34246,229.39199999999997,0.3122,1.168,34.52,0.4756399999999999,1.4149999999999998,,0.1638,0.1366,0.6200000000000001,0.14,,per 100g,2026-07-01T04:14:08.471742Z,2026-07-01T04:14:08.471742Z,2,0.913,"Kue basah berbahan dasar tepung beras, santan, gula merah, air daun suji, dikukus dalam daun pisang"
tkpi_0117,Pastel,pastel,TKPI,https://www.panganku.org/id-ID/view,Serealia,serealia,38.3,307.0,4.5,13.3,42.4,1.3319999999999996,1.5,296.0,53.0,2.5,83.55894,141.81549999999996,0.3792,1.5760000000000003,0.0,0.14748,5.36,,0.15,0.1752,1.7860000000000005,0.0,,per 100g,2026-07-01T04:14:08.471742Z,2026-07-01T04:14:08.471742Z,2,0.913,"Kue dengan kulit tepung terigu, diisi sayuran atau soun atau ayam, dan digoreng. Di Makasar dikenal dengan Jalangkote"
tkpi_0118,Pulut,pulut,TKPI,https://www.panganku.org/id-ID/view,Serealia,serealia,49.1,216.0,2.6,3.1,44.4,2.096,0.8,6.0,70.0,3.8,100.0,22.0,0.4,1.3,0.0,0.0,0.2695,,0.14,0.0953999999999999,1.26,0.16,,per 100g,2026-07-01T04:14:08.471742Z,2026-07-01T04:14:08.471742Z,2,0.913,Bahan dasar terdiri dari Beras ketan putih dengan santan dimasak dengan cara dikukus
tkpi_0119,Pundut nasi,pundut nasi,TKPI,https://www.panganku.org/id-ID/view,Serealia,serealia,77.8,104.0,1.9,4.1,15.1,0.4,1.1,26.0,100.0,1.5,74.0,174.0,0.0,0.0,0.78,3.2862600000000004,17.03832,,0.0866,0.073,0.8320000000000003,2.86,,per 100g,2026-07-01T04:14:08.471742Z,2026-07-01T04:14:08.471742Z,2,0.913,"Nasi yang dimasak dengan santan dan kelapa parut, sedikit gula pasir"
tkpi_0120,Putri hijau,putri hijau,TKPI,https://www.panganku.org/id-ID/view,Serealia,serealia,54.8,189.0,5.4,2.1,37.2,1.4419999999999993,0.5,77.66,129.36,3.0660000000000003,85.42456,259.98142,0.3796,1.274,0.72,0.08244,0.8787,,0.1284,0.1077999999999999,1.2560000000000002,0.18,,per 100g,2026-07-01T04:14:08.471742Z,2026-07-01T04:14:08.471742Z,2,0.913,"Kue basah. Bahan dasar terdiri dari beras ketan putih, santan. Bahan lapisan: telur, gula pasir dan santan. Dikukus"
tkpi_0121,Putri selat,putri selat,TKPI,https://www.panganku.org/id-ID/view,Serealia,serealia,66.6,163.0,2.2,6.5,23.8,3.2840000000000007,0.9,72.0,3.0,4.0,6.0,68.0,8.2278,1.6860000000000008,0.0,0.0,33.80106,,1.4791999999999994,0.1493999999999999,1.064,3.04,,per 100g,2026-07-01T04:14:08.471742Z,2026-07-01T04:14:08.471742Z,2,0.913,"Kue berbahan dasar tepung beras dan sagu, santan, gula pasir, dikukus seperti kue lapis/talam dengan tampilan berwarna-warni"
tkpi_0122,Putu sopa,putu sopa,TKPI,https://www.panganku.org/id-ID/view,Serealia,serealia,50.7,215.0,3.3,4.1,41.1,2.2099999999999995,0.8,50.48,71.2,2.1979999999999995,54.16,141.5047,0.441,0.898,0.0,0.0,0.92,,0.0934,0.0572,0.5120000000000001,0.68,,per 100g,2026-07-01T04:14:08.471742Z,2026-07-01T04:14:08.471742Z,2,0.913,"(Putu soppa). Bahan dasar terdiri dari Beras ketan, tepung beras diolah dengan cara dikukus dan  diberi kelapa parut"
tkpi_0123,Renggi goreng,renggi goreng,TKPI,https://www.panganku.org/id-ID/view,Serealia,serealia,8.8,471.0,4.7,21.8,64.1,6.4,0.6,4.0,80.0,1.1,126.0,29.0,0.9,1.3,0.0,0.0,0.0,,0.53,0.05,8.2,0.0,,per 100g,2026-07-01T04:14:08.471742Z,2026-07-01T04:14:08.471742Z,2,0.913,"Kerupuk ketan. Nama lain rengginang. Bahan dasar terdiri dari nasi ketan dibentuk bulat tipis yang dikukus, lalu dijemur, dan setelah itu digoreng"
tkpi_0124,Roti boong,roti boong,TKPI,https://www.panganku.org/id-ID/view,Serealia,serealia,34.0,341.0,5.5,16.2,43.3,2.366000000000001,1.0,15.0,65.0,1.1,161.0,41.0,0.2995999999999999,0.9,28.95422,0.77334,45.099799999999995,,0.4,0.3,2.4,0.0,,per 100g,2026-07-01T04:14:08.471742Z,2026-07-01T04:14:08.471742Z,2,0.913,"Kue seperti donat berbetuk bulat lonjong dengan proses digoreng berbahan dasar tepung terigu, gula pasir, telur ayam, mentega ,air soda dan ragi"
tkpi_0125,Roti warna sawo matang,roti warna sawo matang,TKPI,https://www.panganku.org/id-ID/view,Serealia,serealia,40.0,249.0,7.9,1.5,49.7,2.522,0.9,20.0,140.0,2.5,500.0,91.0,0.3637999999999999,1.484,0.0,0.0,0.0,,0.15,0.1934,1.9400000000000004,0.0,,per 100g,2026-07-01T04:14:08.471742Z,2026-07-01T04:14:08.471742Z,2,0.913,
tkpi_0126,Sarimuka,sarimuka,TKPI,https://www.panganku.org/id-ID/view,Serealia,serealia,61.5,166.0,2.3,2.8,32.9,5.826000000000001,0.5,36.0,13.0,2.0,3.0,34.0,0.0,0.0,165.6,308.9457,612.4,,0.2381999999999999,0.1161999999999999,0.8720000000000002,9.48,,per 100g,2026-07-01T04:14:08.471742Z,2026-07-01T04:14:08.471742Z,2,0.913,"Kue basah. Bahan dasar terdiri dari beras ketan, gula merah, gula pasir, santan, telur ayam diolah dengan cara dikukus"
tkpi_0127,Spaghetti,spaghetti,TKPI,https://www.panganku.org/id-ID/view,Serealia,serealia,66.1,139.0,7.4,2.1,22.6,1.13,2.1,109.0,53.0,4.7,423.90302,148.74394,0.3355999999999999,1.44,42.0,343.98,940.0,,0.35,0.16,1.888,0.0,,per 100g,2026-07-01T04:14:08.471742Z,2026-07-01T04:14:08.471742Z,2,0.913,Salah satu jenis pasta.  Berbentuk panjang seperti lidi berbahan dasar terigu dan air.
tkpi_0128,Srikaya ketan,srikaya ketan,TKPI,https://www.panganku.org/id-ID/view,Serealia,serealia,41.0,265.0,2.7,6.4,49.1,1.3559999999999997,0.8,46.96,69.58,1.6740000000000002,84.9728,91.90081999999995,0.3359999999999999,0.838,0.0,0.06182,0.05744,,0.0877999999999999,0.0528,0.364,0.0,,per 100g,2026-07-01T04:14:08.471742Z,2026-07-01T04:14:08.471742Z,2,0.913,"Nama lainnya adalah srikaya pulut. Kue kue basah terdiri dari 2 lapisan. Lapisan bawah: Beras ketan dan santan.  Lapisan atas srikaya: telur ayam, terigu, gula pasir, dan santan. Diolah dengan cara dikukus"
tkpi_0129,Sunduk lawang,sunduk lawang,TKPI,https://www.panganku.org/id-ID/view,Serealia,serealia,63.4,181.0,1.9,1.3,32.4,1.6939999999999995,1.0,51.68,60.22,1.8839999999999997,46.76,292.10674,0.2403999999999999,0.6800000000000003,0.0,0.0,0.8,,0.0742,0.0504,0.6140000000000001,0.22,,per 100g,2026-07-01T04:14:08.471742Z,2026-07-01T04:14:08.471742Z,2,0.913,"Kue basah berbahan dasar tepung beras, kanji, gula merah, santan dibungkus daun pisang. Diolah dengan cara dikukus"
tkpi_0130,Suwir-suwir,suwir-suwir,TKPI,https://www.panganku.org/id-ID/view,Serealia,serealia,13.4,347.0,0.5,0.9,84.2,0.8,1.0,42.0,40.0,4.3,19.38,121.30722,0.1944,1.4519999999999995,1.0,217.72,240.0,,0.13,0.11,0.9,0.0,,per 100g,2026-07-01T04:14:08.471742Z,2026-07-01T04:14:08.471742Z,2,0.913,
tkpi_0131,Tipa-tipa,tipa-tipa,TKPI,https://www.panganku.org/id-ID/view,Serealia,serealia,11.3,355.0,6.2,1.2,79.8,1.3,1.5,17.0,328.0,1.6,66.84,180.689,0.4177999999999999,1.4580000000000004,0.0,0.0,0.0,,0.26,0.04,1.5,0.0,,per 100g,2026-07-01T04:14:08.471742Z,2026-07-01T04:14:08.471742Z,2,0.913,Seperti emping beras. Bahan dasar terdiri dari beras dari padi muda disangrai lalu ditumbuk kemudian ditambah kelapa parut dan gula putih
tkpi_0132,Wajit camilan,wajit camilan,TKPI,https://www.panganku.org/id-ID/view,Serealia,serealia,27.1,303.0,6.3,2.7,63.3,6.9,0.6,61.0,302.0,5.5,76.30836000000001,208.56806000000003,0.7345999999999999,2.704,0.0,0.06748,0.0,,0.03,0.2013999999999999,1.935999999999999,0.0,,per 100g,2026-07-01T04:14:08.471742Z,2026-07-01T04:14:08.471742Z,2,0.913,"Seperti dodol. Bahan dasar terdiri dari Tepung ketan, gula merah, kelapa dibungkus kulit jagung berbentuk segitiga"
tkpi_0133,Widaran,widaran,TKPI,https://www.panganku.org/id-ID/view,Serealia,serealia,7.0,424.0,1.3,10.7,80.7,0.2,0.3,49.0,88.0,2.5,650.14,267.84572000000003,2.4688,2.5839999999999996,21.0,260.77332,440.0,,0.13,0.2,2.2,0.0,,per 100g,2026-07-01T04:14:08.471742Z,2026-07-01T04:14:08.471742Z,2,0.913,"Kue kering dengan rasa manis dan gurih. Bahan dasar terdiri dari  tepung ketan putih, santan, dan telur ayam.  Untuk jenis manis  ditambah gula. Diolah dengan cara digoreng"
tkpi_0134,Wingko babat,wingko babat,TKPI,https://www.panganku.org/id-ID/view,Serealia,serealia,29.7,355.0,3.2,15.1,51.4,2.4,0.7,47.0,63.0,1.1,76.36,70.33074,0.2927999999999999,0.8040000000000004,0.0,0.07936,0.0,,0.08,0.08,0.0,0.0,,per 100g,2026-07-01T04:14:08.471742Z,2026-07-01T04:14:08.471742Z,2,0.913,"Kue basah berBahan dasar terdiri dari tepung ketan , gula pasir, tepung kanji, santan, parutan kelapa muda. Diolah dengan cara dipanggang"
tkpi_0135,Yangko,yangko,TKPI,https://www.panganku.org/id-ID/view,Serealia,serealia,37.4,254.0,3.0,1.1,58.1,0.8,0.4,184.0,24.0,2.6,29.06,155.73492,5.0786,0.984,0.0,41.28,96.0,,0.15,0.0582,0.0,0.0,,per 100g,2026-07-01T04:14:08.471742Z,2026-07-01T04:14:08.471742Z,2,0.913,"Bahan dasar terdiri dari Tepung ketan, tepung maizena, santan, pewarna makanan. Bahan isi: kacang tanah, gula pasir. Diolah dengan cara dikukus lalu dibalut tepung gula. Berbentuk kotak dan kenyal"
tkpi_0136,"Arrowroot, segar (Arrowroot, fresh)","arrowroot, segar (arrowroot, fresh)",TKPI,https://www.panganku.org/id-ID/view,Umbi Berpati,umbi berpati,73.5,102.0,1.0,0.2,24.1,1.7,1.2,28.0,35.0,1.7,36.0,626.6,0.2,0.8,0.0,15.0,0.0,,0.06,0.1,2.3,2.0,,per 100g,2026-07-01T04:14:08.471742Z,2026-07-01T04:14:08.471742Z,2,0.913,
tkpi_0137,"Batatas gembili, segar (Lesser yam, fresh)","batatas gembili, segar (lesser yam, fresh)",TKPI,https://www.panganku.org/id-ID/view,Umbi Berpati,umbi berpati,76.7,76.0,1.1,0.9,16.0,4.2,0.7,0.0,40.0,0.2,10.0,200.0,0.2,0.3,0.0,0.0,0.0,,0.06,0.0,0.9,0.0,,per 100g,2026-07-01T04:14:08.471742Z,2026-07-01T04:14:08.471742Z,2,0.913,
tkpi_0138,"Batatas kelapa, ubi, segar","batatas kelapa, ubi, segar",TKPI,https://www.panganku.org/id-ID/view,Umbi Berpati,umbi berpati,76.1,89.0,1.1,0.1,21.0,4.0,0.7,0.0,40.0,0.2,20.0,340.0,0.1,0.2,0.0,0.0,0.0,,0.38,0.0,0.9,0.0,,per 100g,2026-07-01T04:14:08.471742Z,2026-07-01T04:14:08.471742Z,2,0.913,
tkpi_0139,"Belitung, talas, segar (Taro, belitung, steamed)","belitung, talas, segar (taro, belitung, steamed)",TKPI,https://www.panganku.org/id-ID/view,Umbi Berpati,umbi berpati,63.1,145.0,1.2,0.4,34.2,1.5,1.1,26.0,54.0,1.4,6.0,536.1,0.2,0.9,0.0,0.0,0.0,,0.1,0.1,2.3,2.0,,per 100g,2026-07-01T04:14:08.471742Z,2026-07-01T04:14:08.471742Z,2,0.913,
tkpi_0140,"Bengkuang, segar (Yam bean, fresh)","bengkuang, segar (yam bean, fresh)",TKPI,https://www.panganku.org/id-ID/view,Umbi Berpati,umbi berpati,85.1,59.0,1.4,0.2,12.8,1.0,0.5,15.0,18.0,0.6,2.0,244.3,0.1,0.3,0.0,0.0,10.339500000000005,,0.04,0.1,0.2,20.0,,per 100g,2026-07-01T04:14:08.471742Z,2026-07-01T04:14:08.471742Z,2,0.913,
tkpi_0141,"Bentul (Komba),  talas, segar (Taro, bentul, fresh)","bentul (komba), talas, segar (taro, bentul, fresh)",TKPI,https://www.panganku.org/id-ID/view,Umbi Berpati,umbi berpati,75.8,98.0,1.6,0.7,20.9,0.7,1.8,44.0,66.0,1.5,12.22,195.5,0.2,0.6,0.0,0.0,0.0,,0.02,0.1,0.8,0.0,,per 100g,2026-07-01T04:14:08.471742Z,2026-07-01T04:14:08.471742Z,2,0.913,
tkpi_0142,"Gadeng/Gadung, kering (Asiatic bitter yam, fresh)","gadeng/gadung, kering (asiatic bitter yam, fresh)",TKPI,https://www.panganku.org/id-ID/view,Umbi Berpati,umbi berpati,20.2,322.0,2.4,0.6,76.6,5.214000000000001,0.2,39.0,22.0,2.2,5.0,2.0,0.5,0.2,0.0,0.0,0.0,,0.45,0.02,1.0,0.0,,per 100g,2026-07-01T04:14:08.471742Z,2026-07-01T04:14:08.471742Z,2,0.913,
tkpi_0143,"Gadung, ubi, segar (Asiatic bitter yam, fresh)","gadung, ubi, segar (asiatic bitter yam, fresh)",TKPI,https://www.panganku.org/id-ID/view,Umbi Berpati,umbi berpati,74.4,100.0,0.9,0.3,23.5,2.1,0.9,79.0,66.0,0.9,8.0,687.2,0.2,0.2,0.0,0.0,0.0,,0.23,0.0,0.5,2.0,,per 100g,2026-07-01T04:14:08.471742Z,2026-07-01T04:14:08.471742Z,2,0.913,
tkpi_0144,"Ganyong, segar (Canna, fresh)","ganyong, segar (canna, fresh)",TKPI,https://www.panganku.org/id-ID/view,Umbi Berpati,umbi berpati,79.9,77.0,0.6,0.2,18.4,0.8,0.9,15.0,67.0,1.0,17.04,366.64200000000005,3.5909999999999984,0.3519999999999998,0.0,0.0,0.0,,0.1,0.0372,0.6059999999999999,9.0,,per 100g,2026-07-01T04:14:08.471742Z,2026-07-01T04:14:08.471742Z,2,0.913,
tkpi_0145,"Gembili, ubi, segar (Lesser yam, fresh)","gembili, ubi, segar (lesser yam, fresh)",TKPI,https://www.panganku.org/id-ID/view,Umbi Berpati,umbi berpati,66.4,131.0,1.1,0.2,31.3,1.1,1.0,14.0,56.0,0.6,10.0,200.0,0.2,0.3,0.0,0.0,0.0,,0.08,0.0,0.9,4.0,,per 100g,2026-07-01T04:14:08.471742Z,2026-07-01T04:14:08.471742Z,2,0.913,
tkpi_0146,"Hofa/Ubi hutan, segar","hofa/ubi hutan, segar",TKPI,https://www.panganku.org/id-ID/view,Umbi Berpati,umbi berpati,67.9,127.0,1.2,0.5,29.5,3.4,0.9,30.0,8.0,0.7,3.0,4.0,0.1,0.2,0.0,0.0,0.0,,0.3,0.05,0.6,0.0,,per 100g,2026-07-01T04:14:08.471742Z,2026-07-01T04:14:08.471742Z,2,0.913,
tkpi_0147,"Kaburan, ubi, segar (Lesser yam, fresh)","kaburan, ubi, segar (lesser yam, fresh)",TKPI,https://www.panganku.org/id-ID/view,Umbi Berpati,umbi berpati,66.5,133.0,1.0,0.2,32.2,0.7,0.5,65.0,50.0,0.6,10.0,899.2,0.2,0.2,0.0,0.0,0.0,,0.01,0.0,0.3,0.0,,per 100g,2026-07-01T04:14:08.471742Z,2026-07-01T04:14:08.471742Z,2,0.913,
tkpi_0148,"Kentang, segar (Yam, fresh)","kentang, segar (yam, fresh)",TKPI,https://www.panganku.org/id-ID/view,Umbi Berpati,umbi berpati,83.4,62.0,2.1,0.2,13.5,0.5,0.8,63.0,58.0,0.7,7.0,396.0,0.4,0.3,0.0,0.0,0.0,,0.09,0.1,1.0,21.0,,per 100g,2026-07-01T04:14:08.471742Z,2026-07-01T04:14:08.471742Z,2,0.913,
tkpi_0149,"Kentang hitam, segar (Madagascar potato, fresh)","kentang hitam, segar (madagascar potato, fresh)",TKPI,https://www.panganku.org/id-ID/view,Umbi Berpati,umbi berpati,64.0,142.0,0.9,0.4,33.7,5.4,1.0,34.0,75.0,0.2,22.0,890.3,0.9,0.6,0.0,0.0,5.3157,,0.02,0.1,2.2,38.0,,per 100g,2026-07-01T04:14:08.471742Z,2026-07-01T04:14:08.471742Z,2,0.913,
tkpi_0150,"Keribang, ubi, segar","keribang, ubi, segar",TKPI,https://www.panganku.org/id-ID/view,Umbi Berpati,umbi berpati,67.0,137.0,1.3,1.1,29.8,0.6,0.8,45.0,56.0,0.8,10.0,885.8,0.2,0.3,0.0,0.0,0.0,,0.0,0.0,0.7,0.0,,per 100g,2026-07-01T04:14:08.471742Z,2026-07-01T04:14:08.471742Z,2,0.913,
tkpi_0151,"Ketela pohon/ singkong, segar (Cassava, fresh)","ketela pohon/ singkong, segar (cassava, fresh)",TKPI,https://www.panganku.org/id-ID/view,Umbi Berpati,umbi berpati,61.4,154.0,1.0,0.3,36.8,0.9,0.5,77.0,24.0,1.1,2.0,394.0,0.3,0.4,0.0,0.0,0.0,,0.06,0.1,0.5,31.0,,per 100g,2026-07-01T04:14:08.471742Z,2026-07-01T04:14:08.471742Z,2,0.913,
tkpi_0152,Lepok/Ubi rumput,lepok/ubi rumput,TKPI,https://www.panganku.org/id-ID/view,Umbi Berpati,umbi berpati,55.3,181.0,2.8,1.2,39.8,10.7,0.9,7.0,50.0,3.1,116.0,306.0,1.6,0.9,0.0,0.0,0.0,,0.28,0.05,1.5,0.0,,per 100g,2026-07-01T04:14:08.471742Z,2026-07-01T04:14:08.471742Z,2,0.913,
tkpi_0153,"Sagu aren, kering (Sugar palm, dried)","sagu aren, kering (sugar palm, dried)",TKPI,https://www.panganku.org/id-ID/view,Umbi Berpati,umbi berpati,11.9,355.0,0.6,1.1,85.6,0.3,0.8,91.0,167.0,2.2,2.0,200.0,0.0,0.3,0.12,135.4244,0.0,,0.04,0.1,0.5,0.0,,per 100g,2026-07-01T04:14:08.471742Z,2026-07-01T04:14:08.471742Z,2,0.913,
tkpi_0154,"Sagu aren, segar (Sugar palm, fresh)","sagu aren, segar (sugar palm, fresh)",TKPI,https://www.panganku.org/id-ID/view,Umbi Berpati,umbi berpati,42.5,231.0,0.6,0.2,56.6,3.2,0.1,20.0,20.0,0.1,7.0,0.0,0.1,0.1,0.0,23.08,0.0,,0.2,0.0,0.0,0.0,,per 100g,2026-07-01T04:14:08.471742Z,2026-07-01T04:14:08.471742Z,2,0.913,
tkpi_0155,"Sagu kasbi segar (Cassava  starch, fresh)","sagu kasbi segar (cassava starch, fresh)",TKPI,https://www.panganku.org/id-ID/view,Umbi Berpati,umbi berpati,42.5,230.0,0.6,0.2,56.5,3.0,0.2,20.0,1.0,0.3,100.0,410.0,0.1,0.2,0.0,0.0,0.0,,0.1,0.0,0.0,0.0,,per 100g,2026-07-01T04:14:08.471742Z,2026-07-01T04:14:08.471742Z,2,0.913,
tkpi_0156,Sagu lempeng (Sago palm),sagu lempeng (sago palm),TKPI,https://www.panganku.org/id-ID/view,Umbi Berpati,umbi berpati,13.5,347.0,0.9,0.3,85.2,4.7,0.1,30.0,30.0,0.2,11.0,0.0,0.1,0.1,0.0,0.0,9.66,,0.3,0.0,0.0,0.0,,per 100g,2026-07-01T04:14:08.471742Z,2026-07-01T04:14:08.471742Z,2,0.913,
tkpi_0157,"Sagu singkong, kering (Cassava, starch, dried)","sagu singkong, kering (cassava, starch, dried)",TKPI,https://www.panganku.org/id-ID/view,Umbi Berpati,umbi berpati,12.0,362.0,0.5,0.3,86.9,9.472,0.3,0.0,0.0,0.0,30.56,243.56113999999997,22.5424,2.254,0.22,0.0,0.0,,0.0,0.2199999999999999,5.061999999999997,0.0,,per 100g,2026-07-01T04:14:08.471742Z,2026-07-01T04:14:08.471742Z,2,0.913,
tkpi_0158,"Sente, talas, segar (Giant taro, fresh)","sente, talas, segar (giant taro, fresh)",TKPI,https://www.panganku.org/id-ID/view,Umbi Berpati,umbi berpati,14.0,353.0,0.7,0.2,84.7,6.6,0.4,11.0,13.0,1.5,30.0,694.6,0.6,2.2,360.1,41.0,505.34592,,0.05,0.2,2.8,5.0,,per 100g,2026-07-01T04:14:08.471742Z,2026-07-01T04:14:08.471742Z,2,0.913,
tkpi_0159,"Suweg, talas, segar (Elephant yam)","suweg, talas, segar (elephant yam)",TKPI,https://www.panganku.org/id-ID/view,Umbi Berpati,umbi berpati,80.1,74.0,1.4,0.1,17.2,1.4,1.2,42.0,46.0,1.3,7.0,400.0,0.1,0.1,0.0,24.0,254.0,,0.04,0.0,0.4,2.0,,per 100g,2026-07-01T04:14:08.471742Z,2026-07-01T04:14:08.471742Z,2,0.913,
tkpi_0160,"Talas bogor, segar (Taro, bogor, fresh)","talas bogor, segar (taro, bogor, fresh)",TKPI,https://www.panganku.org/id-ID/view,Umbi Berpati,umbi berpati,72.4,108.0,1.4,0.4,25.0,0.9,0.8,47.0,67.0,0.7,10.0,448.0,0.2,0.7,0.0,0.0,0.0,,0.06,0.07,1.0,4.0,,per 100g,2026-07-01T04:14:08.471742Z,2026-07-01T04:14:08.471742Z,2,0.913,
tkpi_0161,"Talas pontianak, segar (Taro, pontianak, fresh)","talas pontianak, segar (taro, pontianak, fresh)",TKPI,https://www.panganku.org/id-ID/view,Umbi Berpati,umbi berpati,60.0,163.0,2.3,0.5,36.4,0.7,0.9,45.0,80.0,1.7,14.0,323.1,0.3,1.0,0.0,0.0,0.0,,0.02,0.1,1.3,3.18,,per 100g,2026-07-01T04:14:08.471742Z,2026-07-01T04:14:08.471742Z,2,0.913,
tkpi_0162,"Talas viqueque, segar","talas viqueque, segar",TKPI,https://www.panganku.org/id-ID/view,Umbi Berpati,umbi berpati,70.6,115.0,1.8,0.5,25.9,8.6,1.2,50.0,220.0,0.9,1.0,70.0,0.3,1.0,0.0,0.0,0.0,,0.08,0.1,0.9,12.92,,per 100g,2026-07-01T04:14:08.471742Z,2026-07-01T04:14:08.471742Z,2,0.913,
tkpi_0163,"Ubi jalar, kuning, segar (Sweet potato, yellowish, fresh)","ubi jalar, kuning, segar (sweet potato, yellowish, fresh)",TKPI,https://www.panganku.org/id-ID/view,Umbi Berpati,umbi berpati,72.6,119.0,0.5,0.4,25.1,4.2,1.0,30.0,40.0,0.4,3.0,1.0,0.1,0.2,0.0,794.0,4.948,,0.06,0.07,0.7,21.0,,per 100g,2026-07-01T04:14:08.471742Z,2026-07-01T04:14:08.471742Z,2,0.913,
tkpi_0164,"Ubi jalar manis, segar (Cassava starch, fresh)","ubi jalar manis, segar (cassava starch, fresh)",TKPI,https://www.panganku.org/id-ID/view,Umbi Berpati,umbi berpati,78.4,83.0,1.5,0.2,18.8,0.6,1.1,27.0,162.0,2.1,52.0,320.7,0.1,0.3,0.0,0.0,0.0,,0.02,0.0,0.4,0.0,,per 100g,2026-07-01T04:14:08.471742Z,2026-07-01T04:14:08.471742Z,2,0.913,
tkpi_0165,"Ubi jalar merah, segar (Sweet potato, redish, fresh)","ubi jalar merah, segar (sweet potato, redish, fresh)",TKPI,https://www.panganku.org/id-ID/view,Umbi Berpati,umbi berpati,61.9,151.0,1.6,0.3,35.4,0.7,0.6,29.0,74.0,0.7,92.0,565.6,0.3,0.5,0.0,0.0,1.208,,0.13,0.08,0.7,11.0,,per 100g,2026-07-01T04:14:08.471742Z,2026-07-01T04:14:08.471742Z,2,0.913,
tkpi_0166,"Ubi jalar putih, segar (Sweet potato, whitish, fresh)","ubi jalar putih, segar (sweet potato, whitish, fresh)",TKPI,https://www.panganku.org/id-ID/view,Umbi Berpati,umbi berpati,77.8,88.0,0.4,0.4,20.6,4.0,0.8,30.0,10.0,0.5,2.0,4.0,0.1,0.2,0.0,13.0,264.0,,0.25,0.06,0.5,36.0,,per 100g,2026-07-01T04:14:08.471742Z,2026-07-01T04:14:08.471742Z,2,0.913,
tkpi_0167,Ubi jalar tinta/ kemayung,ubi jalar tinta/ kemayung,TKPI,https://www.panganku.org/id-ID/view,Umbi Berpati,umbi berpati,72.5,108.0,0.5,0.4,25.6,4.2,1.0,30.0,40.0,0.5,1.0,1.0,0.1,0.2,0.0,13.0,0.0,,0.09,0.06,0.6,24.0,,per 100g,2026-07-01T04:14:08.471742Z,2026-07-01T04:14:08.471742Z,2,0.913,
tkpi_0168,"Umbi Uwi, segar","umbi uwi, segar",TKPI,https://www.panganku.org/id-ID/view,Umbi Berpati,umbi berpati,69.7,120.0,2.8,0.5,82.3,2.6,0.9,9.0,42.0,1.3,12.0,412.0,0.3,0.6,2.48,0.0,0.0,,0.02,0.5,0.2,4.0,,per 100g,2026-07-01T04:14:08.471742Z,2026-07-01T04:14:08.471742Z,2,0.913,
tkpi_0169,"Batatas kelapa, ubi, bakar","batatas kelapa, ubi, bakar",TKPI,https://www.panganku.org/id-ID/view,Umbi Berpati,umbi berpati,73.2,110.0,1.4,1.1,23.4,4.5,0.7,1.0,46.0,0.2,12.0,230.0,0.2,0.3,0.0,0.0,0.0,,1.13,0.0,0.0,0.0,,per 100g,2026-07-01T04:14:08.471742Z,2026-07-01T04:14:08.471742Z,2,0.913,
tkpi_0170,"Batatas kelapa, ubi, kukus","batatas kelapa, ubi, kukus",TKPI,https://www.panganku.org/id-ID/view,Umbi Berpati,umbi berpati,75.7,92.0,1.2,0.3,21.0,4.1,1.8,0.0,42.0,0.2,10.0,209.0,0.2,0.3,0.0,0.0,0.0,,0.28,0.0,0.7,0.0,,per 100g,2026-07-01T04:14:08.471742Z,2026-07-01T04:14:08.471742Z,2,0.913,
tkpi_0171,"Batatas tali, ubi, rebus","batatas tali, ubi, rebus",TKPI,https://www.panganku.org/id-ID/view,Umbi Berpati,umbi berpati,53.2,182.0,2.4,0.4,42.2,9.2,1.8,1.0,80.0,0.3,20.0,402.0,0.3,0.6,0.0,0.0,0.0,,0.27,0.0,1.3,0.0,,per 100g,2026-07-01T04:14:08.471742Z,2026-07-01T04:14:08.471742Z,2,0.913,
tkpi_0172,"Belitung, talas, kukus","belitung, talas, kukus",TKPI,https://www.panganku.org/id-ID/view,Umbi Berpati,umbi berpati,63.1,145.0,1.2,0.4,34.2,1.0,1.1,21.0,48.0,0.9,7.0,552.6,0.2,0.9,0.0,0.0,0.0,,0.08,0.1,2.3,1.0,,per 100g,2026-07-01T04:14:08.471742Z,2026-07-01T04:14:08.471742Z,2,0.913,
tkpi_0173,"Bentul, talas, kukus","bentul, talas, kukus",TKPI,https://www.panganku.org/id-ID/view,Umbi Berpati,umbi berpati,81.1,71.0,2.3,0.3,15.4,0.5,0.9,29.0,26.0,0.6,17.72,201.0,0.2,0.6,0.0,0.0,0.0,,0.06,0.0,0.0,21.0,,per 100g,2026-07-01T04:14:08.471742Z,2026-07-01T04:14:08.471742Z,2,0.913,
tkpi_0174,"Gadung, ubi, kukus","gadung, ubi, kukus",TKPI,https://www.panganku.org/id-ID/view,Umbi Berpati,umbi berpati,77.4,88.0,0.6,0.3,20.9,0.9,0.8,26.0,47.0,0.4,6.0,584.0,0.2,0.2,0.0,0.0,0.0,,0.03,0.0,0.4,0.0,,per 100g,2026-07-01T04:14:08.471742Z,2026-07-01T04:14:08.471742Z,2,0.913,
tkpi_0175,"Ganyong, rebus","ganyong, rebus",TKPI,https://www.panganku.org/id-ID/view,Umbi Berpati,umbi berpati,74.1,100.0,0.8,0.2,23.8,0.9,1.1,15.0,65.0,0.9,18.5,391.402,0.1642,0.408,0.0,0.0,0.0,,0.04,0.0606,0.628,6.0,,per 100g,2026-07-01T04:14:08.471742Z,2026-07-01T04:14:08.471742Z,2,0.913,
tkpi_0176,Ketela pohon/singkong kukus,ketela pohon/singkong kukus,TKPI,https://www.panganku.org/id-ID/view,Umbi Berpati,umbi berpati,61.5,153.0,1.2,0.3,36.4,1.3,0.6,56.0,22.0,0.4,2.0,345.3,0.3,0.1,0.0,0.0,0.0,,0.0,0.0,0.3,20.0,,per 100g,2026-07-01T04:14:08.471742Z,2026-07-01T04:14:08.471742Z,2,0.913,
tkpi_0177,"Suweg, talas, kukus","suweg, talas, kukus",TKPI,https://www.panganku.org/id-ID/view,Umbi Berpati,umbi berpati,75.5,93.0,1.5,0.1,21.9,0.9,1.0,50.0,58.0,0.8,6.0,350.3,0.1,0.1,0.0,0.0,283.0,,0.09,0.0,0.3,0.0,,per 100g,2026-07-01T04:14:08.471742Z,2026-07-01T04:14:08.471742Z,2,0.913,
tkpi_0178,"Talas bogor, kukus","talas bogor, kukus",TKPI,https://www.panganku.org/id-ID/view,Umbi Berpati,umbi berpati,69.2,120.0,1.5,0.3,28.2,0.7,0.8,31.0,63.0,0.7,11.0,498.0,0.2,0.6,0.0,0.0,0.0,,0.05,0.6,0.8,2.0,,per 100g,2026-07-01T04:14:08.471742Z,2026-07-01T04:14:08.471742Z,2,0.913,
tkpi_0179,"Ubi jalar, kuning, kukus","ubi jalar, kuning, kukus",TKPI,https://www.panganku.org/id-ID/view,Umbi Berpati,umbi berpati,74.2,100.0,0.7,0.3,23.8,1.0,1.0,44.0,46.0,0.4,3.0,0.8,0.1,0.2,0.0,819.0,4.427,,0.0,0.1,0.6,16.0,,per 100g,2026-07-01T04:14:08.471742Z,2026-07-01T04:14:08.471742Z,2,0.913,
tkpi_0180,Ubi jalar tinta/ kemayung kukus,ubi jalar tinta/ kemayung kukus,TKPI,https://www.panganku.org/id-ID/view,Umbi Berpati,umbi berpati,58.5,165.0,0.9,0.2,39.8,1.1,0.6,20.0,23.0,0.8,1.0,0.9,0.1,0.2,0.0,0.0,0.0,,0.02,0.1,0.5,0.0,,per 100g,2026-07-01T04:14:08.471742Z,2026-07-01T04:14:08.471742Z,2,0.913,
tkpi_0181,Bagea kelapa asin,bagea kelapa asin,TKPI,https://www.panganku.org/id-ID/view,Umbi Berpati,umbi berpati,3.5,450.0,3.2,13.9,78.1,3.0520000000000005,1.3,38.0,38.0,0.3,74.0,0.0,0.2,0.2,0.0,0.0,0.0,,0.3,0.0,0.0,0.0,,per 100g,2026-07-01T04:14:08.471742Z,2026-07-01T04:14:08.471742Z,2,0.913,"Kue berbahan dasar sagu, kelapa, dan garam."
tkpi_0182,Bagea kelapa manis,bagea kelapa manis,TKPI,https://www.panganku.org/id-ID/view,Umbi Berpati,umbi berpati,3.0,452.0,1.3,13.8,80.6,2.6860000000000013,1.3,38.0,39.0,0.3,75.0,0.0,0.2,0.2,0.0,0.0,0.0,,0.0,0.0,0.0,0.0,,per 100g,2026-07-01T04:14:08.471742Z,2026-07-01T04:14:08.471742Z,2,0.913,"Kue berbahan dasar sagu, kelapa, dan gula"
tkpi_0183,Bagea kenari asin,bagea kenari asin,TKPI,https://www.panganku.org/id-ID/view,Umbi Berpati,umbi berpati,2.8,529.0,3.2,29.1,63.6,3.128,1.3,38.0,40.0,0.4,74.0,0.0,0.2,0.2,0.0,0.0,0.0,,0.3,0.0,0.0,0.0,,per 100g,2026-07-01T04:14:08.471742Z,2026-07-01T04:14:08.471742Z,2,0.913,"Kue berbahan dasar sagu, kelapa, garam,  dan kenari"
tkpi_0184,Bagea kenari manis,bagea kenari manis,TKPI,https://www.panganku.org/id-ID/view,Umbi Berpati,umbi berpati,3.1,523.0,3.2,28.2,64.2,3.1460000000000004,1.3,38.0,39.0,0.3,74.0,0.0,0.2,0.2,0.0,0.0,0.0,,0.3,0.0,0.0,0.0,,per 100g,2026-07-01T04:14:08.471742Z,2026-07-01T04:14:08.471742Z,2,0.913,"Kue berbahan dasar sagu, kelapa, gula, dan  kenari"
tkpi_0185,Bagea kw 1,bagea kw 1,TKPI,https://www.panganku.org/id-ID/view,Umbi Berpati,umbi berpati,7.2,416.0,6.5,9.4,76.3,0.4,0.6,49.0,77.0,4.9,445.2204799999999,353.15386,1.7899999999999994,3.238,13.0,223.92,312.0,,0.08,0.2817999999999998,2.6,0.0,,per 100g,2026-07-01T04:14:08.471742Z,2026-07-01T04:14:08.471742Z,2,0.913,
tkpi_0186,Bagea kw 2,bagea kw 2,TKPI,https://www.panganku.org/id-ID/view,Umbi Berpati,umbi berpati,7.9,382.0,0.3,3.5,87.2,0.9,1.1,172.0,120.0,7.6,36.08896,235.65204000000003,0.3504,1.2040000000000004,0.0,0.0,0.0,,0.02,0.1259999999999999,1.116,0.0,,per 100g,2026-07-01T04:14:08.471742Z,2026-07-01T04:14:08.471742Z,2,0.913,
tkpi_0187,Beras Cerdas,beras cerdas,TKPI,https://www.panganku.org/id-ID/view,Umbi Berpati,umbi berpati,11.3,350.0,2.7,1.1,82.3,6.2,2.6,28.0,351.0,2.9,358.0,568.0,0.2,0.9,21.89318,0.0,0.0,,0.02,0.2,0.3,0.0,,per 100g,2026-07-01T04:14:08.471742Z,2026-07-01T04:14:08.471742Z,2,0.913,Bahan dasar terdiri dari Tepung jagung dan tepung mocaf dengan perbandingan 40 : 60
tkpi_0188,Beras ganyong,beras ganyong,TKPI,https://www.panganku.org/id-ID/view,Umbi Berpati,umbi berpati,9.3,364.0,3.4,0.7,86.3,4.7,0.5,4.0,47.0,5.0,4.0,72.2,0.2,0.6,0.22,1.0,0.0,,0.02,0.02,0.3,0.0,,per 100g,2026-07-01T04:14:08.471742Z,2026-07-01T04:14:08.471742Z,2,0.913,Pangan tunggal terolah/ produk yang berbahan baku ganyong dan jagung
tkpi_0189,Beras Siger,beras siger,TKPI,https://www.panganku.org/id-ID/view,Umbi Berpati,umbi berpati,13.5,344.0,1.1,0.2,28.3,5.6,0.7,32.0,22.0,5.6,106.0,77.9,0.1,0.5,0.48,0.0,0.0,,0.02,0.1,0.2,0.0,,per 100g,2026-07-01T04:14:08.471742Z,2026-07-01T04:14:08.471742Z,2,0.913,Bahan dasar singkong
tkpi_0190,Biji nangka/Biji salak,biji nangka/biji salak,TKPI,https://www.panganku.org/id-ID/view,Umbi Berpati,umbi berpati,40.5,262.0,2.3,5.4,51.1,8.0,0.7,60.0,80.0,0.8,10.0,2.0,0.6,2.0,0.0,1.667,31.614860000000004,,0.1,1.0,1.64,10.0,,per 100g,2026-07-01T04:14:08.471742Z,2026-07-01T04:14:08.471742Z,2,0.913,"Nama lain : candil. Bahan dasar : ubi, tapioka, berkuah air gula jawa dan santan"
tkpi_0191,Bubur sagu,bubur sagu,TKPI,https://www.panganku.org/id-ID/view,Umbi Berpati,umbi berpati,62.5,167.0,0.2,4.0,33.0,4.6759999999999975,0.3,3.0,3.0,0.1,7.0,0.0,0.1,0.1,0.0,0.0,0.0,,9.0,0.0484,0.1,0.0,,per 100g,2026-07-01T04:14:08.471742Z,2026-07-01T04:14:08.471742Z,2,0.913,"Bubur dari sagu lempang, gula merah dan santan"
tkpi_0192,Cassavastick,cassavastick,TKPI,https://www.panganku.org/id-ID/view,Umbi Berpati,umbi berpati,5.6,460.0,0.8,18.7,17.2,1.6,2.7,144.0,58.0,7.5,149.63496,290.6945400000001,10.473200000000004,1.308,0.0,86.26914000000001,107.0,,0.19,0.07,0.1,0.0,,per 100g,2026-07-01T04:14:08.471742Z,2026-07-01T04:14:08.471742Z,2,0.913,Singkong di potong panjang-panjang diberi garam. Diolah dengan cara digoreng
tkpi_0193,Ceriping getuk singkong,ceriping getuk singkong,TKPI,https://www.panganku.org/id-ID/view,Umbi Berpati,umbi berpati,7.2,462.0,1.2,20.7,67.7,0.6,3.2,1.248,172.0,8.8,167.1483,259.57244000000003,2.973659999999999,1.778,0.0,45.04,152.0,,0.29,0.02,0.5,0.0,,per 100g,2026-07-01T04:14:08.471742Z,2026-07-01T04:14:08.471742Z,2,0.913,
tkpi_0194,Gatot,gatot,TKPI,https://www.panganku.org/id-ID/view,Umbi Berpati,umbi berpati,12.8,347.0,1.3,0.7,83.8,5.8,1.4,78.0,44.0,17.1,28.0,242.0,0.2,0.7,0.74,0.0,0.0,,0.02,0.1,0.4,0.0,,per 100g,2026-07-01T04:14:08.471742Z,2026-07-01T04:14:08.471742Z,2,0.913,"Bahan dasar gaplek (singkong dijemur), direndam air kapur sirih , dikukus, biasanya ditaburi parutan kelapa yang ditambah gula pasir dan serutan gula merah."
tkpi_0195,Geblek,geblek,TKPI,https://www.panganku.org/id-ID/view,Umbi Berpati,umbi berpati,52.1,195.0,0.4,1.7,44.4,3.6,1.4,35.0,13.0,0.6,353.0,125.0,0.3,0.3,19.12,0.0,0.0,,0.02,0.0,0.1,0.0,,per 100g,2026-07-01T04:14:08.471742Z,2026-07-01T04:14:08.471742Z,2,0.913,Makanan ringan berbentuk angka 8. Bahan dasar tepung tapioka /pati singkong
tkpi_0196,Getuk goreng,getuk goreng,TKPI,https://www.panganku.org/id-ID/view,Umbi Berpati,umbi berpati,16.5,360.0,1.3,6.4,74.3,0.8,1.5,59.0,81.0,3.2,49.14256,139.40579999999997,0.2582,0.68,0.0,0.0,0.0,,0.21,0.0364,0.1,0.0,,per 100g,2026-07-01T04:14:08.471742Z,2026-07-01T04:14:08.471742Z,2,0.913,Bahan dasar terdiri dari Singkong dan dibumbui gula kelapa
tkpi_0197,Getuk singkong,getuk singkong,TKPI,https://www.panganku.org/id-ID/view,Umbi Berpati,umbi berpati,49.8,204.0,0.5,1.4,47.4,0.8,1.1,97.0,52.0,1.5,81.08592,141.60748,0.1592,0.5539999999999999,0.0,152.2,208.0,,0.08,0.0476,0.1,0.0,,per 100g,2026-07-01T04:14:08.471742Z,2026-07-01T04:14:08.471742Z,2,0.913,Singkong rebus yang ditumbuk dicampur kelapa dan gula merah
tkpi_0198,Gurandil,gurandil,TKPI,https://www.panganku.org/id-ID/view,Umbi Berpati,umbi berpati,47.5,218.0,0.5,2.5,48.5,3.1,1.0,50.0,25.0,2.8,76.2,137.84081999999998,0.2005999999999999,0.4939999999999999,0.0,1.19916,0.0,,0.19,0.0382,0.2699999999999999,0.0,,per 100g,2026-07-01T04:14:08.471742Z,2026-07-01T04:14:08.471742Z,2,0.913,"Bahan dasar terdiri dari  tepung tapioka dan parutan kelapa. Berbentuk lonjong kecil atau bulat kecil warna-warni, ditaburi gula pasir. Diolah dengan cara direbus"
tkpi_0199,Kabuto,kabuto,TKPI,https://www.panganku.org/id-ID/view,Umbi Berpati,umbi berpati,58.9,250.0,2.6,2.5,35.4,1.8,0.6,35.0,49.0,1.1,2.0,218.0,0.1414,0.4559999999999998,0.0,0.0,0.0,,0.1,0.1,0.6,0.02,,per 100g,2026-07-01T04:14:08.471742Z,2026-07-01T04:14:08.471742Z,2,0.913,"Singkong dijemur (ujan-panas), sampai berwarna hitam (gatot) lalu dikukus dan setelah itu ditaburi dengan kelapa parut"
tkpi_0200,Kapurung,kapurung,TKPI,https://www.panganku.org/id-ID/view,Umbi Berpati,umbi berpati,79.6,41.0,2.0,0.3,7.8,2.0,0.6,34.0,12.0,0.3,185.0,566.0,0.1,0.3,0.0,213.0,286.35686000000004,,0.12,0.25,2.7,15.0,,per 100g,2026-07-01T04:14:08.471742Z,2026-07-01T04:14:08.471742Z,2,0.913,"Bahan dasar terdiri dari Tepung sagu seperti papeda. Campuran ikan atau daging ayam atau udang dan aneka sayuran (bayam, kacang panjang, daun kacang, jantung)"
tkpi_0201,Kecimpring singkong goreng,kecimpring singkong goreng,TKPI,https://www.panganku.org/id-ID/view,Umbi Berpati,umbi berpati,3.7,464.0,1.2,18.6,73.0,1.3,3.5,82.0,52.0,3.4,619.74,420.8935,10.617600000000008,1.4500000000000002,127.69364,37.56686,3.32,,0.34,0.2977999999999999,1.4780000000000009,0.0,,per 100g,2026-07-01T04:14:08.471742Z,2026-07-01T04:14:08.471742Z,2,0.913,"Seperti kerupuk singkong. Singkong diparut dicampur dengan bumbu, dipipihkan, dikukus, dijemur dan digoreng"
tkpi_0202,Keremes,keremes,TKPI,https://www.panganku.org/id-ID/view,Umbi Berpati,umbi berpati,6.7,475.0,1.6,25.2,64.4,2.1,2.1,153.0,88.0,1.0,93.35496,187.27054000000004,0.3578,0.966,0.0,0.29156,1.0,,0.0,0.0714,0.6619999999999999,0.0,,per 100g,2026-07-01T04:14:08.471742Z,2026-07-01T04:14:08.471742Z,2,0.913,
tkpi_0203,Keripik gadung,keripik gadung,TKPI,https://www.panganku.org/id-ID/view,Umbi Berpati,umbi berpati,4.0,446.0,2.8,14.5,76.0,1.7,2.8,147.0,52.0,1.9,80.35312,284.84206,0.7126,1.5480000000000005,0.0,0.0,0.0,,0.95,0.1278,0.9000000000000001,0.0,,per 100g,2026-07-01T04:14:08.471742Z,2026-07-01T04:14:08.471742Z,2,0.913,
tkpi_0204,Keripik kentang,keripik kentang,TKPI,https://www.panganku.org/id-ID/view,Umbi Berpati,umbi berpati,7.8,448.0,2.7,18.8,67.1,3.8,3.6,25.0,130.0,1.2,712.0,406.0,1.1,1.54,38.387820000000005,15.0,35.82244,,0.1,0.05,2.8,0.0,,per 100g,2026-07-01T04:14:08.471742Z,2026-07-01T04:14:08.471742Z,2,0.913,
tkpi_0205,Keripik singkong,keripik singkong,TKPI,https://www.panganku.org/id-ID/view,Umbi Berpati,umbi berpati,4.2,478.0,0.9,20.7,72.0,2.0,2.2,189.0,101.0,1.9,53.25368,184.12094,0.4011999999999999,1.002,0.0,0.0,0.0,,0.24,0.0488,0.5540000000000002,0.0,,per 100g,2026-07-01T04:14:08.471742Z,2026-07-01T04:14:08.471742Z,2,0.913,
tkpi_0206,Keripik singkong berbumbu,keripik singkong berbumbu,TKPI,https://www.panganku.org/id-ID/view,Umbi Berpati,umbi berpati,2.2,481.0,2.2,19.7,73.6,1.6,2.3,156.0,103.0,1.6,125.32,255.32518000000007,0.6258000000000001,1.5319999999999996,0.0,53.02,80.0,,0.31,0.1647999999999999,1.072,0.0,,per 100g,2026-07-01T04:14:08.471742Z,2026-07-01T04:14:08.471742Z,2,0.913,
tkpi_0207,Keripik ubi,keripik ubi,TKPI,https://www.panganku.org/id-ID/view,Umbi Berpati,umbi berpati,6.0,486.0,0.2,23.9,67.6,14.3,2.3,68.0,92.0,0.9,52.0,2.0,0.7,2.3,0.0,920.0,413.9588800000001,,0.1,0.1,0.5,0.0,,per 100g,2026-07-01T04:14:08.471742Z,2026-07-01T04:14:08.471742Z,2,0.913,
tkpi_0208,Kerupuk cumi goreng,kerupuk cumi goreng,TKPI,https://www.panganku.org/id-ID/view,Umbi Berpati,umbi berpati,3.4,444.0,6.9,14.6,71.3,5.0,3.8,47.0,375.0,1.8,837.0,191.0,0.1,0.3,493.98,349.30054,572.3,,0.4,0.1,1.8,0.0,,per 100g,2026-07-01T04:14:08.471742Z,2026-07-01T04:14:08.471742Z,2,0.913,
tkpi_0209,Kerupuk kemplang  (ikan) mentah,kerupuk kemplang (ikan) mentah,TKPI,https://www.panganku.org/id-ID/view,Umbi Berpati,umbi berpati,14.2,325.0,1.8,0.4,78.5,4.5,5.1,59.0,268.0,2.3,1.123,273.0,0.2,0.5,32.0,0.0,16.23384,,0.6,0.1,2.3,0.0,,per 100g,2026-07-01T04:14:08.471742Z,2026-07-01T04:14:08.471742Z,2,0.913,"Bahan dasar terdiri dari Tepung sagu dan ikan, di olah dengan cara dibakar"
tkpi_0210,Kerupuk kemplang goreng,kerupuk kemplang goreng,TKPI,https://www.panganku.org/id-ID/view,Umbi Berpati,umbi berpati,5.8,504.0,5.6,28.1,57.1,0.3,3.4,50.0,94.0,2.9,104.61368,264.8786600000001,0.6106000000000001,1.704,6.0,135.3391,280.0,,0.31,0.1819999999999998,1.7079999999999995,0.0,,per 100g,2026-07-01T04:14:08.471742Z,2026-07-01T04:14:08.471742Z,2,0.913,
tkpi_0211,Kerupuk kemplang panggang,kerupuk kemplang panggang,TKPI,https://www.panganku.org/id-ID/view,Umbi Berpati,umbi berpati,9.4,356.0,9.7,1.1,76.9,1.0,3.0,62.0,129.0,2.9,39.0619,246.73638,0.8477999999999999,2.442,7.0,182.66,280.0,,0.36,0.173,2.4099999999999993,0.0,,per 100g,2026-07-01T04:14:08.471742Z,2026-07-01T04:14:08.471742Z,2,0.913,
tkpi_0212,Kerupuk mie kuning goreng,kerupuk mie kuning goreng,TKPI,https://www.panganku.org/id-ID/view,Umbi Berpati,umbi berpati,7.2,476.0,0.1,21.1,71.3,4.2,0.3,57.0,36.0,4.6,75.17432,109.0,0.1,0.2,0.0,270.46,333.0,,0.22,0.0,0.9,0.0,,per 100g,2026-07-01T04:14:08.471742Z,2026-07-01T04:14:08.471742Z,2,0.913,
tkpi_0213,Kerupuk udang goreng,kerupuk udang goreng,TKPI,https://www.panganku.org/id-ID/view,Umbi Berpati,umbi berpati,4.4,477.0,4.7,20.5,68.5,5.0,1.9,24.0,188.0,0.9,449.0,109.0,0.1,0.2,66.14412,0.0,15.505679999999998,,0.2,0.0,0.9,0.0,,per 100g,2026-07-01T04:14:08.471742Z,2026-07-01T04:14:08.471742Z,2,0.913,
tkpi_0214,Kue bangket,kue bangket,TKPI,https://www.panganku.org/id-ID/view,Umbi Berpati,umbi berpati,16.1,338.0,1.5,1.2,80.3,2.560000000000001,0.9,34.0,35.0,0.3,67.0,0.0,0.2,0.2,0.0,0.0,0.0,,0.3,0.0,0.0,0.04,,per 100g,2026-07-01T04:14:08.471742Z,2026-07-01T04:14:08.471742Z,2,0.913,"Kue kering berBahan dasar terdiri dari Tepung sagu, santan, gula merah, gula pasir, wijen, dan telur. Diolah dengan cara dipanggang"
tkpi_0215,Kue putu singkong,kue putu singkong,TKPI,https://www.panganku.org/id-ID/view,Umbi Berpati,umbi berpati,44.2,217.0,1.2,0.5,53.2,2.4,0.9,48.0,68.0,1.5,3.0,305.0,0.2142,0.718,0.0,0.0,0.0,,0.1,0.1,0.8,0.62,,per 100g,2026-07-01T04:14:08.471742Z,2026-07-01T04:14:08.471742Z,2,0.913,"Kue basah berbahan dasar telur, singkong, terigu, gula merah, kelapa parut. Diolah dengan cara dikukus"
tkpi_0216,Lanting getuk,lanting getuk,TKPI,https://www.panganku.org/id-ID/view,Umbi Berpati,umbi berpati,4.2,422.0,0.9,10.8,80.4,1.4,3.8,206.0,104.0,3.6,115.95368,424.02370000000025,10.521600000000005,1.5520000000000005,0.0,13.95904,0.0,,0.43,0.2717999999999999,1.376,0.0,,per 100g,2026-07-01T04:14:08.471742Z,2026-07-01T04:14:08.471742Z,2,0.913,"Kue kering berbahan dasar singkong yang dikukus lalu dihaluskan dengan bumbu, dijemur dan digoreng. Biasanya berbentuk angka 8"
tkpi_0217,Mi golosor,mi golosor,TKPI,https://www.panganku.org/id-ID/view,Umbi Berpati,umbi berpati,82.9,71.0,0.2,0.8,15.9,0.1,0.2,117.0,5.0,0.2,21.54,225.396,24.111999999999988,0.3039999999999998,0.0,40.94,112.0,,0.05,0.02,0.0,0.0,,per 100g,2026-07-01T04:14:08.471742Z,2026-07-01T04:14:08.471742Z,2,0.913,"Mie sagu, dibuat seperti mie goreng dengan sambal kacang"
tkpi_0218,Mie Bendo,mie bendo,TKPI,https://www.panganku.org/id-ID/view,Umbi Berpati,umbi berpati,11.5,353.0,0.3,0.0,88.0,2.4,0.2,28.0,14.0,2.8,9.0,49.2,0.5,0.1,0.08,2.0,0.0,,0.02,0.0,0.1,0.0,,per 100g,2026-07-01T04:14:08.471742Z,2026-07-01T04:14:08.471742Z,2,0.913,Mie berbahan dasar singkong dan gaplek
tkpi_0219,Mie Sagu,mie sagu,TKPI,https://www.panganku.org/id-ID/view,Umbi Berpati,umbi berpati,52.8,190.0,0.2,0.4,46.5,1.4,0.1,8.0,7.0,0.3,10.0,2.6,0.1,0.0,2.48,2.0,0.0,,0.0,0.4,0.0,0.0,,per 100g,2026-07-01T04:14:08.471742Z,2026-07-01T04:14:08.471742Z,2,0.913,Mie berbahan dasar sagu
tkpi_0220,Ongol-ongol sagu,ongol-ongol sagu,TKPI,https://www.panganku.org/id-ID/view,Umbi Berpati,umbi berpati,75.3,111.0,0.3,2.7,21.2,0.3,0.5,79.0,15.0,1.7,85.40153999999998,276.284,4.908600000000002,0.5599999999999999,0.0,2.25956,0.0,,0.06,0.04,0.2899999999999999,0.0,,per 100g,2026-07-01T04:14:08.471742Z,2026-07-01T04:14:08.471742Z,2,0.913,Kue basah  berbahan dasar sagu direbus dengan gula merah dan ditaburi kelapa parut kukus
tkpi_0221,Oyek,oyek,TKPI,https://www.panganku.org/id-ID/view,Umbi Berpati,umbi berpati,12.6,351.0,0.9,0.9,84.9,4.3,0.7,60.0,36.0,2.1,5.0,229.0,0.1,0.5,0.12,0.0,0.0,,0.02,0.02,0.5,0.0,,per 100g,2026-07-01T04:14:08.471742Z,2026-07-01T04:14:08.471742Z,2,0.913,Seperti beras yang berasal dari gaplek (singkong yang dijemur)
tkpi_0222,Papeda,papeda,TKPI,https://www.panganku.org/id-ID/view,Umbi Berpati,umbi berpati,84.8,61.0,0.2,0.1,14.9,0.5,0.1,3.0,1.0,0.2,4.0,20.0,0.1,0.1,0.0,0.0,0.0,,0.06,0.0,0.0,0.0,,per 100g,2026-07-01T04:14:08.471742Z,2026-07-01T04:14:08.471742Z,2,0.913,"Tepung sagu, dibubur"
tkpi_0223,Rasbi (Beras Ubi),rasbi (beras ubi),TKPI,https://www.panganku.org/id-ID/view,Umbi Berpati,umbi berpati,11.1,394.0,2.2,8.8,76.6,6.8,1.3,68.0,76.0,1.6,165.0,388.0,0.4,0.4,2.98,0.0,0.0,,0.02,0.3,1.2,0.0,,per 100g,2026-07-01T04:14:08.471742Z,2026-07-01T04:14:08.471742Z,2,0.913,Bahan dasar ubi jalar
tkpi_0224,Rasi (Beras Singkong),rasi (beras singkong),TKPI,https://www.panganku.org/id-ID/view,Umbi Berpati,umbi berpati,12.6,350.0,0.9,0.4,85.7,14.4,0.5,42.0,21.0,1.5,8.0,14.0,0.3,0.5,0.1,0.0,0.0,,0.02,0.02,0.4,0.0,,per 100g,2026-07-01T04:14:08.471742Z,2026-07-01T04:14:08.471742Z,2,0.913,Bahan dasar singkong/ubi kayu
tkpi_0225,Sagu forno,sagu forno,TKPI,https://www.panganku.org/id-ID/view,Umbi Berpati,umbi berpati,31.5,291.0,0.5,4.0,63.4,2.486,0.6,10.0,20.0,0.8,40.0,50.0,0.1,0.2,0.0,0.0,0.0,,0.0719999999999999,0.0328,0.16,0.0,,per 100g,2026-07-01T04:14:08.471742Z,2026-07-01T04:14:08.471742Z,2,0.913,"Kue kering. Nama lain sagu forna (nama balok cetakan) atau sagu lempeng (bentuk lempengan). Tepung sagu dihaluskan, dimasukkan ke dalam cetakan, dibakar, bagian tengah dilubangi diberi gula merah"
tkpi_0226,Sagu Lemak (Kue Sagon),sagu lemak (kue sagon),TKPI,https://www.panganku.org/id-ID/view,Umbi Berpati,umbi berpati,4.3,452.0,2.8,14.8,76.8,1.1,0.7,15.0,39.0,1.1,182.0,52.7,0.04,0.8,39.34,1.22,0.0,,0.32,0.04,0.1,0.0,,per 100g,2026-07-01T04:14:08.471742Z,2026-07-01T04:14:08.471742Z,2,0.913,"Bahan dasar terdiri dari Sagu, Kelapa, Telur"
tkpi_0227,Sagu manis,sagu manis,TKPI,https://www.panganku.org/id-ID/view,Umbi Berpati,umbi berpati,32.6,287.0,0.5,3.9,62.4,2.12,0.6,8.0,17.0,0.7,34.0,42.0,0.1,0.2,0.0,0.0,0.0,,0.0679999999999999,0.0344,0.176,0.0,,per 100g,2026-07-01T04:14:08.471742Z,2026-07-01T04:14:08.471742Z,2,0.913,Sagu dipanggang + kelapa parut + gula (seperti kue bandros)
tkpi_0228,Sagu Rendang,sagu rendang,TKPI,https://www.panganku.org/id-ID/view,Umbi Berpati,umbi berpati,8.2,364.0,0.1,0.2,90.5,1.9,1.0,13.0,9.0,3.9,42.0,15.1,0.1,0.1,0.62,0.0,0.0,,0.02,0.6,0.8,0.0,,per 100g,2026-07-01T04:14:08.471742Z,2026-07-01T04:14:08.471742Z,2,0.913,Suatu produk sagu
tkpi_0229,Sagu sinole,sagu sinole,TKPI,https://www.panganku.org/id-ID/view,Umbi Berpati,umbi berpati,22.0,354.0,0.8,8.3,68.9,2.4640000000000004,0.1,10.0,30.0,0.8,30.0,11.0,0.2,0.3,0.0,0.0,0.0,,0.0691999999999999,0.0478,0.2539999999999999,0.0,,per 100g,2026-07-01T04:14:08.471742Z,2026-07-01T04:14:08.471742Z,2,0.913,"Nama lain karu-karu. Seperti dadar gulung. Sagu yang dicampur parutan kelapa, pala bubuk, kenari, dan gula aren"
tkpi_0230,Serimping talas kebumen,serimping talas kebumen,TKPI,https://www.panganku.org/id-ID/view,Umbi Berpati,umbi berpati,4.8,478.0,2.5,21.2,69.2,1.7,2.3,112.0,118.0,2.3,55.633680000000005,287.46022000000005,0.6120000000000001,1.59,0.0,0.21904,0.0,,0.25,0.1149999999999999,1.018,0.0,,per 100g,2026-07-01T04:14:08.471742Z,2026-07-01T04:14:08.471742Z,2,0.913,
tkpi_0231,Tapai singkong,tapai singkong,TKPI,https://www.panganku.org/id-ID/view,Umbi Berpati,umbi berpati,57.4,169.0,1.4,0.3,40.2,2.0,0.7,21.0,34.0,0.8,18.88,352.37200000000007,0.2293999999999999,0.444,0.0,0.0,0.0,,0.0,0.0599999999999999,0.7219999999999999,9.0,,per 100g,2026-07-01T04:14:08.471742Z,2026-07-01T04:14:08.471742Z,2,0.913,Fermentasi singkong
tkpi_0232,Tepung Arrowroot,tepung arrowroot,TKPI,https://www.panganku.org/id-ID/view,Umbi Berpati,umbi berpati,13.6,355.0,0.7,0.2,85.2,0.4,0.3,8.0,22.0,1.5,2.0,10.7,0.0,0.1,0.2,20.0,3.0,,0.09,0.0,0.0,0.0,,per 100g,2026-07-01T04:14:08.471742Z,2026-07-01T04:14:08.471742Z,2,0.913,Tepung dari arrowroot (umbi)
tkpi_0233,Tepung Ganyong,tepung ganyong,TKPI,https://www.panganku.org/id-ID/view,Umbi Berpati,umbi berpati,13.6,353.0,0.8,1.7,83.6,0.7,0.3,4.0,31.0,3.3,3.0,63.5,0.1,0.3,0.08,0.0,0.0,,0.02,0.0,0.9,1.0,,per 100g,2026-07-01T04:14:08.471742Z,2026-07-01T04:14:08.471742Z,2,0.913,Bahan dasar ganyong
tkpi_0234,Tepung Gaplek,tepung gaplek,TKPI,https://www.panganku.org/id-ID/view,Umbi Berpati,umbi berpati,13.0,345.0,2.4,0.4,83.1,6.7,1.1,18.0,95.0,1.5,6.0,55.0,0.4,1.2,0.02,1.0,0.0,,0.3,0.2,0.1,0.0,,per 100g,2026-07-01T04:14:08.471742Z,2026-07-01T04:14:08.471742Z,2,0.913,Bahan dasar dari gaplek (singkong dijemur)
tkpi_0235,"Tepung kentang, kering","tepung kentang, kering",TKPI,https://www.panganku.org/id-ID/view,Umbi Berpati,umbi berpati,13.0,347.0,0.3,0.1,85.6,0.4,1.0,20.0,30.0,0.5,51.0,156.3,0.2,0.5,0.12,0.0,0.0,,0.04,0.0,0.4,0.0,,per 100g,2026-07-01T04:14:08.471742Z,2026-07-01T04:14:08.471742Z,2,0.913,
tkpi_0236,Tepung Mocaf,tepung mocaf,TKPI,https://www.panganku.org/id-ID/view,Umbi Berpati,umbi berpati,11.9,350.0,1.2,0.6,85.0,6.0,1.3,60.0,64.0,15.8,8.0,403.0,0.1,0.6,0.71732,0.0,0.0,,0.02,0.02,0.7,2.0,,per 100g,2026-07-01T04:14:08.471742Z,2026-07-01T04:14:08.471742Z,2,0.913,Bahan dasar dari singkong
tkpi_0237,Tepung Sente,tepung sente,TKPI,https://www.panganku.org/id-ID/view,Umbi Berpati,umbi berpati,15.3,326.0,4.0,0.4,76.7,8.5,3.6,41.0,141.0,3.5,14.0,1.602,0.4,1.4,2.76,0.0,0.0,,0.02,0.2,7.7,0.0,,per 100g,2026-07-01T04:14:08.471742Z,2026-07-01T04:14:08.471742Z,2,0.913,Bahan dasar dari talas
tkpi_0238,Tepung singkong/ Tapioka,tepung singkong/ tapioka,TKPI,https://www.panganku.org/id-ID/view,Umbi Berpati,umbi berpati,9.1,363.0,1.1,0.5,88.2,0.9,1.1,84.0,125.0,1.0,1.0,7.1,0.0,0.1,0.54,0.0,15.70436,,0.04,0.0,0.4,0.0,,per 100g,2026-07-01T04:14:08.471742Z,2026-07-01T04:14:08.471742Z,2,0.913,
tkpi_0239,Tepung Tales Beneng,tepung tales beneng,TKPI,https://www.panganku.org/id-ID/view,Umbi Berpati,umbi berpati,12.2,332.0,5.7,0.6,76.1,12.2,5.5,59.0,302.0,10.7,7.0,1.404,0.8,6.2,11.88,0.0,0.0,,0.02,0.1,0.3,0.0,,per 100g,2026-07-01T04:14:08.471742Z,2026-07-01T04:14:08.471742Z,2,0.913,Bahan dasar dari gaplek (singkong dijemur)/ talas beneng
tkpi_0240,Tepung Ubi Ungu,tepung ubi ungu,TKPI,https://www.panganku.org/id-ID/view,Umbi Berpati,umbi berpati,9.4,354.0,2.8,0.6,84.4,12.9,2.8,89.0,125.0,3.9,42.0,940.0,0.8,0.6,1.34,0.0,0.0,,0.4,0.02,0.0,0.0,,per 100g,2026-07-01T04:14:08.471742Z,2026-07-01T04:14:08.471742Z,2,0.913,Bahan dasar ubi jalar ungu
tkpi_0241,Tiwul,tiwul,TKPI,https://www.panganku.org/id-ID/view,Umbi Berpati,umbi berpati,11.2,353.0,2.4,1.1,83.4,6.5,1.6,55.0,95.0,4.7,5.0,670.0,0.2,0.8,0.08,0.0,0.0,,0.02,0.02,0.1,3.0,,per 100g,2026-07-01T04:14:08.471742Z,2026-07-01T04:14:08.471742Z,2,0.913,Berbahan dasar dari gaplek (singkong dijemur) ditambah tepung kacang hijau dan gula merah
tkpi_0242,Tiwul Instan,tiwul instan,TKPI,https://www.panganku.org/id-ID/view,Umbi Berpati,umbi berpati,9.1,395.0,3.2,8.5,76.5,4.2,2.7,81.0,81.0,5.8,377.0,469.0,2.1,1.2,56.75184,0.0,0.0,,0.4,0.2,0.2,4.0,,per 100g,2026-07-01T04:14:08.471742Z,2026-07-01T04:14:08.471742Z,2,0.913,
tkpi_0243,Ubi Cilembu,ubi cilembu,TKPI,https://www.panganku.org/id-ID/view,Umbi Berpati,umbi berpati,52.7,186.0,1.9,0.2,44.3,3.4,0.9,37.0,51.0,0.6,1.0,61.9,0.1,0.2,0.0,26.0,0.0,,0.02,0.2,0.0,0.0,,per 100g,2026-07-01T04:14:08.471742Z,2026-07-01T04:14:08.471742Z,2,0.913,
tkpi_0244,Uli batatas,uli batatas,TKPI,https://www.panganku.org/id-ID/view,Umbi Berpati,umbi berpati,66.5,150.0,1.1,4.0,27.4,4.27,1.0,19.22,23.0,0.1,6.0,112.0,0.1,0.2,0.0,0.0,0.0,,0.53,0.0,1.3,0.0,,per 100g,2026-07-01T04:14:08.471742Z,2026-07-01T04:14:08.471742Z,2,0.913,
tkpi_0245,"Kacang arab, kering (Chick pea, raw)","kacang arab, kering (chick pea, raw)",TKPI,https://www.panganku.org/id-ID/view,Kacang-Kacangan,kacang-kacangan,11.6,330.0,23.8,1.4,60.2,17.4,3.0,57.0,388.0,4.7,24.0,874.3,0.85,3.4,0.68258,40.0,140.0,,0.77,0.21,1.5,2.0,,per 100g,2026-07-01T04:14:08.471742Z,2026-07-01T04:14:08.471742Z,2,0.913,
tkpi_0246,"Kacang babi, kering (Broad bean, raw)","kacang babi, kering (broad bean, raw)",TKPI,https://www.panganku.org/id-ID/view,Kacang-Kacangan,kacang-kacangan,11.6,341.0,30.4,3.2,51.3,4.5,3.5,178.0,521.0,6.8,13.0,1.768,0.82,3.1,0.3036,39.84554,87.0,,0.23,0.33,2.8,3.5,,per 100g,2026-07-01T04:14:08.471742Z,2026-07-01T04:14:08.471742Z,2,0.913,
tkpi_0247,"Kacang belimbing (kecipir), kering (Winged bean, seed, raw)","kacang belimbing (kecipir), kering (winged bean, seed, raw)",TKPI,https://www.panganku.org/id-ID/view,Kacang-Kacangan,kacang-kacangan,10.4,400.0,34.4,16.9,34.1,10.7,4.2,468.0,182.0,6.8,37.0,955.0,2.82,2.0,28.1305,205.95708,381.44784,,0.3,0.44,3.0,32.84,,per 100g,2026-07-01T04:14:08.471742Z,2026-07-01T04:14:08.471742Z,2,0.913,
tkpi_0248,"Kacang beracun, segar","kacang beracun, segar",TKPI,https://www.panganku.org/id-ID/view,Kacang-Kacangan,kacang-kacangan,72.1,118.0,4.4,1.5,21.6,4.7059999999999995,0.4,50.0,50.0,1.7,10.0,40.0,0.3,1.0,286.36,180.99990000000005,521.378,,0.43,0.1083999999999999,1.816,13.52,,per 100g,2026-07-01T04:14:08.471742Z,2026-07-01T04:14:08.471742Z,2,0.913,
tkpi_0249,"Kacang bogor, kering (Bambara groundnut, dried)","kacang bogor, kering (bambara groundnut, dried)",TKPI,https://www.panganku.org/id-ID/view,Kacang-Kacangan,kacang-kacangan,10.0,370.0,16.0,6.0,65.0,26.3,3.0,85.0,264.0,4.2,44.0,868.8,1.48,2.7,0.0,198.6591,229.1,,0.18,0.26,6.2,0.0,,per 100g,2026-07-01T04:14:08.471742Z,2026-07-01T04:14:08.471742Z,2,0.913,
tkpi_0250,"Kacang bogor, segar (Bambara groundnut, fresh)","kacang bogor, segar (bambara groundnut, fresh)",TKPI,https://www.panganku.org/id-ID/view,Kacang-Kacangan,kacang-kacangan,60.8,165.0,7.7,3.1,27.4,2.5,1.0,96.0,126.0,5.3,6.0,537.0,0.41,1.2,0.06,29.0,41.257279999999994,,0.32,0.35,2.7,0.82,,per 100g,2026-07-01T04:14:08.471742Z,2026-07-01T04:14:08.471742Z,2,0.913,
tkpi_0251,"Kacang endel, biji, kering","kacang endel, biji, kering",TKPI,https://www.panganku.org/id-ID/view,Kacang-Kacangan,kacang-kacangan,14.0,331.0,25.0,1.0,58.0,23.6,2.0,80.0,400.0,5.0,12.0,1.322,0.68,2.7,0.0,148.70134,151.3256,,0.3,0.75,2.3,9.7,,per 100g,2026-07-01T04:14:08.471742Z,2026-07-01T04:14:08.471742Z,2,0.913,
tkpi_0252,"Kacang ercis, segar (Pea)","kacang ercis, segar (pea)",TKPI,https://www.panganku.org/id-ID/view,Kacang-Kacangan,kacang-kacangan,67.6,129.0,12.4,0.7,18.3,28.6,1.0,40.0,130.0,2.3,4.0,310.0,0.3,2.1,535.24,212.0,531.26,,0.29,0.05,2.7,27.12,,per 100g,2026-07-01T04:14:08.471742Z,2026-07-01T04:14:08.471742Z,2,0.913,
tkpi_0253,"kacang galing, segar","kacang galing, segar",TKPI,https://www.panganku.org/id-ID/view,Kacang-Kacangan,kacang-kacangan,12.0,336.0,23.1,1.7,59.5,5.192,3.8,80.0,400.0,5.0,31.27784,285.44917999999996,1.2333999999999998,4.139999999999999,0.0,16.25134,24.13876,,0.6,0.1695999999999999,2.9559999999999995,0.0,,per 100g,2026-07-01T04:14:08.471742Z,2026-07-01T04:14:08.471742Z,2,0.913,
tkpi_0254,"Kacang gude, biji, kering (Pigeon pea, fresh)","kacang gude, biji, kering (pigeon pea, fresh)",TKPI,https://www.panganku.org/id-ID/view,Kacang-Kacangan,kacang-kacangan,16.1,316.0,20.7,1.0,58.0,4.6,4.2,146.0,445.0,4.7,16.0,1.306,0.99,2.7,0.2,19.0,44.69155999999999,,0.3,0.19,2.4,3.34,,per 100g,2026-07-01T04:14:08.471742Z,2026-07-01T04:14:08.471742Z,2,0.913,
tkpi_0255,"Kacang gude, biji, segar (Pigeon pea, raw)","kacang gude, biji, segar (pigeon pea, raw)",TKPI,https://www.panganku.org/id-ID/view,Kacang-Kacangan,kacang-kacangan,70.3,114.0,7.0,0.6,20.8,4.4,2.3,3.0,122.0,1.5,4.0,480.5,0.12,0.9,0.8165399999999999,45.90014,70.0,,0.37,0.07,0.8,43.0,,per 100g,2026-07-01T04:14:08.471742Z,2026-07-01T04:14:08.471742Z,2,0.913,
tkpi_0256,"Kacang hijau var. bakti, kering (Mung bean, raw)","kacang hijau var. bakti, kering (mung bean, raw)",TKPI,https://www.panganku.org/id-ID/view,Kacang-Kacangan,kacang-kacangan,7.4,350.0,17.1,1.8,70.7,5.7,3.1,94.0,315.0,4.9,46.0,893.9,1.52,3.1,1.40644,171.0,235.0,,0.4,0.27,2.6,11.0,,per 100g,2026-07-01T04:14:08.471742Z,2026-07-01T04:14:08.471742Z,2,0.913,
tkpi_0257,"Kacang hijau var. siwalik, kering (Mung bean, raw)","kacang hijau var. siwalik, kering (mung bean, raw)",TKPI,https://www.panganku.org/id-ID/view,Kacang-Kacangan,kacang-kacangan,8.8,339.0,20.8,2.1,64.6,7.4,3.7,122.0,136.0,4.9,45.0,880.4,1.5,3.1,18.52644,168.0,321.0,,0.45,0.27,2.6,5.06,,per 100g,2026-07-01T04:14:08.471742Z,2026-07-01T04:14:08.471742Z,2,0.913,
tkpi_0258,"Kacang hijau, kering (Mung bean, raw)","kacang hijau, kering (mung bean, raw)",TKPI,https://www.panganku.org/id-ID/view,Kacang-Kacangan,kacang-kacangan,15.5,323.0,22.9,1.5,56.8,7.5,3.3,223.0,319.0,7.5,42.0,815.7,1.9,2.9,2.48258,156.0,223.0,,0.46,0.15,1.5,10.0,,per 100g,2026-07-01T04:14:08.471742Z,2026-07-01T04:14:08.471742Z,2,0.913,
tkpi_0259,"Kacang hitam, kering (Black turtle bean, raw)","kacang hitam, kering (black turtle bean, raw)",TKPI,https://www.panganku.org/id-ID/view,Kacang-Kacangan,kacang-kacangan,12.5,346.0,16.6,1.7,66.1,22.8,3.1,70.0,300.0,4.7,3.0,0.0,0.9,3.5,529.24,28.0,542.95016,,0.16,0.1,2.1,2.1,,per 100g,2026-07-01T04:14:08.471742Z,2026-07-01T04:14:08.471742Z,2,0.913,
tkpi_0260,"Kacang kapri, segar (Pea)","kacang kapri, segar (pea)",TKPI,https://www.panganku.org/id-ID/view,Kacang-Kacangan,kacang-kacangan,74.3,98.0,6.7,0.4,17.7,6.2,0.9,22.0,122.0,1.9,6.0,296.6,0.21,1.5,265.88,209.67064,680.0,,0.34,0.16,2.5,26.0,,per 100g,2026-07-01T04:14:08.471742Z,2026-07-01T04:14:08.471742Z,2,0.913,
tkpi_0261,"Kacang kedelai, kering (Soya bean, dried)","kacang kedelai, kering (soya bean, dried)",TKPI,https://www.panganku.org/id-ID/view,Kacang-Kacangan,kacang-kacangan,12.7,381.0,40.4,16.7,24.9,3.2,5.5,222.0,682.0,10.0,210.0,713.4,1.58,3.9,64.08204,237.0,31.0,,0.52,0.12,1.2,2.24,,per 100g,2026-07-01T04:14:08.471742Z,2026-07-01T04:14:08.471742Z,2,0.913,
tkpi_0262,"Kacang kedelai, segar (Soya bean, fresh)","kacang kedelai, segar (soya bean, fresh)",TKPI,https://www.panganku.org/id-ID/view,Kacang-Kacangan,kacang-kacangan,20.0,286.0,30.2,15.6,30.1,2.9,4.1,196.0,506.0,6.9,28.0,870.9,1.24,3.6,0.6070399999999999,46.57334,95.0,,0.93,0.26,1.8,0.62,,per 100g,2026-07-01T04:14:08.471742Z,2026-07-01T04:14:08.471742Z,2,0.913,
tkpi_0263,"Kacang kincai, kering","kacang kincai, kering",TKPI,https://www.panganku.org/id-ID/view,Kacang-Kacangan,kacang-kacangan,4.2,444.0,19.9,16.0,55.0,5.121999999999999,4.9,26.0,321.87472,6.9079999999999995,44.30154,213.56910000000005,1.11146,3.619999999999999,4.8854,2.88928,11.83376,,0.1,0.1,1.9,0.8,,per 100g,2026-07-01T04:14:08.471742Z,2026-07-01T04:14:08.471742Z,2,0.913,
tkpi_0264,"Kacang komak, segar (Hyacinth bean, fresh)","kacang komak, segar (hyacinth bean, fresh)",TKPI,https://www.panganku.org/id-ID/view,Kacang-Kacangan,kacang-kacangan,20.9,327.0,16.4,4.3,55.8,0.5,2.6,74.0,282.0,4.0,22.0,1.137,0.9,2.1,5.09948,19.48914,79.17420000000001,,0.99,0.12,0.1,0.0,,per 100g,2026-07-01T04:14:08.471742Z,2026-07-01T04:14:08.471742Z,2,0.913,
tkpi_0265,"Kacang kuning, kering (Soya bean)","kacang kuning, kering (soya bean)",TKPI,https://www.panganku.org/id-ID/view,Kacang-Kacangan,kacang-kacangan,11.7,355.0,17.0,2.5,66.0,15.1,2.8,140.0,220.0,5.8,1.0,0.0,0.7,3.2,420.22,58.0,560.0452,,0.47,0.08,1.9,2.6,,per 100g,2026-07-01T04:14:08.471742Z,2026-07-01T04:14:08.471742Z,2,0.913,
tkpi_0266,"Kacang lebui /iris, kering (Pigeon pea, raw)","kacang lebui /iris, kering (pigeon pea, raw)",TKPI,https://www.panganku.org/id-ID/view,Kacang-Kacangan,kacang-kacangan,11.8,346.0,16.5,1.5,66.6,37.3,3.6,144.0,368.0,3.4,17.0,1.225,1.5,3.3,615.5,64.0,577.70784,,0.62,0.2,0.0,11.0,,per 100g,2026-07-01T04:14:08.471742Z,2026-07-01T04:14:08.471742Z,2,0.913,
tkpi_0267,"Kacang mentega, kering (Peanut butter fruit, fresh)","kacang mentega, kering (peanut butter fruit, fresh)",TKPI,https://www.panganku.org/id-ID/view,Kacang-Kacangan,kacang-kacangan,13.7,344.0,16.7,2.1,64.6,13.0,2.9,110.0,300.0,6.7,1.0,10.0,0.7,2.5,545.54,0.0,564.8592,,0.21,0.07,1.2,10.96,,per 100g,2026-07-01T04:14:08.471742Z,2026-07-01T04:14:08.471742Z,2,0.913,
tkpi_0268,"Kacang merah /banda, kering (Kidney bean, dried)","kacang merah /banda, kering (kidney bean, dried)",TKPI,https://www.panganku.org/id-ID/view,Kacang-Kacangan,kacang-kacangan,13.0,350.0,13.9,3.0,66.9,26.3,3.2,84.0,242.0,6.8,19.0,1.127,0.0,42.0,474.94,137.0,490.22,,0.15,0.76,0.3,47.42,,per 100g,2026-07-01T04:14:08.471742Z,2026-07-01T04:14:08.471742Z,2,0.913,
tkpi_0269,"Kacang merah tua, kering (Dark red kidney bean, dried)","kacang merah tua, kering (dark red kidney bean, dried)",TKPI,https://www.panganku.org/id-ID/view,Kacang-Kacangan,kacang-kacangan,12.3,280.0,16.7,1.6,63.2,4.6,6.2,209.0,335.0,6.4,19.0,1.348,0.69,2.8,518.54,68.52634,547.9928,,0.1,0.08,2.0,6.0,,per 100g,2026-07-01T04:14:08.471742Z,2026-07-01T04:14:08.471742Z,2,0.913,
tkpi_0270,"Kacang merah, kering (Kidney bean, kering)","kacang merah, kering (kidney bean, kering)",TKPI,https://www.panganku.org/id-ID/view,Kacang-Kacangan,kacang-kacangan,17.7,314.0,22.1,1.1,56.2,4.0,2.9,502.0,429.0,10.3,11.0,1.265,0.65,2.6,602.3,129.0,528.48,,0.4,0.72,2.2,20.64,,per 100g,2026-07-01T04:14:08.471742Z,2026-07-01T04:14:08.471742Z,2,0.913,
tkpi_0271,"Kacang merah, segar (Kidney bean, fresh)","kacang merah, segar (kidney bean, fresh)",TKPI,https://www.panganku.org/id-ID/view,Kacang-Kacangan,kacang-kacangan,57.2,171.0,11.0,2.2,28.0,2.1,1.7,293.0,134.0,3.7,7.0,360.7,0.34,1.4,0.68,0.0,10.0,,0.15,0.15,1.1,0.98,,per 100g,2026-07-01T04:14:08.471742Z,2026-07-01T04:14:08.471742Z,2,0.913,
tkpi_0272,"Kacang mete/biji jambu monyet, segar (Cashew nut, mentah)","kacang mete/biji jambu monyet, segar (cashew nut, mentah)",TKPI,https://www.panganku.org/id-ID/view,Kacang-Kacangan,kacang-kacangan,4.6,616.0,16.3,48.4,28.7,0.9,2.0,26.0,521.0,3.8,26.0,692.0,4.7,4.1,3.52368,5.0,26.74198,,0.64,0.03,0.0,0.32,,per 100g,2026-07-01T04:14:08.471742Z,2026-07-01T04:14:08.471742Z,2,0.913,
tkpi_0273,"Kacang panjang, biji, kering (Yardlong bean, seeded, dried)","kacang panjang, biji, kering (yardlong bean, seeded, dried)",TKPI,https://www.panganku.org/id-ID/view,Kacang-Kacangan,kacang-kacangan,12.2,357.0,17.3,1.5,68.6,10.6,0.4,163.0,437.0,6.9,16.0,1.109,0.35,2.8,0.0,2.182,41.97664,,0.57,0.98,7.1,2.0,,per 100g,2026-07-01T04:14:08.471742Z,2026-07-01T04:14:08.471742Z,2,0.913,
tkpi_0274,"Kacang tanah sangan (Groundnut, baked)","kacang tanah sangan (groundnut, baked)",TKPI,https://www.panganku.org/id-ID/view,Kacang-Kacangan,kacang-kacangan,1.2,560.0,29.5,43.0,24.1,2.9,2.2,107.0,366.0,4.1,34.0,509.8,1.69,2.1,5.490960000000001,0.0,21.18714,,0.31,0.3,15.5,1.34,,per 100g,2026-07-01T04:14:08.471742Z,2026-07-01T04:14:08.471742Z,2,0.913,
tkpi_0275,"Kacang tanah sangan tanpa selaput (Groundnut, baked without husk)","kacang tanah sangan tanpa selaput (groundnut, baked without husk)",TKPI,https://www.panganku.org/id-ID/view,Kacang-Kacangan,kacang-kacangan,2.6,559.0,26.9,44.2,23.6,2.6,2.7,74.0,393.0,1.9,33.0,202.3,520.4,1.7,0.0,0.0,86.8209,,0.3,29.47,8.0,0.0,,per 100g,2026-07-01T04:14:08.471742Z,2026-07-01T04:14:08.471742Z,2,0.913,
tkpi_0276,"Kacang tanah, kering (Groundnut, dried)","kacang tanah, kering (groundnut, dried)",TKPI,https://www.panganku.org/id-ID/view,Kacang-Kacangan,kacang-kacangan,9.6,525.0,27.9,42.7,17.4,2.4,2.4,316.0,456.0,5.7,31.0,466.5,1.55,1.9,0.7818200000000001,0.0,30.0,,0.44,0.27,1.4,0.14,,per 100g,2026-07-01T04:14:08.471742Z,2026-07-01T04:14:08.471742Z,2,0.913,
tkpi_0277,"Kacang tolo / tunggak, kering (Cowpea, dried)","kacang tolo / tunggak, kering (cowpea, dried)",TKPI,https://www.panganku.org/id-ID/view,Kacang-Kacangan,kacang-kacangan,13.5,331.0,24.4,1.9,56.6,1.6,3.6,481.0,399.0,13.9,15.0,7.8,1.03,5.9,0.4311799999999999,65.0,38.38775999999999,,0.06,0.2,4.3,1.22,,per 100g,2026-07-01T04:14:08.471742Z,2026-07-01T04:14:08.471742Z,2,0.913,
tkpi_0278,"Kacang tunis, kering","kacang tunis, kering",TKPI,https://www.panganku.org/id-ID/view,Kacang-Kacangan,kacang-kacangan,10.5,351.0,12.2,1.2,72.9,29.5,3.2,120.0,220.0,6.9,1.0,0.0,1.4,2.9,349.52,199.7835,618.0268,,0.57,0.13,2.5,2.34,,per 100g,2026-07-01T04:14:08.471742Z,2026-07-01T04:14:08.471742Z,2,0.913,
tkpi_0279,"Kacang uci, kering","kacang uci, kering",TKPI,https://www.panganku.org/id-ID/view,Kacang-Kacangan,kacang-kacangan,9.9,358.0,23.4,2.4,60.6,7.4,3.7,269.0,264.0,0.5,13.0,1.457,0.35,1.7079999999999995,1.90472,20.0,35.242,,0.1,0.2,2.5,2.0,,per 100g,2026-07-01T04:14:08.471742Z,2026-07-01T04:14:08.471742Z,2,0.913,
tkpi_0280,"Kacang urei, kering (Rice bean )","kacang urei, kering (rice bean )",TKPI,https://www.panganku.org/id-ID/view,Kacang-Kacangan,kacang-kacangan,12.8,354.0,12.8,1.8,69.3,26.1,3.3,220.0,220.0,5.1,1.0,0.0,0.7,3.1,400.28,154.8542,567.16,,0.55,0.05,3.5,2.76,,per 100g,2026-07-01T04:14:08.471742Z,2026-07-01T04:14:08.471742Z,2,0.913,
tkpi_0281,"Kenari banda, kering (Walnut, banda, dried)","kenari banda, kering (walnut, banda, dried)",TKPI,https://www.panganku.org/id-ID/view,Kacang-Kacangan,kacang-kacangan,13.0,616.0,13.9,56.2,13.7,5.963999999999998,3.2,0.0,380.0,1.4,11.0,460.0,1.1,3.2,680.58,90.0,574.232,,0.83,0.08,0.5,3.84,,per 100g,2026-07-01T04:14:08.471742Z,2026-07-01T04:14:08.471742Z,2,0.913,
tkpi_0282,"Kenari, kering (Walnut, dried)","kenari, kering (walnut, dried)",TKPI,https://www.panganku.org/id-ID/view,Kacang-Kacangan,kacang-kacangan,3.0,657.0,15.0,66.0,13.0,3.688,3.0,92.0,691.0,7.7,3.0,505.8,0.97,3.0,0.0,44.4513,88.41741999999998,,0.42,0.09,0.5,0.0,,per 100g,2026-07-01T04:14:08.471742Z,2026-07-01T04:14:08.471742Z,2,0.913,
tkpi_0283,"Komak polong, segar (Hyacinth bean)","komak polong, segar (hyacinth bean)",TKPI,https://www.panganku.org/id-ID/view,Kacang-Kacangan,kacang-kacangan,74.3,99.0,3.3,0.1,21.2,10.3,1.1,50.0,99.0,13.1,15.0,567.0,0.2,0.6,0.0,5.0,86.62812,,0.13,0.03,0.2,26.2,,per 100g,2026-07-01T04:14:08.471742Z,2026-07-01T04:14:08.471742Z,2,0.913,
tkpi_0284,"Koro andong, kering (Jack bean, dried)","koro andong, kering (jack bean, dried)",TKPI,https://www.panganku.org/id-ID/view,Kacang-Kacangan,kacang-kacangan,10.8,356.0,20.5,4.1,61.6,7.0,3.0,150.0,272.0,6.2,18.0,301.8,0.73,2.8,0.38094,0.0,10.36394,,0.29,0.02,1.4,1.0,,per 100g,2026-07-01T04:14:08.471742Z,2026-07-01T04:14:08.471742Z,2,0.913,
tkpi_0285,"Koro benguk, biji, kering (Hyacinth bean, seaded,dried)","koro benguk, biji, kering (hyacinth bean, seaded,dried)",TKPI,https://www.panganku.org/id-ID/view,Kacang-Kacangan,kacang-kacangan,15.0,332.0,24.0,3.0,55.0,5.6,3.0,30.0,200.0,2.0,42.0,389.2,1.25,8.7,0.12,0.0,70.0,,0.3,0.12,1.7,0.0,,per 100g,2026-07-01T04:14:08.471742Z,2026-07-01T04:14:08.471742Z,2,0.913,
tkpi_0286,"Koro kerupuk, biji, segar (Hyacinth bean, seeded, fresh)","koro kerupuk, biji, segar (hyacinth bean, seeded, fresh)",TKPI,https://www.panganku.org/id-ID/view,Kacang-Kacangan,kacang-kacangan,67.2,125.0,8.3,0.7,22.1,2.2,1.7,17.0,12.0,2.7,16.0,150.3,0.48,3.4,0.68,0.0,80.0,,0.11,0.04,1.1,31.0,,per 100g,2026-07-01T04:14:08.471742Z,2026-07-01T04:14:08.471742Z,2,0.913,
tkpi_0287,"Koro loke, biji, segar","koro loke, biji, segar",TKPI,https://www.panganku.org/id-ID/view,Kacang-Kacangan,kacang-kacangan,88.6,33.0,2.7,0.2,7.9,3.5,0.6,60.0,40.0,2.0,2.0,38.6,0.09,0.4,0.0,0.0,40.0,,0.1,0.0,0.2,0.0,,per 100g,2026-07-01T04:14:08.471742Z,2026-07-01T04:14:08.471742Z,2,0.913,
tkpi_0288,"Koro roay, kering (Lima bean, dried)","koro roay, kering (lima bean, dried)",TKPI,https://www.panganku.org/id-ID/view,Kacang-Kacangan,kacang-kacangan,13.0,344.0,12.5,2.1,69.4,7.5,3.0,70.0,103.0,4.4,18.0,294.3,0.72,2.7,0.12,0.0,28.0,,0.11,0.21,1.4,1.0,,per 100g,2026-07-01T04:14:08.471742Z,2026-07-01T04:14:08.471742Z,2,0.913,
tkpi_0289,"Koro wedus, biji, kering (Hyacinth bean)","koro wedus, biji, kering (hyacinth bean)",TKPI,https://www.panganku.org/id-ID/view,Kacang-Kacangan,kacang-kacangan,11.8,338.0,22.2,1.5,61.0,5.8,3.5,88.0,395.0,3.5,43.0,403.8,1.3,9.1,0.0,0.0,38.414939999999994,,0.62,0.12,1.8,0.0,,per 100g,2026-07-01T04:14:08.471742Z,2026-07-01T04:14:08.471742Z,2,0.913,
tkpi_0290,"Lamtoro biji, muda, segar (White leadtree, inmature, fresh)","lamtoro biji, muda, segar (white leadtree, inmature, fresh)",TKPI,https://www.panganku.org/id-ID/view,Kacang-Kacangan,kacang-kacangan,77.4,85.0,5.7,0.3,15.4,10.8,1.2,180.0,53.0,2.7,35.0,485.7,0.02,1.4,319.62606,0.0,423.0,,0.08,1.15,1.0,15.0,,per 100g,2026-07-01T04:14:08.471742Z,2026-07-01T04:14:08.471742Z,2,0.913,
tkpi_0291,"Lamtoro biji, tua, segar (White leadtree, mature, fresh)","lamtoro biji, tua, segar (white leadtree, mature, fresh)",TKPI,https://www.panganku.org/id-ID/view,Kacang-Kacangan,kacang-kacangan,61.4,148.0,10.6,0.5,26.2,17.0,1.3,155.0,59.0,2.2,28.0,628.5,0.03,2.4,370.42,82.24482,416.0,,0.23,0.49,2.8,20.0,,per 100g,2026-07-01T04:14:08.471742Z,2026-07-01T04:14:08.471742Z,2,0.913,
tkpi_0292,Lamtoro var. gung tanpa kulit (White leadtree),lamtoro var. gung tanpa kulit (white leadtree),TKPI,https://www.panganku.org/id-ID/view,Kacang-Kacangan,kacang-kacangan,10.2,367.0,46.4,5.4,32.5,2.6,4.4,136.0,441.0,23.3,65.0,1.462,0.07,5.6,7.314220000000001,115.1215,18.9,,0.06,1.15,1.0,9.0,,per 100g,2026-07-01T04:14:08.471742Z,2026-07-01T04:14:08.471742Z,2,0.913,
tkpi_0293,Lamtoro var. lokal dengan kulit (White leadtree),lamtoro var. lokal dengan kulit (white leadtree),TKPI,https://www.panganku.org/id-ID/view,Kacang-Kacangan,kacang-kacangan,13.5,336.0,23.8,1.2,59.7,15.4,1.8,867.0,321.0,1.5,134.0,1.858,0.07,5.4,173.54312000000004,177.64457999999996,321.0,,0.15,1.34,0.9,16.0,,per 100g,2026-07-01T04:14:08.471742Z,2026-07-01T04:14:08.471742Z,2,0.913,
tkpi_0294,"Nangka, biji, segar (Jackfruit, seed, fresh)","nangka, biji, segar (jackfruit, seed, fresh)",TKPI,https://www.panganku.org/id-ID/view,Kacang-Kacangan,kacang-kacangan,57.7,165.0,4.2,0.1,36.7,1.8,1.3,33.0,200.0,1.0,69.0,179.0,0.12,0.2,0.0,0.0,38.85914,,0.2,0.03,1.4,10.0,,per 100g,2026-07-01T04:14:08.471742Z,2026-07-01T04:14:08.471742Z,2,0.913,
tkpi_0295,"Saga merah terkupas, kering (Red sandalwood, peeled)","saga merah terkupas, kering (red sandalwood, peeled)",TKPI,https://www.panganku.org/id-ID/view,Kacang-Kacangan,kacang-kacangan,8.1,449.0,30.6,25.5,31.9,3.5,3.9,1.062,161.0,14.2,66.0,1.496,0.07,5.7,35.97288,80.52604000000001,107.0,,0.09,1.5,10.9,7.0,,per 100g,2026-07-01T04:14:08.471742Z,2026-07-01T04:14:08.471742Z,2,0.913,
tkpi_0296,"Wijen, kering (Sesame seed)","wijen, kering (sesame seed)",TKPI,https://www.panganku.org/id-ID/view,Kacang-Kacangan,kacang-kacangan,5.8,568.0,19.3,51.1,18.1,3.6,5.8,1.125,614.0,9.5,18.0,303.7,4.16,7.9,2.6573,15.0,61.0348,,0.93,0.2,5.7,0.0,,per 100g,2026-07-01T04:14:08.471742Z,2026-07-01T04:14:08.471742Z,2,0.913,
tkpi_0297,"Kacang belimbing, rebus","kacang belimbing, rebus",TKPI,https://www.panganku.org/id-ID/view,Kacang-Kacangan,kacang-kacangan,55.6,204.0,16.9,8.8,17.5,4.8,1.2,230.0,180.0,3.3,43.0,1.098,3.24,2.3,0.48578,27.36068,65.824,,0.2,0.48,0.7,6.82,,per 100g,2026-07-01T04:14:08.471742Z,2026-07-01T04:14:08.471742Z,2,0.913,
tkpi_0298,"Kacang bogor, goreng","kacang bogor, goreng",TKPI,https://www.panganku.org/id-ID/view,Kacang-Kacangan,kacang-kacangan,3.0,479.0,12.7,23.2,58.9,1.2,2.2,135.0,184.0,2.9,680.91996,321.82081999999997,0.6362000000000001,2.305999999999999,108.96682,102.68,92.87752,,0.25,0.45,4.1,0.02,,per 100g,2026-07-01T04:14:08.471742Z,2026-07-01T04:14:08.471742Z,2,0.913,
tkpi_0299,"Kacang bogor, rebus","kacang bogor, rebus",TKPI,https://www.panganku.org/id-ID/view,Kacang-Kacangan,kacang-kacangan,61.2,161.0,7.7,2.8,27.1,2.0,1.2,56.0,134.0,1.4,52.06486,223.07652,0.2247999999999999,0.998,0.0,0.0,0.2,,0.1,0.0902,0.7979999999999999,0.02,,per 100g,2026-07-01T04:14:08.471742Z,2026-07-01T04:14:08.471742Z,2,0.913,
tkpi_0300,"Kacang gude, rebus","kacang gude, rebus",TKPI,https://www.panganku.org/id-ID/view,Kacang-Kacangan,kacang-kacangan,61.5,147.0,9.0,0.5,27.5,3.4,1.5,50.0,175.0,2.0,14.0,1.126,0.8,2.7,1.36,12.0,15.029560000000002,,0.1,0.07,13.2,14.68,,per 100g,2026-07-01T04:14:08.471742Z,2026-07-01T04:14:08.471742Z,2,0.913,
tkpi_0301,"kacang hijau, rebus","kacang hijau, rebus",TKPI,https://www.panganku.org/id-ID/view,Kacang-Kacangan,kacang-kacangan,71.3,109.0,8.7,0.5,18.3,1.5,1.2,95.0,149.0,1.5,447.0,657.8,1.4,2.8,52.74402,18.0,120.0,,0.12,0.04,0.4,3.0,,per 100g,2026-07-01T04:14:08.471742Z,2026-07-01T04:14:08.471742Z,2,0.913,
tkpi_0302,"Kacang kedelai, goreng","kacang kedelai, goreng",TKPI,https://www.panganku.org/id-ID/view,Kacang-Kacangan,kacang-kacangan,9.6,521.0,32.2,37.7,22.9,7.6,3.7,296.0,800.0,6.5,3.492,11.89,26.3,60.0,40.9949,54.083279999999995,20.0,,0.4,1.9,19.0,38.36,,per 100g,2026-07-01T04:14:08.471742Z,2026-07-01T04:14:08.471742Z,2,0.913,
tkpi_0303,"Kacang kedelai, rebus","kacang kedelai, rebus",TKPI,https://www.panganku.org/id-ID/view,Kacang-Kacangan,kacang-kacangan,56.8,189.0,20.2,8.2,12.7,1.6,2.1,91.0,270.0,3.9,181.0,615.0,1.3,3.7,7.392060000000002,4.0,15.0,,0.2,0.04,0.5,0.0,,per 100g,2026-07-01T04:14:08.471742Z,2026-07-01T04:14:08.471742Z,2,0.913,
tkpi_0304,"Kacang merah kering, rebus","kacang merah kering, rebus",TKPI,https://www.panganku.org/id-ID/view,Kacang-Kacangan,kacang-kacangan,59.6,158.0,10.3,0.9,28.2,2.6,1.0,160.0,149.0,3.7,6.0,311.0,0.27,1.5,6.78,0.1329,3.0694600000000003,,0.2,0.09,0.8,1.9,,per 100g,2026-07-01T04:14:08.471742Z,2026-07-01T04:14:08.471742Z,2,0.913,
tkpi_0305,"Kacang merah segar, rebus","kacang merah segar, rebus",TKPI,https://www.panganku.org/id-ID/view,Kacang-Kacangan,kacang-kacangan,63.1,144.0,10.0,1.0,24.7,3.5,1.2,144.0,150.0,2.8,6.0,311.0,0.27,1.5,0.52,0.0,11.35372,,0.1,0.08,0.7,10.18,,per 100g,2026-07-01T04:14:08.471742Z,2026-07-01T04:14:08.471742Z,2,0.913,
tkpi_0306,"Kacang mete/biji jambu monyet, goreng","kacang mete/biji jambu monyet, goreng",TKPI,https://www.panganku.org/id-ID/view,Kacang-Kacangan,kacang-kacangan,1.0,629.0,20.4,56.3,19.8,1.1,2.5,502.0,493.0,8.0,13.0,641.7,4.7,5.4,1.07372,5.0,33.862899999999996,,0.37,0.22,1.8,1.78,,per 100g,2026-07-01T04:14:08.471742Z,2026-07-01T04:14:08.471742Z,2,0.913,
tkpi_0307,Kacang tanah rebus dg kulit,kacang tanah rebus dg kulit,TKPI,https://www.panganku.org/id-ID/view,Kacang-Kacangan,kacang-kacangan,40.2,360.0,13.5,31.2,12.8,3.120000000000001,2.3,42.0,177.0,1.4,32.0,483.0,1.6,2.0,0.0,1.9070799999999997,9.215000000000002,,0.44,0.13,9.0,5.0,,per 100g,2026-07-01T04:14:08.471742Z,2026-07-01T04:14:08.471742Z,2,0.913,
tkpi_0308,"Kacang tanah, goreng","kacang tanah, goreng",TKPI,https://www.panganku.org/id-ID/view,Kacang-Kacangan,kacang-kacangan,2.5,564.0,25.5,44.4,25.5,2.8,2.8,106.0,390.0,4.1,36.067440000000005,452.1050399999997,1.5486000000000002,2.2079999999999997,0.4967,10.18,12.150260000000005,,0.4,0.295,6.312000000000003,0.0,,per 100g,2026-07-01T04:14:08.471742Z,2026-07-01T04:14:08.471742Z,2,0.913,
tkpi_0309,"Kacang tanah, rebus","kacang tanah, rebus",TKPI,https://www.panganku.org/id-ID/view,Kacang-Kacangan,kacang-kacangan,62.1,220.0,10.6,18.0,8.0,1.0,1.3,89.0,273.0,1.9,36.0,536.2,1.78,2.2,0.86964,0.23548,4.4799799999999985,,0.1,0.2261999999999998,2.0060000000000007,0.0,,per 100g,2026-07-01T04:14:08.471742Z,2026-07-01T04:14:08.471742Z,2,0.913,
tkpi_0310,"Kacang tolo, rebus","kacang tolo, rebus",TKPI,https://www.panganku.org/id-ID/view,Kacang-Kacangan,kacang-kacangan,64.4,138.0,10.7,1.1,22.6,0.9,1.2,165.0,172.0,4.0,13.0,6.7,0.8,6.1,306.12,274.21798,599.47988,,0.01,0.17,3.2,35.62,,per 100g,2026-07-01T04:14:08.471742Z,2026-07-01T04:14:08.471742Z,2,0.913,
tkpi_0311,Ampas kacang hijau,ampas kacang hijau,TKPI,https://www.panganku.org/id-ID/view,Kacang-Kacangan,kacang-kacangan,70.6,96.0,3.7,0.6,19.1,2.7,0.6,133.0,150.0,1.3,10.78,286.546,0.2387999999999999,0.7100000000000003,0.0,1.0598599999999998,2.89022,,0.05,0.0692,0.442,10.2,,per 100g,2026-07-01T04:14:08.471742Z,2026-07-01T04:14:08.471742Z,2,0.913,
tkpi_0312,"Ampas tahu, mentah","ampas tahu, mentah",TKPI,https://www.panganku.org/id-ID/view,Kacang-Kacangan,kacang-kacangan,84.1,67.0,5.0,2.1,8.1,4.1,0.6,460.0,88.0,1.0,8.0,184.5,0.17,0.5,2.28,0.0,12.02574,,0.06,0.02,0.1,12.24,,per 100g,2026-07-01T04:14:08.471742Z,2026-07-01T04:14:08.471742Z,2,0.913,
tkpi_0313,Ampas tahu kukus,ampas tahu kukus,TKPI,https://www.panganku.org/id-ID/view,Kacang-Kacangan,kacang-kacangan,82.5,75.0,4.1,2.1,10.7,5.1,0.6,203.0,60.0,1.3,48.453140000000005,208.21146,0.2343999999999999,0.72,0.0,0.0,10.96904,,0.07,0.0972,0.7060000000000001,20.28,,per 100g,2026-07-01T04:14:08.471742Z,2026-07-01T04:14:08.471742Z,2,0.913,
tkpi_0314,"Ampas tahu, kering","ampas tahu, kering",TKPI,https://www.panganku.org/id-ID/view,Kacang-Kacangan,kacang-kacangan,9.0,414.0,26.6,18.3,41.3,0.0,5.8,19.0,29.0,4.0,45.0,1.055,0.99,2.8,0.0,24.0,65.1076,,0.2,0.1,0.5,0.0,,per 100g,2026-07-01T04:14:08.471742Z,2026-07-01T04:14:08.471742Z,2,0.913,
tkpi_0315,Pepea oncom ampas tahu,pepea oncom ampas tahu,TKPI,https://www.panganku.org/id-ID/view,Kacang-Kacangan,kacang-kacangan,80.9,76.0,5.2,1.8,10.6,2.2,1.5,215.0,66.0,12.5,235.28044000000003,253.58094,0.2965999999999999,0.7600000000000002,70.08,74.34536000000001,268.0,,0.11,0.1117999999999999,1.2140000000000004,11.26,,per 100g,2026-07-01T04:14:08.471742Z,2026-07-01T04:14:08.471742Z,2,0.913,
tkpi_0316,Bungkil biji karet,bungkil biji karet,TKPI,https://www.panganku.org/id-ID/view,Kacang-Kacangan,kacang-kacangan,12.0,333.0,29.3,3.3,50.0,5.047999999999999,29.4,102.0,660.0,12.0,104.66508,295.1868400000001,1.195,4.575999999999999,0.0,30.281640000000003,45.31643999999999,,0.1,0.1962,5.350000000000001,0.0,,per 100g,2026-07-01T04:14:08.471742Z,2026-07-01T04:14:08.471742Z,2,0.913,
tkpi_0317,Bungkil kacang tanah,bungkil kacang tanah,TKPI,https://www.panganku.org/id-ID/view,Kacang-Kacangan,kacang-kacangan,14.0,336.0,37.4,13.0,30.5,7.700000000000001,33.1,730.0,470.0,30.7,246.49648,387.41847999999993,1.6074000000000002,5.7219999999999995,0.0,64.87100000000001,65.66162,,0.04,0.9498,16.911999999999995,50.72,,per 100g,2026-07-01T04:14:08.471742Z,2026-07-01T04:14:08.471742Z,2,0.913,
tkpi_0318,Bungkil kelapa,bungkil kelapa,TKPI,https://www.panganku.org/id-ID/view,Kacang-Kacangan,kacang-kacangan,16.0,368.0,23.0,15.0,40.0,7.784000000000003,38.0,137.0,433.0,41.5,203.73648,367.81804000000005,1.5952000000000002,4.984,0.0,55.859480000000005,44.29748000000001,,0.0,0.46,8.9,8.08,,per 100g,2026-07-01T04:14:08.471742Z,2026-07-01T04:14:08.471742Z,2,0.913,
tkpi_0319,Dodol banjarmasin,dodol banjarmasin,TKPI,https://www.panganku.org/id-ID/view,Kacang-Kacangan,kacang-kacangan,17.3,368.0,2.6,8.6,70.0,0.5,1.5,51.0,180.0,3.3,48.0,96.0,0.4,2.6,0.0,0.0,0.0,,0.04,0.07,2.3,0.0,,per 100g,2026-07-01T04:14:08.471742Z,2026-07-01T04:14:08.471742Z,2,0.913,"Nama lainnya adalah Dodol kandangan. Bahan dasar terdiri dari Gula pasir, agar-agar, susu kental manis, santan, kacang tanah"
tkpi_0320,Emping (kerupuk melinjo),emping (kerupuk melinjo),TKPI,https://www.panganku.org/id-ID/view,Kacang-Kacangan,kacang-kacangan,13.0,345.0,12.0,1.5,71.5,7.007999999999998,28.0,100.0,400.0,5.0,70.2151,184.28824000000003,0.8574,2.648,3.3247199999999997,0.754,7.652620000000001,,0.2,0.1893999999999999,5.332000000000001,0.0,,per 100g,2026-07-01T04:14:08.471742Z,2026-07-01T04:14:08.471742Z,2,0.913,"Bahan dasar terdiri dari biji melinjo dihaluskan, dicetak, dijemur dan digoreng"
tkpi_0321,Emping komak,emping komak,TKPI,https://www.panganku.org/id-ID/view,Kacang-Kacangan,kacang-kacangan,14.2,355.0,17.8,4.6,60.7,6.018000000000001,2.7,87.0,304.0,4.3,24.0,1.233,1.0,2.3,4.72,0.0,5.290179999999999,,0.2075999999999999,0.1482,0.6,0.78,,per 100g,2026-07-01T04:14:08.471742Z,2026-07-01T04:14:08.471742Z,2,0.913,Seperti emping melinjo namun berbahan dasar kacang komak. Khas lombok.
tkpi_0322,Enting-enting gepuk hello kity,enting-enting gepuk hello kity,TKPI,https://www.panganku.org/id-ID/view,Kacang-Kacangan,kacang-kacangan,2.4,538.0,13.6,30.3,52.6,0.2,1.0,81.0,248.0,1.6,95.94718,433.04136,1.3740000000000003,2.8239999999999994,0.0,143.67334,202.0,,1.0,0.2517999999999999,4.661999999999998,0.0,,per 100g,2026-07-01T04:14:08.471742Z,2026-07-01T04:14:08.471742Z,2,0.913,"Kacang tanah yang telah dipanaskan dalam cairan gula kental, digepuk di atas landasan batu. Berbentuk empat persegi panjang setebal 15 cm"
tkpi_0323,Enting-enting gepuk kacang tanah,enting-enting gepuk kacang tanah,TKPI,https://www.panganku.org/id-ID/view,Kacang-Kacangan,kacang-kacangan,4.2,524.0,13.3,29.2,52.0,0.2,1.4,76.0,248.0,1.4,99.02348,360.00118000000003,1.0324000000000002,2.392,0.0,130.1582,272.0,,0.62,0.2539999999999999,2.8239999999999994,0.0,,per 100g,2026-07-01T04:14:08.471742Z,2026-07-01T04:14:08.471742Z,2,0.913,
tkpi_0324,Enting-enting wijen,enting-enting wijen,TKPI,https://www.panganku.org/id-ID/view,Kacang-Kacangan,kacang-kacangan,3.7,565.0,18.2,38.4,36.8,1.9,3.0,251.0,502.0,10.9,106.0695,434.24172,2.2030599999999994,4.002,0.0,180.64,240.0,,0.92,0.2337999999999999,4.559999999999999,0.0,,per 100g,2026-07-01T04:14:08.471742Z,2026-07-01T04:14:08.471742Z,2,0.913,
tkpi_0325,Geplak,geplak,TKPI,https://www.panganku.org/id-ID/view,Kacang-Kacangan,kacang-kacangan,29.6,350.0,1.4,14.4,53.6,1.8,1.0,151.0,43.0,2.1,123.29656,144.71988,0.2033999999999999,0.7319999999999999,0.0,76.14,120.0,,0.12,0.02,0.8,0.0,,per 100g,2026-07-01T04:14:08.471742Z,2026-07-01T04:14:08.471742Z,2,0.913,Parutan kelapa kasar dengan gula pasir
tkpi_0326,Geplak jahe,geplak jahe,TKPI,https://www.panganku.org/id-ID/view,Kacang-Kacangan,kacang-kacangan,12.4,462.0,3.1,24.4,57.7,3.3,2.5,212.0,161.0,6.6,175.45006,219.65506,0.5726,1.114,0.0,142.94,272.0,,0.12,0.0,0.1,0.0,,per 100g,2026-07-01T04:14:08.471742Z,2026-07-01T04:14:08.471742Z,2,0.913,Parutan kelapa kasar dengan gula pasir dan jahe
tkpi_0327,Kacang atom,kacang atom,TKPI,https://www.panganku.org/id-ID/view,Kacang-Kacangan,kacang-kacangan,3.1,533.0,27.8,38.1,28.8,2.5,2.2,87.0,423.0,3.0,43.565439999999995,473.36825999999985,1.0240000000000002,2.733999999999999,0.6755800000000001,8.92,0.0,,0.06,0.2105999999999999,4.962,0.0,,per 100g,2026-07-01T04:14:08.471742Z,2026-07-01T04:14:08.471742Z,2,0.913,Bahan dasar terdiri dari kacang tanah kupas yang dibalur telur dan terigu kemudian digoreng
tkpi_0328,Kacang goyang,kacang goyang,TKPI,https://www.panganku.org/id-ID/view,Kacang-Kacangan,kacang-kacangan,8.3,516.0,14.7,31.1,44.4,4.555999999999999,1.5,34.0,230.0,0.7,2.0,365.0,0.6,1.7,356.54,94.15332,562.638,,0.4024,0.2037999999999999,2.606,2.18,,per 100g,2026-07-01T04:14:08.471742Z,2026-07-01T04:14:08.471742Z,2,0.913,Bahan dasar terdiri dari Kacang tanah digoyang di bawah lelehan gula yang telah di beri pewarna untuk membuat kacang goyang menjadi berwarna warni.
tkpi_0329,Kacang negara,kacang negara,TKPI,https://www.panganku.org/id-ID/view,Kacang-Kacangan,kacang-kacangan,3.1,480.0,18.4,19.1,58.5,11.7,0.9,34.0,404.0,10.3,1.01,385.0,2.5,7.1,649.72,159.93902000000003,547.9119999999999,,0.63,0.05,2.6,4.1,,per 100g,2026-07-01T04:14:08.471742Z,2026-07-01T04:14:08.471742Z,2,0.913,
tkpi_0330,Kacang sukro,kacang sukro,TKPI,https://www.panganku.org/id-ID/view,Kacang-Kacangan,kacang-kacangan,4.7,484.0,8.8,26.1,57.7,1.8,2.7,49.0,194.0,2.5,65.08824,232.4404,0.5820000000000001,1.546,0.27974,0.27496,0.0,,0.06,0.1462,2.9899999999999993,0.0,,per 100g,2026-07-01T04:14:08.471742Z,2026-07-01T04:14:08.471742Z,2,0.913,"Kacang atom dengan merk dagang ""sukro"""
tkpi_0331,Kacang tanah sari,kacang tanah sari,TKPI,https://www.panganku.org/id-ID/view,Kacang-Kacangan,kacang-kacangan,2.1,561.0,25.5,43.8,26.0,2.2,2.6,50.0,324.0,3.1,44.62608,456.258,1.0058,2.9539999999999997,0.5455200000000001,12.0,0.0,,0.08,0.2013999999999999,6.628000000000002,0.0,,per 100g,2026-07-01T04:14:08.471742Z,2026-07-01T04:14:08.471742Z,2,0.913,
tkpi_0332,Keju kacang tanah (peanut butter),keju kacang tanah (peanut butter),TKPI,https://www.panganku.org/id-ID/view,Kacang-Kacangan,kacang-kacangan,3.0,590.0,27.0,49.0,20.9,1.6,0.1,60.0,360.0,2.0,355.0,492.4,0.57,2.7,0.0,0.0,49.54534,,0.3,0.2,16.2,0.0,,per 100g,2026-07-01T04:14:08.471742Z,2026-07-01T04:14:08.471742Z,2,0.913,Nama lainnya adalah selai kacang atau pindakaas. Bahan dasar kacang tanah yang dihaluskan dicampur dengan gula
tkpi_0333,Kembang tahu,kembang tahu,TKPI,https://www.panganku.org/id-ID/view,Kacang-Kacangan,kacang-kacangan,10.8,380.0,48.9,13.8,23.3,0.0,3.2,378.0,781.0,2.1,55.0,455.3,0.68,4.2,13.410500000000004,0.0,96.58622,,0.15,0.08,0.7,4.16,,per 100g,2026-07-01T04:14:08.471742Z,2026-07-01T04:14:08.471742Z,2,0.913,Produk sampingan proses perebusan kedelai yang diambil dari endapan yang terkumpul di permukaan air perebusan kedelai
tkpi_0334,Kembang tahu rebus,kembang tahu rebus,TKPI,https://www.panganku.org/id-ID/view,Kacang-Kacangan,kacang-kacangan,79.8,90.0,10.7,4.0,4.7,0.03,0.8,85.0,130.88,1.71,327.33094,235.952,0.2077999999999999,0.79,29.68,3.09738,1.2871,,0.1599999999999999,0.098,1.0380000000000005,0.0,,per 100g,2026-07-01T04:14:08.471742Z,2026-07-01T04:14:08.471742Z,2,0.913,
tkpi_0335,Keripik oncom,keripik oncom,TKPI,https://www.panganku.org/id-ID/view,Kacang-Kacangan,kacang-kacangan,3.0,598.0,8.3,43.8,42.6,3.3,2.2,85.0,153.0,27.0,567.99778,431.4567199999999,1.5565199999999997,2.5099999999999993,113.41364,62.15846,1.608,,1.13,0.5075999999999998,2.828000000000001,0.0,,per 100g,2026-07-01T04:14:08.471742Z,2026-07-01T04:14:08.471742Z,2,0.913,
tkpi_0336,Keripik tempe,keripik tempe,TKPI,https://www.panganku.org/id-ID/view,Kacang-Kacangan,kacang-kacangan,3.3,581.0,12.1,40.6,41.7,2.2,2.3,237.0,116.0,6.9,457.21532,399.9822400000001,1.0014000000000003,2.4360000000000004,174.38402000000002,75.83034,320.0,,0.35,0.3488,2.3339999999999996,0.0,,per 100g,2026-07-01T04:14:08.471742Z,2026-07-01T04:14:08.471742Z,2,0.913,
tkpi_0337,Keripik tempe abadi besar,keripik tempe abadi besar,TKPI,https://www.panganku.org/id-ID/view,Kacang-Kacangan,kacang-kacangan,4.5,556.0,15.8,37.1,39.8,3.5,2.8,112.0,215.0,5.4,731.78004,461.8450399999998,1.5239199999999995,2.264,117.13966,94.36246,0.0,,0.63,0.3373999999999999,4.5299999999999985,0.0,,per 100g,2026-07-01T04:14:08.471742Z,2026-07-01T04:14:08.471742Z,2,0.913,
tkpi_0338,Keripik tempe abadi murni,keripik tempe abadi murni,TKPI,https://www.panganku.org/id-ID/view,Kacang-Kacangan,kacang-kacangan,3.2,542.0,40.3,42.4,11.6,2.2,2.7,175.0,529.0,5.2,506.56004,470.7819599999999,1.5594,3.649999999999999,96.48804,155.28,50.0,,0.1,0.3288,1.66,0.0,,per 100g,2026-07-01T04:14:08.471742Z,2026-07-01T04:14:08.471742Z,2,0.913,
tkpi_0339,Keripik tempe abadi sedang,keripik tempe abadi sedang,TKPI,https://www.panganku.org/id-ID/view,Kacang-Kacangan,kacang-kacangan,4.4,510.0,12.3,27.9,52.4,3.6,3.1,122.0,211.0,8.4,51.86114,425.08001999999993,1.5815199999999996,2.548,0.17604,12.90242,0.0,,0.52,0.2142,4.941999999999998,0.0,,per 100g,2026-07-01T04:14:08.471742Z,2026-07-01T04:14:08.471742Z,2,0.913,
tkpi_0340,Keripik tempe abadi telur,keripik tempe abadi telur,TKPI,https://www.panganku.org/id-ID/view,Kacang-Kacangan,kacang-kacangan,4.5,529.0,20.8,31.7,40.2,3.0,2.9,124.0,222.0,5.4,732.00004,470.79923999999994,1.6266399999999992,2.51,127.65698,94.06246,0.0,,0.86,0.34,4.691999999999998,0.0,,per 100g,2026-07-01T04:14:08.471742Z,2026-07-01T04:14:08.471742Z,2,0.913,
tkpi_0341,Kerupik tempe abadi prima,kerupik tempe abadi prima,TKPI,https://www.panganku.org/id-ID/view,Kacang-Kacangan,kacang-kacangan,4.8,540.0,16.7,33.9,42.0,2.2,2.6,92.0,184.0,3.2,39.13328,429.88692,1.2834,2.398000000000001,0.41948,9.28332,1.08,,0.38,0.2116,2.7239999999999984,0.0,,per 100g,2026-07-01T04:14:08.471742Z,2026-07-01T04:14:08.471742Z,2,0.913,
tkpi_0342,Kwaci,kwaci,TKPI,https://www.panganku.org/id-ID/view,Kacang-Kacangan,kacang-kacangan,9.9,515.0,30.6,42.1,13.8,13.6,3.7,54.0,312.0,6.2,124.0,448.6,0.65,9.7,0.0,22.802000000000003,53.456900000000005,,0.02,0.19,0.3,0.0,,per 100g,2026-07-01T04:14:08.471742Z,2026-07-01T04:14:08.471742Z,2,0.913,
tkpi_0343,Melinjo emping tebal goreng manis,melinjo emping tebal goreng manis,TKPI,https://www.panganku.org/id-ID/view,Kacang-Kacangan,kacang-kacangan,5.6,439.0,10.0,16.4,65.7,1.6519999999999997,2.3,66.0,225.0,3.2779999999999996,47.133680000000005,260.08238,0.5026,1.51,0.99974,0.1908,0.0,,0.1,0.1974,2.897999999999999,0.0,,per 100g,2026-07-01T04:14:08.471742Z,2026-07-01T04:14:08.471742Z,2,0.913,
tkpi_0344,"Melinjo emping tebal, goreng asin","melinjo emping tebal, goreng asin",TKPI,https://www.panganku.org/id-ID/view,Kacang-Kacangan,kacang-kacangan,8.0,431.0,11.1,16.2,63.0,1.4039999999999997,1.6,77.0,201.48,3.3379999999999983,51.46152,255.59983999999997,0.474,1.486,0.43974,0.13496,0.0,,0.08,0.1651999999999999,2.847999999999999,0.0,,per 100g,2026-07-01T04:14:08.471742Z,2026-07-01T04:14:08.471742Z,2,0.913,
tkpi_0345,Melinjo emping tipis goreng,melinjo emping tipis goreng,TKPI,https://www.panganku.org/id-ID/view,Kacang-Kacangan,kacang-kacangan,3.3,485.0,11.5,24.5,59.1,1.5359999999999994,1.5,85.0,218.0,4.211999999999998,43.20784,325.8587200000001,0.6326000000000002,1.6739999999999997,0.27948,0.7,0.0,,0.11,0.2159999999999999,3.2839999999999994,0.0,,per 100g,2026-07-01T04:14:08.471742Z,2026-07-01T04:14:08.471742Z,2,0.913,
tkpi_0346,Moon tahu,moon tahu,TKPI,https://www.panganku.org/id-ID/view,Kacang-Kacangan,kacang-kacangan,79.9,128.0,8.0,10.0,1.3,0.2,0.8,205.0,92.0,2.5,393.0,217.88114,0.2681999999999999,1.126,131.0,12.84116,5.3,,0.46,0.1877999999999999,1.14,0.0,,per 100g,2026-07-01T04:14:08.471742Z,2026-07-01T04:14:08.471742Z,2,0.913,"Tumisan terdiri dari campuran tahu, telur, ayam, kaldu dan bahan-bahan lainnya dikentalkan dengan tepung sagu."
tkpi_0347,Oncom,oncom,TKPI,https://www.panganku.org/id-ID/view,Kacang-Kacangan,kacang-kacangan,57.0,187.0,13.0,6.0,22.6,2.5679999999999996,1.4,96.0,115.0,27.0,92.23496,249.0392400000001,0.5352,2.09,0.0,11.127140000000002,4.15608,,0.09,0.0,1.6,0.0,,per 100g,2026-07-01T04:14:08.471742Z,2026-07-01T04:14:08.471742Z,2,0.913,
tkpi_0348,Oncom ampas kacang hijau,oncom ampas kacang hijau,TKPI,https://www.panganku.org/id-ID/view,Kacang-Kacangan,kacang-kacangan,13.4,376.0,14.9,6.0,65.7,12.3,1.7,199.0,110.0,10.9,37.42826,255.10456,0.7189999999999998,3.826,0.14604,29.898200000000003,46.82706,,0.03,0.2737999999999999,1.982,1.6,,per 100g,2026-07-01T04:14:08.471742Z,2026-07-01T04:14:08.471742Z,2,0.913,
tkpi_0349,Oncom kacang hijau + singkong,oncom kacang hijau  singkong,TKPI,https://www.panganku.org/id-ID/view,Kacang-Kacangan,kacang-kacangan,16.5,351.0,11.0,5.3,65.9,9.0,1.3,164.0,113.0,7.8,48.248639999999995,244.39912000000004,0.7501999999999999,2.756,0.3,2.5022,8.94646,,0.01,0.2152,2.0,1.12,,per 100g,2026-07-01T04:14:08.471742Z,2026-07-01T04:14:08.471742Z,2,0.913,
tkpi_0350,Oncom kacang tanah pepes,oncom kacang tanah pepes,TKPI,https://www.panganku.org/id-ID/view,Kacang-Kacangan,kacang-kacangan,65.0,132.0,12.7,3.8,13.7,3.1,4.8,133.0,355.0,34.4,370.39532,318.3144,0.5964000000000002,1.8459999999999996,38.96,10.624879999999996,10.0,,0.08,0.2,0.7,0.0,,per 100g,2026-07-01T04:14:08.471742Z,2026-07-01T04:14:08.471742Z,2,0.913,
tkpi_0351,Rempeyek kacang tanah,rempeyek kacang tanah,TKPI,https://www.panganku.org/id-ID/view,Kacang-Kacangan,kacang-kacangan,3.9,513.0,17.5,32.5,44.3,1.7,1.8,65.0,202.0,2.6,45.09456,347.10223999999994,1.014,2.4960000000000004,0.51948,9.05188,0.0,,0.1,0.1649999999999999,4.663999999999999,0.0,,per 100g,2026-07-01T04:14:08.471742Z,2026-07-01T04:14:08.471742Z,2,0.913,Nama lainnya adalah peyek. Gorengan tipis renyah yang terdiri dari campuran  tepung beras dan kacang tanah
tkpi_0352,Rempeyek kacang tolo,rempeyek kacang tolo,TKPI,https://www.panganku.org/id-ID/view,Kacang-Kacangan,kacang-kacangan,6.1,451.0,11.2,20.2,59.7,1.8,2.8,156.0,221.0,4.6,60.446720000000006,271.37766000000005,0.6464000000000002,2.418,0.1357799999999999,0.13188,0.0,,0.02,0.223,3.075999999999999,0.0,,per 100g,2026-07-01T04:14:08.471742Z,2026-07-01T04:14:08.471742Z,2,0.913,Nama lainnya adalah peyek. Gorengan tipis renyah yang terdiri dari campuran  tepung beras dan kacang tolo
tkpi_0353,Rempeyek kacang uci,rempeyek kacang uci,TKPI,https://www.panganku.org/id-ID/view,Kacang-Kacangan,kacang-kacangan,4.0,497.0,17.0,27.6,50.8,2.4,3.4,166.0,89.0,6.7,565.1,372.8870800000001,1.1519999999999997,2.376,127.85608,24.026480000000003,0.0,,0.05,0.4094,2.9739999999999984,0.0,,per 100g,2026-07-01T04:14:08.471742Z,2026-07-01T04:14:08.471742Z,2,0.913,Nama lainnya adalah peyek. Gorengan tipis renyah  yang terdiri dari campuran  tepung beras dan kacang uci
tkpi_0354,Sayur lebui,sayur lebui,TKPI,https://www.panganku.org/id-ID/view,Kacang-Kacangan,kacang-kacangan,83.9,64.0,2.1,0.6,12.5,5.7,0.9,21.0,2.0,1.0,124.0,146.0,0.2,0.7,8.67092,14.0,75.60164,,0.5869999999999999,0.0,0.1,13.36,,per 100g,2026-07-01T04:14:08.471742Z,2026-07-01T04:14:08.471742Z,2,0.913,"Bahan dasar kedelai hitam yang direbus bersama labu kuning, belimbing wuluh, tomat, cabai dan santan."
tkpi_0355,"Saridele, bubuk","saridele, bubuk",TKPI,https://www.panganku.org/id-ID/view,Kacang-Kacangan,kacang-kacangan,3.0,344.0,30.0,20.0,43.0,6.2,4.0,450.0,500.0,4.0,56.0,2.572,2.99,4.0,3.33768,0.0,2.0,,0.7,0.16,2.0,10.0,,per 100g,2026-07-01T04:14:08.471742Z,2026-07-01T04:14:08.471742Z,2,0.913,
tkpi_0356,Susu kedelai,susu kedelai,TKPI,https://www.panganku.org/id-ID/view,Kacang-Kacangan,kacang-kacangan,87.0,41.0,3.5,2.5,5.0,0.2,2.0,50.0,45.0,0.7,128.0,287.9,0.12,1.0,8.34,117.25488,200.0,,0.08,0.05,0.7,2.0,,per 100g,2026-07-01T04:14:08.471742Z,2026-07-01T04:14:08.471742Z,2,0.913,
tkpi_0357,"Tahu, mentah","tahu, mentah",TKPI,https://www.panganku.org/id-ID/view,Kacang-Kacangan,kacang-kacangan,82.2,80.0,10.9,4.7,0.8,0.1,1.4,223.0,183.0,3.4,2.0,50.6,0.19,0.8,421.72,118.0,509.5558400000001,,0.01,0.08,0.1,17.88,,per 100g,2026-07-01T04:14:08.471742Z,2026-07-01T04:14:08.471742Z,2,0.913,
tkpi_0358,Tahu goreng,tahu goreng,TKPI,https://www.panganku.org/id-ID/view,Kacang-Kacangan,kacang-kacangan,77.3,115.0,9.7,8.5,2.5,0.1,2.0,229.0,200.0,4.1,7.0,68.2,0.09,1.3,9.96772,0.0,0.0,,0.01,0.24,0.0,0.0,,per 100g,2026-07-01T04:14:08.471742Z,2026-07-01T04:14:08.471742Z,2,0.913,
tkpi_0359,Tahu telur,tahu telur,TKPI,https://www.panganku.org/id-ID/view,Kacang-Kacangan,kacang-kacangan,41.8,328.0,12.6,19.9,24.6,0.4,1.1,492.0,238.0,4.9,755.0,240.6719,0.5518000000000002,1.904,73.0,33.9,1.86,,0.42,0.2542,2.904,0.0,,per 100g,2026-07-01T04:14:08.471742Z,2026-07-01T04:14:08.471742Z,2,0.913,
tkpi_0360,Takwa,takwa,TKPI,https://www.panganku.org/id-ID/view,Kacang-Kacangan,kacang-kacangan,72.2,148.0,13.8,8.5,4.0,0.0,1.6,140.0,214.0,8.5,3.0,79.0,0.3,1.3,174.06,415.54,920.0,,0.2,0.1,0.8,3.14,,per 100g,2026-07-01T04:14:08.471742Z,2026-07-01T04:14:08.471742Z,2,0.913,
tkpi_0361,Tauco,tauco,TKPI,https://www.panganku.org/id-ID/view,Kacang-Kacangan,kacang-kacangan,54.0,184.0,11.4,5.5,22.2,1.9,6.9,72.0,463.0,6.0,1.766,233.0,0.39,1.0,430.74,0.0,664.0,,0.32,0.2,0.8,0.0,,per 100g,2026-07-01T04:14:08.471742Z,2026-07-01T04:14:08.471742Z,2,0.913,"Biji kedelai  yang telah direbus, dihaluskan dan diaduk dengan tepung terigu kemudian difermentasi"
tkpi_0362,"Tauco cap beruang, cake","tauco cap beruang, cake",TKPI,https://www.panganku.org/id-ID/view,Kacang-Kacangan,kacang-kacangan,11.4,347.0,7.4,5.2,67.6,3.2,8.4,63.0,106.0,6.2,447.78626,178.34846000000005,0.5823600000000001,1.604,114.3,255.4862,936.0,,0.35,0.2753999999999998,11.718000000000002,0.0,,per 100g,2026-07-01T04:14:08.471742Z,2026-07-01T04:14:08.471742Z,2,0.913,
tkpi_0363,"Tauco cap DAS, cake","tauco cap das, cake",TKPI,https://www.panganku.org/id-ID/view,Kacang-Kacangan,kacang-kacangan,10.2,358.0,7.5,4.3,70.4,3.1,7.6,94.0,94.0,4.5,491.60302,266.20664,0.6988800000000004,1.596,155.18,182.88144,504.0,,0.29,0.2161999999999999,9.706,0.0,,per 100g,2026-07-01T04:14:08.471742Z,2026-07-01T04:14:08.471742Z,2,0.913,
tkpi_0364,Tauco cap meong,tauco cap meong,TKPI,https://www.panganku.org/id-ID/view,Kacang-Kacangan,kacang-kacangan,59.7,159.0,7.4,4.9,21.3,1.6,6.7,183.0,84.0,10.1,1.547,204.1,0.34,0.9,234.82,0.0,472.0,,0.46,0.18,0.7,0.0,,per 100g,2026-07-01T04:14:08.471742Z,2026-07-01T04:14:08.471742Z,2,0.913,
tkpi_0365,Tauji cap singa,tauji cap singa,TKPI,https://www.panganku.org/id-ID/view,Kacang-Kacangan,kacang-kacangan,30.4,277.0,9.1,4.7,49.6,1.2,6.2,68.0,106.0,3.0,326.74842,128.85502000000002,0.2825999999999999,1.824,34.68,314.3382,936.0,,0.15,0.1686,2.014,0.0,,per 100g,2026-07-01T04:14:08.471742Z,2026-07-01T04:14:08.471742Z,2,0.913,
tkpi_0366,Tempe bongkrek,tempe bongkrek,TKPI,https://www.panganku.org/id-ID/view,Kacang-Kacangan,kacang-kacangan,72.5,119.0,4.4,3.5,18.3,2.3760000000000003,146.3,27.0,100.0,2.6,76.31824,301.45252,0.3143999999999999,1.3939999999999997,0.0,12.03962,3.28694,,0.08,0.1341999999999999,8.971999999999998,0.0,,per 100g,2026-07-01T04:14:08.471742Z,2026-07-01T04:14:08.471742Z,2,0.913,Bahan dasar kacang kedelai dan ampas kelapa yang difermentasi
tkpi_0367,Tempe gembus P3G,tempe gembus p3g,TKPI,https://www.panganku.org/id-ID/view,Kacang-Kacangan,kacang-kacangan,81.9,73.0,5.7,1.3,10.3,4.2,0.8,204.0,80.0,1.5,32.885259999999995,180.598,6.800599999999996,1.274,2.52,11.601319999999998,22.0,,0.09,0.1,0.9,22.46,,per 100g,2026-07-01T04:14:08.471742Z,2026-07-01T04:14:08.471742Z,2,0.913,Bahan dasar ampas tahu difermentasi oleh kapang tempe
tkpi_0368,Tempe gembus yogya,tempe gembus yogya,TKPI,https://www.panganku.org/id-ID/view,Kacang-Kacangan,kacang-kacangan,80.7,76.0,6.8,0.7,10.6,5.3,1.1,76.0,142.0,16.5,125.64,157.25714,1.1024000000000005,3.0700000000000007,482.0,359.13433999999995,488.24784,,0.79,0.01,0.1,22.6,,per 100g,2026-07-01T04:14:08.471742Z,2026-07-01T04:14:08.471742Z,2,0.913,
tkpi_0369,Tempe kacang babi,tempe kacang babi,TKPI,https://www.panganku.org/id-ID/view,Kacang-Kacangan,kacang-kacangan,64.0,139.0,12.5,0.8,21.9,1.8,1.2,68.0,182.0,2.6,44.36114,296.08268,0.3074,1.274,3.25974,2.52654,20.0,,0.1,0.1003999999999999,2.398000000000001,8.36,,per 100g,2026-07-01T04:14:08.471742Z,2026-07-01T04:14:08.471742Z,2,0.913,
tkpi_0370,Tempe kacang belimbing,tempe kacang belimbing,TKPI,https://www.panganku.org/id-ID/view,Kacang-Kacangan,kacang-kacangan,58.2,212.0,17.5,10.0,12.9,2.9,1.4,186.0,160.0,2.2,46.071000000000005,318.97378000000003,0.3205999999999999,1.6400000000000003,0.98198,0.15584,9.30988,,0.2,0.2707999999999998,1.642,0.96,,per 100g,2026-07-01T04:14:08.471742Z,2026-07-01T04:14:08.471742Z,2,0.913,
tkpi_0371,Tempe kedelai + jagung,tempe kedelai  jagung,TKPI,https://www.panganku.org/id-ID/view,Kacang-Kacangan,kacang-kacangan,70.6,143.0,12.0,5.5,11.4,1.9,0.6,155.0,156.0,6.8,267.66,301.44199999999995,0.2934,1.094,85.32781999999999,5.99082,1.32,,0.33,0.15,1.2,4.58,,per 100g,2026-07-01T04:14:08.471742Z,2026-07-01T04:14:08.471742Z,2,0.913,
tkpi_0372,"Tempe kedelai murni, goreng","tempe kedelai murni, goreng",TKPI,https://www.panganku.org/id-ID/view,Kacang-Kacangan,kacang-kacangan,36.8,350.0,24.5,26.6,10.4,4.2,1.8,202.0,296.0,4.9,22.0,626.7,0.8,2.5,0.3259399999999999,46.299339999999994,78.0,,0.24,0.6,3.3,0.0,,per 100g,2026-07-01T04:14:08.471742Z,2026-07-01T04:14:08.471742Z,2,0.913,
tkpi_0373,"Tempe kedelai murni, mentah","tempe kedelai murni, mentah",TKPI,https://www.panganku.org/id-ID/view,Kacang-Kacangan,kacang-kacangan,55.3,201.0,20.8,8.8,13.5,1.4,1.6,155.0,326.0,4.0,9.0,234.0,0.57,1.7,0.96492,0.0,8.6345,,0.19,0.59,4.9,0.1,,per 100g,2026-07-01T04:14:08.471742Z,2026-07-01T04:14:08.471742Z,2,0.913,
tkpi_0374,Tempe koro benguk,tempe koro benguk,TKPI,https://www.panganku.org/id-ID/view,Kacang-Kacangan,kacang-kacangan,64.0,141.0,10.2,1.3,23.2,1.608,1.3,42.0,15.0,2.6,64.37092,307.93760000000003,19.6708,2.3580000000000005,0.0,0.81274,13.00614,,0.09,0.0841999999999999,1.572,0.0,,per 100g,2026-07-01T04:14:08.471742Z,2026-07-01T04:14:08.471742Z,2,0.913,
tkpi_0375,Tempe lamtoro,tempe lamtoro,TKPI,https://www.panganku.org/id-ID/view,Kacang-Kacangan,kacang-kacangan,66.8,128.0,10.7,0.5,21.3,7.1,0.7,203.0,108.0,0.6,160.14078,307.98199999999997,0.3177999999999999,1.1740000000000002,19.44,55.88,121.0,,0.17,0.1008,1.0559999999999998,2.0,,per 100g,2026-07-01T04:14:08.471742Z,2026-07-01T04:14:08.471742Z,2,0.913,
tkpi_0376,Tempe lamtoro var. gung dengan kulit,tempe lamtoro var. gung dengan kulit,TKPI,https://www.panganku.org/id-ID/view,Kacang-Kacangan,kacang-kacangan,65.1,146.0,11.7,2.3,19.6,7.6,1.3,128.0,41.0,6.8,273.43094,346.7698599999999,0.442,1.5579999999999996,73.94134,6.336819999999998,1.37,,0.19,0.3289999999999999,1.4,11.48,,per 100g,2026-07-01T04:14:08.471742Z,2026-07-01T04:14:08.471742Z,2,0.913,
tkpi_0377,Tempe lamtoro var. gung tanpa kulit,tempe lamtoro var. gung tanpa kulit,TKPI,https://www.panganku.org/id-ID/view,Kacang-Kacangan,kacang-kacangan,67.1,131.0,18.0,0.8,13.0,1.3,1.1,95.0,154.0,12.4,47.01924,297.06266,0.6053999999999998,1.392,5.920419999999999,7.202139999999998,5.9,,0.2,0.02,2.6,6.84,,per 100g,2026-07-01T04:14:08.471742Z,2026-07-01T04:14:08.471742Z,2,0.913,
tkpi_0378,Tempe pasar,tempe pasar,TKPI,https://www.panganku.org/id-ID/view,Kacang-Kacangan,kacang-kacangan,68.3,150.0,14.0,7.7,9.1,1.4,0.9,517.0,202.0,1.5,7.0,165.9,0.4,1.2,5.84746,0.0,11.661479999999996,,0.17,0.44,3.6,3.3,,per 100g,2026-07-01T04:14:08.471742Z,2026-07-01T04:14:08.471742Z,2,0.913,
tkpi_0379,Tempe pasar goreng,tempe pasar goreng,TKPI,https://www.panganku.org/id-ID/view,Kacang-Kacangan,kacang-kacangan,42.9,336.0,20.0,28.0,7.8,3.4,1.3,156.0,350.0,3.0,20.0,566.2,0.8,2.2,1.63776,0.60246,10.0,,0.1,0.5,3.0,0.0,,per 100g,2026-07-01T04:14:08.471742Z,2026-07-01T04:14:08.471742Z,2,0.913,
tkpi_0380,Tepung hunkwe (pati kacang ijo),tepung hunkwe (pati kacang ijo),TKPI,https://www.panganku.org/id-ID/view,Kacang-Kacangan,kacang-kacangan,10.0,364.0,4.5,1.0,83.5,16.1,1.0,50.0,100.0,1.0,15.0,1.232,0.93,2.7,0.0,309.82,349.38894,,0.0,0.23,2.2,0.0,,per 100g,2026-07-01T04:14:08.471742Z,2026-07-01T04:14:08.471742Z,2,0.913,
tkpi_0381,Tepung Jalejo,tepung jalejo,TKPI,https://www.panganku.org/id-ID/view,Kacang-Kacangan,kacang-kacangan,10.0,388.0,19.0,7.5,61.2,5.8,2.3,101.0,663.0,2.0,3.0,712.0,0.6,1.9,4.327640000000001,1.0,0.0,,0.02,0.7,1.6,9.0,,per 100g,2026-07-01T04:14:08.471742Z,2026-07-01T04:14:08.471742Z,2,0.913,"Bahan dasar terdiri dari jagung, kedelai, kacang hijau. Khas Jakarta"
tkpi_0382,Tepung kacang kedelai,tepung kacang kedelai,TKPI,https://www.panganku.org/id-ID/view,Kacang-Kacangan,kacang-kacangan,9.0,347.0,35.9,20.6,29.9,5.8,4.0,195.0,544.0,8.4,52.0,2.522,4.303,2.6,2.5997399999999997,0.0,140.0,,0.77,0.32,2.1,0.0,,per 100g,2026-07-01T04:14:08.471742Z,2026-07-01T04:14:08.471742Z,2,0.913,
tkpi_0383,"Akar tonjong, segar (Lotus root, fresh)","akar tonjong, segar (lotus root, fresh)",TKPI,https://www.panganku.org/id-ID/view,Sayuran,sayuran,86.7,45.0,1.1,0.4,10.8,1.2,1.0,72.0,125.0,1.3,96.0,1.147,0.02,0.2,0.0,83.0,90.0,,0.02,0.03,1.9,2.0,,per 100g,2026-07-01T04:14:08.471742Z,2026-07-01T04:14:08.471742Z,2,0.913,
tkpi_0384,"Ale,toge, segar","ale,toge, segar",TKPI,https://www.panganku.org/id-ID/view,Sayuran,sayuran,90.6,37.0,4.4,0.5,3.8,1.7,0.7,50.0,248.0,2.0,2.0,105.0,0.16,0.4,0.0,0.0,35.0,,0.02,0.09,0.6,46.0,,per 100g,2026-07-01T04:14:08.471742Z,2026-07-01T04:14:08.471742Z,2,0.913,
tkpi_0385,"Andaliman, segar","andaliman, segar",TKPI,https://www.panganku.org/id-ID/view,Sayuran,sayuran,74.2,99.0,4.6,1.0,18.0,8.5,2.2,383.0,107.0,2.9,43.44,341.29864000000003,0.5088000000000001,1.0780000000000003,0.0,13.686120000000006,6.3,,3.0,0.1181999999999999,2.0940000000000007,15.0,,per 100g,2026-07-01T04:14:08.471742Z,2026-07-01T04:14:08.471742Z,2,0.913,
tkpi_0386,"Andewi, segar (Endive, fresh)","andewi, segar (endive, fresh)",TKPI,https://www.panganku.org/id-ID/view,Sayuran,sayuran,91.8,226.0,1.6,0.2,5.3,4.1,1.1,33.0,66.0,1.0,29.0,414.6,0.13,1.0,1.8,1.717,10.22862,,0.14,0.09,0.5,10.0,,per 100g,2026-07-01T04:14:08.471742Z,2026-07-01T04:14:08.471742Z,2,0.913,
tkpi_0387,"Bakung, segar (Welsh onion, fresh)","bakung, segar (welsh onion, fresh)",TKPI,https://www.panganku.org/id-ID/view,Sayuran,sayuran,92.5,27.0,2.0,0.2,4.2,3.8,1.1,19.0,20.0,0.5,37.0,340.0,0.2,0.3,0.36,1.08,10.516519999999998,,0.2,0.1,0.3,42.0,,per 100g,2026-07-01T04:14:08.471742Z,2026-07-01T04:14:08.471742Z,2,0.913,
tkpi_0388,"Baligo, segar (Wax gourd)","baligo, segar (wax gourd)",TKPI,https://www.panganku.org/id-ID/view,Sayuran,sayuran,96.1,15.0,0.4,0.2,3.0,0.4,0.3,19.0,19.0,0.4,2.0,131.1,0.02,0.6,0.92,0.0,69.00316,,0.04,0.02,0.3,13.0,,per 100g,2026-07-01T04:14:08.471742Z,2026-07-01T04:14:08.471742Z,2,0.913,
tkpi_0389,"Bawang bombay, segar (Onion, fresh)","bawang bombay, segar (onion, fresh)",TKPI,https://www.panganku.org/id-ID/view,Sayuran,sayuran,87.5,43.0,1.4,0.2,10.3,2.0,0.6,32.0,44.0,0.5,12.0,9.6,0.1,0.3,1.79604,788.0,50.0,,0.03,0.21,0.4,9.0,,per 100g,2026-07-01T04:14:08.471742Z,2026-07-01T04:14:08.471742Z,2,0.913,
tkpi_0390,"Bayam, segar (Spinach, fresh)","bayam, segar (spinach, fresh)",TKPI,https://www.panganku.org/id-ID/view,Sayuran,sayuran,94.5,16.0,0.9,0.4,2.9,0.7,1.3,166.0,76.0,3.5,16.0,456.4,0.13,0.4,0.24,2.699,2.293,,0.04,0.1,1.0,41.0,,per 100g,2026-07-01T04:14:08.471742Z,2026-07-01T04:14:08.471742Z,2,0.913,
tkpi_0391,"Bayam merah, segar (Spinach, red, fresh)","bayam merah, segar (spinach, red, fresh)",TKPI,https://www.panganku.org/id-ID/view,Sayuran,sayuran,88.5,41.0,2.2,0.8,6.3,2.2,2.2,520.0,80.0,7.0,20.0,60.0,0.2,0.8,0.0,7.325,10.563279999999995,,0.2,0.1,0.1,62.0,,per 100g,2026-07-01T04:14:08.471742Z,2026-07-01T04:14:08.471742Z,2,0.913,
tkpi_0392,"Bit, segar (Beet, fresh)","bit, segar (beet, fresh)",TKPI,https://www.panganku.org/id-ID/view,Sayuran,sayuran,87.6,41.0,1.6,0.1,9.6,2.6,1.1,27.0,43.0,1.0,29.0,404.9,0.2,0.7,0.0,0.0,20.0,,0.02,0.05,0.3,10.0,,per 100g,2026-07-01T04:14:08.471742Z,2026-07-01T04:14:08.471742Z,2,0.913,
tkpi_0393,"Buah kelor (West Indian bean, fruit)","buah kelor (west indian bean, fruit)",TKPI,https://www.panganku.org/id-ID/view,Sayuran,sayuran,89.5,38.0,1.5,0.2,7.5,3.2,1.3,30.0,54.0,0.0,48.0,216.0,0.0,0.2,0.66,31.0,26.15028,,0.1,0.1,4.1,25.0,,per 100g,2026-07-01T04:14:08.471742Z,2026-07-01T04:14:08.471742Z,2,0.913,
tkpi_0394,Buah merah (Red fruit),buah merah (red fruit),TKPI,https://www.panganku.org/id-ID/view,Sayuran,sayuran,81.2,87.0,2.6,2.7,13.1,4.0,0.4,30.0,1.0,1.1,110.0,140.0,0.1,0.3,0.0,0.0,35.19754,,1.5,0.1,0.2,15.0,,per 100g,2026-07-01T04:14:08.471742Z,2026-07-01T04:14:08.471742Z,2,0.913,
tkpi_0395,"Buncis, segar (Green bean, fresh)","buncis, segar (green bean, fresh)",TKPI,https://www.panganku.org/id-ID/view,Sayuran,sayuran,89.6,34.0,2.4,0.3,7.2,1.9,0.5,101.0,42.0,0.7,8.0,250.0,0.07,0.3,0.0,772.0,550.0,,0.05,0.4,2.8,11.0,,per 100g,2026-07-01T04:14:08.471742Z,2026-07-01T04:14:08.471742Z,2,0.913,
tkpi_0396,"Bunga pepaya, segar (Papaya, flower, fresh)","bunga pepaya, segar (papaya, flower, fresh)",TKPI,https://www.panganku.org/id-ID/view,Sayuran,sayuran,87.3,45.0,2.6,0.3,8.1,1.6,1.7,290.0,113.0,4.2,2.0,478.3,0.08,0.8,0.96,2.792,5.0,,0.01,0.28,1.0,23.0,,per 100g,2026-07-01T04:14:08.471742Z,2026-07-01T04:14:08.471742Z,2,0.913,
tkpi_0397,"Bunga turi, segar (Hummingbird tree)","bunga turi, segar (hummingbird tree)",TKPI,https://www.panganku.org/id-ID/view,Sayuran,sayuran,90.4,42.0,2.0,1.1,6.1,3.3,0.4,28.0,23.0,0.8,29.0,97.4,0.1,0.6,1.72,1.2,0.0,,0.5,0.02,0.4,1.0,,per 100g,2026-07-01T04:14:08.471742Z,2026-07-01T04:14:08.471742Z,2,0.913,
tkpi_0398,"Caisin, segar (Caisin, fresh)","caisin, segar (caisin, fresh)",TKPI,https://www.panganku.org/id-ID/view,Sayuran,sayuran,93.6,20.0,1.7,0.4,3.4,1.2,0.9,123.0,40.0,1.9,18.0,358.2,0.05,1.4,0.48,1.675,4.188,,0.04,0.19,0.6,3.0,,per 100g,2026-07-01T04:14:08.471742Z,2026-07-01T04:14:08.471742Z,2,0.913,
tkpi_0399,"Daun bangun-bangun, segar","daun bangun-bangun, segar",TKPI,https://www.panganku.org/id-ID/view,Sayuran,sayuran,92.5,27.0,1.3,0.6,4.0,1.0,1.6,279.0,40.0,13.6,4.0,144.0,0.3291999999999999,0.898,0.18,1.489,13.288,,0.16,0.1,0.0,5.0,,per 100g,2026-07-01T04:14:08.471742Z,2026-07-01T04:14:08.471742Z,2,0.913,
tkpi_0400,"Daun bawang  merah, segar (Shallot, leaf, fresh)","daun bawang merah, segar (shallot, leaf, fresh)",TKPI,https://www.panganku.org/id-ID/view,Sayuran,sayuran,89.1,41.0,2.0,0.3,7.8,2.1,0.8,60.0,40.0,2.3,30.0,90.0,0.1,0.3,0.0,218.0,351.96166,,0.1,0.1,0.2,11.0,,per 100g,2026-07-01T04:14:08.471742Z,2026-07-01T04:14:08.471742Z,2,0.913,
tkpi_0401,"Daun bebuas, segar","daun bebuas, segar",TKPI,https://www.panganku.org/id-ID/view,Sayuran,sayuran,87.9,41.0,2.7,1.0,7.3,2.1,1.1,29.0,245.0,1.5,19.64,244.192,0.2095999999999999,0.57,0.0,3.71222,3.099,,0.01,0.0978,0.588,3.0,,per 100g,2026-07-01T04:14:08.471742Z,2026-07-01T04:14:08.471742Z,2,0.913,
tkpi_0402,"Daun belem, segar","daun belem, segar",TKPI,https://www.panganku.org/id-ID/view,Sayuran,sayuran,84.6,50.0,4.4,1.4,7.8,1.9,1.8,698.0,151.0,7.5,48.18308,218.4240000000001,0.4127999999999999,0.8460000000000004,0.0,12.16844,13.072,,0.05,0.1482,1.4940000000000004,21.0,,per 100g,2026-07-01T04:14:08.471742Z,2026-07-01T04:14:08.471742Z,2,0.913,
tkpi_0403,"Daun bluntas, segar","daun bluntas, segar",TKPI,https://www.panganku.org/id-ID/view,Sayuran,sayuran,86.0,44.0,1.8,0.5,9.4,2.502,2.3,256.0,49.0,5.6,23.34,351.9871,0.2703999999999999,0.8019999999999999,0.44,4.4398800000000005,3.98,,0.02,0.1543999999999999,0.8360000000000002,30.0,,per 100g,2026-07-01T04:14:08.471742Z,2026-07-01T04:14:08.471742Z,2,0.913,
tkpi_0404,"Daun gandaria, segar (Gandaria, leaf, fresh)","daun gandaria, segar (gandaria, leaf, fresh)",TKPI,https://www.panganku.org/id-ID/view,Sayuran,sayuran,81.0,63.0,3.1,0.3,14.0,2.1,1.6,40.0,45.0,4.7,3.0,127.7,5.4556,5.782,297.38,503.0,600.0,,0.04,0.04,0.2,61.0,,per 100g,2026-07-01T04:14:08.471742Z,2026-07-01T04:14:08.471742Z,2,0.913,
tkpi_0405,"Daun gedi besar, segar (Aibika, sunset hibiscus, big, fresh)","daun gedi besar, segar (aibika, sunset hibiscus, big, fresh)",TKPI,https://www.panganku.org/id-ID/view,Sayuran,sayuran,84.0,58.0,2.9,0.7,10.0,3.3,2.4,440.0,100.0,1.9,30.0,40.0,0.2,2.1,210.0,596.0,664.07064,,0.4,0.5,2.8,11.0,,per 100g,2026-07-01T04:14:08.471742Z,2026-07-01T04:14:08.471742Z,2,0.913,
tkpi_0406,"Daun gedi kecil, segar (Aibika, sunset hibiscus, small, fresh)","daun gedi kecil, segar (aibika, sunset hibiscus, small, fresh)",TKPI,https://www.panganku.org/id-ID/view,Sayuran,sayuran,83.7,61.0,3.2,0.7,10.4,3.4,2.0,420.0,70.0,1.7,20.0,50.0,0.1,1.4,189.76,607.0,655.43424,,0.4,0.3,2.9,11.0,,per 100g,2026-07-01T04:14:08.471742Z,2026-07-01T04:14:08.471742Z,2,0.913,
tkpi_0407,"Daun gelang, segar (Purslane, leaf, fresh)","daun gelang, segar (purslane, leaf, fresh)",TKPI,https://www.panganku.org/id-ID/view,Sayuran,sayuran,90.3,30.0,1.3,0.7,5.8,1.3,1.9,350.0,210.0,11.9,5.0,333.3,0.31,1.2,0.0,4.701,1.954,,0.01,0.14,0.7,1.0,,per 100g,2026-07-01T04:14:08.471742Z,2026-07-01T04:14:08.471742Z,2,0.913,
tkpi_0408,"Daun gunda bali, segar","daun gunda bali, segar",TKPI,https://www.panganku.org/id-ID/view,Sayuran,sayuran,86.4,50.0,4.6,0.9,7.0,1.4,1.1,167.0,62.0,0.5,23.74,231.8445,0.1977999999999999,0.6800000000000002,0.0,2.5375199999999993,6.571,,0.05,0.147,0.9240000000000002,20.0,,per 100g,2026-07-01T04:14:08.471742Z,2026-07-01T04:14:08.471742Z,2,0.913,
tkpi_0409,"Daun gunda serang, segar","daun gunda serang, segar",TKPI,https://www.panganku.org/id-ID/view,Sayuran,sayuran,84.6,62.0,4.2,0.9,9.2,1.3,1.1,171.0,64.0,0.6,21.02,247.158,0.2123999999999999,0.652,0.0,2.385519999999999,7.347,,0.02,0.1261999999999999,0.7020000000000001,20.0,,per 100g,2026-07-01T04:14:08.471742Z,2026-07-01T04:14:08.471742Z,2,0.913,
tkpi_0410,"Daun jambu mete muda, segar (Cashew Leaf, young, fresh)","daun jambu mete muda, segar (cashew leaf, young, fresh)",TKPI,https://www.panganku.org/id-ID/view,Sayuran,sayuran,78.0,78.0,4.6,0.5,16.2,3.0,0.7,33.0,64.0,8.9,14.0,670.5,1.2886000000000002,4.178,11.61542,4.484,2.689,,0.02,1.12,1.1,65.0,,per 100g,2026-07-01T04:14:08.471742Z,2026-07-01T04:14:08.471742Z,2,0.913,
tkpi_0411,"Daun jampang, segar","daun jampang, segar",TKPI,https://www.panganku.org/id-ID/view,Sayuran,sayuran,88.9,34.0,3.8,0.5,5.3,1.4,1.5,21.0,245.0,1.0,38.52,281.37199999999996,0.1499999999999999,0.4759999999999999,0.0,3.10422,4.357,,0.03,0.0962,0.7460000000000002,3.0,,per 100g,2026-07-01T04:14:08.471742Z,2026-07-01T04:14:08.471742Z,2,0.913,
tkpi_0412,"Daun jawaw seluang, segar","daun jawaw seluang, segar",TKPI,https://www.panganku.org/id-ID/view,Sayuran,sayuran,77.2,93.0,5.0,1.3,15.3,3.9,1.2,146.0,103.0,5.3,2.0,434.0,0.5,1.5,7.2336,42.28642,75.97542,,0.1,0.7,1.7460000000000004,9.0,,per 100g,2026-07-01T04:14:08.471742Z,2026-07-01T04:14:08.471742Z,2,0.913,
tkpi_0413,"Daun jonghe, segar (Sow thistle, fresh)","daun jonghe, segar (sow thistle, fresh)",TKPI,https://www.panganku.org/id-ID/view,Sayuran,sayuran,91.4,27.0,2.1,0.7,4.4,2.0,1.4,253.0,192.0,9.5,15.14,302.9399999999999,0.2624,0.8999999999999999,0.0,7.6985,5.057,,0.01,0.1604,1.0560000000000005,1.0,,per 100g,2026-07-01T04:14:08.471742Z,2026-07-01T04:14:08.471742Z,2,0.913,
tkpi_0414,"Daun kacang ma, segar","daun kacang ma, segar",TKPI,https://www.panganku.org/id-ID/view,Sayuran,sayuran,89.1,36.0,2.9,0.6,6.8,1.8,0.6,64.0,220.0,2.2,7.0,485.3,0.2,0.3,0.0,2.893,4.377,,0.04,0.18,1.2,4.0,,per 100g,2026-07-01T04:14:08.471742Z,2026-07-01T04:14:08.471742Z,2,0.913,
tkpi_0415,"Daun kacang panjang, segar (Yard-long bean, leaf, fresh)","daun kacang panjang, segar (yard-long bean, leaf, fresh)",TKPI,https://www.panganku.org/id-ID/view,Sayuran,sayuran,89.7,30.0,3.1,0.3,5.8,1.7,1.1,200.0,66.0,4.5,7.0,458.6,0.2,0.3,0.0,2.734,4.592,,0.33,0.2,1.1,30.0,,per 100g,2026-07-01T04:14:08.471742Z,2026-07-01T04:14:08.471742Z,2,0.913,
tkpi_0416,"Daun kasbi/singkong karet, segar (Ceara rubber tree,fresh)","daun kasbi/singkong karet, segar (ceara rubber tree,fresh)",TKPI,https://www.panganku.org/id-ID/view,Sayuran,sayuran,80.3,92.0,4.0,3.6,10.9,5.8,1.2,140.0,70.0,1.6,70.0,90.0,0.3,1.1,0.78,9.999,15.303759999999995,,0.1,0.2,0.1,74.0,,per 100g,2026-07-01T04:14:08.471742Z,2026-07-01T04:14:08.471742Z,2,0.913,
tkpi_0417,"Daun katuk, segar (Star goose berry, leaf, fresh)","daun katuk, segar (star goose berry, leaf, fresh)",TKPI,https://www.panganku.org/id-ID/view,Sayuran,sayuran,81.0,59.0,6.4,1.0,9.9,1.5,1.7,233.0,98.0,3.5,21.0,478.8,0.3,1.3,2.02386,9.152,10.02,,0.0,0.31,2.3,164.0,,per 100g,2026-07-01T04:14:08.471742Z,2026-07-01T04:14:08.471742Z,2,0.913,
tkpi_0418,"Daun kecipir, segar (Winged bean, leaf, fresh)","daun kecipir, segar (winged bean, leaf, fresh)",TKPI,https://www.panganku.org/id-ID/view,Sayuran,sayuran,85.0,52.0,5.0,0.5,8.5,3.164000000000001,1.0,134.0,81.0,6.2,6.0,114.0,0.3,0.8,0.0,3.981,5.24,,0.28,0.4,2.2,29.0,,per 100g,2026-07-01T04:14:08.471742Z,2026-07-01T04:14:08.471742Z,2,0.913,
tkpi_0419,"Daun kedondong, segar (Ambarella, leaf, fresh)","daun kedondong, segar (ambarella, leaf, fresh)",TKPI,https://www.panganku.org/id-ID/view,Sayuran,sayuran,81.0,59.0,3.5,0.3,13.4,10.7,1.8,540.0,82.0,6.2,12.0,579.0,0.5905999999999999,0.8240000000000005,0.5,1.624,2.9,,0.06,0.2,1.5,29.0,,per 100g,2026-07-01T04:14:08.471742Z,2026-07-01T04:14:08.471742Z,2,0.913,
tkpi_0420,"Daun kelor, segar (Drumstick tree, leaf, fresh)","daun kelor, segar (drumstick tree, leaf, fresh)",TKPI,https://www.panganku.org/id-ID/view,Sayuran,sayuran,75.5,92.0,5.1,1.6,14.3,8.2,3.5,1.077,76.0,6.0,61.0,298.0,0.1,0.6,1.88,3.266,11.904279999999998,,0.3,0.1,4.2,22.0,,per 100g,2026-07-01T04:14:08.471742Z,2026-07-01T04:14:08.471742Z,2,0.913,
tkpi_0421,"Daun kemang, segar (Kemang, leaf, fresh)","daun kemang, segar (kemang, leaf, fresh)",TKPI,https://www.panganku.org/id-ID/view,Sayuran,sayuran,85.0,43.0,5.5,0.3,7.5,8.4,1.7,35.0,106.0,1.0,10.0,457.1,0.2456,1.2700000000000002,1.24,1.282,1.017,,0.06,0.1,1.2,30.0,,per 100g,2026-07-01T04:14:08.471742Z,2026-07-01T04:14:08.471742Z,2,0.913,
tkpi_0422,"Daun kenikir, segar (Cosmos, leaf, fresh)","daun kenikir, segar (cosmos, leaf, fresh)",TKPI,https://www.panganku.org/id-ID/view,Sayuran,sayuran,87.6,45.0,3.7,0.5,6.6,5.8,1.7,328.0,65.0,2.7,6.0,431.0,0.1,0.6,2.73604,30.2,12.0,,0.5,0.3,4.5,0.0,,per 100g,2026-07-01T04:14:08.471742Z,2026-07-01T04:14:08.471742Z,2,0.913,
tkpi_0423,"Daun kesum, segar (Garlic, leaf, fresh)","daun kesum, segar (garlic, leaf, fresh)",TKPI,https://www.panganku.org/id-ID/view,Sayuran,sayuran,84.8,48.0,4.5,0.8,9.1,1.6,0.8,125.0,142.0,2.6,11.0,174.7,0.4,1.2,0.0,4.216,8.715,,0.01,0.1,1.6,4.0,,per 100g,2026-07-01T04:14:08.471742Z,2026-07-01T04:14:08.471742Z,2,0.913,
tkpi_0424,"Daun kol sawi, segar (Indian mustard, fresh)","daun kol sawi, segar (indian mustard, fresh)",TKPI,https://www.panganku.org/id-ID/view,Sayuran,sayuran,93.1,22.0,2.1,0.5,3.6,0.9,0.7,200.0,92.0,3.2,19.0,386.2,0.1,0.2,0.0,1.806,2.177,,0.03,0.2,0.6,3.0,,per 100g,2026-07-01T04:14:08.471742Z,2026-07-01T04:14:08.471742Z,2,0.913,
tkpi_0425,"Daun koro, segar","daun koro, segar",TKPI,https://www.panganku.org/id-ID/view,Sayuran,sayuran,91.0,23.0,3.0,0.3,3.7,1.742,2.0,134.0,81.0,6.2,4.0,68.4,0.2,0.5,0.0,2.386,5.24,,0.28,0.2,1.3,29.0,,per 100g,2026-07-01T04:14:08.471742Z,2026-07-01T04:14:08.471742Z,2,0.913,
tkpi_0426,"Daun kubis, segar (Cabbage, fresh)","daun kubis, segar (cabbage, fresh)",TKPI,https://www.panganku.org/id-ID/view,Sayuran,sayuran,86.2,51.0,2.5,1.1,8.0,3.4,2.2,100.0,50.0,3.4,50.0,100.0,0.9,0.6,0.88,9.999,9.381220000000004,,0.4,0.1,0.2,16.0,,per 100g,2026-07-01T04:14:08.471742Z,2026-07-01T04:14:08.471742Z,2,0.913,
tkpi_0427,"Daun kumak, segar (hyacinthbean, leaf, fresh)","daun kumak, segar (hyacinthbean, leaf, fresh)",TKPI,https://www.panganku.org/id-ID/view,Sayuran,sayuran,95.2,14.0,1.3,0.3,2.3,0.9,0.9,90.0,59.0,2.7,2.0,36.5,0.1,0.3,0.12,1.274,2.961,,0.01,0.0,0.5,3.0,,per 100g,2026-07-01T04:14:08.471742Z,2026-07-01T04:14:08.471742Z,2,0.913,
tkpi_0428,"Daun labu siam, segar (Chayote, fresh)","daun labu siam, segar (chayote, fresh)",TKPI,https://www.panganku.org/id-ID/view,Sayuran,sayuran,89.7,34.0,4.0,0.4,4.7,3.5,1.2,58.0,70.0,2.5,16.0,630.7,0.2,0.3,0.0,4.773,2.025,,0.08,0.4,1.7,16.0,,per 100g,2026-07-01T04:14:08.471742Z,2026-07-01T04:14:08.471742Z,2,0.913,
tkpi_0429,"Daun labu waluh/kuning, segar (Pumkin, fresh)","daun labu waluh/kuning, segar (pumkin, fresh)",TKPI,https://www.panganku.org/id-ID/view,Sayuran,sayuran,89.7,34.0,3.6,0.6,4.5,2.9,1.6,138.0,99.0,3.7,16.0,630.7,0.2,0.3,0.0,1.258,2.75,,0.14,0.2,1.3,36.0,,per 100g,2026-07-01T04:14:08.471742Z,2026-07-01T04:14:08.471742Z,2,0.913,
tkpi_0430,"Daun lamtoro, segar (Leucaena, leaf, fresh)","daun lamtoro, segar (leucaena, leaf, fresh)",TKPI,https://www.panganku.org/id-ID/view,Sayuran,sayuran,74.0,87.0,8.3,1.8,14.4,3.3,1.5,725.0,174.0,3.9,10.0,197.7,0.5,1.4,0.0,6.9,13.04,,0.0,0.1,2.3,32.0,,per 100g,2026-07-01T04:14:08.471742Z,2026-07-01T04:14:08.471742Z,2,0.913,
tkpi_0431,"Daun leilem, segar","daun leilem, segar",TKPI,https://www.panganku.org/id-ID/view,Sayuran,sayuran,79.4,76.0,2.8,0.2,15.8,3.1,1.8,296.0,22.0,3.4,6.0,46.0,0.5,1.1,266.74,753.0,630.0332,,0.3,0.1,2.5,22.0,,per 100g,2026-07-01T04:14:08.471742Z,2026-07-01T04:14:08.471742Z,2,0.913,
tkpi_0432,"Daun leunca, segar (Glossy nightshde, fresh)","daun leunca, segar (glossy nightshde, fresh)",TKPI,https://www.panganku.org/id-ID/view,Sayuran,sayuran,85.0,49.0,4.7,0.5,8.1,3.458000000000001,1.7,210.0,80.0,6.1,14.78,451.7385,0.2752,0.8260000000000002,0.0,8.35296,1.9,,0.14,0.2447999999999999,1.642,40.0,,per 100g,2026-07-01T04:14:08.471742Z,2026-07-01T04:14:08.471742Z,2,0.913,
tkpi_0433,"Daun lobak, segar (Radish, leaf, fresh)","daun lobak, segar (radish, leaf, fresh)",TKPI,https://www.panganku.org/id-ID/view,Sayuran,sayuran,90.0,30.0,2.3,0.4,5.8,3.2,1.4,140.0,33.0,3.7,16.0,747.4,0.2,0.2,11.361479999999998,5.039,1.0,,0.07,1.1,6.5,109.0,,per 100g,2026-07-01T04:14:08.471742Z,2026-07-01T04:14:08.471742Z,2,0.913,
tkpi_0434,"Daun lompong talas, segar (Taro, leaf, fresh)","daun lompong talas, segar (taro, leaf, fresh)",TKPI,https://www.panganku.org/id-ID/view,Sayuran,sayuran,87.2,44.0,3.0,0.8,7.4,3.3,1.6,76.0,59.0,1.0,3.0,578.4,0.2,0.4,0.03732,2.584,2.0,,0.08,0.4,1.4,31.0,,per 100g,2026-07-01T04:14:08.471742Z,2026-07-01T04:14:08.471742Z,2,0.913,
tkpi_0435,"Daun mangkokan, segar","daun mangkokan, segar",TKPI,https://www.panganku.org/id-ID/view,Sayuran,sayuran,82.0,57.0,3.7,0.3,11.8,3.776,2.2,474.0,49.0,4.0,32.90608,414.91996,1.5696,5.298000000000001,0.66,7.51038,5.45,,0.06,0.2851999999999999,2.3000000000000003,83.0,,per 100g,2026-07-01T04:14:08.471742Z,2026-07-01T04:14:08.471742Z,2,0.913,
tkpi_0436,"Daun matel ambon, segar","daun matel ambon, segar",TKPI,https://www.panganku.org/id-ID/view,Sayuran,sayuran,77.1,71.0,6.8,1.6,11.5,4.6,3.0,93.0,95.0,10.2,61.82784000000001,200.1539999999999,6.9902,1.4380000000000004,0.0,17.9395,49.0,,0.08,0.1551999999999999,1.5560000000000005,26.0,,per 100g,2026-07-01T04:14:08.471742Z,2026-07-01T04:14:08.471742Z,2,0.913,
tkpi_0437,"Daun melinjo, segar (Spanish joint fir, leaf, fresh)","daun melinjo, segar (spanish joint fir, leaf, fresh)",TKPI,https://www.panganku.org/id-ID/view,Sayuran,sayuran,70.8,104.0,5.0,1.3,21.3,10.3,1.6,219.0,82.0,4.2,12.0,604.8,0.4,0.6,0.04,823.0,10.0,,0.09,0.3689999999999998,2.114,182.0,,per 100g,2026-07-01T04:14:08.471742Z,2026-07-01T04:14:08.471742Z,2,0.913,
tkpi_0438,"Daun mengkudu, segar (Noni, leaf, fresh)","daun mengkudu, segar (noni, leaf, fresh)",TKPI,https://www.panganku.org/id-ID/view,Sayuran,sayuran,80.9,65.0,4.0,1.7,11.4,3.9,2.0,296.0,40.0,6.9,42.23853999999999,271.3,0.2986,0.9720000000000002,0.0,2.0,4.958,,0.01,0.1,5.7,35.0,,per 100g,2026-07-01T04:14:08.471742Z,2026-07-01T04:14:08.471742Z,2,0.913,
tkpi_0439,"Daun ndusuk, segar","daun ndusuk, segar",TKPI,https://www.panganku.org/id-ID/view,Sayuran,sayuran,56.0,166.0,1.7,0.5,38.8,10.7,3.0,40.0,20.0,1.8,40.0,310.0,0.2,0.7,0.0,14.457,28.0632,,0.4,0.1,0.1,30.0,,per 100g,2026-07-01T04:14:08.471742Z,2026-07-01T04:14:08.471742Z,2,0.913,
tkpi_0440,"Daun oyong, segar (Angled loofah, leaf, fresh)","daun oyong, segar (angled loofah, leaf, fresh)",TKPI,https://www.panganku.org/id-ID/view,Sayuran,sayuran,93.0,22.0,1.0,0.1,5.3,2.0,0.6,21.0,44.0,2.0,40.0,295.5,0.1,0.2,0.08,855.0,1.0,,0.08,0.1,0.8,150.0,,per 100g,2026-07-01T04:14:08.471742Z,2026-07-01T04:14:08.471742Z,2,0.913,
tkpi_0441,"Daun pakis, segar (Fern, leaf, fresh)","daun pakis, segar (fern, leaf, fresh)",TKPI,https://www.panganku.org/id-ID/view,Sayuran,sayuran,86.8,39.0,4.5,0.4,6.9,2.0,1.4,136.0,159.0,2.3,20.0,201.9,0.2,0.3,0.0,1.625,3.292,,0.02,0.1,0.5,3.0,,per 100g,2026-07-01T04:14:08.471742Z,2026-07-01T04:14:08.471742Z,2,0.913,
tkpi_0442,"Daun pakis longgiho, segar (Fern,longiho, leaf, fresh)","daun pakis longgiho, segar (fern,longiho, leaf, fresh)",TKPI,https://www.panganku.org/id-ID/view,Sayuran,sayuran,89.5,54.0,2.2,3.6,3.1,2.1,1.6,40.0,80.0,0.7,70.0,500.0,0.4,0.1,2.35604,168.0,183.07886,,0.4,0.3,0.2,8.0,,per 100g,2026-07-01T04:14:08.471742Z,2026-07-01T04:14:08.471742Z,2,0.913,
tkpi_0443,"Daun pakis wambateu, segar (Fern, wambateu, leaf fresh)","daun pakis wambateu, segar (fern, wambateu, leaf fresh)",TKPI,https://www.panganku.org/id-ID/view,Sayuran,sayuran,86.9,53.0,3.4,1.2,7.2,4.8,1.3,30.0,100.0,0.3,20.0,200.0,0.2,0.3,287.5,191.0,489.4415,,0.7,0.2,0.3,6.0,,per 100g,2026-07-01T04:14:08.471742Z,2026-07-01T04:14:08.471742Z,2,0.913,
tkpi_0444,"Daun paku, segar (Fern, paku, leaf fresh)","daun paku, segar (fern, paku, leaf fresh)",TKPI,https://www.panganku.org/id-ID/view,Sayuran,sayuran,88.8,29.0,3.4,0.1,6.5,4.3,1.2,13.0,88.0,1.3,19.0,434.0,0.5,0.7,408.92,18.0,592.6921600000001,,0.2,0.1,11.7,10.0,,per 100g,2026-07-01T04:14:08.471742Z,2026-07-01T04:14:08.471742Z,2,0.913,
tkpi_0445,"Daun pangi,segar (Kepayang (Malay), leaf, fresh)","daun pangi,segar (kepayang (malay), leaf, fresh)",TKPI,https://www.panganku.org/id-ID/view,Sayuran,sayuran,76.1,104.0,3.9,0.6,17.9,8.3,1.5,256.0,22.0,1.8,4.0,266.0,1.7,0.5,0.27974,55.0,99.9462,,0.4,0.1,0.1,23.0,,per 100g,2026-07-01T04:14:08.471742Z,2026-07-01T04:14:08.471742Z,2,0.913,
tkpi_0446,"Daun pare, segar (Bitter guard, leaf, fresh)","daun pare, segar (bitter guard, leaf, fresh)",TKPI,https://www.panganku.org/id-ID/view,Sayuran,sayuran,87.3,49.0,2.7,1.0,8.4,3.0,1.6,217.0,70.0,3.3,7.0,498.0,0.4,1.2,0.0,1.8,4.1703,,0.4,0.2,0.6,7.0,,per 100g,2026-07-01T04:14:08.471742Z,2026-07-01T04:14:08.471742Z,2,0.913,
tkpi_0447,"Daun pepaya, segar (Papaya, leaf, fresh)","daun pepaya, segar (papaya, leaf, fresh)",TKPI,https://www.panganku.org/id-ID/view,Sayuran,sayuran,75.4,87.0,8.0,2.0,11.9,1.5,2.7,353.0,63.0,0.8,4.0,926.6,0.2,1.5,2.06576,5.409,18.25,,0.15,0.5,1.9,140.0,,per 100g,2026-07-01T04:14:08.471742Z,2026-07-01T04:14:08.471742Z,2,0.913,
tkpi_0448,"Daun pohpohan, segar (Pilea, leaf, fresh)","daun pohpohan, segar (pilea, leaf, fresh)",TKPI,https://www.panganku.org/id-ID/view,Sayuran,sayuran,87.4,37.0,2.5,0.8,6.9,2.6,2.4,744.0,80.0,5.9,23.3,246.87200000000004,0.3238,0.9339999999999996,0.0,8.70504,7.378,,0.03,0.1479999999999999,0.8320000000000003,5.0,,per 100g,2026-07-01T04:14:08.471742Z,2026-07-01T04:14:08.471742Z,2,0.913,
tkpi_0449,"Daun selasih, segar (Hoary basil, leaf, fresh)","daun selasih, segar (hoary basil, leaf, fresh)",TKPI,https://www.panganku.org/id-ID/view,Sayuran,sayuran,83.1,62.0,4.0,0.5,10.5,5.3,1.9,122.0,16.0,13.9,3.0,259.0,0.4,0.7,0.0,4.112,14.738540000000002,,0.5,0.1,0.2,24.0,,per 100g,2026-07-01T04:14:08.471742Z,2026-07-01T04:14:08.471742Z,2,0.913,
tkpi_0450,"Daun semanggi, segar","daun semanggi, segar",TKPI,https://www.panganku.org/id-ID/view,Sayuran,sayuran,84.7,45.0,4.4,0.5,8.5,1.9,1.9,98.0,90.0,7.0,64.0,520.7,0.5,0.3,0.0,64.0,3.365,,0.01,0.5,0.7,6.0,,per 100g,2026-07-01T04:14:08.471742Z,2026-07-01T04:14:08.471742Z,2,0.913,
tkpi_0451,"Daun simpur, segar","daun simpur, segar",TKPI,https://www.panganku.org/id-ID/view,Sayuran,sayuran,86.2,53.0,3.2,2.5,7.6,1.6,0.9,228.0,194.0,3.5,48.29516,236.43400000000003,0.2708,0.818,0.0,5.01344,3.346,,0.02,0.1458,0.444,5.0,,per 100g,2026-07-01T04:14:08.471742Z,2026-07-01T04:14:08.471742Z,2,0.913,
tkpi_0452,"Daun singkil, segar","daun singkil, segar",TKPI,https://www.panganku.org/id-ID/view,Sayuran,sayuran,80.9,68.0,2.0,1.0,15.2,3.3,0.9,178.0,86.0,2.1,10.96,259.834,0.2143999999999999,0.7619999999999999,0.0,2.08668,6.042,,0.02,0.0969999999999999,0.506,3.0,,per 100g,2026-07-01T04:14:08.471742Z,2026-07-01T04:14:08.471742Z,2,0.913,
tkpi_0453,"Daun singkong, segar (Casava, leaf, fresh)","daun singkong, segar (casava, leaf, fresh)",TKPI,https://www.panganku.org/id-ID/view,Sayuran,sayuran,84.4,50.0,6.2,1.1,7.1,2.4,1.2,166.0,99.0,1.3,17.0,23.1,0.1,2.0,0.0,3.204,7.052,,0.04,0.1,1.8,103.0,,per 100g,2026-07-01T04:14:08.471742Z,2026-07-01T04:14:08.471742Z,2,0.913,
tkpi_0454,"Daun singkong ambon, segar (Casava, ambon, leaf, fresh)","daun singkong ambon, segar (casava, ambon, leaf, fresh)",TKPI,https://www.panganku.org/id-ID/view,Sayuran,sayuran,58.0,144.0,12.7,1.2,25.2,10.2,2.9,165.0,54.0,3.9,44.0,62.2,0.2,5.4,10.05904,8.627,13.0,,0.21,1.0,4.2,220.0,,per 100g,2026-07-01T04:14:08.471742Z,2026-07-01T04:14:08.471742Z,2,0.913,
tkpi_0455,"Daun singkong ampenan, segar (Casava, ampenan, leaf, fresh)","daun singkong ampenan, segar (casava, ampenan, leaf, fresh)",TKPI,https://www.panganku.org/id-ID/view,Sayuran,sayuran,84.4,50.0,6.2,1.1,7.1,2.4,1.2,352.0,123.0,2.7,49.0,570.0,0.2,1.3,2.8876600000000003,7.917,9.061619999999998,,0.5,0.1,1.6,103.0,,per 100g,2026-07-01T04:14:08.471742Z,2026-07-01T04:14:08.471742Z,2,0.913,
tkpi_0456,"Daun singkong kopang, segar (Casava, kopang, leaf, fresh)","daun singkong kopang, segar (casava, kopang, leaf, fresh)",TKPI,https://www.panganku.org/id-ID/view,Sayuran,sayuran,81.1,74.0,6.3,0.7,10.7,4.6,1.2,142.0,115.0,1.7,32.0,382.0,0.2,1.5,1.96386,3.882,18.29938,,0.5,0.5,1.9,211.0,,per 100g,2026-07-01T04:14:08.471742Z,2026-07-01T04:14:08.471742Z,2,0.913,
tkpi_0457,"Daun sintrong, segar","daun sintrong, segar",TKPI,https://www.panganku.org/id-ID/view,Sayuran,sayuran,88.5,36.0,2.6,0.9,6.1,1.7,1.9,398.0,95.0,9.3,64.0,444.4,0.1,0.4,0.0,10.178,8.868,,0.03,0.2,0.9,3.0,,per 100g,2026-07-01T04:14:08.471742Z,2026-07-01T04:14:08.471742Z,2,0.913,
tkpi_0458,"Daun talas, segar (Taro, leaf, fresh)","daun talas, segar (taro, leaf, fresh)",TKPI,https://www.panganku.org/id-ID/view,Sayuran,sayuran,81.1,59.0,3.0,0.4,13.5,3.0,2.0,236.0,50.0,2.4,4.0,854.1,0.4,0.5,0.0,3.816,5.74,,0.07,0.6,2.0,24.0,,per 100g,2026-07-01T04:14:08.471742Z,2026-07-01T04:14:08.471742Z,2,0.913,
tkpi_0459,"Daun tespong, segar (Water dropwort, fresh)","daun tespong, segar (water dropwort, fresh)",TKPI,https://www.panganku.org/id-ID/view,Sayuran,sayuran,81.0,70.0,2.9,0.3,13.9,2.3,1.9,155.0,65.0,2.5,72.0,448.1819999999999,0.15,0.9,7.196280000000001,171.0,2.5,,0.05,0.7,1.4,21.0,,per 100g,2026-07-01T04:14:08.471742Z,2026-07-01T04:14:08.471742Z,2,0.913,
tkpi_0460,"Daun ubi kuning, segar (Sweet potato, yeallowish, leaf, fresh)","daun ubi kuning, segar (sweet potato, yeallowish, leaf, fresh)",TKPI,https://www.panganku.org/id-ID/view,Sayuran,sayuran,83.5,62.0,3.7,0.3,11.1,6.4,1.4,170.0,40.0,0.6,10.0,0.0,0.2,0.5,0.36,3.564,14.544199999999998,,0.3,0.3,1.2,4.0,,per 100g,2026-07-01T04:14:08.471742Z,2026-07-01T04:14:08.471742Z,2,0.913,
tkpi_0461,"Daun ubi merah, segar (Sweet potato, redish, leaf, freah)","daun ubi merah, segar (sweet potato, redish, leaf, freah)",TKPI,https://www.panganku.org/id-ID/view,Sayuran,sayuran,84.4,48.0,3.0,0.3,10.8,1.4,1.5,80.0,81.0,6.4,33.0,517.3,0.0,0.4,0.0,5.453,4.697,,0.1,0.2,1.2,27.0,,per 100g,2026-07-01T04:14:08.471742Z,2026-07-01T04:14:08.471742Z,2,0.913,
tkpi_0462,"Daun ubi putih, segar (Sweet potato, whitish, leaf, fresh)","daun ubi putih, segar (sweet potato, whitish, leaf, fresh)",TKPI,https://www.panganku.org/id-ID/view,Sayuran,sayuran,87.5,46.0,2.8,0.2,8.2,4.8,1.3,120.0,50.0,0.8,10.0,0.0,0.2,0.5,0.0,103.0,119.28938,,0.3,0.3,0.9,8.0,,per 100g,2026-07-01T04:14:08.471742Z,2026-07-01T04:14:08.471742Z,2,0.913,
tkpi_0463,"Daun ubi tinta, segar (Sweet potato, purpleish, leaf, fresh)","daun ubi tinta, segar (sweet potato, purpleish, leaf, fresh)",TKPI,https://www.panganku.org/id-ID/view,Sayuran,sayuran,85.1,55.0,1.7,0.1,11.9,7.6,1.2,120.0,40.0,0.6,10.0,0.0,0.2,0.5,294.02,516.0,572.01792,,0.2,0.0,0.0,7.0,,per 100g,2026-07-01T04:14:08.471742Z,2026-07-01T04:14:08.471742Z,2,0.913,
tkpi_0464,"Eceng, segar","eceng, segar",TKPI,https://www.panganku.org/id-ID/view,Sayuran,sayuran,93.0,19.0,1.0,0.2,3.8,1.8,2.0,80.0,45.0,3.7,45.0,634.1,0.2315999999999999,0.71,0.0,7.0,1.0,,0.08,0.1,0.7,50.0,,per 100g,2026-07-01T04:14:08.471742Z,2026-07-01T04:14:08.471742Z,2,0.913,
tkpi_0465,"Gambas (oyong), segar (Angled loofah, fresh)","gambas (oyong), segar (angled loofah, fresh)",TKPI,https://www.panganku.org/id-ID/view,Sayuran,sayuran,94.5,19.0,0.8,0.2,4.1,1.3,0.4,19.0,33.0,0.9,23.0,109.1,0.0,0.1,33.14,17.0,380.0,,0.03,0.0,0.4,8.0,,per 100g,2026-07-01T04:14:08.471742Z,2026-07-01T04:14:08.471742Z,2,0.913,
tkpi_0466,"Genjer, segar (Sawah lettuce, fresh)","genjer, segar (sawah lettuce, fresh)",TKPI,https://www.panganku.org/id-ID/view,Sayuran,sayuran,90.0,35.0,1.7,0.2,7.7,2.5,0.4,62.0,33.0,2.1,64.0,905.8,21.243,2.3960000000000004,0.0,7.28014,3.8,,0.07,0.1,1.1,54.0,,per 100g,2026-07-01T04:14:08.471742Z,2026-07-01T04:14:08.471742Z,2,0.913,
tkpi_0467,"Jagung muda / semi, segar (Baby corn, fresh)","jagung muda / semi, segar (baby corn, fresh)",TKPI,https://www.panganku.org/id-ID/view,Sayuran,sayuran,89.5,35.0,2.2,0.1,7.4,1.9,0.8,7.0,100.0,0.5,353.0,230.2,0.1,0.8,0.0,23.0,200.0,,0.08,0.16,0.9,8.0,,per 100g,2026-07-01T04:14:08.471742Z,2026-07-01T04:14:08.471742Z,2,0.913,
tkpi_0468,Jamur encik,jamur encik,TKPI,https://www.panganku.org/id-ID/view,Sayuran,sayuran,24.8,296.0,9.4,1.1,62.0,15.632000000000003,2.7,5.0,277.0,5.3,2.0,0.0,0.2,3.1,372.7,193.1671,605.57896,,1.1,0.1,2.3319999999999994,2.02,,per 100g,2026-07-01T04:14:08.471742Z,2026-07-01T04:14:08.471742Z,2,0.913,
tkpi_0469,"Jamur kuping, kering (fungus, earwood, dried)","jamur kuping, kering (fungus, earwood, dried)",TKPI,https://www.panganku.org/id-ID/view,Sayuran,sayuran,14.9,294.0,16.0,0.9,64.6,46.5,3.6,51.0,223.0,6.7,174.0,726.1,0.29,5.5,0.0,11.0,0.0,,0.11,0.6,2.7,0.0,,per 100g,2026-07-01T04:14:08.471742Z,2026-07-01T04:14:08.471742Z,2,0.913,
tkpi_0470,"Jamur kuping, segar (fungus, earwod, fresh)","jamur kuping, segar (fungus, earwod, fresh)",TKPI,https://www.panganku.org/id-ID/view,Sayuran,sayuran,93.7,21.0,3.8,0.6,0.9,5.1,1.0,3.0,94.0,1.7,17.0,33.4,0.19,0.1,0.0,1.0,0.0,,0.1,0.09,0.1,5.0,,per 100g,2026-07-01T04:14:08.471742Z,2026-07-01T04:14:08.471742Z,2,0.913,
tkpi_0471,"Jamur merang, segar (Straw mushroom)","jamur merang, segar (straw mushroom)",TKPI,https://www.panganku.org/id-ID/view,Sayuran,sayuran,91.5,30.0,3.5,0.2,4.0,2.4,0.8,14.0,117.0,1.0,6.0,300.0,0.3,0.8,0.36,0.0,0.0,,0.02,0.2,0.5,0.0,,per 100g,2026-07-01T04:14:08.471742Z,2026-07-01T04:14:08.471742Z,2,0.913,
tkpi_0472,"Jamur tiram, segar (Oyster mushroom)","jamur tiram, segar (oyster mushroom)",TKPI,https://www.panganku.org/id-ID/view,Sayuran,sayuran,92.5,30.0,1.9,0.1,5.5,3.6,0.6,9.0,83.0,0.7,22.0,226.0,0.0,0.8,0.8,0.0,0.0,,0.3,0.2,1.0,0.0,,per 100g,2026-07-01T04:14:08.471742Z,2026-07-01T04:14:08.471742Z,2,0.913,
tkpi_0473,Jamur sagu,jamur sagu,TKPI,https://www.panganku.org/id-ID/view,Sayuran,sayuran,91.3,48.0,1.9,3.2,2.8,1.0,0.8,10.0,90.0,0.6,100.0,440.0,0.6,0.6,4.6419,0.0,32.20696,,0.2,0.2,6.5,12.22,,per 100g,2026-07-01T04:14:08.471742Z,2026-07-01T04:14:08.471742Z,2,0.913,
tkpi_0474,"Jantung pisang, segar (Banana, flower, fresh)","jantung pisang, segar (banana, flower, fresh)",TKPI,https://www.panganku.org/id-ID/view,Sayuran,sayuran,90.2,32.0,1.2,0.3,7.1,3.2,1.2,30.0,50.0,0.1,3.0,524.0,0.09,0.3,0.0,201.0,170.0,,0.05,0.03,0.8,10.0,,per 100g,2026-07-01T04:14:08.471742Z,2026-07-01T04:14:08.471742Z,2,0.913,
tkpi_0475,"Jengkol, segar (Dogfruit, fresh)","jengkol, segar (dogfruit, fresh)",TKPI,https://www.panganku.org/id-ID/view,Sayuran,sayuran,52.7,192.0,5.4,0.3,40.7,1.5,0.9,4.0,150.0,0.7,60.0,241.0,0.3,0.6,0.66,43.94780000000001,98.27184,,0.05,0.2,0.5,31.0,,per 100g,2026-07-01T04:14:08.471742Z,2026-07-01T04:14:08.471742Z,2,0.913,
tkpi_0476,"Jotang, segar","jotang, segar",TKPI,https://www.panganku.org/id-ID/view,Sayuran,sayuran,89.0,34.0,1.9,0.3,7.1,3.5,1.7,162.0,41.0,4.0,59.0,388.5,0.3,1.2,0.0,2.0,3.918,,0.03,0.1825999999999999,0.4,20.0,,per 100g,2026-07-01T04:14:08.471742Z,2026-07-01T04:14:08.471742Z,2,0.913,
tkpi_0477,"Kabau, segar","kabau, segar",TKPI,https://www.panganku.org/id-ID/view,Sayuran,sayuran,67.2,130.0,6.7,0.3,25.2,2.9,0.6,4.0,204.0,0.5,1.0,397.8,0.2,0.5,381.06,165.0,514.386,,0.8,0.1,0.3,16.0,,per 100g,2026-07-01T04:14:08.471742Z,2026-07-01T04:14:08.471742Z,2,0.913,
tkpi_0478,"Kacang mekah, polong, segar (Sword bean, fresh)","kacang mekah, polong, segar (sword bean, fresh)",TKPI,https://www.panganku.org/id-ID/view,Sayuran,sayuran,93.6,22.0,1.1,1.0,3.4,1.1,0.9,63.0,296.0,1.0,2.0,69.2,0.3,0.7319999999999999,0.0,197.0,116.0,,0.02,0.0758,0.4,0.0,,per 100g,2026-07-01T04:14:08.471742Z,2026-07-01T04:14:08.471742Z,2,0.913,
tkpi_0479,"Kacang panjang, segar (Yard-long bean, fresh)","kacang panjang, segar (yard-long bean, fresh)",TKPI,https://www.panganku.org/id-ID/view,Sayuran,sayuran,91.8,31.0,2.3,0.1,5.3,2.7,0.5,60.0,64.0,0.6,30.0,213.0,0.1,0.5,0.0,125.0,165.64606,,0.7,0.1,0.3,46.0,,per 100g,2026-07-01T04:14:08.471742Z,2026-07-01T04:14:08.471742Z,2,0.913,
tkpi_0480,Kacang ranti polong,kacang ranti polong,TKPI,https://www.panganku.org/id-ID/view,Sayuran,sayuran,88.5,37.0,3.1,0.2,7.9,2.5,0.3,103.0,126.0,0.8,23.58,380.69064,6.764200000000003,0.608,0.0,10.7935,2.312,,0.02,0.2225999999999998,1.4100000000000006,6.0,,per 100g,2026-07-01T04:14:08.471742Z,2026-07-01T04:14:08.471742Z,2,0.913,
tkpi_0481,"Kalakai, segar","kalakai, segar",TKPI,https://www.panganku.org/id-ID/view,Sayuran,sayuran,89.9,38.0,2.4,0.2,6.6,5.8,0.9,18.0,90.0,1.1,7.0,443.0,0.4,0.9,1.12,44.0,102.7665,,0.3,0.1,1.7999999999999998,8.0,,per 100g,2026-07-01T04:14:08.471742Z,2026-07-01T04:14:08.471742Z,2,0.913,
tkpi_0482,"Kangkung, segar (Kangkong, fresh)","kangkung, segar (kangkong, fresh)",TKPI,https://www.panganku.org/id-ID/view,Sayuran,sayuran,91.0,28.0,3.4,0.7,3.9,2.0,1.0,67.0,54.0,2.3,65.0,250.1,0.13,0.4,0.0,2.868,5.542,,0.07,0.36,2.0,17.0,,per 100g,2026-07-01T04:14:08.471742Z,2026-07-01T04:14:08.471742Z,2,0.913,
tkpi_0483,"Kangkung tondano (Kangkong, (tondano), fresh)","kangkung tondano (kangkong, (tondano), fresh)",TKPI,https://www.panganku.org/id-ID/view,Sayuran,sayuran,88.5,43.0,1.8,0.2,8.4,4.3,1.1,72.0,9.0,0.7,30.0,361.0,0.3,0.4,2.36,2.741,22.851699999999997,,0.8,0.1,1.1,23.0,,per 100g,2026-07-01T04:14:08.471742Z,2026-07-01T04:14:08.471742Z,2,0.913,
tkpi_0484,"Kapri muda, segar (Pease, fresh)","kapri muda, segar (pease, fresh)",TKPI,https://www.panganku.org/id-ID/view,Sayuran,sayuran,86.8,45.0,3.3,0.2,9.0,1.8,0.7,51.0,85.0,1.0,2.0,118.4,0.09,0.7,266.5,72.0,440.0,,0.2,0.1,0.9,49.0,,per 100g,2026-07-01T04:14:08.471742Z,2026-07-01T04:14:08.471742Z,2,0.913,
tkpi_0485,Karawila,karawila,TKPI,https://www.panganku.org/id-ID/view,Sayuran,sayuran,93.7,25.0,2.3,0.2,3.5,2.1,0.3,25.0,67.0,0.3,8.0,88.4,0.08,0.3,0.0,21.0,62.01209999999999,,0.1,0.1,0.4,39.0,,per 100g,2026-07-01T04:14:08.471742Z,2026-07-01T04:14:08.471742Z,2,0.913,
tkpi_0486,"Kecipir muda, segar (Winged bean, fresh)","kecipir muda, segar (winged bean, fresh)",TKPI,https://www.panganku.org/id-ID/view,Sayuran,sayuran,90.4,32.0,2.9,0.2,5.8,5.5,0.7,63.0,37.0,0.3,3.0,103.8,0.18,0.4,187.78,261.0,595.0,,0.24,0.11,0.7,19.0,,per 100g,2026-07-01T04:14:08.471742Z,2026-07-01T04:14:08.471742Z,2,0.913,
tkpi_0487,"Kecombrang, segar (Red ginger lily, fresh)","kecombrang, segar (red ginger lily, fresh)",TKPI,https://www.panganku.org/id-ID/view,Sayuran,sayuran,90.0,34.0,0.9,1.0,6.7,2.6,1.4,60.0,16.0,1.0,47.0,650.6,28.703199999999985,0.514,0.0,0.0,73.0,,0.0,0.02,0.8,0.0,,per 100g,2026-07-01T04:14:08.471742Z,2026-07-01T04:14:08.471742Z,2,0.913,
tkpi_0488,"Kelawi,kluwih, segar (Breadfruit, fresh)","kelawi,kluwih, segar (breadfruit, fresh)",TKPI,https://www.panganku.org/id-ID/view,Sayuran,sayuran,70.0,118.0,1.5,0.3,27.2,5.0,1.0,28.0,32.0,0.9,2.0,500.9,0.09,0.1,0.0,0.0,20.0,,0.1,0.03,0.9,19.0,,per 100g,2026-07-01T04:14:08.471742Z,2026-07-01T04:14:08.471742Z,2,0.913,
tkpi_0489,"Kembang turi, segar","kembang turi, segar",TKPI,https://www.panganku.org/id-ID/view,Sayuran,sayuran,87.4,51.0,1.8,0.6,9.6,5.0,0.6,23.0,29.0,0.9,22.0,275.3,0.15,0.9,0.05604,201.0,105.0,,0.13,0.12,0.6,41.0,,per 100g,2026-07-01T04:14:08.471742Z,2026-07-01T04:14:08.471742Z,2,0.913,
tkpi_0490,"Kerokot, segar","kerokot, segar",TKPI,https://www.panganku.org/id-ID/view,Sayuran,sayuran,93.0,26.0,1.7,0.4,3.8,1.0,1.1,103.0,39.0,3.6,4.0,240.5,0.23,0.9,0.0,0.0,2.55,,0.03,0.09,0.2,25.0,,per 100g,2026-07-01T04:14:08.471742Z,2026-07-01T04:14:08.471742Z,2,0.913,
tkpi_0491,"Ketimun, segar (Cucumber, fresh)","ketimun, segar (cucumber, fresh)",TKPI,https://www.panganku.org/id-ID/view,Sayuran,sayuran,97.9,8.0,0.2,0.2,1.4,0.3,0.3,29.0,95.0,0.8,2.0,57.1,0.02,0.1,0.0,18.0,314.0,,0.01,0.02,0.1,1.0,,per 100g,2026-07-01T04:14:08.471742Z,2026-07-01T04:14:08.471742Z,2,0.913,
tkpi_0492,"Ketimun krai, segar (Cucumber (krai), fresh)","ketimun krai, segar (cucumber (krai), fresh)",TKPI,https://www.panganku.org/id-ID/view,Sayuran,sayuran,96.8,10.0,0.5,0.2,2.0,0.6,0.5,20.0,98.0,1.0,10.0,82.1,0.03,0.1,0.0,19.0,21.0,,0.02,0.03,0.1,3.0,,per 100g,2026-07-01T04:14:08.471742Z,2026-07-01T04:14:08.471742Z,2,0.913,
tkpi_0493,"Ketimun madura, segar (Cucumber (madura), fresh)","ketimun madura, segar (cucumber (madura), fresh)",TKPI,https://www.panganku.org/id-ID/view,Sayuran,sayuran,97.1,9.0,0.5,0.1,1.9,0.7,0.4,15.0,102.0,0.6,2.0,78.9,0.02,0.1,0.0,25.0,0.0,,0.02,0.02,0.1,5.0,,per 100g,2026-07-01T04:14:08.471742Z,2026-07-01T04:14:08.471742Z,2,0.913,
tkpi_0494,"Komak, segar (Hyacinth bean, fresh)","komak, segar (hyacinth bean, fresh)",TKPI,https://www.panganku.org/id-ID/view,Sayuran,sayuran,74.3,99.0,3.3,0.1,21.2,10.3,1.1,50.0,99.0,13.1,15.0,567.0,0.2,0.6,0.0,5.0,85.30491999999998,,0.2,0.19,0.1,25.46,,per 100g,2026-07-01T04:14:08.471742Z,2026-07-01T04:14:08.471742Z,2,0.913,
tkpi_0495,"Kool kembang (Cauliflower, fresh/white headed cabbage, fresh)","kool kembang (cauliflower, fresh/white headed cabbage, fresh)",TKPI,https://www.panganku.org/id-ID/view,Sayuran,sayuran,91.7,25.0,2.4,0.2,4.9,1.6,0.8,22.0,72.0,1.1,47.0,187.0,0.04,0.3,0.0,24.0,90.0,,0.11,0.09,0.6,69.0,,per 100g,2026-07-01T04:14:08.471742Z,2026-07-01T04:14:08.471742Z,2,0.913,
tkpi_0496,"Kool merah,kool putih (Cabbage, fresh)","kool merah,kool putih (cabbage, fresh)",TKPI,https://www.panganku.org/id-ID/view,Sayuran,sayuran,92.4,29.0,1.4,0.2,5.3,1.9,0.9,46.0,31.0,0.5,28.0,236.8,0.29,0.3,0.0,46.0,80.0,,0.06,0.07,0.3,50.0,,per 100g,2026-07-01T04:14:08.471742Z,2026-07-01T04:14:08.471742Z,2,0.913,
tkpi_0497,"Koro kerupuk, polong (Lablab, hyacinth bean)","koro kerupuk, polong (lablab, hyacinth bean)",TKPI,https://www.panganku.org/id-ID/view,Sayuran,sayuran,67.2,128.0,8.3,0.7,22.1,3.224,1.7,17.0,12.0,2.7,18.64826,253.8322199999999,0.3950000000000001,3.464,0.68,24.47594,80.0,,0.11,0.1298,1.8239999999999992,31.0,,per 100g,2026-07-01T04:14:08.471742Z,2026-07-01T04:14:08.471742Z,2,0.913,
tkpi_0498,"Koro wedus, polong","koro wedus, polong",TKPI,https://www.panganku.org/id-ID/view,Sayuran,sayuran,88.0,46.0,3.0,0.3,7.9,3.3,0.8,56.0,47.0,1.1,2.0,249.3,0.09,0.4,180.64,66.0,870.0,,0.09,0.09,0.5,17.0,,per 100g,2026-07-01T04:14:08.471742Z,2026-07-01T04:14:08.471742Z,2,0.913,
tkpi_0499,"Kucai, segar (Chinese chives, fresh)","kucai, segar (chinese chives, fresh)",TKPI,https://www.panganku.org/id-ID/view,Sayuran,sayuran,86.3,45.0,2.2,0.3,10.3,4.8,0.9,52.0,50.0,1.1,21.0,439.5,0.11,0.5,1.72,2.685,40.0,,0.11,0.2,1.8,17.0,,per 100g,2026-07-01T04:14:08.471742Z,2026-07-01T04:14:08.471742Z,2,0.913,
tkpi_0500,"Kucai muda (Lokio), segar (Rakkyo, fresh)","kucai muda (lokio), segar (rakkyo, fresh)",TKPI,https://www.panganku.org/id-ID/view,Sayuran,sayuran,86.0,42.0,3.8,0.6,7.8,4.9,1.8,76.0,91.0,2.5,22.0,449.1,0.11,0.5,399.24,2.744,500.0,,0.11,0.2,1.8,59.0,,per 100g,2026-07-01T04:14:08.471742Z,2026-07-01T04:14:08.471742Z,2,0.913,
tkpi_0501,"Kulit melinjo (spanish joint fir, peel, fresh )","kulit melinjo (spanish joint fir, peel, fresh )",TKPI,https://www.panganku.org/id-ID/view,Sayuran,sayuran,71.9,111.0,4.5,1.1,20.7,5.0,1.8,117.0,179.0,2.6,18.68,324.608,0.222,0.818,0.0,3.8265,1.267,,0.07,0.1045999999999999,0.7879999999999999,7.0,,per 100g,2026-07-01T04:14:08.471742Z,2026-07-01T04:14:08.471742Z,2,0.913,
tkpi_0502,"Kundur, segar (Wax gourd, fresh)","kundur, segar (wax gourd, fresh)",TKPI,https://www.panganku.org/id-ID/view,Sayuran,sayuran,94.0,22.0,0.4,0.2,4.7,1.3,0.7,3.0,54.0,0.5,2.0,200.0,0.1,0.3,0.72,7.0,17.5543,,0.1,0.03,0.4,1.0,,per 100g,2026-07-01T04:14:08.471742Z,2026-07-01T04:14:08.471742Z,2,0.913,
tkpi_0503,"Labu air, segar (Bottle gourd, fresh)","labu air, segar (bottle gourd, fresh)",TKPI,https://www.panganku.org/id-ID/view,Sayuran,sayuran,95.0,19.0,0.6,0.2,3.8,0.6,0.4,12.0,18.0,0.6,2.0,168.2,0.03,0.8,0.8,11.0,70.0,,0.04,0.02,0.4,10.0,,per 100g,2026-07-01T04:14:08.471742Z,2026-07-01T04:14:08.471742Z,2,0.913,
tkpi_0504,"Labu kuning, segar (Pumpkin, fresh)","labu kuning, segar (pumpkin, fresh)",TKPI,https://www.panganku.org/id-ID/view,Sayuran,sayuran,86.6,51.0,1.7,0.5,10.0,2.7,1.2,40.0,180.0,0.7,280.0,220.0,0.35,1.5,50.52412,1.569,9.098499999999998,,0.2,0.0,0.1,2.0,,per 100g,2026-07-01T04:14:08.471742Z,2026-07-01T04:14:08.471742Z,2,0.913,
tkpi_0505,"Labu siam, segar (Chayote, fresh)","labu siam, segar (chayote, fresh)",TKPI,https://www.panganku.org/id-ID/view,Sayuran,sayuran,92.3,30.0,0.6,0.1,6.7,6.2,0.3,14.0,25.0,0.5,3.0,167.1,0.16,1.0,0.36,48.0,20.0,,0.02,0.0,0.6,18.0,,per 100g,2026-07-01T04:14:08.471742Z,2026-07-01T04:14:08.471742Z,2,0.913,
tkpi_0506,"Labu waluh, segar (Pumpkin, fresh)","labu waluh, segar (pumpkin, fresh)",TKPI,https://www.panganku.org/id-ID/view,Sayuran,sayuran,91.2,32.0,1.1,0.1,6.6,0.5,1.0,45.0,64.0,1.4,1.0,356.2,0.13,0.3,0.8038599999999999,712.0,180.0,,0.08,0.12,0.6,52.0,,per 100g,2026-07-01T04:14:08.471742Z,2026-07-01T04:14:08.471742Z,2,0.913,
tkpi_0507,"Lantar, segar","lantar, segar",TKPI,https://www.panganku.org/id-ID/view,Sayuran,sayuran,91.2,34.0,2.2,0.3,5.5,2.9,0.8,10.0,58.0,0.4,3.0,155.0,0.2,0.4,0.36,38.0,87.43686,,0.3,0.07,0.4,4.0,,per 100g,2026-07-01T04:14:08.471742Z,2026-07-01T04:14:08.471742Z,2,0.913,
tkpi_0508,"Lobak, segar (Turnip, fresh)","lobak, segar (turnip, fresh)",TKPI,https://www.panganku.org/id-ID/view,Sayuran,sayuran,94.1,21.0,0.9,0.1,4.2,1.4,0.7,35.0,26.0,0.6,49.0,109.3,0.03,0.2,0.44,0.0,10.0,,0.03,0.04,0.3,32.0,,per 100g,2026-07-01T04:14:08.471742Z,2026-07-01T04:14:08.471742Z,2,0.913,
tkpi_0509,"Lumai/Leunca, segar (Glossy nightshade, fresh)","lumai/leunca, segar (glossy nightshade, fresh)",TKPI,https://www.panganku.org/id-ID/view,Sayuran,sayuran,90.5,38.0,1.1,0.3,7.6,2.0,0.5,7.0,55.0,1.0,2.0,194.228,0.1,0.3,0.0,25.0,89.79242,,0.2,0.1,0.6,17.0,,per 100g,2026-07-01T04:14:08.471742Z,2026-07-01T04:14:08.471742Z,2,0.913,
tkpi_0510,"Melinjo, segar (spanish joint fir, fresh)","melinjo, segar (spanish joint fir, fresh)",TKPI,https://www.panganku.org/id-ID/view,Sayuran,sayuran,80.0,66.0,5.0,0.7,13.3,3.617999999999999,1.0,163.0,75.0,2.8,25.02,394.34244,1.5652,3.739999999999999,0.0,12.92752,1.0,,0.1,0.2573999999999999,1.7940000000000005,100.0,,per 100g,2026-07-01T04:14:08.471742Z,2026-07-01T04:14:08.471742Z,2,0.913,
tkpi_0511,"Mostarda metan -sawi (Indian mustard, fresh)","mostarda metan -sawi (indian mustard, fresh)",TKPI,https://www.panganku.org/id-ID/view,Sayuran,sayuran,91.4,33.0,2.3,0.5,4.7,1.8,1.1,60.0,30.0,3.1,20.0,100.0,0.1,0.4,0.0,1.575,7.238199999999999,,0.2,0.1,0.1,12.0,,per 100g,2026-07-01T04:14:08.471742Z,2026-07-01T04:14:08.471742Z,2,0.913,"Sawi: pinggiran daun beregi-regi, tidak lebar, agak panjang / mirip selada"
tkpi_0512,"Nangka muda, segar (Jackfruit, young, fresh)","nangka muda, segar (jackfruit, young, fresh)",TKPI,https://www.panganku.org/id-ID/view,Sayuran,sayuran,85.4,57.0,2.0,0.4,11.3,8.3,0.9,45.0,29.0,0.5,1.0,246.5,0.04,0.1,0.0,21.0,25.0,,0.07,0.06,0.7,9.0,,per 100g,2026-07-01T04:14:08.471742Z,2026-07-01T04:14:08.471742Z,2,0.913,
tkpi_0513,"Paria putih, segar (Bitter guard, fresh)","paria putih, segar (bitter guard, fresh)",TKPI,https://www.panganku.org/id-ID/view,Sayuran,sayuran,94.4,19.0,1.0,0.4,3.6,1.3,0.6,31.0,65.0,0.9,5.0,277.7,0.03,0.8,0.0,197.0,80.0,,0.18,0.04,0.4,58.0,,per 100g,2026-07-01T04:14:08.471742Z,2026-07-01T04:14:08.471742Z,2,0.913,
tkpi_0514,"Pepare ular, segar (Snake gourd, fresh)","pepare ular, segar (snake gourd, fresh)",TKPI,https://www.panganku.org/id-ID/view,Sayuran,sayuran,95.1,19.0,0.6,0.1,3.9,1.0,0.3,20.0,10.0,0.4,130.0,30.0,0.1,0.1,28.14,69.0,139.04718,,0.1,0.1,0.1,9.0,,per 100g,2026-07-01T04:14:08.471742Z,2026-07-01T04:14:08.471742Z,2,0.913,
tkpi_0515,"Pepaya muda, segar (Papaya, unripe, fresh)","pepaya muda, segar (papaya, unripe, fresh)",TKPI,https://www.panganku.org/id-ID/view,Sayuran,sayuran,92.3,29.0,2.1,0.1,4.9,2.1,0.6,50.0,16.0,0.4,22.0,211.2,0.01,0.0,0.44,0.0,50.0,,0.02,0.03,0.3,19.0,,per 100g,2026-07-01T04:14:08.471742Z,2026-07-01T04:14:08.471742Z,2,0.913,
tkpi_0516,"Petai, segar (Stinky bean, fresh)","petai, segar (stinky bean, fresh)",TKPI,https://www.panganku.org/id-ID/view,Sayuran,sayuran,77.2,92.0,5.4,1.1,15.2,2.0,1.1,14.0,170.0,1.6,55.0,221.0,0.2,0.8,2.63448,114.0,201.2634,,0.8,0.1,6.1,34.0,,per 100g,2026-07-01T04:14:08.471742Z,2026-07-01T04:14:08.471742Z,2,0.913,
tkpi_0517,"Peterseli, segar (Parsley, fresh)","peterseli, segar (parsley, fresh)",TKPI,https://www.panganku.org/id-ID/view,Sayuran,sayuran,83.9,53.0,3.7,1.0,9.0,0.0,2.4,193.0,84.0,4.3,18.0,1.125,0.2,1.4,15.52188,2.94,8.23,,0.11,0.29,0.7,193.0,,per 100g,2026-07-01T04:14:08.471742Z,2026-07-01T04:14:08.471742Z,2,0.913,
tkpi_0518,"Pucuk lumai/daun leunca, segar (Glossy nightshade, fresh)","pucuk lumai/daun leunca, segar (glossy nightshade, fresh)",TKPI,https://www.panganku.org/id-ID/view,Sayuran,sayuran,91.0,33.0,4.5,0.4,2.8,9.146,1.3,13.0,75.0,2.9,2.0,0.0,0.2,0.6,296.92,275.46116,617.59896,,0.5,0.1,3.8199999999999994,41.0,,per 100g,2026-07-01T04:14:08.471742Z,2026-07-01T04:14:08.471742Z,2,0.913,
tkpi_0519,"Putri malu, segar","putri malu, segar",TKPI,https://www.panganku.org/id-ID/view,Sayuran,sayuran,80.2,76.0,3.6,0.3,14.6,7.1,1.3,119.0,84.0,3.3,1.0,631.0,0.6,1.4,381.52,4.762,532.3735200000001,,0.6,0.6,1.9240000000000008,6.0,,per 100g,2026-07-01T04:14:08.471742Z,2026-07-01T04:14:08.471742Z,2,0.913,
tkpi_0520,"Rebung, segar (Bamboo shoot, fresh)","rebung, segar (bamboo shoot, fresh)",TKPI,https://www.panganku.org/id-ID/view,Sayuran,sayuran,93.3,25.0,0.8,0.1,5.3,9.7,0.5,3.0,5.0,0.5,3.0,206.0,0.1,0.4,0.36,10.0,22.36934,,0.2,0.07,0.5,0.0,,per 100g,2026-07-01T04:14:08.471742Z,2026-07-01T04:14:08.471742Z,2,0.913,
tkpi_0521,"Rimbang, segar (Devil�ss fig, plate brush)","rimbang, segar (devilss fig, plate brush)",TKPI,https://www.panganku.org/id-ID/view,Sayuran,sayuran,80.8,75.0,1.6,0.6,15.8,10.0,1.2,55.0,97.0,0.6,20.0,234.0,0.4,0.4,0.05654,51.0,97.06,,0.4,0.1,1.3,38.0,,per 100g,2026-07-01T04:14:08.471742Z,2026-07-01T04:14:08.471742Z,2,0.913,
tkpi_0522,Rumput laut (Seaweed),rumput laut (seaweed),TKPI,https://www.panganku.org/id-ID/view,Sayuran,sayuran,87.0,41.0,1.4,0.3,8.1,2.2,3.2,80.0,20.0,1.6,250.0,380.0,0.2,0.4,45.389480000000006,1.958,14.018539999999998,,0.2,0.0,0.1,7.0,,per 100g,2026-07-01T04:14:08.471742Z,2026-07-01T04:14:08.471742Z,2,0.913,
tkpi_0523,"Sawi, segar (Chinese mustard, fresh)","sawi, segar (chinese mustard, fresh)",TKPI,https://www.panganku.org/id-ID/view,Sayuran,sayuran,92.2,28.0,2.3,0.3,4.0,2.5,1.2,220.0,38.0,2.9,22.0,436.5,0.12,0.2,0.0,2.042,6.46,,0.09,0.23,0.7,102.0,,per 100g,2026-07-01T04:14:08.471742Z,2026-07-01T04:14:08.471742Z,2,0.913,
tkpi_0524,"Sawi putih / pecai, segar (Pak choi, fresh)","sawi putih / pecai, segar (pak choi, fresh)",TKPI,https://www.panganku.org/id-ID/view,Sayuran,sayuran,96.6,9.0,1.0,0.1,1.7,0.8,0.6,56.0,42.0,1.1,5.0,193.1,0.05,0.1,0.0,862.0,832.0,,0.05,0.18,0.4,3.0,,per 100g,2026-07-01T04:14:08.471742Z,2026-07-01T04:14:08.471742Z,2,0.913,
tkpi_0525,"Sawi taiwan, segar","sawi taiwan, segar",TKPI,https://www.panganku.org/id-ID/view,Sayuran,sayuran,91.8,30.0,1.9,0.5,4.4,2.7,1.4,100.0,58.0,1.6,27.0,217.0,0.1,0.7,0.0,1.34,7.806579999999999,,0.2,0.1,0.6,33.0,,per 100g,2026-07-01T04:14:08.471742Z,2026-07-01T04:14:08.471742Z,2,0.913,
tkpi_0526,"Sawi tanah, segar","sawi tanah, segar",TKPI,https://www.panganku.org/id-ID/view,Sayuran,sayuran,94.9,19.0,1.3,0.2,2.9,2.2,1.0,92.0,45.0,1.2,17.0,145.0,0.1,0.4,0.31604,815.0,210.90498,,0.2,0.1,0.1,36.0,,per 100g,2026-07-01T04:14:08.471742Z,2026-07-01T04:14:08.471742Z,2,0.913,
tkpi_0527,"Selada, segar (Lettuce)","selada, segar (lettuce)",TKPI,https://www.panganku.org/id-ID/view,Sayuran,sayuran,94.8,18.0,1.2,0.2,2.9,1.8,0.9,22.0,25.0,0.5,19.0,186.4,0.03,0.2,340.14,1.526,540.0,,0.04,0.13,0.4,8.0,,per 100g,2026-07-01T04:14:08.471742Z,2026-07-01T04:14:08.471742Z,2,0.913,
tkpi_0528,"Selada air, segar (Watercress, fresh)","selada air, segar (watercress, fresh)",TKPI,https://www.panganku.org/id-ID/view,Sayuran,sayuran,93.3,17.0,3.1,0.2,2.2,0.7,1.2,95.0,152.0,2.4,65.0,260.7,0.11,0.2,0.0,1.23,3.727,,0.09,0.14,0.7,56.0,,per 100g,2026-07-01T04:14:08.471742Z,2026-07-01T04:14:08.471742Z,2,0.913,
tkpi_0529,"Seledri, segar (Celery, fresh)","seledri, segar (celery, fresh)",TKPI,https://www.panganku.org/id-ID/view,Sayuran,sayuran,93.0,23.0,1.0,0.1,4.6,2.0,1.3,50.0,40.0,1.0,64.0,258.8,0.08,0.4,0.0,63.0,130.0,,0.03,0.07,0.4,11.0,,per 100g,2026-07-01T04:14:08.471742Z,2026-07-01T04:14:08.471742Z,2,0.913,
tkpi_0530,"Taoge, segar (Mung bean, sprout, fresh)","taoge, segar (mung bean, sprout, fresh)",TKPI,https://www.panganku.org/id-ID/view,Sayuran,sayuran,90.4,34.0,3.7,1.2,4.3,1.1,0.4,166.0,74.0,0.8,19.0,93.3,0.16,0.4,2.0,41.0,20.0,,0.09,0.15,1.1,5.0,,per 100g,2026-07-01T04:14:08.471742Z,2026-07-01T04:14:08.471742Z,2,0.913,
tkpi_0531,"Taoge kacang kedelai, segar (Soya bean, sprout, fresh)","taoge kacang kedelai, segar (soya bean, sprout, fresh)",TKPI,https://www.panganku.org/id-ID/view,Sayuran,sayuran,81.0,76.0,9.0,2.6,6.4,0.7,1.0,50.0,65.0,1.0,5.0,212.4,0.26,0.7,4.80418,0.0,110.0,,0.23,0.19,1.2,15.0,,per 100g,2026-07-01T04:14:08.471742Z,2026-07-01T04:14:08.471742Z,2,0.913,
tkpi_0532,"Taoge kacang tunggak, segar (southern pea, fresh)","taoge kacang tunggak, segar (southern pea, fresh)",TKPI,https://www.panganku.org/id-ID/view,Sayuran,sayuran,88.0,40.0,5.0,0.2,5.8,2.6,1.0,57.0,88.0,1.0,2.0,226.8,0.07,0.5,0.83604,299.0,0.0,,0.07,0.08,0.8,15.0,,per 100g,2026-07-01T04:14:08.471742Z,2026-07-01T04:14:08.471742Z,2,0.913,
tkpi_0533,"Tebu terubuk (lilin), segar","tebu terubuk (lilin), segar",TKPI,https://www.panganku.org/id-ID/view,Sayuran,sayuran,91.0,30.0,4.6,0.4,3.0,0.8,1.0,40.0,80.0,2.0,699.0,360.8300000000001,0.2,1.1,113.18,12.0,0.0,,0.08,0.2,1.2,50.0,,per 100g,2026-07-01T04:14:08.471742Z,2026-07-01T04:14:08.471742Z,2,0.913,
tkpi_0534,"Tekokak, segar (Devil�s fig,fresh)","tekokak, segar (devils fig,fresh)",TKPI,https://www.panganku.org/id-ID/view,Sayuran,sayuran,89.0,34.0,2.0,0.1,7.9,4.9,1.0,50.0,30.0,2.0,3.0,333.3,0.12,0.2,352.66,23.0,750.0,,0.08,0.05,0.9,8.0,,per 100g,2026-07-01T04:14:08.471742Z,2026-07-01T04:14:08.471742Z,2,0.913,
tkpi_0535,"Tekokak, kering (Devil�s fig, dried)","tekokak, kering (devils fig, dried)",TKPI,https://www.panganku.org/id-ID/view,Sayuran,sayuran,12.3,302.0,8.3,1.7,72.6,21.2,8.1,370.0,180.0,22.2,9.0,0.0,1.044,1.0,335.62,187.0,750.0,,0.4,0.17,5.1,0.0,,per 100g,2026-07-01T04:14:08.471742Z,2026-07-01T04:14:08.471742Z,2,0.913,
tkpi_0536,"Terong, segar (Eggplant, fresh)","terong, segar (eggplant, fresh)",TKPI,https://www.panganku.org/id-ID/view,Sayuran,sayuran,92.7,28.0,1.1,0.2,5.5,2.1,0.5,15.0,37.0,0.4,9.0,187.0,0.1,0.1,0.36,46.0,30.0,,0.04,0.03,0.5,5.0,,per 100g,2026-07-01T04:14:08.471742Z,2026-07-01T04:14:08.471742Z,2,0.913,
tkpi_0537,"Terong asam, segar","terong asam, segar",TKPI,https://www.panganku.org/id-ID/view,Sayuran,sayuran,90.5,37.0,2.0,0.4,6.3,3.2,0.8,13.0,59.0,1.5,3.0,155.0,0.3,0.3,0.36,97.0,193.19682,,0.2,0.1,0.8,4.0,,per 100g,2026-07-01T04:14:08.471742Z,2026-07-01T04:14:08.471742Z,2,0.913,
tkpi_0538,"Terung belanda, segar (Tamarillo, fresh)","terung belanda, segar (tamarillo, fresh)",TKPI,https://www.panganku.org/id-ID/view,Sayuran,sayuran,87.3,52.0,2.1,1.1,8.6,1.4,1.0,16.0,40.0,1.1,20.9,237.8881599999999,0.2103999999999999,0.6679999999999998,0.0,2.9763399999999995,8.048,,0.42,0.06,0.0,12.0,,per 100g,2026-07-01T04:14:08.471742Z,2026-07-01T04:14:08.471742Z,2,0.913,
tkpi_0539,"Terung bengkulu, segar","terung bengkulu, segar",TKPI,https://www.panganku.org/id-ID/view,Sayuran,sayuran,86.6,52.0,1.1,0.4,11.2,3.2,0.8,19.0,39.0,1.1,14.0,225.04816000000005,0.16,1.0,0.0,85.0,600.0,,0.23,0.04,0.0,6.0,,per 100g,2026-07-01T04:14:08.471742Z,2026-07-01T04:14:08.471742Z,2,0.913,
tkpi_0540,"Terong hintalo, segar","terong hintalo, segar",TKPI,https://www.panganku.org/id-ID/view,Sayuran,sayuran,89.2,45.0,1.9,0.8,7.5,5.1,0.6,19.0,268.0,1.0,167.0,142.0,0.6,0.2,173.88,552.0,585.4616599999999,,0.2,0.4,2.6740000000000004,4.0,,per 100g,2026-07-01T04:14:08.471742Z,2026-07-01T04:14:08.471742Z,2,0.913,
tkpi_0541,"Terung panjang (Eggplant, fresh)","terung panjang (eggplant, fresh)",TKPI,https://www.panganku.org/id-ID/view,Sayuran,sayuran,91.8,25.0,2.1,0.1,5.3,0.5,0.7,38.0,24.0,0.7,9.0,53.7,0.09,0.2,0.0,83.0,24.0,,0.15,0.06,0.7,8.0,,per 100g,2026-07-01T04:14:08.471742Z,2026-07-01T04:14:08.471742Z,2,0.913,
tkpi_0542,"Tomat, air (sari), segar (Tomato, juice, fresh)","tomat, air (sari), segar (tomato, juice, fresh)",TKPI,https://www.panganku.org/id-ID/view,Sayuran,sayuran,94.0,20.0,1.0,0.2,3.5,0.4,1.3,7.0,15.0,0.4,10.0,225.2,0.06,0.1,162.04,266.0,600.0,,0.05,0.03,0.7,10.0,,per 100g,2026-07-01T04:14:08.471742Z,2026-07-01T04:14:08.471742Z,2,0.913,
tkpi_0543,"Tomat merah, segar (Tomato, red, fresh)","tomat merah, segar (tomato, red, fresh)",TKPI,https://www.panganku.org/id-ID/view,Sayuran,sayuran,92.9,24.0,1.3,0.5,4.7,1.5,0.6,8.0,77.0,0.6,10.0,164.9,0.14,0.2,0.4160399999999999,575.0,2.083,,0.06,0.07,0.4,34.0,,per 100g,2026-07-01T04:14:08.471742Z,2026-07-01T04:14:08.471742Z,2,0.913,
tkpi_0544,"Tomat muda, segar (Tomato, green, fresh)","tomat muda, segar (tomato, green, fresh)",TKPI,https://www.panganku.org/id-ID/view,Sayuran,sayuran,93.0,24.0,2.0,0.7,3.3,1.8,2.0,5.0,27.0,0.5,10.0,210.0,0.07,0.2,6.3821,384.0,320.0,,0.07,0.04,0.7,30.0,,per 100g,2026-07-01T04:14:08.471742Z,2026-07-01T04:14:08.471742Z,2,0.913,
tkpi_0545,"Uceng/ bunga melinjo, segar (Spanish joint fir, flower, fresh)","uceng/ bunga melinjo, segar (spanish joint fir, flower, fresh)",TKPI,https://www.panganku.org/id-ID/view,Sayuran,sayuran,79.5,82.0,5.8,1.3,11.7,4.8,1.7,70.0,266.0,2.4,47.5201,269.4560800000001,0.3554,1.3900000000000006,1.52,24.9137,58.0,,0.11,0.15,1.414,3.0,,per 100g,2026-07-01T04:14:08.471742Z,2026-07-01T04:14:08.471742Z,2,0.913,
tkpi_0546,"Umbut kelapa, segar","umbut kelapa, segar",TKPI,https://www.panganku.org/id-ID/view,Sayuran,sayuran,89.3,39.0,2.0,0.2,7.2,2.5,1.3,57.0,49.0,1.694,4.0,447.0,0.2,1.4,0.0,16.0,42.0545,,0.1,0.1,1.0760000000000003,8.0,,per 100g,2026-07-01T04:14:08.471742Z,2026-07-01T04:14:08.471742Z,2,0.913,
tkpi_0547,"Umbut rotan (Rattan, young shoot)","umbut rotan (rattan, young shoot)",TKPI,https://www.panganku.org/id-ID/view,Sayuran,sayuran,90.5,34.0,2.4,0.3,5.5,2.2,1.3,89.0,79.0,1.3,8.0,552.0,0.2,1.9,0.0,14.0,30.42346,,0.2,0.2425999999999999,1.3540000000000003,9.0,,per 100g,2026-07-01T04:14:08.471742Z,2026-07-01T04:14:08.471742Z,2,0.913,
tkpi_0548,"Wortel, segar (Carrot, fresh)","wortel, segar (carrot, fresh)",TKPI,https://www.panganku.org/id-ID/view,Sayuran,sayuran,89.9,36.0,1.0,0.6,7.9,1.0,0.6,45.0,74.0,1.0,70.0,245.0,0.06,0.3,0.0,3.784,7.125,,0.04,0.04,1.0,18.0,,per 100g,2026-07-01T04:14:08.471742Z,2026-07-01T04:14:08.471742Z,2,0.913,
tkpi_0549,"Bayam, kukus","bayam, kukus",TKPI,https://www.panganku.org/id-ID/view,Sayuran,sayuran,90.7,30.0,1.3,0.7,5.8,1.2,1.6,239.0,35.0,5.7,15.0,431.0,0.1,0.3,0.0,2.699,3.75,,0.02,0.1,0.9,32.0,,per 100g,2026-07-01T04:14:08.471742Z,2026-07-01T04:14:08.471742Z,2,0.913,
tkpi_0550,"Bayam ,rebus","bayam ,rebus",TKPI,https://www.panganku.org/id-ID/view,Sayuran,sayuran,93.5,23.0,1.2,0.6,3.7,1.1,1.0,150.0,35.0,0.5,16.0,308.4,0.2,0.3,0.0,3.282,2.864,,0.02,0.1,0.9,19.0,,per 100g,2026-07-01T04:14:08.471742Z,2026-07-01T04:14:08.471742Z,2,0.913,
tkpi_0551,"Buncis, rebus","buncis, rebus",TKPI,https://www.panganku.org/id-ID/view,Sayuran,sayuran,90.6,30.0,2.2,0.2,6.4,1.5,0.6,107.0,47.0,0.5,7.0,138.9,0.1,0.3,80.5,1.0,402.0,,0.01,0.29,2.0,8.0,,per 100g,2026-07-01T04:14:08.471742Z,2026-07-01T04:14:08.471742Z,2,0.913,
tkpi_0552,"Daun kacang panjang, kukus","daun kacang panjang, kukus",TKPI,https://www.panganku.org/id-ID/view,Sayuran,sayuran,87.2,40.0,3.7,0.3,8.0,1.8,0.8,111.0,66.0,3.7,6.0,419.5,0.2,0.3,0.0,2.645,5.781,,0.15,0.2,0.9,11.0,,per 100g,2026-07-01T04:14:08.471742Z,2026-07-01T04:14:08.471742Z,2,0.913,
tkpi_0553,"Daun katuk, rebus","daun katuk, rebus",TKPI,https://www.panganku.org/id-ID/view,Sayuran,sayuran,83.3,53.0,5.3,0.9,9.1,1.2,1.4,185.0,102.0,3.1,16.0,291.3,0.3,1.3,0.0,11.131,9.0,,0.0,0.3,2.2,66.0,,per 100g,2026-07-01T04:14:08.471742Z,2026-07-01T04:14:08.471742Z,2,0.913,
tkpi_0554,"Daun kelor, rebus","daun kelor, rebus",TKPI,https://www.panganku.org/id-ID/view,Sayuran,sayuran,80.3,61.0,6.1,0.9,10.0,0.9,2.6,255.0,36.0,2.1,45.0,181.2,0.1,0.6,2.42386,3.972,6.071,,0.1,0.1,4.0,13.0,,per 100g,2026-07-01T04:14:08.471742Z,2026-07-01T04:14:08.471742Z,2,0.913,
tkpi_0555,"Daun mengkudu, kukus","daun mengkudu, kukus",TKPI,https://www.panganku.org/id-ID/view,Sayuran,sayuran,81.6,63.0,3.8,1.5,11.5,2.4,1.6,300.0,43.0,6.0,69.47636,263.2860000000001,0.3315999999999999,0.95,0.3,2.0,4.9,,0.08,0.1,5.2,11.0,,per 100g,2026-07-01T04:14:08.471742Z,2026-07-01T04:14:08.471742Z,2,0.913,
tkpi_0556,"Daun singkong, rebus","daun singkong, rebus",TKPI,https://www.panganku.org/id-ID/view,Sayuran,sayuran,90.5,31.0,3.7,0.6,4.8,1.6,0.4,160.0,50.0,2.6,13.0,14.0,0.1,2.0,0.0,3.897,4.15,,0.02,0.1,1.7,34.0,,per 100g,2026-07-01T04:14:08.471742Z,2026-07-01T04:14:08.471742Z,2,0.913,
tkpi_0557,"Daun talas, rebus","daun talas, rebus",TKPI,https://www.panganku.org/id-ID/view,Sayuran,sayuran,91.6,27.0,1.3,0.2,5.9,1.6,1.0,119.0,41.0,1.4,3.0,519.4,0.5,0.5,0.0,4.641,2.682,,0.0,0.6,1.9,7.0,,per 100g,2026-07-01T04:14:08.471742Z,2026-07-01T04:14:08.471742Z,2,0.913,
tkpi_0558,"Daun ubi merah, kukus","daun ubi merah, kukus",TKPI,https://www.panganku.org/id-ID/view,Sayuran,sayuran,82.5,56.0,3.1,0.3,13.0,1.5,1.1,78.0,52.0,4.3,28.0,472.8,0.1,0.4,0.02,5.277,5.397,,0.0,0.2,1.1,14.0,,per 100g,2026-07-01T04:14:08.471742Z,2026-07-01T04:14:08.471742Z,2,0.913,
tkpi_0559,"Kacang panjang ,kukus","kacang panjang ,kukus",TKPI,https://www.panganku.org/id-ID/view,Sayuran,sayuran,88.2,39.0,3.0,0.6,7.6,1.7,0.6,100.0,91.0,1.2,28.0,199.0,0.11,0.5,0.0,131.0,205.0,,0.02,0.1,0.3,20.0,,per 100g,2026-07-01T04:14:08.471742Z,2026-07-01T04:14:08.471742Z,2,0.913,
tkpi_0560,"Kacang panjang, rebus","kacang panjang, rebus",TKPI,https://www.panganku.org/id-ID/view,Sayuran,sayuran,90.9,30.0,2.3,0.4,5.8,1.4,0.6,71.0,68.0,0.8,24.0,114.5,0.1,0.4,0.0,128.0,162.0,,0.0,0.07,0.2,15.0,,per 100g,2026-07-01T04:14:08.471742Z,2026-07-01T04:14:08.471742Z,2,0.913,
tkpi_0561,"Kangkung, kukus","kangkung, kukus",TKPI,https://www.panganku.org/id-ID/view,Sayuran,sayuran,90.4,30.0,3.2,0.7,4.7,1.8,1.0,70.0,49.0,4.4,45.0,184.9,0.1,0.3,0.0,2.37,5.837,,0.03,0.28,1.4,11.0,,per 100g,2026-07-01T04:14:08.471742Z,2026-07-01T04:14:08.471742Z,2,0.913,
tkpi_0562,"Kangkung, rebus","kangkung, rebus",TKPI,https://www.panganku.org/id-ID/view,Sayuran,sayuran,93.0,22.0,2.5,0.6,3.1,1.2,0.8,50.0,51.0,3.5,31.0,98.0,0.1,0.3,0.0,2.37,4.325,,0.01,0.22,1.2,13.0,,per 100g,2026-07-01T04:14:08.471742Z,2026-07-01T04:14:08.471742Z,2,0.913,
tkpi_0563,"Paria putih, kukus","paria putih, kukus",TKPI,https://www.panganku.org/id-ID/view,Sayuran,sayuran,95.0,16.0,0.8,0.2,3.4,1.2,0.6,16.0,33.0,0.5,4.0,236.0,0.0,0.7,0.94,187.0,65.0,,0.15,0.04,0.3,35.0,,per 100g,2026-07-01T04:14:08.471742Z,2026-07-01T04:14:08.471742Z,2,0.913,
tkpi_0564,"Selada, rebus","selada, rebus",TKPI,https://www.panganku.org/id-ID/view,Sayuran,sayuran,93.5,19.0,2.7,0.2,2.9,0.7,0.7,83.0,74.0,1.4,24.0,160.7,0.05,0.2,0.24,2.499,3.7,,0.08,0.2,0.6,27.0,,per 100g,2026-07-01T04:14:08.471742Z,2026-07-01T04:14:08.471742Z,2,0.913,
tkpi_0565,"Taoge, goreng","taoge, goreng",TKPI,https://www.panganku.org/id-ID/view,Sayuran,sayuran,79.2,88.0,3.2,2.1,14.0,0.7,1.5,168.0,50.0,5.7,207.96608,116.83846,0.2701999999999999,0.9760000000000002,2.0,413.0,613.0,,0.05,0.1431999999999999,1.064,0.0,,per 100g,2026-07-01T04:14:08.471742Z,2026-07-01T04:14:08.471742Z,2,0.913,
tkpi_0566,"Taoge, seduh","taoge, seduh",TKPI,https://www.panganku.org/id-ID/view,Sayuran,sayuran,91.9,28.0,3.0,0.8,4.0,1.0,0.3,52.0,73.0,0.5,18.0,58.3,0.19,0.4,0.36,46.0,18.0,,0.1,0.0,0.9,2.0,,per 100g,2026-07-01T04:14:08.471742Z,2026-07-01T04:14:08.471742Z,2,0.913,
tkpi_0567,"Terung panjang, kukus","terung panjang, kukus",TKPI,https://www.panganku.org/id-ID/view,Sayuran,sayuran,92.7,23.0,1.8,0.1,4.9,0.4,0.5,40.0,13.0,0.5,9.0,57.0,67.1,0.2,0.0,99.0,20.0,,0.0,0.07,0.7,1.0,,per 100g,2026-07-01T04:14:08.471742Z,2026-07-01T04:14:08.471742Z,2,0.913,
tkpi_0568,"Wortel, rebus","wortel, rebus",TKPI,https://www.panganku.org/id-ID/view,Sayuran,sayuran,92.1,28.0,0.7,0.5,6.3,0.8,0.4,46.0,28.0,0.6,41.0,117.3,0.1,0.2,0.0,3.824,5.396,,0.01,0.03,0.7,12.0,,per 100g,2026-07-01T04:14:08.471742Z,2026-07-01T04:14:08.471742Z,2,0.913,
tkpi_0569,"Wortel, kukus","wortel, kukus",TKPI,https://www.panganku.org/id-ID/view,Sayuran,sayuran,89.5,37.0,1.0,0.6,8.3,1.1,0.6,44.0,30.0,0.6,43.0,122.5,0.11,0.3,0.0,3.994,7.15,,0.02,0.03,0.8,14.0,,per 100g,2026-07-01T04:14:08.471742Z,2026-07-01T04:14:08.471742Z,2,0.913,
tkpi_0570,"Asinan Bogor, sayuran","asinan bogor, sayuran",TKPI,https://www.panganku.org/id-ID/view,Sayuran,sayuran,78.0,98.0,3.9,2.6,14.8,0.5,0.7,314.0,17.0,1.2,483.0,246.97594,1.713800000000001,0.7900000000000001,10.0,54.26,146.0,,0.28,0.0839999999999999,0.7420000000000002,5.0,,per 100g,2026-07-01T04:14:08.471742Z,2026-07-01T04:14:08.471742Z,2,0.913,
tkpi_0571,"Anyang, sayur","anyang, sayur",TKPI,https://www.panganku.org/id-ID/view,Sayuran,sayuran,76.9,126.0,3.4,7.9,10.3,5.4,1.5,180.0,1.0,2.9,290.0,181.0,0.3,1.2,106.67608,3.263,22.6362,,0.2,0.1329999999999999,0.982,9.28,,per 100g,2026-07-01T04:14:08.471742Z,2026-07-01T04:14:08.471742Z,2,0.913,"Seperti urap sayuran, biasanya terdiri dari daun pakis, tauge, daun pepaya, kacang panjang, kangkung dan kelapa parut"
tkpi_0572,"Ares, sayur","ares, sayur",TKPI,https://www.panganku.org/id-ID/view,Sayuran,sayuran,77.7,113.0,0.9,7.2,11.2,4.7,3.0,63.0,5.0,1.5,1.413,1.03,0.7,3.8,0.4,6.0,31.276000000000003,,0.1,0.2273999999999999,0.5,27.98,,per 100g,2026-07-01T04:14:08.471742Z,2026-07-01T04:14:08.471742Z,2,0.913,Masakan dari umbut / hati batang pisang dimasak dengan santan dan bumbu (gulai)
tkpi_0573,Arwan sirsir,arwan sirsir,TKPI,https://www.panganku.org/id-ID/view,Sayuran,sayuran,59.0,277.0,2.4,25.0,10.7,4.6,2.9,120.0,40.0,2.4,240.0,320.0,0.2,0.9,19.10938,1.578,10.06094,,0.1,0.2,0.0,11.0,,per 100g,2026-07-01T04:14:08.471742Z,2026-07-01T04:14:08.471742Z,2,0.913,"Bahan dasar terdiri dari daun kasbi, daun pepaya, bunga pepaya dimasak dengan santan"
tkpi_0574,Beberuk,beberuk,TKPI,https://www.panganku.org/id-ID/view,Sayuran,sayuran,89.1,65.0,1.1,5.2,3.5,3.1,1.1,179.0,72.0,8.3,53.0,427.0,0.4,0.2,2.8419,44.0,37.9845,,0.3,0.2657999999999999,4.4,28.46,,per 100g,2026-07-01T04:14:08.471742Z,2026-07-01T04:14:08.471742Z,2,0.913,"Sayuran mentah (kacang panjang dan terong ungu kecil diiris halus), ditambah bumbu / saos : cabe merah, cabe rawit merah, tomat, terasi, dan garam"
tkpi_0575,Botok lamtoro,botok lamtoro,TKPI,https://www.panganku.org/id-ID/view,Sayuran,sayuran,63.9,186.0,11.7,9.7,13.0,2.1,2.2,771.0,322.0,26.0,233.31448,221.37836000000004,0.5586000000000003,1.864,18.0,170.96,179.0,,0.27,0.1854,1.7959999999999992,2.0,,per 100g,2026-07-01T04:14:08.471742Z,2026-07-01T04:14:08.471742Z,2,0.913,"Bahan dasar terdiri dari lamtoro dan kelapa parut, dikukus dengan dibungkus daun pisang."
tkpi_0576,Buntil daun talas,buntil daun talas,TKPI,https://www.panganku.org/id-ID/view,Sayuran,sayuran,74.5,141.0,4.4,10.2,8.0,1.8,3.0,149.0,121.0,14.5,246.937,288.4972,0.327,0.89,13.0,3.544179999999999,8.61,,0.25,0.1766,1.3980000000000004,1.0,,per 100g,2026-07-01T04:14:08.471742Z,2026-07-01T04:14:08.471742Z,2,0.913,"Bahan dasar terdiri dari daun talas, kelapa parut, dan ikan teri. Direbus dengan santan."
tkpi_0577,Cammetutu,cammetutu,TKPI,https://www.panganku.org/id-ID/view,Sayuran,sayuran,79.6,102.0,3.2,6.0,8.7,4.3,2.5,41.0,93.0,0.5,443.0,518.0,0.3,0.7,154.99628,1.123,53.67035999999999,,0.3,0.4,0.4,19.0,,per 100g,2026-07-01T04:14:08.471742Z,2026-07-01T04:14:08.471742Z,2,0.913,"Sayur daun singkong ditumbuk dan dimasak bersama kacang panjang, terong, dan labu siam."
tkpi_0578,"Cap cai, sayur","cap cai, sayur",TKPI,https://www.panganku.org/id-ID/view,Sayuran,sayuran,82.7,97.0,5.8,6.3,4.2,0.6,1.0,287.0,89.0,1.8,405.0,234.80000000000004,0.1915999999999998,0.8360000000000001,45.0,5.20958,1.64,,0.21,0.1885999999999998,1.332,1.0,,per 100g,2026-07-01T04:14:08.471742Z,2026-07-01T04:14:08.471742Z,2,0.913,
tkpi_0579,Gado-gado,gado-gado,TKPI,https://www.panganku.org/id-ID/view,Sayuran,sayuran,68.5,137.0,6.1,3.2,21.0,1.1,1.5,301.0,135.0,7.5,43.31548,301.35764,0.3394,1.298,3.0,7.34262,5.929,,0.1,0.1008,1.6519999999999997,1.0,,per 100g,2026-07-01T04:14:08.471742Z,2026-07-01T04:14:08.471742Z,2,0.913,
tkpi_0580,"Gudeg, sayur","gudeg, sayur",TKPI,https://www.panganku.org/id-ID/view,Sayuran,sayuran,69.2,160.0,3.3,9.2,16.0,2.3,2.1,62.0,55.0,12.8,134.15468,217.5009,0.3175999999999999,0.848,0.0,128.74978,166.0,,0.15,0.0911999999999999,0.608,0.0,,per 100g,2026-07-01T04:14:08.471742Z,2026-07-01T04:14:08.471742Z,2,0.913,Bahan dasar terdiri dari nangka muda dan santan. Direbus dalam waktu yang lama
tkpi_0581,Gulai pakis,gulai pakis,TKPI,https://www.panganku.org/id-ID/view,Sayuran,sayuran,76.1,143.0,4.0,11.4,6.0,1.4,2.6,548.0,124.0,1.7,139.508,254.4885,0.2973999999999999,0.8460000000000001,11.0,2.55758,9.802,,0.35,0.1044,1.0860000000000003,1.0,,per 100g,2026-07-01T04:14:08.471742Z,2026-07-01T04:14:08.471742Z,2,0.913,
tkpi_0582,Gulai pliek,gulai pliek,TKPI,https://www.panganku.org/id-ID/view,Sayuran,sayuran,71.9,176.0,7.3,14.9,3.2,0.104,2.7,39.0,54.0,1.4,257.0,285.0,0.3,0.6,30.51364,0.34378,4.32402,,0.1855999999999999,0.1011999999999999,1.4480000000000002,0.82,,per 100g,2026-07-01T04:14:08.471742Z,2026-07-01T04:14:08.471742Z,2,0.913,"Bahan dasar terdiri dari nangka muda, daun melinjo, buah melinjo, jantung pisang, kacang panjang. Direbus dengan santan."
tkpi_0583,Kadada katembe,kadada katembe,TKPI,https://www.panganku.org/id-ID/view,Sayuran,sayuran,80.0,110.0,4.5,6.9,7.1,3.9,1.5,26.0,77.0,0.0,178.0,131.0,0.2,0.7,13.08,46.0,99.02718,,0.1,0.1047999999999999,3.7,23.0,,per 100g,2026-07-01T04:14:08.471742Z,2026-07-01T04:14:08.471742Z,2,0.913,
tkpi_0584,"Kaparende, sayur","kaparende, sayur",TKPI,https://www.panganku.org/id-ID/view,Sayuran,sayuran,91.7,38.0,2.4,2.0,2.6,1.5,1.3,126.0,68.0,0.0,170.0,43.0,0.0,0.3,46.52402,40.0,51.45546,,0.1,0.1773999999999999,3.7,22.0,,per 100g,2026-07-01T04:14:08.471742Z,2026-07-01T04:14:08.471742Z,2,0.913,sayur bening daun kelor + pepaya muda + ikan teri
tkpi_0585,"Karedok, sayur","karedok, sayur",TKPI,https://www.panganku.org/id-ID/view,Sayuran,sayuran,79.0,92.0,2.2,3.3,14.1,1.4,1.4,174.0,85.0,2.4,92.88,251.72200000000004,0.2647999999999999,0.7680000000000001,0.0,2.31884,1.0,,0.08,0.0902,0.4299999999999999,3.0,,per 100g,2026-07-01T04:14:08.471742Z,2026-07-01T04:14:08.471742Z,2,0.913,
tkpi_0586,Keripik bayam,keripik bayam,TKPI,https://www.panganku.org/id-ID/view,Sayuran,sayuran,2.3,586.0,4.9,40.6,50.2,0.5,1.9,236.0,117.0,3.6,57.12282,406.05864,0.6799999999999998,1.834,0.0,12.94,4.544,,0.16,0.3255999999999999,1.6279999999999994,0.0,,per 100g,2026-07-01T04:14:08.471742Z,2026-07-01T04:14:08.471742Z,2,0.913,
tkpi_0587,Kotiu hinela tawang nggole,kotiu hinela tawang nggole,TKPI,https://www.panganku.org/id-ID/view,Sayuran,sayuran,88.4,46.0,2.2,1.5,6.0,3.8,1.9,64.0,44.0,0.0,316.0,103.0,1.6,0.8,133.16624,75.0,155.22526000000005,,0.3,0.1664,9.7,7.0,,per 100g,2026-07-01T04:14:08.471742Z,2026-07-01T04:14:08.471742Z,2,0.913,Sayur campur jantung pisang + daun singkong dan tekokak bumbu garam dan terasi
tkpi_0588,Lema/ Rebung asam,lema/ rebung asam,TKPI,https://www.panganku.org/id-ID/view,Sayuran,sayuran,96.3,15.0,1.0,0.4,1.9,1.5499999999999994,0.4,17.0,230.0,2.9,3.0,156.0,0.1,0.7,406.02,264.53156000000007,497.78,,0.3,0.0,1.074,30.06,,per 100g,2026-07-01T04:14:08.471742Z,2026-07-01T04:14:08.471742Z,2,0.913,"Bahan dasar : rebung dan ikan, diolah dengan cara direbus dan difermentasi, dengan rasa asam pedas"
tkpi_0589,Lilin bungkus gedi,lilin bungkus gedi,TKPI,https://www.panganku.org/id-ID/view,Sayuran,sayuran,84.8,79.0,2.3,5.2,5.8,2.5,1.9,170.0,70.0,0.9,170.0,50.0,0.2,0.8,248.54,328.77488,609.3864,,0.2,0.1,0.0,18.0,,per 100g,2026-07-01T04:14:08.471742Z,2026-07-01T04:14:08.471742Z,2,0.913,
tkpi_0590,Olah-olah,olah-olah,TKPI,https://www.panganku.org/id-ID/view,Sayuran,sayuran,83.9,9.0,2.1,6.0,7.1,4.4,0.9,26.0,3.0,1.2,289.0,266.0,0.3,0.6,78.4601,36.0,142.94616,,0.2,0.1,0.4,11.14,,per 100g,2026-07-01T04:14:08.471742Z,2026-07-01T04:14:08.471742Z,2,0.913,"Masakan sayur: Kacang panjang dan toge direbus diberi saos santan kental yang dimasak dengan bumb bawang merah + bawang putih, cabe merah, terasi dan garam."
tkpi_0591,Paku hinela wulelenggapaya,paku hinela wulelenggapaya,TKPI,https://www.panganku.org/id-ID/view,Sayuran,sayuran,83.4,77.0,3.5,4.6,5.4,3.6,3.1,63.0,85.0,0.0,469.0,37.0,0.3,0.7,139.95924,55.0,161.3524,,0.8,0.1,0.2,4.0,,per 100g,2026-07-01T04:14:08.471742Z,2026-07-01T04:14:08.471742Z,2,0.913,Sayur paku dan  bunga pepaya
tkpi_0592,Pelecing kangkung,pelecing kangkung,TKPI,https://www.panganku.org/id-ID/view,Sayuran,sayuran,83.8,75.0,2.5,2.8,10.0,5.4,0.9,36.0,3.0,2.1,408.0,381.0,0.1,0.4,337.34,870.0,430.36,,0.7,0.1629999999999999,0.2,12.0,,per 100g,2026-07-01T04:14:08.471742Z,2026-07-01T04:14:08.471742Z,2,0.913,"Kangkung dan toge direbus ditaburi kelapa parut (disangan) dan sambal (garam, cabe, terasi, dan tomat ) disiram air jeruk."
tkpi_0593,Purundawa,purundawa,TKPI,https://www.panganku.org/id-ID/view,Sayuran,sayuran,91.8,25.0,1.5,0.5,3.6,1.7,2.6,147.0,39.0,0.0,239.0,201.0,0.1,0.6,33.528040000000004,55.0,106.78484000000002,,0.1,0.1,11.6,2.0,,per 100g,2026-07-01T04:14:08.471742Z,2026-07-01T04:14:08.471742Z,2,0.913,Sayur bening bayam + terong kecil bumbu garam + terasi
tkpi_0594,Rujak cingur,rujak cingur,TKPI,https://www.panganku.org/id-ID/view,Sayuran,sayuran,70.1,153.0,11.3,8.4,8.0,1.4,1.4,256.0,143.0,4.4,234.097,276.9305,0.3319999999999999,1.2879999999999998,18.0,0.49118,2.88,,0.16,0.1349999999999999,1.6600000000000006,2.0,,per 100g,2026-07-01T04:14:08.471742Z,2026-07-01T04:14:08.471742Z,2,0.913,"Seperti gado-gado, ditambah cingur sapi."
tkpi_0595,Sayur asem,sayur asem,TKPI,https://www.panganku.org/id-ID/view,Sayuran,sayuran,93.2,29.0,0.7,0.6,5.0,0.6,0.8,40.0,61.0,3.1,394.48,299.70164000000005,0.2506,0.524,14.0,129.17469999999994,2.075,,0.1,0.2025999999999999,1.3160000000000005,0.0,,per 100g,2026-07-01T04:14:08.471742Z,2026-07-01T04:14:08.471742Z,2,0.913,
tkpi_0596,Sayur bunga pepaya,sayur bunga pepaya,TKPI,https://www.panganku.org/id-ID/view,Sayuran,sayuran,83.4,49.0,1.7,0.3,9.8,2.7,2.1,220.0,220.0,1.3,90.0,350.0,0.1,0.1,19.74662,372.0,375.48166,,0.2826000000000001,0.1,0.0,0.0,,per 100g,2026-07-01T04:14:08.471742Z,2026-07-01T04:14:08.471742Z,2,0.913,
tkpi_0597,Sayur garu,sayur garu,TKPI,https://www.panganku.org/id-ID/view,Sayuran,sayuran,70.8,178.0,2.6,13.9,10.6,8.4,2.1,30.0,130.0,0.9,20.0,120.0,0.1,0.3,159.92,407.35154,596.592,,0.2,0.1,0.6839999999999999,9.0,,per 100g,2026-07-01T04:14:08.471742Z,2026-07-01T04:14:08.471742Z,2,0.913,"Bahan dasar terdiri dari jantung pisang, daun ubi, daun pepaya. Ditumis"
tkpi_0598,Sayur kohu-kohu,sayur kohu-kohu,TKPI,https://www.panganku.org/id-ID/view,Sayuran,sayuran,72.8,133.0,7.3,6.6,11.2,1.2,2.1,40.0,120.0,0.2,20.0,50.0,0.1,0.3,145.04,944.0,724.6,,0.2,0.2,2.178,9.0,,per 100g,2026-07-01T04:14:08.471742Z,2026-07-01T04:14:08.471742Z,2,0.913,"Seperti urap. Bahan dasar terdiri dari bayam, ketimun, daun kemangi, kacang panjang, taoge, dan kelapa."
tkpi_0599,Sayur lilin-terubuk,sayur lilin-terubuk,TKPI,https://www.panganku.org/id-ID/view,Sayuran,sayuran,90.4,36.0,2.7,0.7,4.8,1.4,1.4,10.0,90.0,0.1,30.0,44.0,0.2,1.0,291.3,252.468,540.10062,,0.3,0.2,1.3800000000000003,18.0,,per 100g,2026-07-01T04:14:08.471742Z,2026-07-01T04:14:08.471742Z,2,0.913,Bahan dasar terdiri dari lilin/terubuk. Direbus dengan santan.
tkpi_0600,Sayur ndusuk,sayur ndusuk,TKPI,https://www.panganku.org/id-ID/view,Sayuran,sayuran,87.5,49.0,3.1,2.5,3.6,2.4019999999999992,3.1,11.0,6.0,0.5,1.011,88.0,0.0962,0.2,207.94,192.53293999999997,582.8464,,0.2,0.1,1.4320000000000002,15.0,,per 100g,2026-07-01T04:14:08.471742Z,2026-07-01T04:14:08.471742Z,2,0.913,
tkpi_0601,Sayur sop,sayur sop,TKPI,https://www.panganku.org/id-ID/view,Sayuran,sayuran,92.7,27.0,1.3,2.0,1.0,0.3,2.7,168.0,57.0,1.8,403.74,321.5645,10.1534,0.8400000000000002,20.0,69.69362,2.569,,0.1,0.1869999999999999,1.838,0.0,,per 100g,2026-07-01T04:14:08.471742Z,2026-07-01T04:14:08.471742Z,2,0.913,
tkpi_0602,Sayur umbut kelapa,sayur umbut kelapa,TKPI,https://www.panganku.org/id-ID/view,Sayuran,sayuran,85.5,67.0,5.2,2.9,5.1,1.4,1.3,48.0,81.0,3.2,313.0,108.0,0.2,1.1,56.99608,21.0,39.92696,,0.2,0.096,1.7900000000000005,5.0,,per 100g,2026-07-01T04:14:08.471742Z,2026-07-01T04:14:08.471742Z,2,0.913,"Bahan dasar terdiri dari umbut kelapa, labu kuning, dan iga sapi. Direbus dengan santan"
tkpi_0603,Sayur umbut rotan,sayur umbut rotan,TKPI,https://www.panganku.org/id-ID/view,Sayuran,sayuran,87.6,57.0,5.4,2.6,3.1,1.6,1.3,184.0,135.0,1.2,256.0,81.0,0.2,0.9,50.19608,18.0,0.0,,0.2,0.1891999999999999,1.7060000000000002,6.0,,per 100g,2026-07-01T04:14:08.471742Z,2026-07-01T04:14:08.471742Z,2,0.913,Umbut rotan masak tumis
tkpi_0604,Shabu-shabu,shabu-shabu,TKPI,https://www.panganku.org/id-ID/view,Sayuran,sayuran,87.1,88.0,3.2,8.0,0.8,0.9,0.9,217.0,48.0,2.9,514.0,241.7665,0.1969999999999999,0.9479999999999998,82.0,22.579020000000003,2.0,,0.2,0.1729999999999999,0.44,0.0,,per 100g,2026-07-01T04:14:08.471742Z,2026-07-01T04:14:08.471742Z,2,0.913,
tkpi_0605,Semur jengkol,semur jengkol,TKPI,https://www.panganku.org/id-ID/view,Sayuran,sayuran,52.7,212.0,6.0,10.0,29.1,2.4339999999999993,2.2,77.0,99.0,1.0,190.97094,261.60412,0.3034,1.356,22.04402,33.24,81.0,,0.14,0.1233999999999999,1.0320000000000005,4.0,,per 100g,2026-07-01T04:14:08.471742Z,2026-07-01T04:14:08.471742Z,2,0.913,
tkpi_0606,Tinira ninahu nggaluku,tinira ninahu nggaluku,TKPI,https://www.panganku.org/id-ID/view,Sayuran,sayuran,91.8,33.0,1.2,1.3,4.1,3.1,1.5,35.0,35.0,0.0,161.0,119.0,0.2,0.7,25.90168,6.0,0.0,,0.3,0.0,3.5,10.0,,per 100g,2026-07-01T04:14:08.471742Z,2026-07-01T04:14:08.471742Z,2,0.913,Bahan dasar terdiri dari daun melinjo
tkpi_0607,Tumis bayam bersantan,tumis bayam bersantan,TKPI,https://www.panganku.org/id-ID/view,Sayuran,sayuran,91.2,48.0,1.4,4.2,2.6,0.5,0.6,129.0,27.0,0.8,85.93434,354.68249999999995,48.418,0.382,0.0,37.18898,2.988,,0.01,0.2347999999999999,1.6559999999999997,22.0,,per 100g,2026-07-01T04:14:08.471742Z,2026-07-01T04:14:08.471742Z,2,0.913,
tkpi_0608,Waluh balamak,waluh balamak,TKPI,https://www.panganku.org/id-ID/view,Sayuran,sayuran,89.4,45.0,0.8,0.9,8.1,7.9,1.0,25.0,25.0,0.5,61.0,15.0,2.668399999999998,0.2,0.0,1.241,0.0,,0.2,0.0,0.1,2.0,,per 100g,2026-07-01T04:14:08.471742Z,2026-07-01T04:14:08.471742Z,2,0.913,
tkpi_0609,Woku ubi,woku ubi,TKPI,https://www.panganku.org/id-ID/view,Sayuran,sayuran,73.0,143.0,3.1,7.8,15.0,7.0,1.1,195.0,91.0,2.8,353.0,256.0,0.3,1.0,76.54,1.519,0.0,,0.1,0.1196,0.7540000000000002,15.0,,per 100g,2026-07-01T04:14:08.471742Z,2026-07-01T04:14:08.471742Z,2,0.913,
tkpi_0610,"Alpukat, segar (Avocado, fresh)","alpukat, segar (avocado, fresh)",TKPI,https://www.panganku.org/id-ID/view,Buah,buah,84.3,85.0,0.9,6.5,7.7,3.0980000000000003,0.6,10.0,20.0,0.9,2.0,278.0,0.2,0.4,0.21974,189.0,180.0,,0.05,0.08,1.0,13.0,,per 100g,2026-07-01T04:14:08.471742Z,2026-07-01T04:14:08.471742Z,2,0.913,
tkpi_0611,"Anggur hutan, segar","anggur hutan, segar",TKPI,https://www.panganku.org/id-ID/view,Buah,buah,92.3,30.0,0.5,0.2,6.8,1.2,0.2,39.0,12.0,1.1,26.54,213.202,9.694400000000003,0.2579999999999999,0.0,24.76524,1.0,,0.01,0.0558,0.7860000000000003,3.0,,per 100g,2026-07-01T04:14:08.471742Z,2026-07-01T04:14:08.471742Z,2,0.913,
tkpi_0612,"Apel malang, segar (Apel, green, fresh)","apel malang, segar (apel, green, fresh)",TKPI,https://www.panganku.org/id-ID/view,Buah,buah,85.9,57.0,0.5,0.4,12.8,0.8,0.3,9.0,18.0,0.6,4.0,175.4,110.16,0.0,0.0,26.0,2.24,,0.05,0.03,0.1,5.0,,per 100g,2026-07-01T04:14:08.471742Z,2026-07-01T04:14:08.471742Z,2,0.913,
tkpi_0613,"Apel, segar","apel, segar",TKPI,https://www.panganku.org/id-ID/view,Buah,buah,84.1,58.0,0.3,0.4,14.9,2.6,0.3,6.0,10.0,0.3,2.0,130.0,124.2,0.3,0.0,30.0,90.0,,0.04,0.03,0.1,5.0,,per 100g,2026-07-01T04:14:08.471742Z,2026-07-01T04:14:08.471742Z,2,0.913,
tkpi_0614,"Arbai, segar (Arbein, fresh)","arbai, segar (arbein, fresh)",TKPI,https://www.panganku.org/id-ID/view,Buah,buah,89.9,37.0,0.8,0.5,8.3,3.1140000000000003,0.5,28.0,27.0,0.8,2.0,43.0,63.52,18.9,11.4,2.0,60.0,,0.03,0.0,0.1,60.0,,per 100g,2026-07-01T04:14:08.471742Z,2026-07-01T04:14:08.471742Z,2,0.913,
tkpi_0615,"Belimbing, segar (Starfruit, fresh)","belimbing, segar (starfruit, fresh)",TKPI,https://www.panganku.org/id-ID/view,Buah,buah,90.0,36.0,0.4,0.4,8.8,3.2,0.4,4.0,12.0,1.1,4.0,130.0,38.33439999999998,0.1,0.0,29.0,170.0,,0.03,0.0941999999999999,1.11,35.0,,per 100g,2026-07-01T04:14:08.471742Z,2026-07-01T04:14:08.471742Z,2,0.913,
tkpi_0616,"Biwah, segar (Loquat, fresh)","biwah, segar (loquat, fresh)",TKPI,https://www.panganku.org/id-ID/view,Buah,buah,87.1,51.0,0.3,0.1,12.1,0.7,0.5,220.0,14.0,0.8,1.0,258.6,0.04,0.0,0.0,36.1876,12.256,,0.1,0.02,0.0,4.0,,per 100g,2026-07-01T04:14:08.471742Z,2026-07-01T04:14:08.471742Z,2,0.913,
tkpi_0617,"Buah atung, segar","buah atung, segar",TKPI,https://www.panganku.org/id-ID/view,Buah,buah,92.0,23.0,0.8,0.2,5.2,3.0480000000000005,1.8,30.0,50.0,4.6,32.84,461.0454399999999,24.073400000000003,0.6940000000000001,0.0,84.59342000000001,0.0,,0.29,0.1331999999999999,1.0200000000000002,38.0,,per 100g,2026-07-01T04:14:08.471742Z,2026-07-01T04:14:08.471742Z,2,0.913,
tkpi_0618,"Buah kelenting, segar","buah kelenting, segar",TKPI,https://www.panganku.org/id-ID/view,Buah,buah,73.9,110.0,1.4,2.1,21.4,4.544,1.2,8.0,102.0,1.1,2.0,0.0,0.3,0.9,182.5,205.10238,543.61942,,0.2,0.1,1.146,6.0,,per 100g,2026-07-01T04:14:08.471742Z,2026-07-01T04:14:08.471742Z,2,0.913,
tkpi_0619,"Buah kom, segar","buah kom, segar",TKPI,https://www.panganku.org/id-ID/view,Buah,buah,33.7,264.0,4.0,1.1,59.6,9.0,1.7,306.0,92.0,0.8,27.54,101.38428000000002,0.3303999999999999,0.7600000000000001,0.0,240.77523999999997,400.0,,0.11,0.0794,0.0,9.0,,per 100g,2026-07-01T04:14:08.471742Z,2026-07-01T04:14:08.471742Z,2,0.913,
tkpi_0620,"Buah mentega (Bisbul), segar (Persimmons, japanese, fresh)","buah mentega (bisbul), segar (persimmons, japanese, fresh)",TKPI,https://www.panganku.org/id-ID/view,Buah,buah,89.0,39.0,0.7,0.2,9.7,2.0,0.4,43.0,17.0,0.8,1.0,90.0,0.06,0.1,0.0,141.0,55.0,,0.02,0.01,0.1,33.0,,per 100g,2026-07-01T04:14:08.471742Z,2026-07-01T04:14:08.471742Z,2,0.913,
tkpi_0621,"Buah Naga Merah, segar","buah naga merah, segar",TKPI,https://www.panganku.org/id-ID/view,Buah,buah,85.7,71.0,1.7,3.1,9.1,3.2,0.4,13.0,14.0,0.4,10.0,128.0,0.0,0.4,2.5,0.0,0.0,,0.5,0.3,0.5,1.0,,per 100g,2026-07-01T04:14:08.471742Z,2026-07-01T04:14:08.471742Z,2,0.913,
tkpi_0622,"Buah Naga Putih, segar","buah naga putih, segar",TKPI,https://www.panganku.org/id-ID/view,Buah,buah,86.6,56.0,0.8,1.0,10.9,3.2,0.6,13.0,27.0,0.5,7.0,231.0,0.0,0.4,0.0,0.0,0.0,,0.02,0.5,0.9,1.0,,per 100g,2026-07-01T04:14:08.471742Z,2026-07-01T04:14:08.471742Z,2,0.913,
tkpi_0623,"Buah negri, segar (Passion-fruit (granadilla), fresh)","buah negri, segar (passion-fruit (granadilla), fresh)",TKPI,https://www.panganku.org/id-ID/view,Buah,buah,85.7,55.0,1.2,0.1,12.2,5.2,0.8,30.0,40.0,0.2,10.0,0.0,0.1,0.3,335.54,460.0,469.05854,,0.33,0.03,0.1,9.0,,per 100g,2026-07-01T04:14:08.471742Z,2026-07-01T04:14:08.471742Z,2,0.913,
tkpi_0624,"Buah nona, segar (Sugarapple, fresh)","buah nona, segar (sugarapple, fresh)",TKPI,https://www.panganku.org/id-ID/view,Buah,buah,71.5,101.0,1.7,0.6,25.2,2.8,1.0,27.0,20.0,0.8,5.0,312.5,325.7,0.1,0.0,49.0,82.02069999999999,,0.08,0.16,0.9,22.0,,per 100g,2026-07-01T04:14:08.471742Z,2026-07-01T04:14:08.471742Z,2,0.913,
tkpi_0625,"Buah rotan, segar","buah rotan, segar",TKPI,https://www.panganku.org/id-ID/view,Buah,buah,79.4,78.0,0.6,0.3,18.2,3.834,1.5,1.0,7.0,3.4,7.0,495.0,0.3,0.7,0.0,54.18,105.191,,0.12,0.0,0.5299999999999999,5.0,,per 100g,2026-07-01T04:14:08.471742Z,2026-07-01T04:14:08.471742Z,2,0.913,
tkpi_0626,"Buah rukam, segar (Rukam, fresh)","buah rukam, segar (rukam, fresh)",TKPI,https://www.panganku.org/id-ID/view,Buah,buah,71.3,113.0,0.8,0.3,26.8,7.7,0.8,108.0,52.0,1.2,2.0,219.0,0.3,0.9,0.0,17.0,63.24654,,0.06,0.01,0.4320000000000001,20.0,,per 100g,2026-07-01T04:14:08.471742Z,2026-07-01T04:14:08.471742Z,2,0.913,
tkpi_0627,"Buah ruruhi, segar","buah ruruhi, segar",TKPI,https://www.panganku.org/id-ID/view,Buah,buah,93.0,29.0,2.1,0.7,3.6,2.6,0.3,6.0,7.0,0.0,36.0,45.0,0.0,0.1,349.04,7.0,575.14,,0.06,0.01,1.7140000000000004,10.0,,per 100g,2026-07-01T04:14:08.471742Z,2026-07-01T04:14:08.471742Z,2,0.913,
tkpi_0628,"Buah tuppa, segar","buah tuppa, segar",TKPI,https://www.panganku.org/id-ID/view,Buah,buah,82.5,67.0,0.4,0.2,15.9,3.816,1.0,12.0,139.0,0.5,2.0,0.0,0.2,0.5,0.0,135.87383999999997,64.8954,,0.04,0.01,0.5559999999999998,5.0,,per 100g,2026-07-01T04:14:08.471742Z,2026-07-01T04:14:08.471742Z,2,0.913,
tkpi_0629,"Carica papaya, segar (Papaya)","carica papaya, segar (papaya)",TKPI,https://www.panganku.org/id-ID/view,Buah,buah,93.4,24.0,1.9,0.2,3.7,1.0,0.9,51.0,33.0,1.8,35.7,430.86599999999976,1.8266,6.68,0.0,0.0,1.0,,0.32,0.07,0.0,85.0,,per 100g,2026-07-01T04:14:08.471742Z,2026-07-01T04:14:08.471742Z,2,0.913,
tkpi_0630,"Cempedak, segar (Chempedak)","cempedak, segar (chempedak)",TKPI,https://www.panganku.org/id-ID/view,Buah,buah,67.0,116.0,3.0,0.4,28.6,3.4,1.0,20.0,30.0,1.5,25.0,243.7,0.2149999999999999,0.6820000000000003,0.0,79.0,200.0,,0.0,0.0964,0.5,15.0,,per 100g,2026-07-01T04:14:08.471742Z,2026-07-01T04:14:08.471742Z,2,0.913,
tkpi_0631,"Duku, segar","duku, segar",TKPI,https://www.panganku.org/id-ID/view,Buah,buah,82.0,63.0,1.0,0.2,16.1,4.3,0.7,18.0,9.0,0.9,2.0,149.0,0.09,0.2,0.0,0.0,0.0,,0.05,0.15,1.5,9.0,,per 100g,2026-07-01T04:14:08.471742Z,2026-07-01T04:14:08.471742Z,2,0.913,
tkpi_0632,"Durian, segar (Durian, fresh)","durian, segar (durian, fresh)",TKPI,https://www.panganku.org/id-ID/view,Buah,buah,65.0,134.0,2.5,3.0,28.0,3.5,8.0,7.0,44.0,1.3,1.0,601.0,0.12,0.3,3.72472,146.0,175.0,,0.1,0.19,136.5,53.0,,per 100g,2026-07-01T04:14:08.471742Z,2026-07-01T04:14:08.471742Z,2,0.913,
tkpi_0633,"Duwet, segar (Jambolan, fresh)","duwet, segar (jambolan, fresh)",TKPI,https://www.panganku.org/id-ID/view,Buah,buah,80.2,80.0,0.5,0.6,18.2,0.9,0.5,33.0,138.0,1.3,16.0,92.7,191.28,0.3,0.0,329.0,0.0,,0.02,0.01,2.5,130.0,,per 100g,2026-07-01T04:14:08.471742Z,2026-07-01T04:14:08.471742Z,2,0.913,
tkpi_0634,"Embacang, segar (Kuwini, fresh)","embacang, segar (kuwini, fresh)",TKPI,https://www.panganku.org/id-ID/view,Buah,buah,72.5,98.0,1.4,0.2,25.4,1.9,0.5,21.0,15.0,0.5,3.0,250.9,0.13,0.1,0.0,2.533,1.218,,0.03,0.09,0.7,56.0,,per 100g,2026-07-01T04:14:08.471742Z,2026-07-01T04:14:08.471742Z,2,0.913,
tkpi_0635,"Encung asam, segar (Tamarillo, fresh)","encung asam, segar (tamarillo, fresh)",TKPI,https://www.panganku.org/id-ID/view,Buah,buah,73.0,122.0,3.5,4.5,17.5,9.3,1.5,63.0,69.0,3.2,70.55028,306.842,0.3858,0.918,0.0,4.03678,2.357,,0.02,0.0978,0.912,0.0,,per 100g,2026-07-01T04:14:08.471742Z,2026-07-01T04:14:08.471742Z,2,0.913,
tkpi_0636,"Erbis, segar (Passion-fruit (granadilla), fresh)","erbis, segar (passion-fruit (granadilla), fresh)",TKPI,https://www.panganku.org/id-ID/view,Buah,buah,80.0,70.0,0.6,0.0,18.9,7.7,0.5,11.0,50.0,1.1,21.0,257.1,0.06,0.1,0.02,549.0,10.0,,0.0,0.1,1.1,16.0,,per 100g,2026-07-01T04:14:08.471742Z,2026-07-01T04:14:08.471742Z,2,0.913,
tkpi_0637,Gandaria masak (Kundang),gandaria masak (kundang),TKPI,https://www.panganku.org/id-ID/view,Buah,buah,80.8,68.0,0.7,0.1,18.0,2.2,0.4,9.0,20.0,1.0,3.0,129.0,31.65939999999999,4.820000000000002,0.0,329.0,1.02,,0.03,0.07,0.7,111.0,,per 100g,2026-07-01T04:14:08.471742Z,2026-07-01T04:14:08.471742Z,2,0.913,
tkpi_0638,"Gatep, segar (Chestnut, fresh)","gatep, segar (chestnut, fresh)",TKPI,https://www.panganku.org/id-ID/view,Buah,buah,52.7,191.0,4.5,1.5,39.7,13.4,1.6,186.0,69.0,3.2,17.0,403.3,0.69,1.3,0.0,51.0,40.40636,,0.05,0.2,1.8,8.8,,per 100g,2026-07-01T04:14:08.471742Z,2026-07-01T04:14:08.471742Z,2,0.913,
tkpi_0639,"Jambu air, segar (Roseapple, fresh)","jambu air, segar (roseapple, fresh)",TKPI,https://www.panganku.org/id-ID/view,Buah,buah,87.0,46.0,0.6,0.2,11.8,2.1,0.8,8.0,9.0,1.1,11.0,321.2,75.59159999999999,0.1,0.36,92.0,39.752480000000006,,0.02,0.38,4.6,5.0,,per 100g,2026-07-01T04:14:08.471742Z,2026-07-01T04:14:08.471742Z,2,0.913,
tkpi_0640,"Jambu biji (Guava, fresh)","jambu biji (guava, fresh)",TKPI,https://www.panganku.org/id-ID/view,Buah,buah,86.0,49.0,0.9,0.3,12.2,2.4,0.6,14.0,28.0,1.1,10.0,52.8,0.02,0.3,0.0,27.0,25.0,,0.02,0.03,0.8,87.0,,per 100g,2026-07-01T04:14:08.471742Z,2026-07-01T04:14:08.471742Z,2,0.913,
tkpi_0641,"Jambu bj putih tdk brbj (Guava, white, seedles, fresh)","jambu bj putih tdk brbj (guava, white, seedles, fresh)",TKPI,https://www.panganku.org/id-ID/view,Buah,buah,82.8,61.0,0.9,0.3,15.4,4.5,0.6,31.0,41.0,0.2,20.0,103.0,0.04,0.5,1.69654,53.0,18.0,,1.02,0.06,1.3,116.0,,per 100g,2026-07-01T04:14:08.471742Z,2026-07-01T04:14:08.471742Z,2,0.913,
tkpi_0642,"Jambu bol, segar (Malay Apple, fresh)","jambu bol, segar (malay apple, fresh)",TKPI,https://www.panganku.org/id-ID/view,Buah,buah,87.1,49.0,2.3,0.2,9.6,3.5,0.8,8.0,8.0,0.3,1.0,14.0,0.0,0.0,276.24,92.0,614.76,,0.13,0.01,0.5,22.0,,per 100g,2026-07-01T04:14:08.471742Z,2026-07-01T04:14:08.471742Z,2,0.913,
tkpi_0643,"Jambu monyet, segar (Cashew apple, fresh)","jambu monyet, segar (cashew apple, fresh)",TKPI,https://www.panganku.org/id-ID/view,Buah,buah,82.6,64.0,0.7,0.6,15.8,1.2,0.3,4.0,13.0,0.5,12.0,107.8,87.45680000000002,6.618,0.0,1.604,25.0,,0.02,0.0,2.0,197.0,,per 100g,2026-07-01T04:14:08.471742Z,2026-07-01T04:14:08.471742Z,2,0.913,
tkpi_0644,"Jeruk bali, segar (Pummelo, fresh)","jeruk bali, segar (pummelo, fresh)",TKPI,https://www.panganku.org/id-ID/view,Buah,buah,86.3,48.0,0.6,0.2,12.4,0.8,0.5,23.0,27.0,0.5,21.0,366.1,171.25,0.1,0.0,33.0,20.0,,0.04,0.0,0.4,43.0,,per 100g,2026-07-01T04:14:08.471742Z,2026-07-01T04:14:08.471742Z,2,0.913,
tkpi_0645,"Jeruk banjar, segar (Orange (banjar), fresh)","jeruk banjar, segar (orange (banjar), fresh)",TKPI,https://www.panganku.org/id-ID/view,Buah,buah,84.5,61.0,0.8,0.2,14.1,5.4,0.4,9.0,13.0,0.2,3.0,79.0,0.1,0.1,0.0,9.0,36.16846,,0.12,0.03,0.3,31.0,,per 100g,2026-07-01T04:14:08.471742Z,2026-07-01T04:14:08.471742Z,2,0.913,
tkpi_0646,Jeruk garut-keprok (Mandarin),jeruk garut-keprok (mandarin),TKPI,https://www.panganku.org/id-ID/view,Buah,buah,87.3,44.0,0.8,0.3,10.9,1.6,0.7,33.0,23.0,0.4,5.0,518.1,169.3,0.2,358.34,0.0,420.0,,0.07,0.03,0.2,31.0,,per 100g,2026-07-01T04:14:08.471742Z,2026-07-01T04:14:08.471742Z,2,0.913,
tkpi_0647,"Jeruk Kalamansi, segar","jeruk kalamansi, segar",TKPI,https://www.panganku.org/id-ID/view,Buah,buah,90.2,39.0,0.3,0.3,8.9,2.3,0.4,42.0,85.0,0.5,3.0,82.0,0.3,0.1,0.0,1.0,0.0,,0.02,0.1,0.0,30.0,,per 100g,2026-07-01T04:14:08.471742Z,2026-07-01T04:14:08.471742Z,2,0.913,
tkpi_0648,"Jeruk manis, segar (orange, fresh)","jeruk manis, segar (orange, fresh)",TKPI,https://www.panganku.org/id-ID/view,Buah,buah,87.2,45.0,0.9,0.2,11.2,1.4,0.5,33.0,23.0,0.4,4.0,472.1,160.0,0.2,0.0,0.0,190.0,,0.08,0.03,0.2,49.0,,per 100g,2026-07-01T04:14:08.471742Z,2026-07-01T04:14:08.471742Z,2,0.913,
tkpi_0649,"Jeruk nipis, segar (Lime, fresh)","jeruk nipis, segar (lime, fresh)",TKPI,https://www.panganku.org/id-ID/view,Buah,buah,88.9,44.0,0.5,0.2,10.0,0.4,0.4,18.0,22.0,0.2,3.0,108.9,0.06,0.1,1.78,23.0,4.0,,0.01,0.03,0.2,20.0,,per 100g,2026-07-01T04:14:08.471742Z,2026-07-01T04:14:08.471742Z,2,0.913,
tkpi_0650,"Jeruk ragi, segar","jeruk ragi, segar",TKPI,https://www.panganku.org/id-ID/view,Buah,buah,87.6,49.0,0.7,0.2,11.1,0.5,0.4,36.0,67.0,0.7,4.0,457.3,155.0,0.2,0.0,0.0,68.0,,0.03,0.03,0.2,30.0,,per 100g,2026-07-01T04:14:08.471742Z,2026-07-01T04:14:08.471742Z,2,0.913,
tkpi_0651,"Kawista, segar (Wood apple, fresh)","kawista, segar (wood apple, fresh)",TKPI,https://www.panganku.org/id-ID/view,Buah,buah,71.8,120.0,3.5,2.5,20.8,4.6,1.4,190.0,230.0,1.6,9.0,1.015,308.43,0.4,20.22,99.0,336.21259999999995,,0.07,0.07,0.4,3.0,,per 100g,2026-07-01T04:14:08.471742Z,2026-07-01T04:14:08.471742Z,2,0.913,
tkpi_0652,"Kedondong masak, segar (Ambarella, fresh)","kedondong masak, segar (ambarella, fresh)",TKPI,https://www.panganku.org/id-ID/view,Buah,buah,88.0,46.0,1.0,0.1,10.3,2.6,0.6,15.0,22.0,2.8,2.0,216.2,0.03,0.1,5.0,164.0,233.0,,0.08,0.23,0.3,30.0,,per 100g,2026-07-01T04:14:08.471742Z,2026-07-01T04:14:08.471742Z,2,0.913,
tkpi_0653,"Kedondong, segar  (Ambarella, fresh)","kedondong, segar (ambarella, fresh)",TKPI,https://www.panganku.org/id-ID/view,Buah,buah,87.8,47.0,0.5,0.2,10.4,2.7,0.6,7.0,58.0,0.8,2.0,0.0,20.989399999999996,0.2,0.0,167.0,92.95178,,0.07,0.04,0.4,32.0,,per 100g,2026-07-01T04:14:08.471742Z,2026-07-01T04:14:08.471742Z,2,0.913,
tkpi_0654,"Kelapa hutan, kering","kelapa hutan, kering",TKPI,https://www.panganku.org/id-ID/view,Buah,buah,6.0,623.0,2.0,52.1,36.5,15.3,3.4,120.0,280.0,3.8,100.0,460.0,1.7,1.9,28.79604,184.4582,342.76,,0.3194,0.2578,0.2,4.06,,per 100g,2026-07-01T04:14:08.471742Z,2026-07-01T04:14:08.471742Z,2,0.913,
tkpi_0655,"Kelapa muda, daging, segar (Coconut, flesh, Young, fresh )","kelapa muda, daging, segar (coconut, flesh, young, fresh )",TKPI,https://www.panganku.org/id-ID/view,Buah,buah,83.3,68.0,1.0,0.9,14.0,0.0,0.8,7.0,30.0,1.0,18.0,564.6,0.14,0.3,0.0,0.0,5.71636,,0.06,0.02,0.6,4.0,,per 100g,2026-07-01T04:14:08.471742Z,2026-07-01T04:14:08.471742Z,2,0.913,
tkpi_0656,"Kemang, segar (Kemang, fresh)","kemang, segar (kemang, fresh)",TKPI,https://www.panganku.org/id-ID/view,Buah,buah,86.5,48.0,1.0,0.2,11.9,1.7,0.4,10.0,24.0,0.1,2.0,88.6,0.04,0.1,0.05604,318.0,6.0,,0.08,0.01,0.3,58.0,,per 100g,2026-07-01T04:14:08.471742Z,2026-07-01T04:14:08.471742Z,2,0.913,
tkpi_0657,"Kesemek, segar (Persimmons, fresh)","kesemek, segar (persimmons, fresh)",TKPI,https://www.panganku.org/id-ID/view,Buah,buah,78.2,78.0,0.8,0.4,20.0,0.6,0.6,6.0,26.0,0.3,0.0,34.5,0.13,0.1,0.0,109.0,2.71,,0.05,0.0,0.1,11.0,,per 100g,2026-07-01T04:14:08.471742Z,2026-07-01T04:14:08.471742Z,2,0.913,
tkpi_0658,"Kokosan, segar (Langsat, fresh)","kokosan, segar (langsat, fresh)",TKPI,https://www.panganku.org/id-ID/view,Buah,buah,85.0,86.0,1.6,0.2,13.0,1.4,0.2,22.0,38.0,1.3,2.0,118.3,0.08,0.2,0.0,0.0,20.0,,0.04,0.04,1.5,3.0,,per 100g,2026-07-01T04:14:08.471742Z,2026-07-01T04:14:08.471742Z,2,0.913,
tkpi_0659,"Kranji, segar (Sweet inga, fresh)","kranji, segar (sweet inga, fresh)",TKPI,https://www.panganku.org/id-ID/view,Buah,buah,20.1,315.0,2.1,1.4,73.5,3.6,2.9,160.0,120.0,3.7,33.4009,226.79368,0.2945999999999999,0.8760000000000001,0.14,0.19904,1.80288,,0.02,0.066,0.5559999999999999,0.94,,per 100g,2026-07-01T04:14:08.471742Z,2026-07-01T04:14:08.471742Z,2,0.913,
tkpi_0660,"Langsat, segar (Langsat, fresh)","langsat, segar (langsat, fresh)",TKPI,https://www.panganku.org/id-ID/view,Buah,buah,84.1,56.0,0.9,0.2,14.3,1.4,0.5,17.0,24.0,1.1,1.0,232.0,0.09,0.2,0.0,25.27078,0.0,,0.07,0.0,0.8,9.0,,per 100g,2026-07-01T04:14:08.471742Z,2026-07-01T04:14:08.471742Z,2,0.913,
tkpi_0661,"Lemon, segar (Lemon, fresh)","lemon, segar (lemon, fresh)",TKPI,https://www.panganku.org/id-ID/view,Buah,buah,92.2,34.0,0.5,0.8,6.2,0.1,0.3,23.0,20.0,0.3,31.0,140.0,0.1,0.2,1.36386,0.0,12.099579999999998,,0.09,0.12,0.3,50.0,,per 100g,2026-07-01T04:14:08.471742Z,2026-07-01T04:14:08.471742Z,2,0.913,
tkpi_0662,"Lontar, segar (Palmyra palm, fresh)","lontar, segar (palmyra palm, fresh)",TKPI,https://www.panganku.org/id-ID/view,Buah,buah,93.0,27.0,0.4,0.2,6.0,1.6,0.4,91.0,243.0,0.5,17.74,270.256,10.1674,0.5259999999999999,0.78,170.9,65.25489999999999,,0.03,0.1683999999999999,1.2619999999999998,33.88,,per 100g,2026-07-01T04:14:08.471742Z,2026-07-01T04:14:08.471742Z,2,0.913,
tkpi_0663,"Mangga, segar (Mango, fresh)","mangga, segar (mango, fresh)",TKPI,https://www.panganku.org/id-ID/view,Buah,buah,86.6,52.0,0.7,0.0,12.3,1.6,0.2,20.0,16.0,1.0,3.0,140.0,0.33,0.0,0.05604,316.0,144.42642000000004,,0.03,0.01,0.3,12.0,,per 100g,2026-07-01T04:14:08.471742Z,2026-07-01T04:14:08.471742Z,2,0.913,
tkpi_0664,"Mangga benggala, segar (Mango, benggala, fresh)","mangga benggala, segar (mango, benggala, fresh)",TKPI,https://www.panganku.org/id-ID/view,Buah,buah,84.4,63.0,2.4,0.4,12.4,5.8,0.4,9.0,13.0,0.2,3.0,79.0,0.1,0.1,0.0,10.0,32.36384,,0.18,0.01,0.4,43.0,,per 100g,2026-07-01T04:14:08.471742Z,2026-07-01T04:14:08.471742Z,2,0.913,
tkpi_0665,"Mangga gedung, segar (Mango, gedung, fresh)","mangga gedung, segar (mango, gedung, fresh)",TKPI,https://www.panganku.org/id-ID/view,Buah,buah,87.4,44.0,0.7,0.2,11.2,1.6,0.5,13.0,10.0,0.2,2.0,83.6,0.04,0.1,0.36,113.0,16.4,,0.08,0.01,0.3,30.0,,per 100g,2026-07-01T04:14:08.471742Z,2026-07-01T04:14:08.471742Z,2,0.913,
tkpi_0666,"Mangga golek, segar (Mango, golek, fresh)","mangga golek, segar (mango, golek, fresh)",TKPI,https://www.panganku.org/id-ID/view,Buah,buah,82.2,63.0,0.5,0.2,16.7,2.3,0.4,14.0,10.0,0.7,3.0,118.1,0.05,0.1,0.0,160.0,3.715,,0.08,0.02,0.4,65.0,,per 100g,2026-07-01T04:14:08.471742Z,2026-07-01T04:14:08.471742Z,2,0.913,
tkpi_0667,"Mangga harumanis, segar (Mango, harumanis, fresh)","mangga harumanis, segar (mango, harumanis, fresh)",TKPI,https://www.panganku.org/id-ID/view,Buah,buah,86.6,46.0,0.4,0.2,11.9,1.7,0.8,15.0,9.0,0.2,2.0,88.9,0.04,0.1,0.0,120.0,1.2,,0.08,0.01,0.3,6.0,,per 100g,2026-07-01T04:14:08.471742Z,2026-07-01T04:14:08.471742Z,2,0.913,
tkpi_0668,"Mangga indramayu, segar (Mango, indramayu, fresh)","mangga indramayu, segar (mango, indramayu, fresh)",TKPI,https://www.panganku.org/id-ID/view,Buah,buah,80.2,72.0,0.8,0.2,18.7,2.5,0.1,13.0,10.0,1.9,3.0,131.4,0.06,0.1,0.14,178.0,2.9,,0.06,0.02,0.5,16.0,,per 100g,2026-07-01T04:14:08.471742Z,2026-07-01T04:14:08.471742Z,2,0.913,
tkpi_0669,"Mangga kopek, segar (Mango, kopek, fresh)","mangga kopek, segar (mango, kopek, fresh)",TKPI,https://www.panganku.org/id-ID/view,Buah,buah,84.5,56.0,0.4,0.2,14.6,2.0,0.3,16.0,10.0,1.7,2.0,102.9,0.04,0.1,0.0,139.0,6.52,,0.03,0.01,0.4,27.0,,per 100g,2026-07-01T04:14:08.471742Z,2026-07-01T04:14:08.471742Z,2,0.913,
tkpi_0670,"Mangga kwini, segar (Mango, kwini, fresh)","mangga kwini, segar (mango, kwini, fresh)",TKPI,https://www.panganku.org/id-ID/view,Buah,buah,78.6,86.0,0.7,0.5,19.8,6.5,0.4,11.0,11.0,0.2,1.0,16.0,0.1,0.1,34.88,932.0,406.59392,,0.15,0.02,0.5,18.0,,per 100g,2026-07-01T04:14:08.471742Z,2026-07-01T04:14:08.471742Z,2,0.913,
tkpi_0671,"Mangga manalagi, segar (Mango, manalagi, fresh)","mangga manalagi, segar (mango, manalagi, fresh)",TKPI,https://www.panganku.org/id-ID/view,Buah,buah,66.5,133.0,1.0,0.1,32.1,11.8,0.3,20.0,23.0,1.0,70.0,161.0,0.0,0.0,0.0,4.0,28.843779999999995,,0.07,0.0,0.6,61.0,,per 100g,2026-07-01T04:14:08.471742Z,2026-07-01T04:14:08.471742Z,2,0.913,
tkpi_0672,"Mangga muda, segar (Mango, unripe, fresh)","mangga muda, segar (mango, unripe, fresh)",TKPI,https://www.panganku.org/id-ID/view,Buah,buah,83.7,59.0,0.5,0.4,15.1,2.014,0.3,12.0,11.0,0.4,2.0,108.2,0.05,0.1,0.0,146.0,85.0,,0.06,0.02,0.4,2.0,,per 100g,2026-07-01T04:14:08.471742Z,2026-07-01T04:14:08.471742Z,2,0.913,
tkpi_0673,"Manggis, segar (Mangosteen, fresh)","manggis, segar (mangosteen, fresh)",TKPI,https://www.panganku.org/id-ID/view,Buah,buah,83.0,63.0,0.6,0.6,15.6,1.5,0.2,8.0,12.0,0.8,10.0,61.9,0.1,0.1,0.0,0.0,0.0,,0.03,0.03,0.3,5.0,,per 100g,2026-07-01T04:14:08.471742Z,2026-07-01T04:14:08.471742Z,2,0.913,
tkpi_0674,"Markisa, segar (Giant Granadilla, fresh)","markisa, segar (giant granadilla, fresh)",TKPI,https://www.panganku.org/id-ID/view,Buah,buah,64.7,144.0,3.5,1.2,29.8,11.4,0.8,27.0,203.0,1.4,37.0,453.8,0.11,0.1,0.0,969.0,691.0,,0.02,0.17,2.0,10.0,,per 100g,2026-07-01T04:14:08.471742Z,2026-07-01T04:14:08.471742Z,2,0.913,
tkpi_0675,"Matoa, segar (Matoa, fresh)","matoa, segar (matoa, fresh)",TKPI,https://www.panganku.org/id-ID/view,Buah,buah,76.5,90.0,1.2,0.1,21.1,0.5,1.1,20.0,40.0,0.6,10.0,190.0,0.3,0.6,0.0,2.0,15.6017,,0.18,0.09,0.5,54.0,,per 100g,2026-07-01T04:14:08.471742Z,2026-07-01T04:14:08.471742Z,2,0.913,
tkpi_0676,"Melon, segar","melon, segar",TKPI,https://www.panganku.org/id-ID/view,Buah,buah,90.8,37.0,0.6,0.4,7.8,1.0,0.5,12.0,14.0,0.4,27.0,167.0,0.3,0.1,0.0,1.0,0.0,,0.02,0.1,0.0,0.0,,per 100g,2026-07-01T04:14:08.471742Z,2026-07-01T04:14:08.471742Z,2,0.913,
tkpi_0677,"Menteng, segar (Kepundung, fresh)","menteng, segar (kepundung, fresh)",TKPI,https://www.panganku.org/id-ID/view,Buah,buah,79.0,65.0,1.7,0.3,16.1,3.1700000000000004,2.9,13.0,20.0,0.8,23.546080000000003,323.55804,46.58799999999999,1.008,0.0,16.52454,0.0,,0.0,0.1313999999999999,2.3299999999999996,17.28,,per 100g,2026-07-01T04:14:08.471742Z,2026-07-01T04:14:08.471742Z,2,0.913,
tkpi_0678,"Nanas palembang, segar (Pineapple,palembang,  fresh)","nanas palembang, segar (pineapple,palembang, fresh)",TKPI,https://www.panganku.org/id-ID/view,Buah,buah,85.5,58.0,0.7,0.2,13.3,1.6,0.3,29.0,15.0,0.6,7.0,117.0,0.03,0.1,0.0,17.0,71.21279999999999,,0.26,0.03,0.2,11.0,,per 100g,2026-07-01T04:14:08.471742Z,2026-07-01T04:14:08.471742Z,2,0.913,
tkpi_0679,"Nanas, segar (Pineapple, fresh)","nanas, segar (pineapple, fresh)",TKPI,https://www.panganku.org/id-ID/view,Buah,buah,88.9,40.0,0.6,0.3,9.9,0.6,0.3,22.0,14.0,0.9,18.0,111.0,0.03,0.1,0.0,17.0,90.0,,0.02,0.04,0.2,22.0,,per 100g,2026-07-01T04:14:08.471742Z,2026-07-01T04:14:08.471742Z,2,0.913,
tkpi_0680,"Nangka masak pohon, segar (Jack fruit, fresh)","nangka masak pohon, segar (jack fruit, fresh)",TKPI,https://www.panganku.org/id-ID/view,Buah,buah,70.0,106.0,1.2,0.3,27.6,3.7,2.7,20.0,19.0,0.9,2.0,407.0,246.58,1.4,8.0,149.0,330.0,,0.07,0.1,1.0,7.0,,per 100g,2026-07-01T04:14:08.471742Z,2026-07-01T04:14:08.471742Z,2,0.913,
tkpi_0681,"Pala, daging, segar (Nutmeg, flesh, fresh)","pala, daging, segar (nutmeg, flesh, fresh)",TKPI,https://www.panganku.org/id-ID/view,Buah,buah,88.1,42.0,0.3,0.2,10.9,0.5,0.5,32.0,24.0,1.5,17.82,247.2566,8.801599999999997,0.5339999999999998,0.0,30.45498,29.0,,0.0352,0.0586,0.6359999999999999,22.0,,per 100g,2026-07-01T04:14:08.471742Z,2026-07-01T04:14:08.471742Z,2,0.913,
tkpi_0682,"Pepaya, segar (Papaya, fresh)","pepaya, segar (papaya, fresh)",TKPI,https://www.panganku.org/id-ID/view,Buah,buah,86.7,46.0,0.5,0.1,12.2,1.6,0.6,23.0,12.0,1.7,4.0,221.0,0.02,0.3,24.9,1.038,365.0,,0.04,0.06,0.4,78.0,,per 100g,2026-07-01T04:14:08.471742Z,2026-07-01T04:14:08.471742Z,2,0.913,
tkpi_0683,"Pisang ambon, segar (Banana, fresh)","pisang ambon, segar (banana, fresh)",TKPI,https://www.panganku.org/id-ID/view,Buah,buah,72.9,108.0,1.0,0.8,24.3,1.9,1.0,20.0,30.0,0.2,10.0,0.0,0.2,0.2,0.0,37.0,135.1742,,0.05,0.11,0.1,9.0,,per 100g,2026-07-01T04:14:08.471742Z,2026-07-01T04:14:08.471742Z,2,0.913,
tkpi_0684,"Pisang angleng (pisang ampyang), segar (Banana, ampyang, fresh)","pisang angleng (pisang ampyang), segar (banana, ampyang, fresh)",TKPI,https://www.panganku.org/id-ID/view,Buah,buah,80.3,68.0,1.3,0.2,17.2,0.8,1.0,10.0,26.0,0.6,23.0,215.7,0.04,0.0,0.0,9.0,76.0,,0.08,0.05,2.5,6.0,,per 100g,2026-07-01T04:14:08.471742Z,2026-07-01T04:14:08.471742Z,2,0.913,
tkpi_0685,"Pisang ayam, segar (Banana, ayam, fresh)","pisang ayam, segar (banana, ayam, fresh)",TKPI,https://www.panganku.org/id-ID/view,Buah,buah,71.2,120.0,1.1,0.2,26.8,4.1,0.7,20.0,61.0,0.4,6.0,392.0,0.1,0.3,0.0,24.0,56.87792,,0.1,0.02,1.0,26.0,,per 100g,2026-07-01T04:14:08.471742Z,2026-07-01T04:14:08.471742Z,2,0.913,
tkpi_0686,"Pisang gapi, segar  (Banana, gapi, fresh)","pisang gapi, segar (banana, gapi, fresh)",TKPI,https://www.panganku.org/id-ID/view,Buah,buah,66.3,131.0,1.6,0.1,31.1,11.7,1.0,58.0,40.0,0.3,6.0,392.0,0.13,0.3,0.0,13.0,103.4582,,0.18,0.02,0.3,13.0,,per 100g,2026-07-01T04:14:08.471742Z,2026-07-01T04:14:08.471742Z,2,0.913,
tkpi_0687,"Pisang goroho, segar (Banana, goroho, fresh)","pisang goroho, segar (banana, goroho, fresh)",TKPI,https://www.panganku.org/id-ID/view,Buah,buah,69.4,119.0,1.5,0.2,27.9,4.6,1.0,2.0,30.0,0.2,36.0,359.0,0.13,0.3,0.36,11.0,12.655660000000005,,0.15,0.02,1.1,10.0,,per 100g,2026-07-01T04:14:08.471742Z,2026-07-01T04:14:08.471742Z,2,0.913,
tkpi_0688,"Pisang hijau, segar (Banana, hijau, fresh)","pisang hijau, segar (banana, hijau, fresh)",TKPI,https://www.panganku.org/id-ID/view,Buah,buah,68.9,121.0,1.0,0.1,28.9,0.4,1.1,9.0,37.0,0.9,31.0,529.4,0.28,0.6,0.06,48.0,1.0,,0.13,0.06,0.0,13.0,,per 100g,2026-07-01T04:14:08.471742Z,2026-07-01T04:14:08.471742Z,2,0.913,
tkpi_0689,"Pisang kayu, segar (Banana, kayu, fresh)","pisang kayu, segar (banana, kayu, fresh)",TKPI,https://www.panganku.org/id-ID/view,Buah,buah,74.4,100.0,1.4,0.5,23.6,2.6,0.6,15.0,0.0,0.1,1.0,493.0,0.08,0.3,0.0,3.0,21.46588,,0.1,0.0,0.6,11.0,,per 100g,2026-07-01T04:14:08.471742Z,2026-07-01T04:14:08.471742Z,2,0.913,
tkpi_0690,"Pisang kepok, segar (Banana, kepok, fresh)","pisang kepok, segar (banana, kepok, fresh)",TKPI,https://www.panganku.org/id-ID/view,Buah,buah,71.9,109.0,0.8,0.5,26.3,5.7,1.0,10.0,30.0,0.5,10.0,300.0,0.1,0.2,0.0,0.0,6.2483,,0.1,0.0,0.1,9.0,,per 100g,2026-07-01T04:14:08.471742Z,2026-07-01T04:14:08.471742Z,2,0.913,
tkpi_0691,"Pisang ketip, segar (Banana, ketip, fresh)","pisang ketip, segar (banana, ketip, fresh)",TKPI,https://www.panganku.org/id-ID/view,Buah,buah,63.4,145.0,1.1,0.3,34.5,6.6,0.7,5.0,54.0,0.1,4.0,726.0,0.15,0.5,0.0,3.0,10.668680000000004,,0.13,0.02,0.8,95.0,,per 100g,2026-07-01T04:14:08.471742Z,2026-07-01T04:14:08.471742Z,2,0.913,
tkpi_0692,"Pisang kidang, segar (Banana, kidang, fresh)","pisang kidang, segar (banana, kidang, fresh)",TKPI,https://www.panganku.org/id-ID/view,Buah,buah,75.4,96.0,1.0,0.2,22.5,0.6,0.9,87.0,173.0,0.6,6.0,418.8,0.22,0.5,0.0,38.0,58.0,,0.04,0.1,0.9,2.0,,per 100g,2026-07-01T04:14:08.471742Z,2026-07-01T04:14:08.471742Z,2,0.913,
tkpi_0693,"Pisang lampung, segar (Banana, lamoung, fresh)","pisang lampung, segar (banana, lamoung, fresh)",TKPI,https://www.panganku.org/id-ID/view,Buah,buah,72.1,99.0,1.3,0.2,25.6,4.3,0.8,10.0,19.0,0.9,28.0,475.0,0.25,0.5,289.2,43.0,618.0,,0.07,0.12,1.0,4.0,,per 100g,2026-07-01T04:14:08.471742Z,2026-07-01T04:14:08.471742Z,2,0.913,
tkpi_0694,"Pisang mas bali ampenan, segar  (Banana, mas bali ampenan, fresh)","pisang mas bali ampenan, segar (banana, mas bali ampenan, fresh)",TKPI,https://www.panganku.org/id-ID/view,Buah,buah,76.8,92.0,1.4,0.2,21.0,3.7,0.5,7.0,29.0,1.2,32.0,272.0,0.18,0.4,0.0,14.0,40.96462,,0.09,0.03,0.6,11.0,,per 100g,2026-07-01T04:14:08.471742Z,2026-07-01T04:14:08.471742Z,2,0.913,
tkpi_0695,"Pisang mas bali kopang, segar (Banana, mas bali, fresh)","pisang mas bali kopang, segar (banana, mas bali, fresh)",TKPI,https://www.panganku.org/id-ID/view,Buah,buah,64.2,127.0,1.4,0.2,31.8,3.7,2.4,10.0,0.0,0.1,43.0,616.0,0.12,0.4,0.44,21.0,94.10272,,0.21,0.05,0.9,17.0,,per 100g,2026-07-01T04:14:08.471742Z,2026-07-01T04:14:08.471742Z,2,0.913,
tkpi_0696,"Pisang mas, segar (Banana, mas, fresh)","pisang mas, segar (banana, mas, fresh)",TKPI,https://www.panganku.org/id-ID/view,Buah,buah,64.2,127.0,1.4,0.2,33.6,1.4,0.6,7.0,25.0,0.8,42.0,392.0,195.78,0.5,0.0,17.0,79.0,,0.09,0.08,4.5,2.0,,per 100g,2026-07-01T04:14:08.471742Z,2026-07-01T04:14:08.471742Z,2,0.913,
tkpi_0697,"Pisang raja sereh, segar (Banana raja sereh, fresh)","pisang raja sereh, segar (banana raja sereh, fresh)",TKPI,https://www.panganku.org/id-ID/view,Buah,buah,69.3,108.0,1.3,0.3,28.2,0.7,1.0,16.0,38.0,0.1,31.0,522.6,0.27,0.6,346.98,48.0,480.0,,0.02,0.08,1.1,2.0,,per 100g,2026-07-01T04:14:08.471742Z,2026-07-01T04:14:08.471742Z,2,0.913,
tkpi_0698,"Pisang raja, segar (Banana raja, fresh)","pisang raja, segar (banana raja, fresh)",TKPI,https://www.panganku.org/id-ID/view,Buah,buah,65.8,120.0,1.2,0.2,31.8,5.3,1.0,10.0,22.0,0.8,35.0,582.2,0.31,0.7,333.8,53.0,950.0,,0.06,0.14,1.2,10.0,,per 100g,2026-07-01T04:14:08.471742Z,2026-07-01T04:14:08.471742Z,2,0.913,
tkpi_0699,"Pisang rotan, segar (Banana, rotan, fresh)","pisang rotan, segar (banana, rotan, fresh)",TKPI,https://www.panganku.org/id-ID/view,Buah,buah,76.1,98.0,1.3,1.2,20.5,1.0,0.9,17.0,51.0,1.1,24.0,406.9,0.21,0.5,268.58,37.0,697.0,,0.01,0.1,0.9,2.0,,per 100g,2026-07-01T04:14:08.471742Z,2026-07-01T04:14:08.471742Z,2,0.913,
tkpi_0700,"Pisang talas, segar (Banana, talas, fresh)","pisang talas, segar (banana, talas, fresh)",TKPI,https://www.panganku.org/id-ID/view,Buah,buah,71.0,113.0,1.2,0.2,26.7,4.4,0.9,22.0,22.0,0.6,29.0,48.0,0.26,0.1,0.0,159.0,173.1753,,0.12,0.03,1.0,9.0,,per 100g,2026-07-01T04:14:08.471742Z,2026-07-01T04:14:08.471742Z,2,0.913,
tkpi_0701,Pisang tujuh bulan (Banana),pisang tujuh bulan (banana),TKPI,https://www.panganku.org/id-ID/view,Buah,buah,75.9,94.0,0.6,0.2,22.5,3.7,0.8,50.0,20.0,0.2,0.0,4.0,0.1,0.4,0.0,72.0,64.43836,,0.03,0.03,0.3,6.0,,per 100g,2026-07-01T04:14:08.471742Z,2026-07-01T04:14:08.471742Z,2,0.913,
tkpi_0702,"Pisang ua, segar (Banana, ua. Fresh)","pisang ua, segar (banana, ua. fresh)",TKPI,https://www.panganku.org/id-ID/view,Buah,buah,67.8,128.0,0.8,0.5,30.2,8.1,0.7,12.0,28.0,0.7,33.0,382.0,0.2,0.3,0.0,5.0,3.7669199999999994,,0.09,0.01,1.2,4.0,,per 100g,2026-07-01T04:14:08.471742Z,2026-07-01T04:14:08.471742Z,2,0.913,
tkpi_0703,"Pisang uli, segar (Banana, uli, fresh)","pisang uli, segar (banana, uli, fresh)",TKPI,https://www.panganku.org/id-ID/view,Buah,buah,61.8,134.0,1.1,0.5,35.5,1.4,1.1,31.0,53.0,0.9,39.0,650.3,0.34,0.7,0.0,59.0,113.0,,0.11,0.16,1.4,3.0,,per 100g,2026-07-01T04:14:08.471742Z,2026-07-01T04:14:08.471742Z,2,0.913,
tkpi_0704,"Purut, segar (Lime, wild (Purut))","purut, segar (lime, wild (purut))",TKPI,https://www.panganku.org/id-ID/view,Buah,buah,81.1,76.0,4.1,1.1,15.2,1.7,1.4,30.0,76.0,0.6,10.0,285.2,0.1807999999999999,0.5799999999999997,0.0,27.0,93.0,,0.01,0.11,0.0,0.0,,per 100g,2026-07-01T04:14:08.471742Z,2026-07-01T04:14:08.471742Z,2,0.913,
tkpi_0705,"Rambutan binjai, segar (Rambutan)","rambutan binjai, segar (rambutan)",TKPI,https://www.panganku.org/id-ID/view,Buah,buah,81.0,76.0,0.5,0.2,18.0,3.8,0.3,15.0,22.0,1.2,22.0,120.0,0.2,0.2,0.0,0.0,6.324,,0.19,0.01,0.4,13.0,,per 100g,2026-07-01T04:14:08.471742Z,2026-07-01T04:14:08.471742Z,2,0.913,
tkpi_0706,"Rambutan, segar (Rambutan)","rambutan, segar (rambutan)",TKPI,https://www.panganku.org/id-ID/view,Buah,buah,80.5,69.0,0.9,0.1,18.1,0.8,0.4,16.0,16.0,0.5,16.0,104.2,0.17,0.1,0.0,0.0,0.0,,0.0,0.07,0.5,58.0,,per 100g,2026-07-01T04:14:08.471742Z,2026-07-01T04:14:08.471742Z,2,0.913,
tkpi_0707,"Salak bali, segar (snake fruit, bali,fresh)","salak bali, segar (snake fruit, bali,fresh)",TKPI,https://www.panganku.org/id-ID/view,Buah,buah,85.1,57.0,0.5,0.1,13.6,1.3,0.7,94.0,25.0,2.1,16.56,171.66094,0.08,0.2,0.0,3.0,37.0,,0.0,0.0764,0.378,0.0,,per 100g,2026-07-01T04:14:08.471742Z,2026-07-01T04:14:08.471742Z,2,0.913,
tkpi_0708,"Salak medan, segar (snake fruit, medan, fresh)","salak medan, segar (snake fruit, medan, fresh)",TKPI,https://www.panganku.org/id-ID/view,Buah,buah,78.1,55.0,0.4,0.2,12.8,3.2,8.5,6.0,46.0,0.5,39.0,113.0,0.2,0.3,0.0,4.0,22.41316,,0.04,0.03,43.15,58.0,,per 100g,2026-07-01T04:14:08.471742Z,2026-07-01T04:14:08.471742Z,2,0.913,
tkpi_0709,"Salak pondoh, segar (snake fruit, pondoh, fresh)","salak pondoh, segar (snake fruit, pondoh, fresh)",TKPI,https://www.panganku.org/id-ID/view,Buah,buah,77.9,87.0,0.8,0.4,20.1,0.0,0.8,38.0,31.0,3.9,17.86,131.61944,0.08,0.2,0.0,33.76442,40.0,,0.0,0.12,0.1,8.0,,per 100g,2026-07-01T04:14:08.471742Z,2026-07-01T04:14:08.471742Z,2,0.913,
tkpi_0710,"Salak, segar (snake fruit, fresh)","salak, segar (snake fruit, fresh)",TKPI,https://www.panganku.org/id-ID/view,Buah,buah,78.0,77.0,0.4,0.3119999999999999,20.9,2.1020000000000003,0.7,28.0,18.0,4.2,10.34,157.53294,0.08,0.2,0.0,4.0,0.0,,0.04,0.0798,0.44,2.0,,per 100g,2026-07-01T04:14:08.471742Z,2026-07-01T04:14:08.471742Z,2,0.913,
tkpi_0711,"Sawo duren, segar (Sapodilla, fresh)","sawo duren, segar (sapodilla, fresh)",TKPI,https://www.panganku.org/id-ID/view,Buah,buah,87.3,64.0,1.0,3.1,8.0,0.8,0.6,18.0,45.0,0.8,13.0,111.4,0.02,0.1,0.0,0.0,0.0,,0.01,0.02,0.1,1.0,,per 100g,2026-07-01T04:14:08.471742Z,2026-07-01T04:14:08.471742Z,2,0.913,
tkpi_0712,"Sawo kecik, segar (Sapodilla, fresh)","sawo kecik, segar (sapodilla, fresh)",TKPI,https://www.panganku.org/id-ID/view,Buah,buah,73.8,111.0,0.9,2.3,21.6,1.0,1.4,20.0,185.0,0.7,28.0,117.8,0.04,0.1,0.0,119.0,12.0,,0.0,0.04,1.5,19.0,,per 100g,2026-07-01T04:14:08.471742Z,2026-07-01T04:14:08.471742Z,2,0.913,
tkpi_0713,"Sawo Manila, segar (Sapodilla, manila, fresh)","sawo manila, segar (sapodilla, manila, fresh)",TKPI,https://www.panganku.org/id-ID/view,Buah,buah,75.5,92.0,0.5,1.1,22.4,9.5,0.5,25.0,12.0,1.0,26.0,110.2,0.04,0.1,0.0,111.0,60.0,,0.01,0.04,1.4,21.0,,per 100g,2026-07-01T04:14:08.471742Z,2026-07-01T04:14:08.471742Z,2,0.913,
tkpi_0714,"Semangka, segar (Water melon, fresh)","semangka, segar (water melon, fresh)",TKPI,https://www.panganku.org/id-ID/view,Buah,buah,92.1,28.0,0.5,0.2,6.9,0.4,0.3,7.0,12.0,0.2,7.0,93.8,0.04,0.1,214.44,315.0,590.0,,0.05,0.05,0.3,6.0,,per 100g,2026-07-01T04:14:08.471742Z,2026-07-01T04:14:08.471742Z,2,0.913,
tkpi_0715,"Sirsak, segar (Soursop, fresh)","sirsak, segar (soursop, fresh)",TKPI,https://www.panganku.org/id-ID/view,Buah,buah,81.7,65.0,1.0,0.3,16.3,3.2,0.7,14.0,27.0,0.6,2.0,298.9,0.08,1.0,0.0,8.0,10.0,,0.07,0.08,0.7,20.0,,per 100g,2026-07-01T04:14:08.471742Z,2026-07-01T04:14:08.471742Z,2,0.913,
tkpi_0716,"Sowa, segar","sowa, segar",TKPI,https://www.panganku.org/id-ID/view,Buah,buah,87.7,48.0,1.6,0.6,9.1,45.0,10.0,50.0,40.0,0.3,9.0,0.0,0.1,1.5,0.0,364.0,274.64457999999996,,0.15,0.23,0.2,4.0,,per 100g,2026-07-01T04:14:08.471742Z,2026-07-01T04:14:08.471742Z,2,0.913,
tkpi_0717,"Srikaya, segar (Sugar apple,fresh)","srikaya, segar (sugar apple,fresh)",TKPI,https://www.panganku.org/id-ID/view,Buah,buah,83.4,63.0,1.1,0.5,13.9,2.1,1.1,127.0,30.0,2.7,10.04,268.8466,0.2147999999999999,0.5839999999999997,0.0,25.5245,31.0,,0.08,0.0884,0.5759999999999998,28.0,,per 100g,2026-07-01T04:14:08.471742Z,2026-07-01T04:14:08.471742Z,2,0.913,
tkpi_0718,"Sukun muda, segar (Breadfruit, young, fresh)","sukun muda, segar (breadfruit, young, fresh)",TKPI,https://www.panganku.org/id-ID/view,Buah,buah,69.4,119.0,1.4,0.2,28.1,1.4,1.0,24.0,44.0,1.4,24.0,414.4,0.09,0.1,0.0,28.0,4.896,,0.17,0.17,3.7,52.0,,per 100g,2026-07-01T04:14:08.471742Z,2026-07-01T04:14:08.471742Z,2,0.913,
tkpi_0719,"Sukun tua, segar (Breadfruit, fresh)","sukun tua, segar (breadfruit, fresh)",TKPI,https://www.panganku.org/id-ID/view,Buah,buah,67.8,126.0,1.6,0.2,24.5,1.5,1.0,37.0,47.0,1.6,25.0,436.0,0.09,0.1,0.0,30.0,2.0,,0.18,0.17,3.9,58.0,,per 100g,2026-07-01T04:14:08.471742Z,2026-07-01T04:14:08.471742Z,2,0.913,
tkpi_0720,"Vigus, segar","vigus, segar",TKPI,https://www.panganku.org/id-ID/view,Buah,buah,88.0,44.0,2.4,0.1,8.3,4.158,1.2,30.0,20.0,0.3,2.0,180.0,0.1,0.2,0.14,169.88,216.29302,,0.26,0.01,0.5120000000000001,43.0,,per 100g,2026-07-01T04:14:08.471742Z,2026-07-01T04:14:08.471742Z,2,0.913,
tkpi_0721,"Wani, segar","wani, segar",TKPI,https://www.panganku.org/id-ID/view,Buah,buah,81.2,74.0,0.8,0.3,17.1,3.1,0.6,66.0,29.0,1.2,19.12,376.38422,14.923000000000002,4.554000000000001,0.0,61.51035999999999,32.0,,0.08,0.2226,1.29,80.0,,per 100g,2026-07-01T04:14:08.471742Z,2026-07-01T04:14:08.471742Z,2,0.913,
tkpi_0722,Barongko,barongko,TKPI,https://www.panganku.org/id-ID/view,Buah,buah,66.7,159.0,3.1,5.8,23.5,1.8739999999999997,0.7,35.0,65.0,1.2,46.0,78.0,0.3,0.6,0.0,29.42,62.62,,0.0844,0.0682,0.4439999999999999,0.78,,per 100g,2026-07-01T04:14:08.471742Z,2026-07-01T04:14:08.471742Z,2,0.913,Bahan dasar terdiri dari pisang dihaluskan ditambah santan dan gula pasir kemudian dibungkus daun pisang dan dikukus
tkpi_0723,Dodol nanas,dodol nanas,TKPI,https://www.panganku.org/id-ID/view,Buah,buah,16.1,338.0,1.5,1.2,80.3,5.338000000000001,0.9,86.32,57.36,3.9979999999999984,30.39054,216.30488000000005,0.2915999999999998,0.7359999999999998,0.0,1.0473,2.35318,,0.3,0.0774,0.5219999999999999,8.0,,per 100g,2026-07-01T04:14:08.471742Z,2026-07-01T04:14:08.471742Z,2,0.913,
tkpi_0724,Getuk pisang,getuk pisang,TKPI,https://www.panganku.org/id-ID/view,Buah,buah,63.7,144.0,1.1,0.4,34.1,0.4,0.7,48.0,32.0,1.0,23.74,394.46024000000006,0.2116,0.5779999999999998,0.64,1.56564,1.24,,0.55,0.0852,0.894,0.0,,per 100g,2026-07-01T04:14:08.471742Z,2026-07-01T04:14:08.471742Z,2,0.913,
tkpi_0725,Keripik lampung,keripik lampung,TKPI,https://www.panganku.org/id-ID/view,Buah,buah,5.0,485.0,1.7,22.2,69.7,0.6,1.5,43.0,65.0,0.8,81.84,124.82772,0.2752,0.6180000000000001,1.44,0.1043999999999999,1.464,,0.34,0.0884,0.6200000000000001,0.0,,per 100g,2026-07-01T04:14:08.471742Z,2026-07-01T04:14:08.471742Z,2,0.913,
tkpi_0726,Ledre pisang,ledre pisang,TKPI,https://www.panganku.org/id-ID/view,Buah,buah,3.6,405.0,4.8,5.1,84.9,0.4,1.6,59.0,124.0,2.6,50.76136,316.4121,0.7654000000000001,1.8219999999999996,0.94,4.0,7.33,,0.41,0.1955999999999998,1.722,0.0,,per 100g,2026-07-01T04:14:08.471742Z,2026-07-01T04:14:08.471742Z,2,0.913,"Bahan dasar terdiri dari tepung terigu, gula, tepung beras, pidang raja"
tkpi_0727,Lempog durian,lempog durian,TKPI,https://www.panganku.org/id-ID/view,Buah,buah,25.2,320.0,3.5,5.7,63.7,4.9,1.9,190.0,93.0,2.5,46.897,187.11088,0.3388,0.9479999999999996,0.0,0.26534,0.45918,,0.05,0.04,0.6859999999999999,1.42,,per 100g,2026-07-01T04:14:08.471742Z,2026-07-01T04:14:08.471742Z,2,0.913,Dodol duren
tkpi_0728,Loka anjoro,loka anjoro,TKPI,https://www.panganku.org/id-ID/view,Buah,buah,63.3,163.0,1.1,4.3,30.0,1.7200000000000002,1.3,96.88,58.64,2.1119999999999997,46.10826,432.056,0.3433999999999998,0.714,0.0,1.46,0.26796,,0.1099999999999999,0.0892,0.9279999999999998,1.56,,per 100g,2026-07-01T04:14:08.471742Z,2026-07-01T04:14:08.471742Z,2,0.913,Pisang kepok/raja direbus dengan santan sampai kental
tkpi_0729,Rica-rica taipa,rica-rica taipa,TKPI,https://www.panganku.org/id-ID/view,Buah,buah,86.7,49.0,1.6,0.3,10.0,4.1579999999999995,1.4,11.0,48.0,3.0,426.0,42.0,0.5,0.5,64.32,13.0,38.8096,,0.18,0.1361999999999999,1.3580000000000003,15.0,,per 100g,2026-07-01T04:14:08.471742Z,2026-07-01T04:14:08.471742Z,2,0.913,"Mangga muda diiris dicampur dengan cabai, udang kering dan terasi (Acar mangga muda)"
tkpi_0730,Rujak aceh,rujak aceh,TKPI,https://www.panganku.org/id-ID/view,Buah,buah,78.7,82.0,0.4,0.3,19.7,2.4,0.9,77.74,47.48,1.9379999999999995,16.66,358.552,33.055400000000006,0.616,0.0,10.0,36.202839999999995,,0.22,0.03,0.4099999999999999,42.0,,per 100g,2026-07-01T04:14:08.471742Z,2026-07-01T04:14:08.471742Z,2,0.913,"Seperti Asinan. Bahan dasar terdiri dari buah batok, mangga, ketimun dan bengkuang."
tkpi_0731,Sale kesemek,sale kesemek,TKPI,https://www.panganku.org/id-ID/view,Buah,buah,25.0,296.0,1.1,0.6,71.4,3.5019999999999993,1.8,101.08,70.1,2.971999999999998,9.94,285.46052,0.2315999999999999,0.6440000000000002,0.0,1.56526,0.9916600000000002,,0.1054,0.0566,0.5840000000000001,3.0,,per 100g,2026-07-01T04:14:08.471742Z,2026-07-01T04:14:08.471742Z,2,0.913,
tkpi_0732,Sale pisang siam,sale pisang siam,TKPI,https://www.panganku.org/id-ID/view,Buah,buah,28.9,281.0,2.4,0.7,66.1,1.0,2.0,41.0,64.0,1.2,10.92,147.06738,0.1999999999999998,0.5559999999999999,0.02,136.42,272.0,,0.1,0.0532,0.36,0.0,,per 100g,2026-07-01T04:14:08.471742Z,2026-07-01T04:14:08.471742Z,2,0.913,
tkpi_0733,"Sale pisang, cilacap","sale pisang, cilacap",TKPI,https://www.panganku.org/id-ID/view,Buah,buah,27.1,295.0,2.3,2.1,66.9,1.3,1.7,47.0,97.0,2.8,263.03094,227.29818000000003,0.2367999999999999,0.5579999999999999,53.06402,86.98,296.0,,0.14,0.0866,0.6780000000000002,0.08,,per 100g,2026-07-01T04:14:08.471742Z,2026-07-01T04:14:08.471742Z,2,0.913,
tkpi_0734,Sanggara belanda,sanggara belanda,TKPI,https://www.panganku.org/id-ID/view,Buah,buah,47.1,242.0,6.4,7.1,38.2,1.3400000000000003,1.2,110.14,113.02,2.9220000000000006,92.65528,164.23868,0.3645999999999999,1.2159999999999995,0.12,0.0,0.7416999999999999,,0.1235999999999999,0.1496,1.436,0.16,,per 100g,2026-07-01T04:14:08.471742Z,2026-07-01T04:14:08.471742Z,2,0.913,"Snack: Pisang raja dicelupkan kedalam kocokan telur, digoreng, dibelah diisi mentega, keju, dan gula yang telah dikocok bersama."
tkpi_0735,Tepung Pisang,tepung pisang,TKPI,https://www.panganku.org/id-ID/view,Buah,buah,13.8,338.0,2.9,0.4,80.6,5.3,2.1,23.0,62.0,4.0,18.0,734.0,0.1,0.5,0.0,13.0,1.0,,0.02,0.02,1.0,2.0,,per 100g,2026-07-01T04:14:08.471742Z,2026-07-01T04:14:08.471742Z,2,0.913,Pangan tunggal terolah/ produk yang berbahan baku pisang
tkpi_0736,Tepung Sukun,tepung sukun,TKPI,https://www.panganku.org/id-ID/view,Buah,buah,10.1,353.0,2.9,0.5,84.4,3.7,2.1,100.0,85.0,4.6,9.0,2.008,0.1,0.6,0.9,0.0,0.0,,0.4,0.02,0.1,3.0,,per 100g,2026-07-01T04:14:08.471742Z,2026-07-01T04:14:08.471742Z,2,0.913,Pangan tunggal terolah/ produk yang berbahan baku sukun
tkpi_0737,Abon haruwan,abon haruwan,TKPI,https://www.panganku.org/id-ID/view,Buah,buah,11.6,513.0,23.7,37.0,21.3,3.4139999999999993,6.4,25.0,25.0,0.5,61.0,15.0,0.0,0.2,213.1,254.93672,559.9388,,0.3093999999999999,0.39,4.979999999999999,0.84,,per 100g,2026-07-01T04:14:08.471742Z,2026-07-01T04:14:08.471742Z,2,0.913,Abon dari ikan gabus
tkpi_0738,"Anak sapi, daging, gemuk, segar (Veal, meat, high fat, fresh)","anak sapi, daging, gemuk, segar (veal, meat, high fat, fresh)",TKPI,https://www.panganku.org/id-ID/view,Daging,daging,62.0,184.0,18.8,14.0,0.0,0.0,5.2,10.0,200.0,2.2,118.0,490.1,0.17,3.3,12.0,37.0,118.8539,,0.13,0.17,7.0,0.04,,per 100g,2026-07-01T04:14:08.471742Z,2026-07-01T04:14:08.471742Z,2,0.913,
tkpi_0739,"Anak sapi, daging, kurus, segar (Veal, meat, high fat, fresh)","anak sapi, daging, kurus, segar (veal, meat, high fat, fresh)",TKPI,https://www.panganku.org/id-ID/view,Daging,daging,69.0,174.0,19.6,10.0,0.0,0.0,1.4,11.0,201.0,2.9,96.0,399.8,0.14,2.7,6.0,30.0,31.142000000000003,,0.08,0.14,5.7,0.0,,per 100g,2026-07-01T04:14:08.471742Z,2026-07-01T04:14:08.471742Z,2,0.913,
tkpi_0740,"Anak sapi, daging, sedang, segar (Veal, meat, fresh)","anak sapi, daging, sedang, segar (veal, meat, fresh)",TKPI,https://www.panganku.org/id-ID/view,Daging,daging,68.0,190.0,19.1,12.0,0.0,0.0,0.9,11.0,193.0,2.9,99.0,412.7,0.14,2.8,12.0,83.0,87.88206,,0.14,0.15,5.9,0.0,,per 100g,2026-07-01T04:14:08.471742Z,2026-07-01T04:14:08.471742Z,2,0.913,
tkpi_0741,"Angsa, daging, segar (Goose, meat, fresh)","angsa, daging, segar (goose, meat, fresh)",TKPI,https://www.panganku.org/id-ID/view,Daging,daging,51.1,349.0,16.4,31.5,0.0,0.0,1.0,15.0,188.0,1.8,71.0,299.2,0.26,1.7,273.0,0.0,451.8292,,0.1,0.24,7.1,0.0,,per 100g,2026-07-01T04:14:08.471742Z,2026-07-01T04:14:08.471742Z,2,0.913,
tkpi_0742,"Ayam, daging, segar (Chicken, meat, fresh)","ayam, daging, segar (chicken, meat, fresh)",TKPI,https://www.panganku.org/id-ID/view,Daging,daging,55.9,298.0,18.2,25.0,0.0,0.0,0.9,14.0,200.0,1.5,109.0,385.9,0.11,0.6,245.0,0.0,397.2084,,0.08,0.14,10.4,0.0,,per 100g,2026-07-01T04:14:08.471742Z,2026-07-01T04:14:08.471742Z,2,0.913,
tkpi_0743,"Ayam, dideh/darah, segar (Black puding (chicken blood), fresh)","ayam, dideh/darah, segar (black puding (chicken blood), fresh)",TKPI,https://www.panganku.org/id-ID/view,Daging,daging,82.0,75.0,13.8,1.9,0.7,0.0,1.6,15.0,9.0,1.3,337.0,234.0,0.3143999999999999,2.5819999999999994,15.0,29.0737,69.02,,0.02,0.1781999999999999,0.6,0.0,,per 100g,2026-07-01T04:14:08.471742Z,2026-07-01T04:14:08.471742Z,2,0.913,
tkpi_0744,"Ayam, hati, segar (Chicken liver, raw)","ayam, hati, segar (chicken liver, raw)",TKPI,https://www.panganku.org/id-ID/view,Daging,daging,53.4,261.0,27.4,16.1,1.6,0.0,1.5,118.0,373.0,15.8,1.068,22.9,0.84,0.0,4.957,169.0,28.0,,0.64,4.38,4.1,0.0,,per 100g,2026-07-01T04:14:08.471742Z,2026-07-01T04:14:08.471742Z,2,0.913,
tkpi_0745,"Babi, daging, gemuk,segar (Pork, medium fat, fresh)","babi, daging, gemuk,segar (pork, medium fat, fresh)",TKPI,https://www.panganku.org/id-ID/view,Daging,daging,42.0,453.0,11.9,45.0,0.0,0.0,1.1,7.0,117.0,1.8,112.0,819.3,0.22,0.4,0.0,0.0,20.12318,,0.58,0.59,5.9,0.0,,per 100g,2026-07-01T04:14:08.471742Z,2026-07-01T04:14:08.471742Z,2,0.913,
tkpi_0746,"Babi, daging, kurus, segar (Pork, lean, fresh)","babi, daging, kurus, segar (pork, lean, fresh)",TKPI,https://www.panganku.org/id-ID/view,Daging,daging,50.0,371.0,14.1,35.0,0.0,0.0,0.9,8.0,151.0,2.1,97.0,706.3,0.19,0.4,0.0,0.0,13.820619999999998,,0.67,0.33,5.4,0.0,,per 100g,2026-07-01T04:14:08.471742Z,2026-07-01T04:14:08.471742Z,2,0.913,
tkpi_0747,"Babi, ginjal, segar (Kidney, pork, fresh)","babi, ginjal, segar (kidney, pork, fresh)",TKPI,https://www.panganku.org/id-ID/view,Daging,daging,77.1,110.0,16.3,4.6,0.8,0.0,1.2,11.0,246.0,8.0,139.0,390.0,0.71,3.2,39.0,10.0,45.84442000000001,,0.58,1.59,9.1,13.0,,per 100g,2026-07-01T04:14:08.471742Z,2026-07-01T04:14:08.471742Z,2,0.913,
tkpi_0748,"Babi, hati, segar (Liver, pork, fresh)","babi, hati, segar (liver, pork, fresh)",TKPI,https://www.panganku.org/id-ID/view,Daging,daging,72.3,129.0,19.7,4.8,1.7,0.0,1.5,10.0,362.0,18.0,110.0,447.0,0.58,0.1,4.303,6.0,79.14936000000002,,0.4,1.16,5.7,23.0,,per 100g,2026-07-01T04:14:08.471742Z,2026-07-01T04:14:08.471742Z,2,0.913,
tkpi_0749,"Bebek (itik), daging, segar (Duck, meat, fresh)","bebek (itik), daging, segar (duck, meat, fresh)",TKPI,https://www.panganku.org/id-ID/view,Daging,daging,54.3,321.0,16.0,28.6,0.0,0.0,1.1,15.0,188.0,1.8,54.0,199.0,0.21,1.2,273.0,0.0,458.3083999999999,,0.1,0.28,4.3,0.0,,per 100g,2026-07-01T04:14:08.471742Z,2026-07-01T04:14:08.471742Z,2,0.913,
tkpi_0750,"Bebek alabio, daging, segar (Duck, alabio, meat, fresh)","bebek alabio, daging, segar (duck, alabio, meat, fresh)",TKPI,https://www.panganku.org/id-ID/view,Daging,daging,57.0,303.0,11.3,27.0,3.7,0.0,1.0,20.0,293.0,4.8,50.0,260.0,0.7,2.0,1.16636,0.0,12.25634,,0.36,0.04,4.1,0.0,,per 100g,2026-07-01T04:14:08.471742Z,2026-07-01T04:14:08.471742Z,2,0.913,
tkpi_0751,"Belibis, daging, segar (Whistling duck, meat, fresh)","belibis, daging, segar (whistling duck, meat, fresh)",TKPI,https://www.panganku.org/id-ID/view,Daging,daging,71.3,131.0,20.2,4.3,2.8,0.0,1.4,8.0,192.0,9.6,46.0,104.0,1.2,1.6,11.20606,0.0,17.80934,,0.37,0.08,2.7,1.36,,per 100g,2026-07-01T04:14:08.471742Z,2026-07-01T04:14:08.471742Z,2,0.913,
tkpi_0752,"Burung, sarang, segar","burung, sarang, segar",TKPI,https://www.panganku.org/id-ID/view,Daging,daging,24.8,281.0,37.5,0.3,32.1,1.0019999999999998,5.3,485.0,18.0,3.0,68.23818000000001,304.91388000000006,26.87906,2.908,0.0,24.285259999999997,32.07655999999999,,0.2773999999999999,0.2889999999999999,4.14,0.0,,per 100g,2026-07-01T04:14:08.471742Z,2026-07-01T04:14:08.471742Z,2,0.913,
tkpi_0753,"Domba, daging, gemuk, segar (Lamb, meat, high fat, fresh)","domba, daging, gemuk, segar (lamb, meat, high fat, fresh)",TKPI,https://www.panganku.org/id-ID/view,Daging,daging,55.8,317.0,15.7,27.7,0.0,0.0,0.8,9.0,157.0,2.4,64.0,242.1,0.11,3.7,0.0,0.0,6.791040000000001,,0.14,0.23,6.5,0.0,,per 100g,2026-07-01T04:14:08.471742Z,2026-07-01T04:14:08.471742Z,2,0.913,
tkpi_0754,"Domba, daging, kurus,  segar (Lamb, meat, low fat, fresh)","domba, daging, kurus, segar (lamb, meat, low fat, fresh)",TKPI,https://www.panganku.org/id-ID/view,Daging,daging,66.3,202.0,17.1,14.8,0.0,0.0,1.8,10.0,191.0,2.6,90.0,355.0,0.08,2.8,0.0,0.0,3.78642,,0.15,0.26,5.7,0.0,,per 100g,2026-07-01T04:14:08.471742Z,2026-07-01T04:14:08.471742Z,2,0.913,
tkpi_0755,"Domba, ginjal, segar (Kidney, lamb, fresh)","domba, ginjal, segar (kidney, lamb, fresh)",TKPI,https://www.panganku.org/id-ID/view,Daging,daging,77.8,100.0,16.6,3.3,1.0,0.0,1.3,13.0,237.0,9.2,155.0,276.0,0.48,2.4,348.0,515.0,488.3,,0.51,2.35,7.5,13.0,,per 100g,2026-07-01T04:14:08.471742Z,2026-07-01T04:14:08.471742Z,2,0.913,
tkpi_0756,"Kambing, daging, segar (Goat, meat, fresh)","kambing, daging, segar (goat, meat, fresh)",TKPI,https://www.panganku.org/id-ID/view,Daging,daging,70.3,149.0,16.6,9.2,0.0,0.0,3.9,11.0,124.0,1.0,96.0,268.7,0.31,4.9,0.0,0.0,11.79292,,0.09,0.23,5.0,0.0,,per 100g,2026-07-01T04:14:08.471742Z,2026-07-01T04:14:08.471742Z,2,0.913,
tkpi_0757,"Kelinci, daging, segar (Rabbit, meat, fresh)","kelinci, daging, segar (rabbit, meat, fresh)",TKPI,https://www.panganku.org/id-ID/view,Daging,daging,74.3,142.0,16.9,7.8,0.0,0.0,1.0,7.0,350.0,1.0,49.0,371.1,0.811,1.9860000000000009,0.0,0.0,0.0,,0.11,0.11,6.8,2.74,,per 100g,2026-07-01T04:14:08.471742Z,2026-07-01T04:14:08.471742Z,2,0.913,
tkpi_0758,"Kerbau, daging, segar (Buffalo, meat, fresh)","kerbau, daging, segar (buffalo, meat, fresh)",TKPI,https://www.panganku.org/id-ID/view,Daging,daging,80.0,79.0,18.7,0.5,0.0,0.0,0.8,14.0,221.0,3.3,91.0,273.0,0.13,1.6,3.96,6.93334,0.99594,,0.06,0.17,5.0,0.0,,per 100g,2026-07-01T04:14:08.471742Z,2026-07-01T04:14:08.471742Z,2,0.913,
tkpi_0759,"Kuda, daging, segar (Horse, meat, fresh)","kuda, daging, segar (horse, meat, fresh)",TKPI,https://www.panganku.org/id-ID/view,Daging,daging,76.0,113.0,18.1,4.1,0.9,0.0,0.9,10.0,150.0,2.7,46.0,315.7,0.13,2.5,0.0,1.60376,1.514,,0.07,0.07,3.0,0.0,,per 100g,2026-07-01T04:14:08.471742Z,2026-07-01T04:14:08.471742Z,2,0.913,
tkpi_0760,"Sapi, babat, segar (Tripe, fresh)","sapi, babat, segar (tripe, fresh)",TKPI,https://www.panganku.org/id-ID/view,Daging,daging,76.7,108.0,17.6,4.2,0.0,0.0,1.5,12.0,144.0,1.0,147.0,101.4,0.11,2.2,0.0,49.0,51.80838,,0.15,0.17,1.7,0.0,,per 100g,2026-07-01T04:14:08.471742Z,2026-07-01T04:14:08.471742Z,2,0.913,
tkpi_0761,"Sapi, daging, gemuk, segar (Beef, high fat, fresh)","sapi, daging, gemuk, segar (beef, high fat, fresh)",TKPI,https://www.panganku.org/id-ID/view,Daging,daging,60.0,273.0,17.5,22.0,0.0,0.0,0.5,10.0,150.0,2.6,93.0,267.0,0.17,6.4,12.0,0.0,11.918160000000002,,0.08,0.18,7.3,0.0,,per 100g,2026-07-01T04:14:08.471742Z,2026-07-01T04:14:08.471742Z,2,0.913,
tkpi_0762,"Sapi, daging, kurus, segar (Beef, low fat, fresh)","sapi, daging, kurus, segar (beef, low fat, fresh)",TKPI,https://www.panganku.org/id-ID/view,Daging,daging,69.0,174.0,19.6,10.0,0.0,0.0,1.4,11.0,181.0,2.9,83.0,489.0,0.07,4.9,6.0,181.0,251.84,,0.07,0.51,1.2,0.0,,per 100g,2026-07-01T04:14:08.471742Z,2026-07-01T04:14:08.471742Z,2,0.913,
tkpi_0763,"Sapi, daging, lemak sedang, segar (Beef, medium fat, fresh)","sapi, daging, lemak sedang, segar (beef, medium fat, fresh)",TKPI,https://www.panganku.org/id-ID/view,Daging,daging,66.0,201.0,18.8,14.0,0.0,0.0,1.2,11.0,170.0,2.8,105.0,378.0,4.58,5.2,9.0,198.0,257.978,,0.08,0.56,1.3,0.0,,per 100g,2026-07-01T04:14:08.471742Z,2026-07-01T04:14:08.471742Z,2,0.913,
tkpi_0764,"Sapi, daleman, segar (Offal, beef, fresh)","sapi, daleman, segar (offal, beef, fresh)",TKPI,https://www.panganku.org/id-ID/view,Daging,daging,70.1,183.0,12.0,14.4,1.4,0.0,2.1,43.0,319.0,1.8,277.0,160.0,0.1,0.8,148.17628000000002,104.0,236.83200000000005,,0.31,0.22,8.4,1.36,,per 100g,2026-07-01T04:14:08.471742Z,2026-07-01T04:14:08.471742Z,2,0.913,
tkpi_0765,"Sapi, dideh/darah (Black puding (cow's blood), fresh)","sapi, dideh/darah (black puding (cows blood), fresh)",TKPI,https://www.panganku.org/id-ID/view,Daging,daging,75.6,98.0,21.9,1.1,0.0,0.0,1.4,7.0,24.0,1.3,150.0,170.0,0.0819999999999999,0.2,15.0,214.0,496.7604,,0.01,0.03,0.9,0.0,,per 100g,2026-07-01T04:14:08.471742Z,2026-07-01T04:14:08.471742Z,2,0.913,
tkpi_0766,"Sapi, ginjal, segar (Kidney, beef, fresh)","sapi, ginjal, segar (kidney, beef, fresh)",TKPI,https://www.panganku.org/id-ID/view,Daging,daging,74.9,137.0,15.0,8.1,0.9,0.0,1.1,9.0,221.0,7.9,200.0,230.2,0.4596,3.5120000000000005,348.0,583.0,523.04,,0.37,1.22,6.1,13.0,,per 100g,2026-07-01T04:14:08.471742Z,2026-07-01T04:14:08.471742Z,2,0.913,
tkpi_0767,"Sapi, keleponan, segar (Tripe, beef, fresh)","sapi, keleponan, segar (tripe, beef, fresh)",TKPI,https://www.panganku.org/id-ID/view,Daging,daging,83.8,84.0,10.5,4.6,0.2,0.0,0.9,20.0,13.0,2.1,73.0,318.0,0.2,1.7,857.0,34.0,567.9816000000001,,0.1,0.14,0.3,6.02,,per 100g,2026-07-01T04:14:08.471742Z,2026-07-01T04:14:08.471742Z,2,0.913,
tkpi_0768,"Sapi, liver, segar (Liver, beef, fresh)","sapi, liver, segar (liver, beef, fresh)",TKPI,https://www.panganku.org/id-ID/view,Daging,daging,69.7,132.0,19.7,3.2,6.0,0.0,1.4,7.0,358.0,6.6,110.0,213.0,0.51,2.3,13.303,355.0,300.03,,0.26,1.52,11.4,31.0,,per 100g,2026-07-01T04:14:08.471742Z,2026-07-01T04:14:08.471742Z,2,0.913,
tkpi_0769,"Sapi, otak, segar (Brain, beef, fresh)","sapi, otak, segar (brain, beef, fresh)",TKPI,https://www.panganku.org/id-ID/view,Daging,daging,78.9,123.0,10.4,8.6,0.8,0.0,1.3,16.0,330.0,3.6,112.0,243.8,0.26,0.9,0.0,0.0,48.48254,,0.23,0.19,3.9,18.0,,per 100g,2026-07-01T04:14:08.471742Z,2026-07-01T04:14:08.471742Z,2,0.913,
tkpi_0770,"Sapi, usus, segar","sapi, usus, segar",TKPI,https://www.panganku.org/id-ID/view,Daging,daging,76.7,126.0,14.0,7.2,1.5,0.0,0.6,14.0,115.0,4.0,244.36,211.18264,0.3091999999999998,1.54,61.0,0.0,15.124020000000003,,0.08,0.33,0.2,0.0,,per 100g,2026-07-01T04:14:08.471742Z,2026-07-01T04:14:08.471742Z,2,0.913,
tkpi_0771,"Ulat sagu segar (Caterpillar, sago palm, fresh)","ulat sagu segar (caterpillar, sago palm, fresh)",TKPI,https://www.panganku.org/id-ID/view,Daging,daging,65.9,241.0,5.8,21.6,5.8,2.8,0.9,20.0,70.0,0.5,210.0,210.0,1.0,7.7,147.55356,0.0,175.55696,,0.17,1.45,0.1,27.04,,per 100g,2026-07-01T04:14:08.471742Z,2026-07-01T04:14:08.471742Z,2,0.913,
tkpi_0772,"Ayam, ampela, goreng","ayam, ampela, goreng",TKPI,https://www.panganku.org/id-ID/view,Daging,daging,4.8,270.0,32.3,11.2,9.9,0.0,1.8,129.0,314.0,4.9,980.0,271.9151,0.12,3.3,56.0,35.71038,0.0,,0.21,0.3226,4.7,0.0,,per 100g,2026-07-01T04:14:08.471742Z,2026-07-01T04:14:08.471742Z,2,0.913,
tkpi_0773,"Ayam, usus, goreng","ayam, usus, goreng",TKPI,https://www.panganku.org/id-ID/view,Daging,daging,4.6,473.0,45.2,26.3,13.9,0.0,10.1,1.407,458.0,8.4,113.28702,484.8727599999999,2.1236600000000005,5.184,6.0,208.34324,224.0,,0.57,0.2532,0.0,0.04,,per 100g,2026-07-01T04:14:08.471742Z,2026-07-01T04:14:08.471742Z,2,0.913,
tkpi_0774,"Bebek, daging, goreng","bebek, daging, goreng",TKPI,https://www.panganku.org/id-ID/view,Daging,daging,48.8,300.0,24.0,20.7,4.5,0.0,2.0,170.0,170.0,4.1,34.0,6.0,0.4,3.0,12.02414,0.0,16.99962,,0.1,0.4,10.6,0.12,,per 100g,2026-07-01T04:14:08.471742Z,2026-07-01T04:14:08.471742Z,2,0.913,
tkpi_0775,"Buaya, daging, dendeng, mentah","buaya, daging, dendeng, mentah",TKPI,https://www.panganku.org/id-ID/view,Daging,daging,12.3,365.0,49.6,4.8,30.8,14.454,2.5,60.0,130.0,4.3,500.0,680.0,0.2,11.6,467.0109599999999,0.0,233.00015999999997,,0.473,1.4036000000000004,0.2,50.16,,per 100g,2026-07-01T04:14:08.471742Z,2026-07-01T04:14:08.471742Z,2,0.913,
tkpi_0776,Ham,ham,TKPI,https://www.panganku.org/id-ID/view,Daging,daging,42.0,384.0,16.9,35.0,0.3,0.0,5.8,10.0,136.0,2.5,112.0,819.3,0.11,0.4,0.0,41.02,64.75556,,0.7,0.95,9.7,0.0,,per 100g,2026-07-01T04:14:08.471742Z,2026-07-01T04:14:08.471742Z,2,0.913,
tkpi_0777,"Itik alabio, daging, dendeng, mentah","itik alabio, daging, dendeng, mentah",TKPI,https://www.panganku.org/id-ID/view,Daging,daging,12.7,496.0,30.3,33.5,18.4,13.882,5.1,135.0,370.0,12.5,1.081,478.0,0.7,0.3,589.88,0.0,506.958,,0.4849999999999999,0.919,4.1819999999999995,51.54,,per 100g,2026-07-01T04:14:08.471742Z,2026-07-01T04:14:08.471742Z,2,0.913,
tkpi_0778,Kerupuk urat,kerupuk urat,TKPI,https://www.panganku.org/id-ID/view,Daging,daging,3.6,588.0,53.7,40.9,1.2,0.106,0.6,36.0,15.0,1.3,1.024,37.0,0.1,0.2,2.802,272.3,388.5015,,0.4947999999999999,0.6232000000000001,3.7,0.1,,per 100g,2026-07-01T04:14:08.471742Z,2026-07-01T04:14:08.471742Z,2,0.913,
tkpi_0779,"Menjangan, daging, dendeng, mentah","menjangan, daging, dendeng, mentah",TKPI,https://www.panganku.org/id-ID/view,Daging,daging,14.3,322.0,55.8,2.0,22.7,4.053999999999999,5.3,55.0,310.0,2.1,765.0,1.282,1.7,3.2,3.391,26.0,39.689359999999986,,0.3558,0.2251999999999999,5.490000000000001,1.06,,per 100g,2026-07-01T04:14:08.471742Z,2026-07-01T04:14:08.471742Z,2,0.913,
tkpi_0780,"Punai, daging, goreng","punai, daging, goreng",TKPI,https://www.panganku.org/id-ID/view,Daging,daging,54.5,224.0,26.2,11.3,4.4,0.022,3.6,362.0,362.0,3.1,2.0,19.0,0.3,1.6,125.24326,138.81758,403.3464,,0.2313999999999999,0.2519999999999999,2.484,0.1,,per 100g,2026-07-01T04:14:08.471742Z,2026-07-01T04:14:08.471742Z,2,0.913,
tkpi_0781,"Rusa, daging, dendeng, mentah","rusa, daging, dendeng, mentah",TKPI,https://www.panganku.org/id-ID/view,Daging,daging,18.3,536.0,40.5,41.5,0.0,3.706,2.5,90.0,420.0,13.4,130.0,690.0,0.3,10.7,285.0,109.81524000000002,396.11743999999993,,0.4792,1.1396000000000004,0.2,16.22,,per 100g,2026-07-01T04:14:08.471742Z,2026-07-01T04:14:08.471742Z,2,0.913,
tkpi_0782,"Sapi, abon","sapi, abon",TKPI,https://www.panganku.org/id-ID/view,Daging,daging,7.1,212.0,18.0,10.6,59.3,7.5,4.7,150.0,209.0,12.3,123.77268,373.04356,1.42346,3.327999999999999,0.0,240.0,138.0,,0.17,0.2257999999999999,3.0500000000000007,0.0,,per 100g,2026-07-01T04:14:08.471742Z,2026-07-01T04:14:08.471742Z,2,0.913,
tkpi_0783,"Sapi, abon, asli","sapi, abon, asli",TKPI,https://www.panganku.org/id-ID/view,Daging,daging,24.8,358.0,14.6,16.1,38.6,2.5,5.8,165.0,136.0,14.6,75.56866000000002,244.87484,0.605,2.7799999999999994,3.0,194.0,144.0,,0.13,0.2093999999999999,1.7720000000000005,0.0,,per 100g,2026-07-01T04:14:08.471742Z,2026-07-01T04:14:08.471742Z,2,0.913,
tkpi_0784,"Sapi, daging, asap","sapi, daging, asap",TKPI,https://www.panganku.org/id-ID/view,Daging,daging,60.0,182.0,32.0,6.0,0.0,0.0,2.0,15.0,300.0,5.0,1.62,485.4,0.03,5.1,6.0,236.50906000000003,269.14,,0.12,0.23,5.9,0.0,,per 100g,2026-07-01T04:14:08.471742Z,2026-07-01T04:14:08.471742Z,2,0.913,
tkpi_0785,"Sapi, daging, dendeng, mentah","sapi, daging, dendeng, mentah",TKPI,https://www.panganku.org/id-ID/view,Daging,daging,25.0,301.0,55.0,9.0,0.0,0.012,11.0,30.0,370.0,5.1,372.99984000000006,268.20637999999997,0.54586,3.036,0.0,27.248,44.317919999999994,,0.1,0.1972,4.24,0.0,,per 100g,2026-07-01T04:14:08.471742Z,2026-07-01T04:14:08.471742Z,2,0.913,
tkpi_0786,"Sapi, daging, kornet","sapi, daging, kornet",TKPI,https://www.panganku.org/id-ID/view,Daging,daging,53.0,289.0,16.0,25.0,0.0,0.0,6.0,10.0,170.0,4.0,794.0,94.4,0.07,4.0,0.0,52.0,57.965599999999995,,0.01,0.16,2.7,0.0,,per 100g,2026-07-01T04:14:08.471742Z,2026-07-01T04:14:08.471742Z,2,0.913,
tkpi_0787,"Sapi, daging, sosis (Worst)","sapi, daging, sosis (worst)",TKPI,https://www.panganku.org/id-ID/view,Daging,daging,37.6,448.0,14.5,42.3,2.3,0.126,3.3,28.0,61.0,1.1,765.0,284.5,0.06,1.7,0.0,433.12,432.84,,0.1,0.18,4.9,0.0,,per 100g,2026-07-01T04:14:08.471742Z,2026-07-01T04:14:08.471742Z,2,0.913,
tkpi_0788,"Sapi, hati, sosis (liverworst)","sapi, hati, sosis (liverworst)",TKPI,https://www.panganku.org/id-ID/view,Daging,daging,56.6,274.0,16.0,22.0,3.0,2.3,2.4,20.0,150.0,4.0,654.0,158.8,0.22,2.2,1.201,70.25399999999999,49.32003999999999,,0.2,0.96,4.0,0.0,,per 100g,2026-07-01T04:14:08.471742Z,2026-07-01T04:14:08.471742Z,2,0.913,
tkpi_0789,"Sapi, paru, dendeng, mentah","sapi, paru, dendeng, mentah",TKPI,https://www.panganku.org/id-ID/view,Daging,daging,9.7,360.0,57.3,6.0,19.2,22.862,7.8,126.0,903.0,21.1,1.483,864.0,1.2,6.1,2.827,85.59895999999999,161.23056,,0.4841999999999999,0.9306,27.453999999999994,67.26,,per 100g,2026-07-01T04:14:08.471742Z,2026-07-01T04:14:08.471742Z,2,0.913,
tkpi_0790,"Sapi, paru, goreng","sapi, paru, goreng",TKPI,https://www.panganku.org/id-ID/view,Daging,daging,45.5,268.0,23.9,12.7,14.5,11.45,3.1,102.0,315.0,8.8,923.0,299.0,0.0,1.5,790.0,143.89918,228.06327999999996,,0.595,0.7888000000000003,6.047999999999999,38.66,,per 100g,2026-07-01T04:14:08.471742Z,2026-07-01T04:14:08.471742Z,2,0.913,
tkpi_0791,"Ulat sagu, panggang","ulat sagu, panggang",TKPI,https://www.panganku.org/id-ID/view,Daging,daging,41.3,380.0,11.9,30.3,14.9,4.8,1.6,30.0,120.0,1.5,260.0,550.0,3.1,14.2,220.5759999999999,0.0,162.67528,,0.5,2.5,0.1,34.0,,per 100g,2026-07-01T04:14:08.471742Z,2026-07-01T04:14:08.471742Z,2,0.913,
tkpi_0792,"Ayam goreng church texas, dada","ayam goreng church texas, dada",TKPI,https://www.panganku.org/id-ID/view,Daging,daging,42.2,338.0,35.2,20.6,0.4,0.0,1.5,79.0,221.0,5.6,800.0,369.5,0.16,1.1,16.0,42.32,80.0,,0.52,0.16,12.1,0.0,,per 100g,2026-07-01T04:14:08.471742Z,2026-07-01T04:14:08.471742Z,2,0.913,
tkpi_0793,"Ayam goreng church,texas paha","ayam goreng church,texas paha",TKPI,https://www.panganku.org/id-ID/view,Daging,daging,50.3,287.0,31.0,15.7,1.7,0.0,1.3,99.0,176.0,4.1,723.0,257.0,0.17,1.5,22.0,41.26,30.0,,0.66,0.2,5.3,0.0,,per 100g,2026-07-01T04:14:08.471742Z,2026-07-01T04:14:08.471742Z,2,0.913,
tkpi_0794,"Ayam goreng church texas, sayap","ayam goreng church texas, sayap",TKPI,https://www.panganku.org/id-ID/view,Daging,daging,47.2,295.0,34.0,16.0,1.5,0.0,1.3,81.0,179.0,3.0,771.0,237.2,0.16,1.2,13.0,57.94,50.0,,0.44,0.13,6.2,0.0,,per 100g,2026-07-01T04:14:08.471742Z,2026-07-01T04:14:08.471742Z,2,0.913,
tkpi_0795,"Ayam goreng kalasan, paha","ayam goreng kalasan, paha",TKPI,https://www.panganku.org/id-ID/view,Daging,daging,46.2,275.0,37.4,12.2,1.3,0.0,2.9,116.0,237.0,5.8,176.0,321.9,0.16,1.5,10.0,0.0,50.0,,0.1,0.1649999999999999,1.6599999999999997,0.0,,per 100g,2026-07-01T04:14:08.471742Z,2026-07-01T04:14:08.471742Z,2,0.913,
tkpi_0796,"Ayam goreng kentucky, dada","ayam goreng kentucky, dada",TKPI,https://www.panganku.org/id-ID/view,Daging,daging,46.5,298.0,34.2,16.8,0.1,0.0,2.5,90.0,284.0,5.5,741.0,342.0,0.07,1.0,36.0,65.94906,50.0,,0.19,0.0,0.0,0.0,,per 100g,2026-07-01T04:14:08.471742Z,2026-07-01T04:14:08.471742Z,2,0.913,
tkpi_0797,"Ayam goreng Kentucky, paha","ayam goreng kentucky, paha",TKPI,https://www.panganku.org/id-ID/view,Daging,daging,48.7,286.0,32.1,16.1,1.1,0.0,2.0,89.0,248.0,6.9,746.0,265.2,0.09,2.3,31.0,40.77898,20.0,,0.5,0.21,5.5,0.0,,per 100g,2026-07-01T04:14:08.471742Z,2026-07-01T04:14:08.471742Z,2,0.913,
tkpi_0798,"Ayam  goreng Kentucky,sayap","ayam goreng kentucky,sayap",TKPI,https://www.panganku.org/id-ID/view,Daging,daging,44.7,297.0,35.9,15.2,1.6,0.0,2.6,103.0,227.0,4.4,807.0,248.4,0.06,1.4,22.0,36.23346,70.0,,0.73,0.14,6.5,0.0,,per 100g,2026-07-01T04:14:08.471742Z,2026-07-01T04:14:08.471742Z,2,0.913,
tkpi_0799,Ayam goreng mbok berek dada,ayam goreng mbok berek dada,TKPI,https://www.panganku.org/id-ID/view,Daging,daging,43.4,295.0,39.2,13.6,1.0,0.0,2.8,114.0,278.0,5.4,104.16406,287.142,0.46866,2.0420000000000003,8.0,47.82,50.0,,0.19,0.1638,1.4359999999999995,0.0,,per 100g,2026-07-01T04:14:08.471742Z,2026-07-01T04:14:08.471742Z,2,0.913,
tkpi_0800,"Ayam goreng pasundan, dada","ayam goreng pasundan, dada",TKPI,https://www.panganku.org/id-ID/view,Daging,daging,50.1,246.0,37.9,9.0,0.7,0.0,2.3,90.0,260.0,7.5,144.74734,261.61799999999994,0.5459200000000001,2.1439999999999997,6.0,19.42,70.0,,0.16,0.2043999999999999,0.0,0.0,,per 100g,2026-07-01T04:14:08.471742Z,2026-07-01T04:14:08.471742Z,2,0.913,
tkpi_0801,"Ayam goreng pasundan, paha","ayam goreng pasundan, paha",TKPI,https://www.panganku.org/id-ID/view,Daging,daging,52.8,245.0,33.1,11.4,0.3,0.0,2.5,90.0,283.0,7.3,148.46144,264.36812000000003,0.59646,2.3259999999999996,8.0,15.6634,40.0,,0.37,0.2469999999999999,0.0,0.08,,per 100g,2026-07-01T04:14:08.471742Z,2026-07-01T04:14:08.471742Z,2,0.913,
tkpi_0802,"Ayam goreng pioneer, dada","ayam goreng pioneer, dada",TKPI,https://www.panganku.org/id-ID/view,Daging,daging,44.5,295.0,37.4,14.7,0.6,0.0,2.7,108.0,236.0,6.8,464.6,281.25460000000004,0.51712,2.1300000000000003,16.0,19.1,80.0,,0.1,0.2239999999999999,0.0,0.08,,per 100g,2026-07-01T04:14:08.471742Z,2026-07-01T04:14:08.471742Z,2,0.913,
tkpi_0803,"Ayam goreng sukabumi, dada","ayam goreng sukabumi, dada",TKPI,https://www.panganku.org/id-ID/view,Daging,daging,49.8,244.0,36.7,9.2,1.0,0.0,3.4,81.0,154.0,6.1,540.74,300.12120000000004,0.3425999999999999,1.816,20.0,24.98,80.0,,0.66,0.2147999999999999,0.0,0.08,,per 100g,2026-07-01T04:14:08.471742Z,2026-07-01T04:14:08.471742Z,2,0.913,
tkpi_0804,"Ayam goreng sukabumi, paha","ayam goreng sukabumi, paha",TKPI,https://www.panganku.org/id-ID/view,Daging,daging,46.0,283.0,35.7,14.3,0.5,0.0,3.6,68.0,106.0,5.4,181.0,294.4118399999999,0.2842,1.756,11.0,17.06914,60.0,,0.36,0.1651999999999999,0.0,0.08,,per 100g,2026-07-01T04:14:08.471742Z,2026-07-01T04:14:08.471742Z,2,0.913,
tkpi_0805,"Ayam taliwang, masakan","ayam taliwang, masakan",TKPI,https://www.panganku.org/id-ID/view,Daging,daging,57.5,264.0,18.2,20.1,2.7,0.6680000000000001,1.5,94.0,164.0,2.0,507.0,408.0,0.4,12.3,1.067,28.522100000000005,51.72348,,0.2703999999999999,1.0704000000000002,2.514,13.68,,per 100g,2026-07-01T04:14:08.471742Z,2026-07-01T04:14:08.471742Z,2,0.913,
tkpi_0806,"Babi hutan masak rica, masakan","babi hutan masak rica, masakan",TKPI,https://www.panganku.org/id-ID/view,Daging,daging,56.2,491.0,24.6,16.3,0.2,0.006,2.7,18.0,144.0,1.2,1.415,327.0,0.2,2.6,2.193,199.1,233.82,,0.61,0.47,3.494,0.0,,per 100g,2026-07-01T04:14:08.471742Z,2026-07-01T04:14:08.471742Z,2,0.913,
tkpi_0807,Beef burger,beef burger,TKPI,https://www.panganku.org/id-ID/view,Daging,daging,45.5,258.0,10.6,9.5,32.5,0.4,2.2,210.0,157.0,2.6,572.0,189.1,0.3419999999999998,1.71,218.0,5.935759999999999,7.58,,0.95,0.3029999999999999,1.4460000000000006,0.0,,per 100g,2026-07-01T04:14:08.471742Z,2026-07-01T04:14:08.471742Z,2,0.913,
tkpi_0808,"Beef teriyaki, masakan","beef teriyaki, masakan",TKPI,https://www.panganku.org/id-ID/view,Daging,daging,65.1,151.0,8.6,3.1,22.3,0.3,0.9,142.0,62.0,2.3,377.0,196.22124,0.2281999999999999,1.2459999999999998,22.0,180.08,400.0,,0.53,0.1181999999999999,1.0360000000000007,0.0,,per 100g,2026-07-01T04:14:08.471742Z,2026-07-01T04:14:08.471742Z,2,0.913,Daging sapi bumbu teriyaki (rasa manis).
tkpi_0809,"Beef yakiniku, masakan","beef yakiniku, masakan",TKPI,https://www.panganku.org/id-ID/view,Daging,daging,67.7,132.0,9.8,1.1,20.7,0.3,0.8,302.0,67.0,2.0,409.0,169.73557999999997,1.0952000000000002,3.4260000000000006,78.0,367.1991,700.0,,0.62,0.2203999999999998,1.5060000000000004,0.0,,per 100g,2026-07-01T04:14:08.471742Z,2026-07-01T04:14:08.471742Z,2,0.913,Daging sapi panggang (rasa gurih)
tkpi_0810,Brongkos,brongkos,TKPI,https://www.panganku.org/id-ID/view,Daging,daging,76.4,141.0,15.3,3.3,12.6,1.0,2.4,87.0,97.0,5.1,115.09544,279.0457,0.3238,1.148,4.0,175.67523999999997,356.0,,0.4,0.1067999999999999,1.4480000000000004,0.0,,per 100g,2026-07-01T04:14:08.471742Z,2026-07-01T04:14:08.471742Z,2,0.913,Masakan daging sapi berkuah hitam yang berasal dari kluwek dan ditambah santan
tkpi_0811,"Bulgogi, masakan","bulgogi, masakan",TKPI,https://www.panganku.org/id-ID/view,Daging,daging,84.2,72.0,11.4,4.9,1.4,1.7,0.7,214.0,86.0,2.5,509.0,159.93178,0.2159999999999999,1.4380000000000002,17.0,442.88,650.20332,,1.08,0.3073999999999999,3.2779999999999996,0.0,,per 100g,2026-07-01T04:14:08.471742Z,2026-07-01T04:14:08.471742Z,2,0.913,Daging sapi (sirloin) ditambah kecap asin dan gula.
tkpi_0812,"Chicken teriyaki, masakan","chicken teriyaki, masakan",TKPI,https://www.panganku.org/id-ID/view,Daging,daging,68.2,168.0,13.0,9.6,7.5,0.8,1.7,137.0,106.0,3.1,959.0,266.12464,0.3281999999999999,1.4139999999999997,68.0,33.884,2.2,,0.65,0.3049999999999999,3.836,0.0,,per 100g,2026-07-01T04:14:08.471742Z,2026-07-01T04:14:08.471742Z,2,0.913,Daging ayam bumbu teriyaki (rasa lebih manis).
tkpi_0813,"Chikiniku, masakan","chikiniku, masakan",TKPI,https://www.panganku.org/id-ID/view,Daging,daging,65.4,143.0,9.8,1.4,22.8,0.4,0.6,301.0,63.0,2.0,531.0,258.2224,0.2995999999999999,0.996,27.0,1.1471999999999998,1.28,,0.73,0.1387999999999999,1.8840000000000008,0.0,,per 100g,2026-07-01T04:14:08.471742Z,2026-07-01T04:14:08.471742Z,2,0.913,
tkpi_0814,"Coto mangkasara, kuda, masakan","coto mangkasara, kuda, masakan",TKPI,https://www.panganku.org/id-ID/view,Daging,daging,83.5,96.0,6.8,5.9,3.8,0.7340000000000001,0.9,11.0,106.0,2.3,96.0,31.0,0.1,1.0,6.89066,25.18398,24.09828,,0.23,0.14,4.2,4.16,,per 100g,2026-07-01T04:14:08.471742Z,2026-07-01T04:14:08.471742Z,2,0.913,
tkpi_0815,"Coto mangkasara, sapi, masakan","coto mangkasara, sapi, masakan",TKPI,https://www.panganku.org/id-ID/view,Daging,daging,85.9,84.0,6.0,6.0,1.4,0.9280000000000002,0.7,8.0,104.0,4.0,90.0,25.0,0.3,0.6,292.98,376.47052,655.5864,,0.16,0.14,10.3,8.52,,per 100g,2026-07-01T04:14:08.471742Z,2026-07-01T04:14:08.471742Z,2,0.913,
tkpi_0816,"Djibokum, masakan","djibokum, masakan",TKPI,https://www.panganku.org/id-ID/view,Daging,daging,43.4,248.0,10.0,2.3,40.9,0.1,3.4,116.0,110.0,2.8,401.0,236.65873999999997,0.445,1.3919999999999997,52.0,0.5287999999999999,1.92,,0.75,0.1704,1.2600000000000002,0.0,,per 100g,2026-07-01T04:14:08.471742Z,2026-07-01T04:14:08.471742Z,2,0.913,Ji-Bo-Kum. Gurita/seafood goreng pedas dengan sayuran.
tkpi_0817,"Empal (daging) Goreng, masakan","empal (daging) goreng, masakan",TKPI,https://www.panganku.org/id-ID/view,Daging,daging,43.9,248.0,36.2,6.9,10.1,1.054,2.0,131.0,235.0,6.4,848.0,198.63434,0.5644600000000001,2.1960000000000006,112.0,347.28,620.0,,0.55,0.3693999999999999,7.933999999999998,0.0,,per 100g,2026-07-01T04:14:08.471742Z,2026-07-01T04:14:08.471742Z,2,0.913,
tkpi_0818,Gulai kambing,gulai kambing,TKPI,https://www.panganku.org/id-ID/view,Daging,daging,78.4,126.0,4.2,9.4,6.2,1.3460000000000003,1.8,45.0,73.0,1.3,302.0,138.0,0.2,1.1,151.0,112.79666,239.6044,,0.13,0.01,0.66,3.32,,per 100g,2026-07-01T04:14:08.471742Z,2026-07-01T04:14:08.471742Z,2,0.913,
tkpi_0819,"Jangang bintatoeng, masakan","jangang bintatoeng, masakan",TKPI,https://www.panganku.org/id-ID/view,Daging,daging,73.6,107.0,5.3,2.2,16.5,4.384,2.4,64.0,61.0,2.5,482.0,406.0,0.2,0.8,90.12938,24.81482,61.6037,,0.18,0.02,3.4,15.46,,per 100g,2026-07-01T04:14:08.471742Z,2026-07-01T04:14:08.471742Z,2,0.913,Masakan ayam dengan kacang hitam
tkpi_0820,"Kalio ayam, masakan","kalio ayam, masakan",TKPI,https://www.panganku.org/id-ID/view,Daging,daging,64.7,203.0,16.0,13.5,4.4,0.088,1.4,278.0,177.0,4.2,534.0,205.13996000000003,0.49526,1.8099999999999996,105.0,5.293380000000001,3.78,,0.35,0.3102,2.508,0.0,,per 100g,2026-07-01T04:14:08.471742Z,2026-07-01T04:14:08.471742Z,2,0.913,
tkpi_0821,"Kalio jeroan, masakan","kalio jeroan, masakan",TKPI,https://www.panganku.org/id-ID/view,Daging,daging,68.9,163.0,16.5,9.0,4.1,0.08,1.5,102.0,268.0,7.1,570.0,250.29800000000003,0.3626,1.452,298.0,15.761820000000002,1.96,,0.7,0.2413999999999999,2.5840000000000005,0.0,,per 100g,2026-07-01T04:14:08.471742Z,2026-07-01T04:14:08.471742Z,2,0.913,
tkpi_0822,"Kalio kikil (tunjang), masakan","kalio kikil (tunjang), masakan",TKPI,https://www.panganku.org/id-ID/view,Daging,daging,75.3,122.0,13.8,5.7,3.9,0.074,1.3,154.0,59.0,3.4,519.0,229.04064,0.3227999999999999,1.118,36.0,4.03088,1.44,,0.38,0.1089999999999999,1.7180000000000002,0.0,,per 100g,2026-07-01T04:14:08.471742Z,2026-07-01T04:14:08.471742Z,2,0.913,
tkpi_0823,"Kalio otak, masakan","kalio otak, masakan",TKPI,https://www.panganku.org/id-ID/view,Daging,daging,70.3,157.0,8.1,8.8,11.4,1.2679999999999998,1.4,212.0,69.0,3.3,604.0,272.19314,0.3238,1.142,32.0,2.30198,1.04,,0.45,0.151,1.3079999999999998,0.0,,per 100g,2026-07-01T04:14:08.471742Z,2026-07-01T04:14:08.471742Z,2,0.913,
tkpi_0824,"Lawar babi, masakan","lawar babi, masakan",TKPI,https://www.panganku.org/id-ID/view,Daging,daging,68.8,174.0,17.0,10.0,3.0,0.0,1.2,61.0,141.0,3.0,159.43996,239.47595999999993,2.3537999999999992,0.0,34.14934,0.0,19.04254,,0.1,0.5706,0.0,0.12,,per 100g,2026-07-01T04:14:08.471742Z,2026-07-01T04:14:08.471742Z,2,0.913,Seperti urap. Daging babi dicampur dengan kelapa parut yang sudah berbumbu.
tkpi_0825,"Lawar penyu, masakan","lawar penyu, masakan",TKPI,https://www.panganku.org/id-ID/view,Daging,daging,66.3,141.0,23.0,1.5,7.6,0.0,1.6,69.0,141.0,6.0,174.89996,254.31715999999992,2.3721999999999994,0.0,41.69914,0.0,45.68288,,0.1,0.5707999999999999,0.0,0.64,,per 100g,2026-07-01T04:14:08.471742Z,2026-07-01T04:14:08.471742Z,2,0.913,Seperti urap. Daging penyu dicampur dengan kelapa parut yang sudah berbumbu.
tkpi_0826,"Lawara jangang, masakan","lawara jangang, masakan",TKPI,https://www.panganku.org/id-ID/view,Daging,daging,72.4,159.0,5.0,10.9,10.1,5.544,1.6,57.0,107.0,1.5,400.0,2.368,0.1,1.0,14.0,538.68324,613.28,,0.25,0.16,2.1839999999999997,11.9,,per 100g,2026-07-01T04:14:08.471742Z,2026-07-01T04:14:08.471742Z,2,0.913,
tkpi_0827,"Naan maran sapi, masakan","naan maran sapi, masakan",TKPI,https://www.panganku.org/id-ID/view,Daging,daging,14.8,478.0,38.3,33.9,5.1,0.6439999999999999,7.9,30.0,390.0,11.8,220.0,320.0,0.6,3.9,33.0,31.12,62.9802,,0.3942,0.3437999999999999,0.2,0.16,,per 100g,2026-07-01T04:14:08.471742Z,2026-07-01T04:14:08.471742Z,2,0.913,
tkpi_0828,"Nasu likku, masakan","nasu likku, masakan",TKPI,https://www.panganku.org/id-ID/view,Daging,daging,59.0,196.0,14.5,8.3,15.9,1.8000000000000005,2.3,69.0,157.0,1.0,386.0,470.0,0.3,2.0,51.9724,0.7099799999999999,7.166259999999999,,0.2,0.24,1.5,0.92,,per 100g,2026-07-01T04:14:08.471742Z,2026-07-01T04:14:08.471742Z,2,0.913,"Ayam dengan irisan lengkuas yang halus, irisan serai yang halus (1/2 kg ayam dan 1/2 kg lengkuas dan serai). Dimasak dalam santan"
tkpi_0829,"Oramu ninahu ndawa olaho, masakan","oramu ninahu ndawa olaho, masakan",TKPI,https://www.panganku.org/id-ID/view,Daging,daging,74.9,117.0,13.7,5.0,4.3,1.0099999999999998,0.1,964.0,804.0,2.0,133.92394000000002,727.0,0.3,1.5,4.095,187.98,201.64854,,0.77,0.04,1.7,19.88,,per 100g,2026-07-01T04:14:08.471742Z,2026-07-01T04:14:08.471742Z,2,0.913,Sup iga dengan daun kedondong
tkpi_0830,"Paniki masak santan, masakan","paniki masak santan, masakan",TKPI,https://www.panganku.org/id-ID/view,Daging,daging,25.4,460.0,28.5,35.2,7.2,9.194,3.7,188.0,357.0,5.5,2.002,532.0,0.4,2.5,954.0,104.89668,586.08,,0.27,0.19,2.688,14.2,,per 100g,2026-07-01T04:14:08.471742Z,2026-07-01T04:14:08.471742Z,2,0.913,Masakan kelelawar dimasak didalam  santan
tkpi_0831,"Pelolah manuk, masakan","pelolah manuk, masakan",TKPI,https://www.panganku.org/id-ID/view,Daging,daging,60.0,219.0,19.7,13.6,4.4,0.1159999999999999,2.3,33.0,160.0,1.6,577.0,302.4560000000001,0.3167999999999998,1.5720000000000005,137.0,4.7288,1.94,,0.42,0.25,2.784,0.0,,per 100g,2026-07-01T04:14:08.471742Z,2026-07-01T04:14:08.471742Z,2,0.913,"Masakan ayam: Ayam dimasak dengan bumbu (bwang merah + bawang putih, cabe merah  dan terasi yang digiling halus dan santan)"
tkpi_0832,"Rawon, masakan","rawon, masakan",TKPI,https://www.panganku.org/id-ID/view,Daging,daging,86.0,60.0,5.4,2.5,4.0,0.662,2.1,272.0,153.0,3.3,129.78511999999998,210.95924,0.2523999999999998,1.0699999999999996,10.0,12.05114,1.235,,0.09,0.1769999999999999,1.896,0.0,,per 100g,2026-07-01T04:14:08.471742Z,2026-07-01T04:14:08.471742Z,2,0.913,Masakan daging sapi berkuah hitam yang berasal dari kluwek
tkpi_0833,"Rendang sapi, masakan","rendang sapi, masakan",TKPI,https://www.panganku.org/id-ID/view,Daging,daging,57.9,193.0,22.6,7.9,7.8,0.0,3.8,474.0,211.0,14.9,264.47208,167.75846,0.6358,2.9580000000000006,21.0,403.66,534.0,,0.12,0.242,0.0,0.38,,per 100g,2026-07-01T04:14:08.471742Z,2026-07-01T04:14:08.471742Z,2,0.913,
tkpi_0834,"RW, anjing, masakan","rw, anjing, masakan",TKPI,https://www.panganku.org/id-ID/view,Daging,daging,60.8,198.0,24.6,10.7,0.9,0.5680000000000001,3.0,1.071,876.0,4.0,1.604,226.0,0.1,2.8,256.0,293.75885999999997,470.34,,0.35,0.2,10.614000000000004,1.88,,per 100g,2026-07-01T04:14:08.471742Z,2026-07-01T04:14:08.471742Z,2,0.913,Masakan daging anjing
tkpi_0835,"Sate, penyu, masakan","sate, penyu, masakan",TKPI,https://www.panganku.org/id-ID/view,Daging,daging,57.4,179.0,22.5,3.5,13.3,0.0,3.3,187.0,238.0,14.4,153.33996,251.07783999999992,2.4787999999999997,0.0,33.90858,0.0,18.38932,,0.1,0.6345999999999998,0.0,0.26,,per 100g,2026-07-01T04:14:08.471742Z,2026-07-01T04:14:08.471742Z,2,0.913,
tkpi_0836,"Sate pusut, masakan","sate pusut, masakan",TKPI,https://www.panganku.org/id-ID/view,Daging,daging,52.1,274.0,12.9,18.6,13.6,1.288,2.8,63.0,190.0,2.7,609.0,232.1027,0.2807999999999999,1.4560000000000004,133.0,0.0,88.92240000000001,,0.06,0.23,0.0,0.2,,per 100g,2026-07-01T04:14:08.471742Z,2026-07-01T04:14:08.471742Z,2,0.913,"Daging diling (sapi, babi), kelapa parut diberi bumbu (bawang, cabai, terasi, dan garam) dibentuk bulat panjang (lonjong) ditusuk lalu dibakar."
tkpi_0837,"Penyu, serapah, masakan","penyu, serapah, masakan",TKPI,https://www.panganku.org/id-ID/view,Daging,daging,71.3,174.0,13.1,12.2,2.2,0.0,1.2,72.0,186.0,9.5,91.67422,507.0,0.8,2.4,1.302,3.89148,38.9568,,0.249,0.2973999999999999,2.3320000000000003,1.1,,per 100g,2026-07-01T04:14:08.471742Z,2026-07-01T04:14:08.471742Z,2,0.913,
tkpi_0838,"Sie reuboh, masakan","sie reuboh, masakan",TKPI,https://www.panganku.org/id-ID/view,Daging,daging,32.4,474.0,11.2,42.5,11.7,2.026,2.2,26.0,62.0,1.3,677.0,176.0,2.4,3.2,141.0,9.0,82.42928,,0.46,0.26,2.3880000000000003,0.18,,per 100g,2026-07-01T04:14:08.471742Z,2026-07-01T04:14:08.471742Z,2,0.913,Daging Sapi/Kerbau direbus dengan bumbu pedas
tkpi_0839,"Sop buntut, masakan","sop buntut, masakan",TKPI,https://www.panganku.org/id-ID/view,Daging,daging,86.1,71.0,7.5,3.6,2.2,0.442,0.6,286.0,38.0,3.2,490.0,185.1992,0.3165999999999999,1.148,119.0,13.4013,2.9,,0.14,0.171,2.1520000000000006,0.0,,per 100g,2026-07-01T04:14:08.471742Z,2026-07-01T04:14:08.471742Z,2,0.913,
tkpi_0840,"Sop daging sapi, masakan","sop daging sapi, masakan",TKPI,https://www.panganku.org/id-ID/view,Daging,daging,87.5,49.0,5.8,0.5,5.3,2.502,0.9,158.0,48.0,2.2,391.0,223.84584,0.3007999999999998,1.2719999999999998,101.0,21.847600000000003,3.32,,0.37,0.1548,1.6580000000000004,0.0,,per 100g,2026-07-01T04:14:08.471742Z,2026-07-01T04:14:08.471742Z,2,0.913,
tkpi_0841,"Sop kaki sapi, masakan","sop kaki sapi, masakan",TKPI,https://www.panganku.org/id-ID/view,Daging,daging,84.5,68.0,9.0,1.9,3.7,0.8080000000000003,0.9,302.0,15.0,2.2,435.0,214.99588,1.908600000000002,2.168,48.0,47.38,150.0,,0.46,0.2507999999999999,1.5859999999999996,0.0,,per 100g,2026-07-01T04:14:08.471742Z,2026-07-01T04:14:08.471742Z,2,0.913,
tkpi_0842,"Sop kambing, masakan","sop kambing, masakan",TKPI,https://www.panganku.org/id-ID/view,Daging,daging,91.6,34.0,5.5,0.8,1.1,1.2500000000000002,1.0,145.0,37.0,1.6,348.0,250.176,0.2499999999999999,0.87,48.0,90.28,80.0,,0.57,0.1776,1.8220000000000007,0.0,,per 100g,2026-07-01T04:14:08.471742Z,2026-07-01T04:14:08.471742Z,2,0.913,
tkpi_0843,"Sop konro, masakan","sop konro, masakan",TKPI,https://www.panganku.org/id-ID/view,Daging,daging,85.0,71.0,7.4,2.6,4.5,0.7460000000000002,0.5,17.0,60.0,4.6,184.0,25.0,0.3,1.3,19.51066,20.171980000000005,35.513380000000005,,0.12,0.02,10.9,0.0,,per 100g,2026-07-01T04:14:08.471742Z,2026-07-01T04:14:08.471742Z,2,0.913,Bahan dasar terdiri dari iga sapi  bumbu kluwek.
tkpi_0844,"Sop saudara, masakan","sop saudara, masakan",TKPI,https://www.panganku.org/id-ID/view,Daging,daging,82.4,89.0,7.2,5.0,3.9,0.2399999999999999,1.5,10.0,174.0,9.0,274.0,50.0,0.2,1.1,93.38,473.84,683.56,,0.09,0.12,2.0,0.0,,per 100g,2026-07-01T04:14:08.471742Z,2026-07-01T04:14:08.471742Z,2,0.913,Bahan dasar terdiri dari daging sapi tanpa kluwek.
tkpi_0845,"Soto bandung, masakan","soto bandung, masakan",TKPI,https://www.panganku.org/id-ID/view,Daging,daging,89.9,42.0,3.9,1.7,2.8,0.4,1.8,74.0,75.0,1.8,117.30666,217.00999999999996,0.2113999999999999,0.8319999999999997,6.0,20.0,0.0,,0.1184,0.1249999999999999,0.0,0.0,,per 100g,2026-07-01T04:14:08.471742Z,2026-07-01T04:14:08.471742Z,2,0.913,"Kuah bening. Bahan dasar terdiri dari Daging sapi, lobak, dan kacang kedelai goreng. Biasa ditambahkan kecap manis."
tkpi_0846,"Soto banjar, masakan","soto banjar, masakan",TKPI,https://www.panganku.org/id-ID/view,Daging,daging,83.7,110.0,2.9,9.5,3.2,0.5379999999999999,0.7,28.0,28.0,0.3,36.0,6.0,0.0,0.2,12.0,634.0377000000001,770.0,,0.05,0.204,1.4120000000000004,0.0,,per 100g,2026-07-01T04:14:08.471742Z,2026-07-01T04:14:08.471742Z,2,0.913,"Kuah bening. Bahan dasar terdiri dari Ayam dan rempah-rempah (kayu manis, biji pali dan cengkeh)"
tkpi_0847,"Soto betawi, masakan","soto betawi, masakan",TKPI,https://www.panganku.org/id-ID/view,Daging,daging,75.9,135.0,2.5,8.8,11.5,0.5,1.3,222.0,72.0,1.9,148.6366,208.66,0.1066,0.352,6.0,213.39154,336.0,,0.04,0.0914,0.0,0.0,,per 100g,2026-07-01T04:14:08.471742Z,2026-07-01T04:14:08.471742Z,2,0.913,Kuah bening/ santan. Bahan dasar terdiri dari daging sapi dan atau jeroan ditambah emping
tkpi_0848,"Soto jeroan, masakan","soto jeroan, masakan",TKPI,https://www.panganku.org/id-ID/view,Daging,daging,81.4,92.0,11.8,4.3,1.4,0.004,1.1,218.0,48.0,1.9,363.0,237.802,0.1791999999999999,1.0259999999999998,85.0,182.65052,440.0,,0.36,0.1369999999999999,1.0220000000000005,0.0,,per 100g,2026-07-01T04:14:08.471742Z,2026-07-01T04:14:08.471742Z,2,0.913,
tkpi_0849,"Soto kudus, masakan","soto kudus, masakan",TKPI,https://www.panganku.org/id-ID/view,Daging,daging,91.6,38.0,2.6,2.3,1.8,0.2,1.7,237.0,67.0,1.7,213.5,251.1343,0.1767999999999999,0.7619999999999998,23.0,90.1,128.0,,0.06,0.1134,0.5,0.0,,per 100g,2026-07-01T04:14:08.471742Z,2026-07-01T04:14:08.471742Z,2,0.913,Kuah bening. Bahan dasar terdiri dari ayam dan taoge
tkpi_0850,"Soto madura, masakan","soto madura, masakan",TKPI,https://www.panganku.org/id-ID/view,Daging,daging,89.8,60.0,3.5,4.5,1.3,0.0,0.9,361.0,126.0,3.8,289.38,163.49399999999997,0.2047999999999999,0.858,26.0,87.5,121.0,,0.06,0.1915999999999999,0.0,0.0,,per 100g,2026-07-01T04:14:08.471742Z,2026-07-01T04:14:08.471742Z,2,0.913,Kuah bening. Bahan dasar : ayam atau daging
tkpi_0851,"Soto padang, masakan","soto padang, masakan",TKPI,https://www.panganku.org/id-ID/view,Daging,daging,75.0,127.0,5.9,6.6,11.0,0.7,2.0,298.0,94.0,1.5,208.1336,233.06799999999996,0.1755999999999999,0.8819999999999999,12.0,206.8,204.0,,0.22,0.0871999999999999,0.0,0.0,,per 100g,2026-07-01T04:14:08.471742Z,2026-07-01T04:14:08.471742Z,2,0.913,"Kuah bening. Bahan dasar terdiri dari daging sapi, bumbu pekak dan kapulaga"
tkpi_0852,"Soto pekalongan, masakan","soto pekalongan, masakan",TKPI,https://www.panganku.org/id-ID/view,Daging,daging,83.8,94.0,3.0,6.8,5.1,0.3,1.3,322.0,79.0,2.0,412.26,200.18649999999997,0.2049999999999999,1.0160000000000002,14.0,54.64,119.0,,0.29,0.137,0.0,0.0,,per 100g,2026-07-01T04:14:08.471742Z,2026-07-01T04:14:08.471742Z,2,0.913,Kuah bening. Bahan dasar terdiri dari daging sapi dan tauco
tkpi_0853,"Soto pemalang, masakan","soto pemalang, masakan",TKPI,https://www.panganku.org/id-ID/view,Daging,daging,86.0,75.0,3.6,5.2,3.5,0.0,1.7,170.0,80.0,2.1,242.27094,184.6645,0.1613999999999999,0.6659999999999999,16.0,20.7858,30.0,,0.13,0.1482,0.0,0.0,,per 100g,2026-07-01T04:14:08.471742Z,2026-07-01T04:14:08.471742Z,2,0.913,"Kuah bening. Bahan dasar terdiri dari daging sapi, tauco, kelapa parut sangrai, dan kluwek"
tkpi_0854,"Soto sukaraja, masakan","soto sukaraja, masakan",TKPI,https://www.panganku.org/id-ID/view,Daging,daging,75.9,80.0,3.2,3.5,9.0,0.3,1.1,347.0,77.0,2.3,167.997,236.148,0.2345999999999999,0.7540000000000003,12.0,31.133699999999997,89.0,,0.04,0.0976,0.0,0.0,,per 100g,2026-07-01T04:14:08.471742Z,2026-07-01T04:14:08.471742Z,2,0.913,"Kuah bening. Bahan dasar terdiri dari daging sapi, soun, taoge, dan sambal kacang"
tkpi_0855,"Soto sulung, masakan","soto sulung, masakan",TKPI,https://www.panganku.org/id-ID/view,Daging,daging,88.1,86.0,2.3,8.5,0.0,0.0,1.1,200.0,120.0,2.9,217.46,191.736,0.1513999999999999,0.8159999999999998,20.0,72.66,105.0,,0.08,0.1775999999999999,0.0,0.0,,per 100g,2026-07-01T04:14:08.471742Z,2026-07-01T04:14:08.471742Z,2,0.913,"Kuah bening. Bahan dasar terdiri dari daging sapi, ayam, jeroan, dan telur"
tkpi_0856,"Sukiyaki, masakan","sukiyaki, masakan",TKPI,https://www.panganku.org/id-ID/view,Daging,daging,81.0,75.0,5.6,0.4,12.2,0.2,0.8,109.0,59.0,0.5,426.0,257.33799999999997,0.1835999999999998,0.7499999999999999,41.0,4.5465800000000005,1.2,,0.37,0.17,1.2000000000000002,0.0,,per 100g,2026-07-01T04:14:08.471742Z,2026-07-01T04:14:08.471742Z,2,0.913,Irisan tipis daging sapi dicelupkan ke dalam kocokan telur ayam
tkpi_0857,"Tedong pallu basa, masakan","tedong pallu basa, masakan",TKPI,https://www.panganku.org/id-ID/view,Daging,daging,81.7,83.0,10.4,3.4,2.8,0.046,1.7,10.0,139.0,2.6,397.0,34.0,0.6,1.3,36.47744,32.62744000000001,24.015519999999995,,0.09,0.53,9.0,0.0,,per 100g,2026-07-01T04:14:08.471742Z,2026-07-01T04:14:08.471742Z,2,0.913,Hidangan berkuah kental dari campuran daging dan jeroan (organ bagian dalam)kerbau
tkpi_0858,"Tikus rica, masakan","tikus rica, masakan",TKPI,https://www.panganku.org/id-ID/view,Daging,daging,54.9,257.0,18.8,18.5,3.8,0.914,4.0,232.0,293.0,6.5,1.724,308.0,0.5,2.3,674.0,42.29245999999999,548.1664,,0.28,0.38,2.0160000000000005,12.2,,per 100g,2026-07-01T04:14:08.471742Z,2026-07-01T04:14:08.471742Z,2,0.913,Tikus sawah masak cabai
tkpi_0859,"Tinoransa, masakan","tinoransa, masakan",TKPI,https://www.panganku.org/id-ID/view,Daging,daging,31.6,516.0,17.7,49.5,0.0,1.202,1.2,698.0,648.0,3.5,1.307,320.0,0.1,1.8,710.0,103.81012,592.74,,0.29,0.17,1.8480000000000008,9.02,,per 100g,2026-07-01T04:14:08.471742Z,2026-07-01T04:14:08.471742Z,2,0.913,Masakan daging babi
tkpi_0860,"Belut, segar (Asian swamp eel, fresh)","belut, segar (asian swamp eel, fresh)",TKPI,https://www.panganku.org/id-ID/view,Ikan/Kerang/Udang dll,ikan/kerang/udang dll,81.5,70.0,14.6,0.8,1.0,0.0,2.1,49.0,155.0,1.5,55.0,169.0,0.2,1.2,485.74,0.0,524.7583999999999,,0.22,0.12,7.7,20.48,,per 100g,2026-07-01T04:14:08.471742Z,2026-07-01T04:14:08.471742Z,2,0.913,
tkpi_0861,"Belut,laut, segar (Eel, fresh)","belut,laut, segar (eel, fresh)",TKPI,https://www.panganku.org/id-ID/view,Ikan/Kerang/Udang dll,ikan/kerang/udang dll,79.5,93.0,12.8,1.5,6.1,0.0,4.1,60.0,199.0,3.0,33.0,175.9,0.1,1.0,51.0,3.0,71.0,,0.06,0.0,2.7,1.1,,per 100g,2026-07-01T04:14:08.471742Z,2026-07-01T04:14:08.471742Z,2,0.913,
tkpi_0862,"Cumi-cumi, segar (Squid, fresh)","cumi-cumi, segar (squid, fresh)",TKPI,https://www.panganku.org/id-ID/view,Ikan/Kerang/Udang dll,ikan/kerang/udang dll,82.2,75.0,16.1,0.7,0.1,0.0,0.9,32.0,200.0,1.8,37.0,204.1,1.6,1.3,0.0,20.0,0.0,,0.08,0.0,2.5,0.0,,per 100g,2026-07-01T04:14:08.471742Z,2026-07-01T04:14:08.471742Z,2,0.913,
tkpi_0863,"Ikan bader, segar (Silver barb, fresh)","ikan bader, segar (silver barb, fresh)",TKPI,https://www.panganku.org/id-ID/view,Ikan/Kerang/Udang dll,ikan/kerang/udang dll,66.0,193.0,19.0,13.0,0.0,0.0,2.0,48.0,150.0,0.4,118.0,264.9,0.1,0.2,45.0,0.0,13.989780000000003,,0.01,0.1,4.1,0.0,,per 100g,2026-07-01T04:14:08.471742Z,2026-07-01T04:14:08.471742Z,2,0.913,
tkpi_0864,"Ikan balong, segar","ikan balong, segar",TKPI,https://www.panganku.org/id-ID/view,Ikan/Kerang/Udang dll,ikan/kerang/udang dll,76.5,107.0,16.5,3.9,1.5,0.0,1.5,54.0,202.0,2.0,86.0,253.4,0.5,1.0,25.0,0.0,0.0,,0.05,0.1,2.5,0.0,,per 100g,2026-07-01T04:14:08.471742Z,2026-07-01T04:14:08.471742Z,2,0.913,
tkpi_0865,"Ikan bambangan, segar (Humphead Snapper, fresh)","ikan bambangan, segar (humphead snapper, fresh)",TKPI,https://www.panganku.org/id-ID/view,Ikan/Kerang/Udang dll,ikan/kerang/udang dll,73.7,112.0,20.0,1.3,3.7,0.0,1.3,98.0,120.0,3.0,148.0,258.7,0.0,0.1,0.0,0.0,0.0,,0.07,0.0,0.3,0.0,,per 100g,2026-07-01T04:14:08.471742Z,2026-07-01T04:14:08.471742Z,2,0.913,
tkpi_0866,"Ikan bandeng, segar (Milkfish, raw)","ikan bandeng, segar (milkfish, raw)",TKPI,https://www.panganku.org/id-ID/view,Ikan/Kerang/Udang dll,ikan/kerang/udang dll,74.0,123.0,20.0,4.8,0.0,0.0,1.2,20.0,150.0,2.0,67.0,271.1,0.0,0.9,45.0,21.0,40.62456,,0.05,0.1,6.0,0.0,,per 100g,2026-07-01T04:14:08.471742Z,2026-07-01T04:14:08.471742Z,2,0.913,
tkpi_0867,"Ikan banjar, segar","ikan banjar, segar",TKPI,https://www.panganku.org/id-ID/view,Ikan/Kerang/Udang dll,ikan/kerang/udang dll,73.5,111.0,19.4,0.9,4.8,0.0,1.4,68.0,278.0,7.3,99.0,338.7,0.2,0.6,0.0,62.0,0.0,,0.03,0.2,7.3,0.0,,per 100g,2026-07-01T04:14:08.471742Z,2026-07-01T04:14:08.471742Z,2,0.913,
tkpi_0868,"Ikan baronang, segar (Golden-lined spinefoot, fresh)","ikan baronang, segar (golden-lined spinefoot, fresh)",TKPI,https://www.panganku.org/id-ID/view,Ikan/Kerang/Udang dll,ikan/kerang/udang dll,80.0,78.0,14.5,0.6,3.7,0.0,1.2,26.0,521.0,3.8,26.0,692.0,4.7,4.1,732.0,0.0,529.7092,,0.2,0.04,3.0,0.0,,per 100g,2026-07-01T04:14:08.471742Z,2026-07-01T04:14:08.471742Z,2,0.913,
tkpi_0869,"Ikan batung, segar (Indonesian-Shortfin Eel)","ikan batung, segar (indonesian-shortfin eel)",TKPI,https://www.panganku.org/id-ID/view,Ikan/Kerang/Udang dll,ikan/kerang/udang dll,75.7,115.0,14.5,4.6,4.2,0.0,1.1,92.84,207.0,0.0,42.0,361.0,0.2,0.9,523.62,0.0,493.7552000000001,,1.2,0.04,1.1,7.64,,per 100g,2026-07-01T04:14:08.471742Z,2026-07-01T04:14:08.471742Z,2,0.913,
tkpi_0870,"Ikan baung, segar (Asian river catfish, fresh)","ikan baung, segar (asian river catfish, fresh)",TKPI,https://www.panganku.org/id-ID/view,Ikan/Kerang/Udang dll,ikan/kerang/udang dll,74.9,123.0,15.1,5.5,3.3,0.0,1.2,5.0,146.0,1.3,32.0,349.0,0.1,0.7,15.14398,0.0,16.82254,,0.2,0.03,1.2,1.3,,per 100g,2026-07-01T04:14:08.471742Z,2026-07-01T04:14:08.471742Z,2,0.913,
tkpi_0871,"Ikan bawal, segar (Silver Pomfret, fresh)","ikan bawal, segar (silver pomfret, fresh)",TKPI,https://www.panganku.org/id-ID/view,Ikan/Kerang/Udang dll,ikan/kerang/udang dll,78.0,91.0,19.0,1.7,0.0,0.0,1.3,20.0,150.0,2.0,129.0,233.3,0.1,0.3,45.0,0.0,10.97518,,0.05,0.1,1.8,0.0,,per 100g,2026-07-01T04:14:08.471742Z,2026-07-01T04:14:08.471742Z,2,0.913,
tkpi_0872,"Ikan Belida, segar (Indonesian featherback, fresh)","ikan belida, segar (indonesian featherback, fresh)",TKPI,https://www.panganku.org/id-ID/view,Ikan/Kerang/Udang dll,ikan/kerang/udang dll,79.2,80.0,14.7,1.4,2.2,0.0,2.3,303.0,315.0,1.3,41.0,356.0,0.0,0.8,613.42,0.0,456.0152000000001,,1.2,0.14,1.4,30.0,,per 100g,2026-07-01T04:14:08.471742Z,2026-07-01T04:14:08.471742Z,2,0.913,
tkpi_0873,"Ikan beunteur, segar (Spotted Barb, fresh)","ikan beunteur, segar (spotted barb, fresh)",TKPI,https://www.panganku.org/id-ID/view,Ikan/Kerang/Udang dll,ikan/kerang/udang dll,70.0,109.0,17.0,4.0,0.0,0.0,9.0,500.0,500.0,1.0,109.0,323.5,0.6,1.3,45.0,3.4255800000000005,30.1353,,0.05,0.1,2.6,0.0,,per 100g,2026-07-01T04:14:08.471742Z,2026-07-01T04:14:08.471742Z,2,0.913,
tkpi_0874,"Ikan biawan, segar (Kissing goorami, fresh)","ikan biawan, segar (kissing goorami, fresh)",TKPI,https://www.panganku.org/id-ID/view,Ikan/Kerang/Udang dll,ikan/kerang/udang dll,79.1,90.0,14.9,2.5,2.1,0.0,1.4,125.0,265.0,1.0,35.0,207.0,0.4,0.6,25.92376,3.3906,23.60082,,0.36,0.03,2.9,3.92,,per 100g,2026-07-01T04:14:08.471742Z,2026-07-01T04:14:08.471742Z,2,0.913,
tkpi_0875,"Ikan bili, segar (Minnows, fresh)","ikan bili, segar (minnows, fresh)",TKPI,https://www.panganku.org/id-ID/view,Ikan/Kerang/Udang dll,ikan/kerang/udang dll,68.3,88.0,14.2,0.7,6.2,0.0,10.6,27.0,1.76,1.5,217.0,202.0,0.0,4.1,115.17924,0.0,91.56660000000002,,0.72,0.09,2.7,24.16,,per 100g,2026-07-01T04:14:08.471742Z,2026-07-01T04:14:08.471742Z,2,0.913,
tkpi_0876,"Ikan bubara, segar","ikan bubara, segar",TKPI,https://www.panganku.org/id-ID/view,Ikan/Kerang/Udang dll,ikan/kerang/udang dll,75.5,100.0,14.7,2.4,4.9,0.4419999999999999,1.6,90.0,90.0,0.4,390.0,390.0,0.7,0.8,128.94322,2.50316,29.02718,,0.3082,0.1474,2.3040000000000003,1.4,,per 100g,2026-07-01T04:14:08.471742Z,2026-07-01T04:14:08.471742Z,2,0.913,
tkpi_0877,"Ikan bulan-bulan, segar (Indo-Pacifik Tarpon, fresh)","ikan bulan-bulan, segar (indo-pacifik tarpon, fresh)",TKPI,https://www.panganku.org/id-ID/view,Ikan/Kerang/Udang dll,ikan/kerang/udang dll,66.7,134.0,25.5,1.3,5.0,0.556,1.5,29.0,29.0,0.5,197.0,489.0,0.1,0.5,51.72562,20.66,61.70146,,0.3,0.02,0.8,2.62,,per 100g,2026-07-01T04:14:08.471742Z,2026-07-01T04:14:08.471742Z,2,0.913,
tkpi_0878,"Ikan cakalang, segar (Scipjack tuna, fresh)","ikan cakalang, segar (scipjack tuna, fresh)",TKPI,https://www.panganku.org/id-ID/view,Ikan/Kerang/Udang dll,ikan/kerang/udang dll,73.0,107.0,19.6,0.7,5.5,0.0,1.2,23.0,242.0,2.9,66.0,239.0,0.2,0.6,386.0,0.0,530.69,,0.17,0.05,21.7,0.0,,per 100g,2026-07-01T04:14:08.471742Z,2026-07-01T04:14:08.471742Z,2,0.913,
tkpi_0879,"Ikan cakalang, hati, segar (Scipjack tuna, fresh)","ikan cakalang, hati, segar (scipjack tuna, fresh)",TKPI,https://www.panganku.org/id-ID/view,Ikan/Kerang/Udang dll,ikan/kerang/udang dll,73.4,120.0,11.3,3.9,10.0,3.721999999999999,1.4,30.0,30.0,0.9,420.0,280.0,1.6,4.3,139.91364,61.35190000000001,132.78135999999998,,0.3720000000000001,0.5372,0.2,32.46,,per 100g,2026-07-01T04:14:08.471742Z,2026-07-01T04:14:08.471742Z,2,0.913,
tkpi_0880,"Ikan cakalang, jantung, segar (Scipjack tuna, fresh)","ikan cakalang, jantung, segar (scipjack tuna, fresh)",TKPI,https://www.panganku.org/id-ID/view,Ikan/Kerang/Udang dll,ikan/kerang/udang dll,76.3,116.0,11.2,1.2,10.2,12.372000000000003,1.1,10.0,40.0,3.4,360.0,250.0,0.5,1.9,908.0,338.24,468.72,,0.4534000000000002,0.1436,0.1,0.0,,per 100g,2026-07-01T04:14:08.471742Z,2026-07-01T04:14:08.471742Z,2,0.913,
tkpi_0881,"Ikan cakalang, perut, segar (Scipjack tuna, fresh)","ikan cakalang, perut, segar (scipjack tuna, fresh)",TKPI,https://www.panganku.org/id-ID/view,Ikan/Kerang/Udang dll,ikan/kerang/udang dll,79.1,86.0,10.2,1.1,8.7,3.606,0.9,20.0,110.0,2.1,230.0,210.0,0.3,9.3,117.3934,29.31742,253.74775999999991,,0.24,0.7945999999999998,0.3,49.68,,per 100g,2026-07-01T04:14:08.471742Z,2026-07-01T04:14:08.471742Z,2,0.913,
tkpi_0882,"Ikan daun, segar (Leaffish, fresh)","ikan daun, segar (leaffish, fresh)",TKPI,https://www.panganku.org/id-ID/view,Ikan/Kerang/Udang dll,ikan/kerang/udang dll,78.6,101.0,11.5,4.1,4.6,0.0,1.2,80.0,210.0,0.8,120.0,270.0,0.1,0.9,0.0,1.1493,1.21814,,0.08,0.07,0.1,0.0,,per 100g,2026-07-01T04:14:08.471742Z,2026-07-01T04:14:08.471742Z,2,0.913,
tkpi_0883,"Ikan ekor kuning, segar (Yellowtail, fish, fresh)","ikan ekor kuning, segar (yellowtail, fish, fresh)",TKPI,https://www.panganku.org/id-ID/view,Ikan/Kerang/Udang dll,ikan/kerang/udang dll,74.1,108.0,22.3,1.2,2.1,0.0,0.3,30.0,220.0,0.5,50.0,230.0,0.1,0.6,40.0,29.0,60.35976000000001,,0.0,0.1,0.2,0.92,,per 100g,2026-07-01T04:14:08.471742Z,2026-07-01T04:14:08.471742Z,2,0.913,
tkpi_0884,"Ikan gabus, segar (Asian snakehead, fresh)","ikan gabus, segar (asian snakehead, fresh)",TKPI,https://www.panganku.org/id-ID/view,Ikan/Kerang/Udang dll,ikan/kerang/udang dll,79.6,80.0,16.2,0.5,2.6,0.0,1.1,170.0,139.0,0.1,65.0,254.0,0.3,0.4,335.0,82.45487999999999,572.748,,0.4,0.2,0.1,11.52,,per 100g,2026-07-01T04:14:08.471742Z,2026-07-01T04:14:08.471742Z,2,0.913,
tkpi_0885,"Ikan heu, segar","ikan heu, segar",TKPI,https://www.panganku.org/id-ID/view,Ikan/Kerang/Udang dll,ikan/kerang/udang dll,75.6,81.0,10.0,1.6,6.6,2.6180000000000003,6.2,1.91,990.0,2.1,240.0,210.0,0.1,2.7,536.04472,293.425,443.3,,0.87,0.3087999999999998,0.2,16.66,,per 100g,2026-07-01T04:14:08.471742Z,2026-07-01T04:14:08.471742Z,2,0.913,
tkpi_0886,"Ikan hitam, segar (Black Sharkminnow, fresh)","ikan hitam, segar (black sharkminnow, fresh)",TKPI,https://www.panganku.org/id-ID/view,Ikan/Kerang/Udang dll,ikan/kerang/udang dll,78.2,101.0,10.3,3.7,6.7,0.0,1.1,50.0,140.0,0.4,70.0,210.0,0.0786,0.4,67.0,19.09896,63.04,,0.0,0.1,0.1,2.06,,per 100g,2026-07-01T04:14:08.471742Z,2026-07-01T04:14:08.471742Z,2,0.913,
tkpi_0887,"Ikan hiu, segar (Fish, shark, fresh)","ikan hiu, segar (fish, shark, fresh)",TKPI,https://www.panganku.org/id-ID/view,Ikan/Kerang/Udang dll,ikan/kerang/udang dll,85.7,57.0,10.7,0.3,2.2,0.0,1.1,75.0,206.0,2.0,299.66,237.218,0.02,0.748,55.42,12.470060000000004,0.0,,0.05,0.1909999999999999,1.7120000000000006,0.0,,per 100g,2026-07-01T04:14:08.471742Z,2026-07-01T04:14:08.471742Z,2,0.913,
tkpi_0888,"Ikan kacangan, segar","ikan kacangan, segar",TKPI,https://www.panganku.org/id-ID/view,Ikan/Kerang/Udang dll,ikan/kerang/udang dll,80.7,77.0,15.6,0.9,1.6,0.0,1.2,94.0,170.0,1.7,233.98,231.49399999999991,0.3329999999999997,0.8140000000000002,18.0,4.45564,0.0,,0.07,0.0977999999999999,2.08,0.0,,per 100g,2026-07-01T04:14:08.471742Z,2026-07-01T04:14:08.471742Z,2,0.913,
tkpi_0889,"Ikan kakap, segar","ikan kakap, segar",TKPI,https://www.panganku.org/id-ID/view,Ikan/Kerang/Udang dll,ikan/kerang/udang dll,77.0,92.0,20.0,0.7,0.0,0.0,2.3,20.0,200.0,1.0,68.03726,283.664,0.2861999999999999,1.7280000000000006,9.0,4.77546,1.45284,,0.05,0.1364,5.6579999999999995,0.0,,per 100g,2026-07-01T04:14:08.471742Z,2026-07-01T04:14:08.471742Z,2,0.913,
tkpi_0890,"Ikan kakatua, segar","ikan kakatua, segar",TKPI,https://www.panganku.org/id-ID/view,Ikan/Kerang/Udang dll,ikan/kerang/udang dll,79.7,82.0,11.4,1.2,6.4,1.9400000000000004,1.3,20.0,160.0,0.4,90.0,300.0,0.1,0.3,18.0,4.72398,19.379840000000005,,0.1321999999999999,0.0896,0.2,13.08,,per 100g,2026-07-01T04:14:08.471742Z,2026-07-01T04:14:08.471742Z,2,0.913,
tkpi_0891,"Ikan kalaban, segar (Minnows, fresh)","ikan kalaban, segar (minnows, fresh)",TKPI,https://www.panganku.org/id-ID/view,Ikan/Kerang/Udang dll,ikan/kerang/udang dll,80.3,77.0,16.4,0.7,1.3,0.0,1.3,182.0,248.0,0.9,40.0,334.0,0.7,0.8,523.56,63.640600000000006,551.2472,,0.16,0.15,1.9,22.84,,per 100g,2026-07-01T04:14:08.471742Z,2026-07-01T04:14:08.471742Z,2,0.913,
tkpi_0892,"Ikan kamera (kakap merah), segar","ikan kamera (kakap merah), segar",TKPI,https://www.panganku.org/id-ID/view,Ikan/Kerang/Udang dll,ikan/kerang/udang dll,78.5,86.0,19.7,0.8,0.0,0.0,1.3,50.0,170.0,0.3,90.0,290.0,0.3,0.1,26.0,143.9,221.6684,,0.2441999999999999,0.08,0.1,4.74,,per 100g,2026-07-01T04:14:08.471742Z,2026-07-01T04:14:08.471742Z,2,0.913,
tkpi_0893,"Ikan kapar, segar (Malay Combtail, fresh)","ikan kapar, segar (malay combtail, fresh)",TKPI,https://www.panganku.org/id-ID/view,Ikan/Kerang/Udang dll,ikan/kerang/udang dll,74.2,132.0,17.0,6.7,0.8,0.0,1.3,151.0,272.0,1.2,78.0,229.0,0.9,0.7,10.72584,2.64748,5.4826,,0.07,0.03,2.3440000000000007,0.16,,per 100g,2026-07-01T04:14:08.471742Z,2026-07-01T04:14:08.471742Z,2,0.913,
tkpi_0894,"Ikan kawalinya, segar (Indian mackerel, fresh)","ikan kawalinya, segar (indian mackerel, fresh)",TKPI,https://www.panganku.org/id-ID/view,Ikan/Kerang/Udang dll,ikan/kerang/udang dll,76.1,110.0,12.6,4.2,5.4,1.0459999999999996,1.7,80.0,300.0,1.5,340.0,300.0,0.2,1.4,146.0,24.0,173.832,,0.3388,0.1024,0.2,1.44,,per 100g,2026-07-01T04:14:08.471742Z,2026-07-01T04:14:08.471742Z,2,0.913,
tkpi_0895,"Ikan keru-keru, segar (Puffers, fresh)","ikan keru-keru, segar (puffers, fresh)",TKPI,https://www.panganku.org/id-ID/view,Ikan/Kerang/Udang dll,ikan/kerang/udang dll,77.2,93.0,16.5,2.1,0.8,0.0,3.4,65.0,217.0,2.4,137.0,255.3,0.34,0.7,0.0,1.63048,0.0,,0.01,0.09,1.6,0.0,,per 100g,2026-07-01T04:14:08.471742Z,2026-07-01T04:14:08.471742Z,2,0.913,
tkpi_0896,"Ikan kima, segar (Clam, shell, fresh)","ikan kima, segar (clam, shell, fresh)",TKPI,https://www.panganku.org/id-ID/view,Ikan/Kerang/Udang dll,ikan/kerang/udang dll,82.1,70.0,10.8,0.7,5.2,1.4380000000000002,1.2,53.0,72.0,2.0,342.0,101.0,0.5,0.5,401.0,358.99665999999996,628.0464,,0.22,0.05,5.8,10.24,,per 100g,2026-07-01T04:14:08.471742Z,2026-07-01T04:14:08.471742Z,2,0.913,
tkpi_0897,"Ikan lais, segar (Sheatfish, fresh)","ikan lais, segar (sheatfish, fresh)",TKPI,https://www.panganku.org/id-ID/view,Ikan/Kerang/Udang dll,ikan/kerang/udang dll,65.0,161.0,11.9,11.5,2.4,0.0,9.2,70.0,237.0,0.0,114.0393,268.40312000000006,0.4574,1.504,0.0,1.12,0.0,,0.05,0.1427999999999999,4.467999999999996,0.0,,per 100g,2026-07-01T04:14:08.471742Z,2026-07-01T04:14:08.471742Z,2,0.913,
tkpi_0898,"Ikan layang, segar (Indian scad, fresh)","ikan layang, segar (indian scad, fresh)",TKPI,https://www.panganku.org/id-ID/view,Ikan/Kerang/Udang dll,ikan/kerang/udang dll,74.0,109.0,22.0,1.7,0.0,0.0,2.3,50.0,150.0,2.0,143.12,262.8699999999999,0.3041999999999999,0.8299999999999998,45.0,0.0,41.79204,,0.05,0.1153999999999999,2.4619999999999997,0.0,,per 100g,2026-07-01T04:14:08.471742Z,2026-07-01T04:14:08.471742Z,2,0.913,
tkpi_0899,"Ikan layur, segar (Hairtail, fresh)","ikan layur, segar (hairtail, fresh)",TKPI,https://www.panganku.org/id-ID/view,Ikan/Kerang/Udang dll,ikan/kerang/udang dll,80.1,82.0,18.0,1.0,0.4,0.0,0.5,48.0,229.0,2.2,66.66486,235.99312,0.351,1.2520000000000004,4.0,5.9084,0.0,,0.04,0.1423999999999999,2.867999999999999,0.0,,per 100g,2026-07-01T04:14:08.471742Z,2026-07-01T04:14:08.471742Z,2,0.913,
tkpi_0900,"Ikan lehoma, segar (Indian mackerel, fresh)","ikan lehoma, segar (indian mackerel, fresh)",TKPI,https://www.panganku.org/id-ID/view,Ikan/Kerang/Udang dll,ikan/kerang/udang dll,77.6,90.0,20.4,0.9,0.0,0.0,1.1,88.0,270.0,0.7,56.0,281.0,0.3,0.9,1.047,4.64526,11.235640000000004,,0.32,0.03,0.2,3.2,,per 100g,2026-07-01T04:14:08.471742Z,2026-07-01T04:14:08.471742Z,2,0.913,
tkpi_0901,"Ikan lemuru, segar (Bali sardinella, fresh)","ikan lemuru, segar (bali sardinella, fresh)",TKPI,https://www.panganku.org/id-ID/view,Ikan/Kerang/Udang dll,ikan/kerang/udang dll,76.0,112.0,20.0,3.0,0.0,0.0,1.0,20.0,100.0,1.0,132.68,284.49199999999996,0.3413999999999999,0.906,30.0,0.0,1.35862,,0.05,0.1075999999999999,3.014000000000001,0.0,,per 100g,2026-07-01T04:14:08.471742Z,2026-07-01T04:14:08.471742Z,2,0.913,
tkpi_0902,"Ikan lidah, segar (Flatfishes, fresh)","ikan lidah, segar (flatfishes, fresh)",TKPI,https://www.panganku.org/id-ID/view,Ikan/Kerang/Udang dll,ikan/kerang/udang dll,78.3,104.0,15.6,3.2,2.0,0.0,0.9,30.0,143.0,2.0,224.7,267.95599999999996,0.1845999999999999,0.782,33.0,1.59918,0.0,,0.03,0.0973999999999999,1.2640000000000002,0.0,,per 100g,2026-07-01T04:14:08.471742Z,2026-07-01T04:14:08.471742Z,2,0.913,
tkpi_0903,"Ikan malalugis, segar","ikan malalugis, segar",TKPI,https://www.panganku.org/id-ID/view,Ikan/Kerang/Udang dll,ikan/kerang/udang dll,75.6,99.0,20.6,1.4,0.9,0.0,1.5,164.0,330.0,0.5,76.0,282.0,0.2,0.9,661.0,126.93408,549.6080000000001,,0.3,0.02,0.5,4.46,,per 100g,2026-07-01T04:14:08.471742Z,2026-07-01T04:14:08.471742Z,2,0.913,
tkpi_0904,"Ikan mamar merah, segar","ikan mamar merah, segar",TKPI,https://www.panganku.org/id-ID/view,Ikan/Kerang/Udang dll,ikan/kerang/udang dll,75.0,115.0,15.3,4.0,4.4,0.0,1.3,60.0,190.0,1.6,120.0,240.0,0.2,1.0,15.760420000000002,0.52284,9.29922,,0.2,0.1,0.1,0.46,,per 100g,2026-07-01T04:14:08.471742Z,2026-07-01T04:14:08.471742Z,2,0.913,
tkpi_0905,"Ikan mas, segar (Common carp, fresh)","ikan mas, segar (common carp, fresh)",TKPI,https://www.panganku.org/id-ID/view,Ikan/Kerang/Udang dll,ikan/kerang/udang dll,80.0,86.0,16.0,2.0,0.0,0.0,2.0,20.0,150.0,2.0,65.0,276.7,0.1,1.1,45.0,8.0,13.76274,,0.05,0.1,2.6,0.0,,per 100g,2026-07-01T04:14:08.471742Z,2026-07-01T04:14:08.471742Z,2,0.913,
tkpi_0906,"Ikan mayong, segar","ikan mayong, segar",TKPI,https://www.panganku.org/id-ID/view,Ikan/Kerang/Udang dll,ikan/kerang/udang dll,78.2,97.0,17.9,2.0,0.4,0.0,1.5,40.0,100.0,2.5,210.7,234.01399999999995,0.3729999999999998,0.9220000000000004,21.0,2.38686,0.0,,0.1,0.1133999999999999,2.0980000000000003,0.0,,per 100g,2026-07-01T04:14:08.471742Z,2026-07-01T04:14:08.471742Z,2,0.913,
tkpi_0907,"Ikan mujahir, segar (Mozambique tilapia, fresh)","ikan mujahir, segar (mozambique tilapia, fresh)",TKPI,https://www.panganku.org/id-ID/view,Ikan/Kerang/Udang dll,ikan/kerang/udang dll,79.7,89.0,18.7,1.0,0.0,0.0,1.1,96.0,209.0,1.5,51.0,265.8,0.0,0.2,6.0,3.0,5.0,,0.03,0.1,2.0,0.0,,per 100g,2026-07-01T04:14:08.471742Z,2026-07-01T04:14:08.471742Z,2,0.913,
tkpi_0908,"Ikan nasu metti, segar","ikan nasu metti, segar",TKPI,https://www.panganku.org/id-ID/view,Ikan/Kerang/Udang dll,ikan/kerang/udang dll,65.3,154.0,16.8,5.0,10.5,2.68,2.4,80.0,244.0,1.6,421.0,488.0,0.2,1.2,108.45252,65.71666,67.79764000000002,,0.47,0.15,9.6,6.16,,per 100g,2026-07-01T04:14:08.471742Z,2026-07-01T04:14:08.471742Z,2,0.913,
tkpi_0909,"Ikan oci, kembung, segar (Indian mackerels, fresh)","ikan oci, kembung, segar (indian mackerels, fresh)",TKPI,https://www.panganku.org/id-ID/view,Ikan/Kerang/Udang dll,ikan/kerang/udang dll,71.4,125.0,21.3,3.4,2.2,0.018,1.7,136.0,69.0,0.8,214.0,245.0,0.2,1.1,54.64134,1.5742600000000002,11.562279999999998,,0.26,0.03,0.2,0.18,,per 100g,2026-07-01T04:14:08.471742Z,2026-07-01T04:14:08.471742Z,2,0.913,
tkpi_0910,"Ikan paling, segar","ikan paling, segar",TKPI,https://www.panganku.org/id-ID/view,Ikan/Kerang/Udang dll,ikan/kerang/udang dll,58.0,303.0,14.0,27.0,0.0,0.0,1.0,20.0,200.0,1.0,43.0,285.97444000000013,0.2742000000000001,1.8020000000000016,485.0,0.0,504.8092,,0.1,0.197,6.514000000000001,2.0,,per 100g,2026-07-01T04:14:08.471742Z,2026-07-01T04:14:08.471742Z,2,0.913,
tkpi_0911,"Ikan papuyu/ betok, segar (Climbing perch, fresh)","ikan papuyu/ betok, segar (climbing perch, fresh)",TKPI,https://www.panganku.org/id-ID/view,Ikan/Kerang/Udang dll,ikan/kerang/udang dll,75.0,120.0,14.3,4.9,4.6,0.0,1.2,329.0,436.0,1.5,240.0,169.0,0.8,1.1,49.0,0.0,36.53132,,0.0,0.05,3.1,3.36,,per 100g,2026-07-01T04:14:08.471742Z,2026-07-01T04:14:08.471742Z,2,0.913,
tkpi_0912,"Ikan patin, segar (Striped catfish, fresh)","ikan patin, segar (striped catfish, fresh)",TKPI,https://www.panganku.org/id-ID/view,Ikan/Kerang/Udang dll,ikan/kerang/udang dll,74.4,132.0,17.0,6.6,1.1,0.0,0.9,31.0,173.0,1.6,77.0,346.0,0.7,0.8,9.21,7.0,10.667579999999996,,0.2,0.03,1.7,1.36,,per 100g,2026-07-01T04:14:08.471742Z,2026-07-01T04:14:08.471742Z,2,0.913,
tkpi_0913,"Ikan pomo, segar","ikan pomo, segar",TKPI,https://www.panganku.org/id-ID/view,Ikan/Kerang/Udang dll,ikan/kerang/udang dll,68.3,147.0,22.5,5.2,2.6,0.0,1.4,80.0,230.0,1.3,195.08,380.0,0.2,0.7,89.0,77.52,215.4912,,0.38,0.1231999999999999,1.8359999999999996,2.06,,per 100g,2026-07-01T04:14:08.471742Z,2026-07-01T04:14:08.471742Z,2,0.913,
tkpi_0914,"Ikan puntin, segar (Bagrdi catfish, fresh)","ikan puntin, segar (bagrdi catfish, fresh)",TKPI,https://www.panganku.org/id-ID/view,Ikan/Kerang/Udang dll,ikan/kerang/udang dll,81.1,76.0,14.4,1.1,2.2,0.0,1.2,28.0,166.0,0.0,125.76,325.0,0.1,0.6,23.46094,5.5878,14.404220000000004,,0.31,0.11,2.006000000000001,6.36,,per 100g,2026-07-01T04:14:08.471742Z,2026-07-01T04:14:08.471742Z,2,0.913,
tkpi_0915,"Ikan saluang, segar (Rasboras fish, fresh)","ikan saluang, segar (rasboras fish, fresh)",TKPI,https://www.panganku.org/id-ID/view,Ikan/Kerang/Udang dll,ikan/kerang/udang dll,74.8,113.0,13.9,4.9,3.4,0.0,3.0,642.0,646.0,1.9,51.0,182.0,0.8,3.6,24.09034,10.4905,42.22165999999999,,0.21,0.02,1.8,7.68,,per 100g,2026-07-01T04:14:08.471742Z,2026-07-01T04:14:08.471742Z,2,0.913,
tkpi_0916,"Ikan sarden, segar (Herrings, fresh)","ikan sarden, segar (herrings, fresh)",TKPI,https://www.panganku.org/id-ID/view,Ikan/Kerang/Udang dll,ikan/kerang/udang dll,72.7,109.0,19.9,1.8,3.4,0.0,2.2,95.0,597.0,1.3,266.0,227.0,0.3,2.0,195.0,0.0,207.0742,,0.26,0.03,4.4,3.78,,per 100g,2026-07-01T04:14:08.471742Z,2026-07-01T04:14:08.471742Z,2,0.913,
tkpi_0917,"Ikan selar, segar (Scadfish, fresh)","ikan selar, segar (scadfish, fresh)",TKPI,https://www.panganku.org/id-ID/view,Ikan/Kerang/Udang dll,ikan/kerang/udang dll,75.4,100.0,18.8,2.2,0.0,0.0,3.6,40.0,179.0,0.5,43.0,392.6,0.1,0.3,45.0,0.0,25.853720000000003,,0.37,0.2,3.4,0.0,,per 100g,2026-07-01T04:14:08.471742Z,2026-07-01T04:14:08.471742Z,2,0.913,
tkpi_0918,"Ikan sepat, segar (Snakeskin gourami, fresh)","ikan sepat, segar (snakeskin gourami, fresh)",TKPI,https://www.panganku.org/id-ID/view,Ikan/Kerang/Udang dll,ikan/kerang/udang dll,78.8,84.0,15.2,0.6,4.7,0.0,0.8,68.0,171.0,2.1,211.0,198.0,0.7,0.6,43.76,0.0,14.745920000000002,,0.16,0.03,1.9,1.46,,per 100g,2026-07-01T04:14:08.471742Z,2026-07-01T04:14:08.471742Z,2,0.913,
tkpi_0919,"Ikan sidat, segar (Shortfin Eel, fresh)","ikan sidat, segar (shortfin eel, fresh)",TKPI,https://www.panganku.org/id-ID/view,Ikan/Kerang/Udang dll,ikan/kerang/udang dll,71.3,81.0,11.4,1.9,3.8,0.0,11.6,118.0,174.0,3.0,46.0,245.9,0.0,1.5,15.0,0.0,0.0,,0.0,0.4,3.2,0.0,,per 100g,2026-07-01T04:14:08.471742Z,2026-07-01T04:14:08.471742Z,2,0.913,
tkpi_0920,"Ikan sunu, segar (Leopard coralgrouper, fresh)","ikan sunu, segar (leopard coralgrouper, fresh)",TKPI,https://www.panganku.org/id-ID/view,Ikan/Kerang/Udang dll,ikan/kerang/udang dll,75.5,111.0,13.3,3.4,6.7,1.096,1.1,86.0,174.0,1.2,91.0,197.0,0.0,0.6,309.0,228.7668,527.5516,,1.03,0.1,0.2,4.4,,per 100g,2026-07-01T04:14:08.471742Z,2026-07-01T04:14:08.471742Z,2,0.913,
tkpi_0921,"Ikan tahuman, segar","ikan tahuman, segar",TKPI,https://www.panganku.org/id-ID/view,Ikan/Kerang/Udang dll,ikan/kerang/udang dll,77.4,88.0,15.9,0.9,4.1,0.0,1.8,221.0,223.0,0.0,24.0,364.0,0.4,0.7,522.02,55.60898,525.6256,,0.2,0.25,1.6,17.5,,per 100g,2026-07-01T04:14:08.471742Z,2026-07-01T04:14:08.471742Z,2,0.913,
tkpi_0922,"Ikan tarmon, segar","ikan tarmon, segar",TKPI,https://www.panganku.org/id-ID/view,Ikan/Kerang/Udang dll,ikan/kerang/udang dll,76.7,96.0,19.5,1.1,2.0,0.0,0.8,9.0,129.0,0.3,43.0,154.0,0.1,0.5,205.74,226.11863999999997,595.4,,0.15,0.02,1.7,2.48,,per 100g,2026-07-01T04:14:08.471742Z,2026-07-01T04:14:08.471742Z,2,0.913,
tkpi_0923,"Ikan telan, segar (spiny eel, fresh)","ikan telan, segar (spiny eel, fresh)",TKPI,https://www.panganku.org/id-ID/view,Ikan/Kerang/Udang dll,ikan/kerang/udang dll,75.3,95.0,15.8,0.7,6.5,0.0,1.7,503.0,354.0,0.2,58.0,294.0,1.6,1.2,26.08094,18.50408,41.50392,,0.18,0.02,1.9,6.74,,per 100g,2026-07-01T04:14:08.471742Z,2026-07-01T04:14:08.471742Z,2,0.913,
tkpi_0924,"Ikan tembang, segar (Bonga shad, fresh)","ikan tembang, segar (bonga shad, fresh)",TKPI,https://www.panganku.org/id-ID/view,Ikan/Kerang/Udang dll,ikan/kerang/udang dll,65.0,204.0,16.0,15.0,0.0,0.0,4.0,20.0,200.0,2.0,341.0,291.0,0.4,2.6,30.0,0.0,17.0164,,0.05,0.0,5.6,0.0,,per 100g,2026-07-01T04:14:08.471742Z,2026-07-01T04:14:08.471742Z,2,0.913,
tkpi_0925,"Ikan tempahas, segar","ikan tempahas, segar",TKPI,https://www.panganku.org/id-ID/view,Ikan/Kerang/Udang dll,ikan/kerang/udang dll,78.9,101.0,15.1,4.1,1.0,0.0,0.9,32.0,163.0,0.0,50.0,320.0,0.7,0.6,13.56,2.5699400000000003,7.218500000000001,,0.02,0.05,1.5,1.06,,per 100g,2026-07-01T04:14:08.471742Z,2026-07-01T04:14:08.471742Z,2,0.913,
tkpi_0926,"Ikan terbang, segar (Flyingfishes, fresh)","ikan terbang, segar (flyingfishes, fresh)",TKPI,https://www.panganku.org/id-ID/view,Ikan/Kerang/Udang dll,ikan/kerang/udang dll,76.1,98.0,19.6,1.7,1.0,0.0,1.6,90.0,190.0,0.6,90.0,320.0,0.1,0.5,39.0,0.0,7.62894,,0.0,0.1,0.1,0.0,,per 100g,2026-07-01T04:14:08.471742Z,2026-07-01T04:14:08.471742Z,2,0.913,
tkpi_0927,"Ikan teri, segar (Anchovies, fresh)","ikan teri, segar (anchovies, fresh)",TKPI,https://www.panganku.org/id-ID/view,Ikan/Kerang/Udang dll,ikan/kerang/udang dll,80.0,74.0,10.3,1.4,4.1,0.0,4.2,972.0,253.0,3.9,554.0,126.1,305.2,0.2,13.0,0.0,28.0,,0.24,0.1,1.9,0.0,,per 100g,2026-07-01T04:14:08.471742Z,2026-07-01T04:14:08.471742Z,2,0.913,
tkpi_0928,"Ikan titang, segar (Spotted scat,fresh)","ikan titang, segar (spotted scat,fresh)",TKPI,https://www.panganku.org/id-ID/view,Ikan/Kerang/Udang dll,ikan/kerang/udang dll,78.8,82.0,17.4,0.4,2.3,0.0,1.1,145.0,130.0,1.8,110.0,275.0,0.1,0.8,581.0,98.49588,488.2232000000001,,0.64,0.03,1.5,8.5,,per 100g,2026-07-01T04:14:08.471742Z,2026-07-01T04:14:08.471742Z,2,0.913,
tkpi_0929,"Ikan tongkol, segar (Tuna, fresh)","ikan tongkol, segar (tuna, fresh)",TKPI,https://www.panganku.org/id-ID/view,Ikan/Kerang/Udang dll,ikan/kerang/udang dll,74.7,100.0,13.7,1.5,8.0,0.0,2.1,92.0,606.0,1.7,202.0,227.0,0.2,1.6,181.0,0.0,201.2452,,0.35,0.03,6.6,3.66,,per 100g,2026-07-01T04:14:08.471742Z,2026-07-01T04:14:08.471742Z,2,0.913,
tkpi_0930,"Ikan turi, segar","ikan turi, segar",TKPI,https://www.panganku.org/id-ID/view,Ikan/Kerang/Udang dll,ikan/kerang/udang dll,76.9,96.0,19.2,2.0,0.2,0.002,2.1,340.0,340.0,0.8,370.0,300.0,0.1,2.0,26.0,495.42,453.02,,0.4249999999999999,0.25,1.71,2.9,,per 100g,2026-07-01T04:14:08.471742Z,2026-07-01T04:14:08.471742Z,2,0.913,
tkpi_0931,"Keong, segar (Snail, fresh)","keong, segar (snail, fresh)",TKPI,https://www.panganku.org/id-ID/view,Ikan/Kerang/Udang dll,ikan/kerang/udang dll,81.0,64.0,12.0,1.0,2.0,0.0,4.0,217.0,78.0,1.7,231.0,259.78136000000006,0.37,0.1,0.0,244.0,347.14166,,0.2048,0.1435999999999999,2.1660000000000004,12.18,,per 100g,2026-07-01T04:14:08.471742Z,2026-07-01T04:14:08.471742Z,2,0.913,
tkpi_0932,"Kepiting, segar (Crab, fresh)","kepiting, segar (crab, fresh)",TKPI,https://www.panganku.org/id-ID/view,Ikan/Kerang/Udang dll,ikan/kerang/udang dll,68.1,151.0,13.8,3.8,14.1,0.0,0.2,210.0,250.0,1.1,236.79094,253.72999999999996,0.41,0.918,61.0,1.1150000000000002,6.894199999999999,,0.05,0.0993999999999999,1.908,0.0,,per 100g,2026-07-01T04:14:08.471742Z,2026-07-01T04:14:08.471742Z,2,0.913,
tkpi_0933,"Kerang, segar","kerang, segar",TKPI,https://www.panganku.org/id-ID/view,Ikan/Kerang/Udang dll,ikan/kerang/udang dll,78.2,101.0,14.4,2.6,3.9,0.0,0.9,321.0,270.0,15.6,68.14476,271.3972,0.6673999999999998,1.348,0.0,9.9844,0.0,,0.01,0.2222,3.827999999999999,0.0,,per 100g,2026-07-01T04:14:08.471742Z,2026-07-01T04:14:08.471742Z,2,0.913,
tkpi_0934,"Kodok, segar (Frog, fresh)","kodok, segar (frog, fresh)",TKPI,https://www.panganku.org/id-ID/view,Ikan/Kerang/Udang dll,ikan/kerang/udang dll,81.9,73.0,16.4,0.3,0.0,0.0,1.4,18.0,147.0,1.1,83.17202000000002,278.7065,0.3573999999999999,1.2120000000000004,0.0,8.7798,3.6782,,0.14,0.1328,4.89,0.0,,per 100g,2026-07-01T04:14:08.471742Z,2026-07-01T04:14:08.471742Z,2,0.913,
tkpi_0935,"Kura-kura, segar (Turtles, fresh)","kura-kura, segar (turtles, fresh)",TKPI,https://www.panganku.org/id-ID/view,Ikan/Kerang/Udang dll,ikan/kerang/udang dll,80.0,83.0,19.1,0.2,0.0,0.0,0.7,27.0,87.0,0.7,94.44,275.756,0.3583999999999998,0.9460000000000002,0.0,6.2960199999999995,11.67814,,0.2,0.12,2.985999999999999,0.0,,per 100g,2026-07-01T04:14:08.471742Z,2026-07-01T04:14:08.471742Z,2,0.913,
tkpi_0936,"Kuro, segar (Threadfin, fresh)","kuro, segar (threadfin, fresh)",TKPI,https://www.panganku.org/id-ID/view,Ikan/Kerang/Udang dll,ikan/kerang/udang dll,79.9,87.0,16.0,2.2,1.0,0.0,0.9,75.0,136.0,1.0,74.39702,261.42711999999995,0.3749999999999999,0.676,6.0,2.72,0.0,,0.04,0.0923999999999999,1.8699999999999997,0.0,,per 100g,2026-07-01T04:14:08.471742Z,2026-07-01T04:14:08.471742Z,2,0.913,
tkpi_0937,"Lokan, segar","lokan, segar",TKPI,https://www.panganku.org/id-ID/view,Ikan/Kerang/Udang dll,ikan/kerang/udang dll,80.9,217.0,11.0,1.7,5.1,0.42,1.3,20.0,390.0,10.9,3.0,7.0,0.2,2.7,492.62,397.436,610.2541600000001,,0.45,0.07,3.2719999999999994,15.18,,per 100g,2026-07-01T04:14:08.471742Z,2026-07-01T04:14:08.471742Z,2,0.913,
tkpi_0938,"Rajungan, segar","rajungan, segar",TKPI,https://www.panganku.org/id-ID/view,Ikan/Kerang/Udang dll,ikan/kerang/udang dll,80.2,76.0,12.1,2.0,2.4,0.0,2.7,721.0,214.0,2.2,69.0,192.0,1.7,2.9,599.0,40.0,515.03224,,0.2,0.25,0.2,19.72,,per 100g,2026-07-01T04:14:08.471742Z,2026-07-01T04:14:08.471742Z,2,0.913,
tkpi_0939,"Rebon, udang kecil, segar","rebon, udang kecil, segar",TKPI,https://www.panganku.org/id-ID/view,Ikan/Kerang/Udang dll,ikan/kerang/udang dll,79.0,81.0,16.2,1.2,0.7,0.0,2.9,757.0,292.0,2.2,169.0,202.9,0.7,1.2,18.0,0.0,16.859479999999998,,0.04,0.1,2.4,0.0,,per 100g,2026-07-01T04:14:08.471742Z,2026-07-01T04:14:08.471742Z,2,0.913,
tkpi_0940,Rusip,rusip,TKPI,https://www.panganku.org/id-ID/view,Ikan/Kerang/Udang dll,ikan/kerang/udang dll,58.5,110.0,11.5,2.0,11.7,0.0,16.3,479.0,348.0,7.1,23.91165999999999,330.33200000000005,0.5440000000000002,1.9479999999999995,0.0,20.00968,0.0,,0.04,0.1745999999999999,3.286000000000001,0.0,,per 100g,2026-07-01T04:14:08.471742Z,2026-07-01T04:14:08.471742Z,2,0.913,
tkpi_0941,"Udang galah, segar (Giant river prawn, fresh)","udang galah, segar (giant river prawn, fresh)",TKPI,https://www.panganku.org/id-ID/view,Ikan/Kerang/Udang dll,ikan/kerang/udang dll,79.0,81.0,16.5,0.3,3.0,0.0,1.2,87.0,167.0,0.7,95.0,132.0,0.7,1.2,16.935840000000002,3.0,31.35958,,0.24,0.03,2.9,2.8,,per 100g,2026-07-01T04:14:08.471742Z,2026-07-01T04:14:08.471742Z,2,0.913,
tkpi_0942,"Udang, besar, segar (Tiger prawn, fresh)","udang, besar, segar (tiger prawn, fresh)",TKPI,https://www.panganku.org/id-ID/view,Ikan/Kerang/Udang dll,ikan/kerang/udang dll,85.5,56.0,11.4,0.6,1.2,0.0,1.3,30.0,20.0,0.3,190.0,210.0,0.4,0.8,42.02,0.0,47.08886,,0.14,0.0,0.1,6.7,,per 100g,2026-07-01T04:14:08.471742Z,2026-07-01T04:14:08.471742Z,2,0.913,
tkpi_0943,"Udang, segar (Shrimp, fresh)","udang, segar (shrimp, fresh)",TKPI,https://www.panganku.org/id-ID/view,Ikan/Kerang/Udang dll,ikan/kerang/udang dll,75.0,91.0,21.0,0.2,0.1,0.0,3.7,136.0,170.0,8.0,178.0,222.4,0.3,1.3,18.0,4.0,34.78696,,0.01,0.4,3.7,0.0,,per 100g,2026-07-01T04:14:08.471742Z,2026-07-01T04:14:08.471742Z,2,0.913,
tkpi_0944,"Bekicot, dendeng, mentah","bekicot, dendeng, mentah",TKPI,https://www.panganku.org/id-ID/view,Ikan/Kerang/Udang dll,ikan/kerang/udang dll,6.7,441.0,48.7,20.3,15.8,0.0,8.4,692.0,523.0,16.6,152.27228000000002,511.00692,2.19166,7.825999999999999,6.0,95.22914,1.408,,0.56,1.143,23.412000000000003,69.0,,per 100g,2026-07-01T04:14:08.471742Z,2026-07-01T04:14:08.471742Z,2,0.913,
tkpi_0945,"Belut, goreng (Asian swamp eel, fresh)","belut, goreng (asian swamp eel, fresh)",TKPI,https://www.panganku.org/id-ID/view,Ikan/Kerang/Udang dll,ikan/kerang/udang dll,11.2,417.0,25.9,19.4,32.0,0.0,11.5,840.0,872.0,4.9,71.0,217.7,0.3,1.8,0.0,22.263999999999996,0.0,,0.0,0.2,10.5,0.0,,per 100g,2026-07-01T04:14:08.471742Z,2026-07-01T04:14:08.471742Z,2,0.913,
tkpi_0946,"Cumi-cumi, goreng (Squid, fried)","cumi-cumi, goreng (squid, fried)",TKPI,https://www.panganku.org/id-ID/view,Ikan/Kerang/Udang dll,ikan/kerang/udang dll,54.2,265.0,40.6,10.1,0.0,0.0,3.1,62.0,270.0,2.7,86.0,81.9,0.5808,3.262,0.0,56.0,0.0,,0.09,0.0,6.3,0.0,,per 100g,2026-07-01T04:14:08.471742Z,2026-07-01T04:14:08.471742Z,2,0.913,
tkpi_0947,"Ikan asin, kering","ikan asin, kering",TKPI,https://www.panganku.org/id-ID/view,Ikan/Kerang/Udang dll,ikan/kerang/udang dll,40.0,193.0,42.0,1.5,0.0,0.0,16.5,200.0,300.0,0.0,358.38023999999996,339.00111999999996,1.2431999999999996,3.4840000000000004,89.24781999999999,99.08362,188.63999999999996,,0.01,0.2751999999999999,2.457999999999999,0.0,,per 100g,2026-07-01T04:14:08.471742Z,2026-07-01T04:14:08.471742Z,2,0.913,
tkpi_0948,"Ikan bandeng presto, masakan","ikan bandeng presto, masakan",TKPI,https://www.panganku.org/id-ID/view,Ikan/Kerang/Udang dll,ikan/kerang/udang dll,45.3,296.0,17.1,20.3,11.3,0.0,6.0,1.422,659.0,1.9,199.30718000000005,330.0440000000001,0.9034,4.3199999999999985,6.0,0.0,400.0,,0.14,0.7201999999999998,6.3039999999999985,69.0,,per 100g,2026-07-01T04:14:08.471742Z,2026-07-01T04:14:08.471742Z,2,0.913,
tkpi_0949,"Ikan baung bakar (Asian river catfish, fresh)","ikan baung bakar (asian river catfish, fresh)",TKPI,https://www.panganku.org/id-ID/view,Ikan/Kerang/Udang dll,ikan/kerang/udang dll,69.8,144.0,17.8,5.8,5.2,1.306,1.4,18.0,169.0,0.0,168.0,236.0,0.1,0.7,34.57092,1.20748,6.92232,,0.0,0.0,1.3,4.46,,per 100g,2026-07-01T04:14:08.471742Z,2026-07-01T04:14:08.471742Z,2,0.913,
tkpi_0950,"Ikan Belida bakar (Indonesian featherback, fresh)","ikan belida bakar (indonesian featherback, fresh)",TKPI,https://www.panganku.org/id-ID/view,Ikan/Kerang/Udang dll,ikan/kerang/udang dll,68.2,128.0,18.0,3.0,7.2,0.0,3.6,58.0,134.0,0.0,293.0,198.0,0.1,0.4,224.00886,0.0,37.8572,,1.8,0.17,1.5,2.62,,per 100g,2026-07-01T04:14:08.471742Z,2026-07-01T04:14:08.471742Z,2,0.913,
tkpi_0951,"Ikan cakalang asap, mentah (Skipjack tuna, fish,smoked, raw)","ikan cakalang asap, mentah (skipjack tuna, fish,smoked, raw)",TKPI,https://www.panganku.org/id-ID/view,Ikan/Kerang/Udang dll,ikan/kerang/udang dll,56.9,204.0,34.2,5.6,1.9,0.054,1.4,14.0,399.0,1.3,176.0,588.0,0.3,0.7,1.546,30.82,67.97776,,0.53,0.07,4.198,0.52,,per 100g,2026-07-01T04:14:08.471742Z,2026-07-01T04:14:08.471742Z,2,0.913,
tkpi_0952,"Ikan cakalang asin, mentah (Skipjack tuna,fish, salted, raw)","ikan cakalang asin, mentah (skipjack tuna,fish, salted, raw)",TKPI,https://www.panganku.org/id-ID/view,Ikan/Kerang/Udang dll,ikan/kerang/udang dll,41.7,198.0,36.5,2.2,5.5,0.0,14.1,236.0,346.0,3.7,4.304,302.1,0.7594,2.342,0.0,33.58,0.0,,0.06,0.2621999999999999,4.702,0.0,,per 100g,2026-07-01T04:14:08.471742Z,2026-07-01T04:14:08.471742Z,2,0.913,
tkpi_0953,"Ikan calo/ peda, mentah","ikan calo/ peda, mentah",TKPI,https://www.panganku.org/id-ID/view,Ikan/Kerang/Udang dll,ikan/kerang/udang dll,71.3,81.0,11.4,1.9,3.8,0.0,11.6,743.0,174.0,22.6,333.58786,218.47152000000003,0.8148000000000002,1.8199999999999992,15.0,23.08282,0.0,,0.0,0.2734000000000001,3.6199999999999983,0.0,,per 100g,2026-07-01T04:14:08.471742Z,2026-07-01T04:14:08.471742Z,2,0.913,
tkpi_0954,"Ikan Gabus asap, mentah (Asian snakehead, fish, smoked)","ikan gabus asap, mentah (asian snakehead, fish, smoked)",TKPI,https://www.panganku.org/id-ID/view,Ikan/Kerang/Udang dll,ikan/kerang/udang dll,26.4,261.0,38.1,2.3,21.9,0.0,11.3,2.51,1.84,2.9,320.0,410.0,0.4,0.8,114.0,151.78438,292.0371,,0.1,0.1,14.5,1.6,,per 100g,2026-07-01T04:14:08.471742Z,2026-07-01T04:14:08.471742Z,2,0.913,
tkpi_0955,"Ikan Gabus, kering (Asian snakehead, fish, dried)","ikan gabus, kering (asian snakehead, fish, dried)",TKPI,https://www.panganku.org/id-ID/view,Ikan/Kerang/Udang dll,ikan/kerang/udang dll,24.0,268.0,58.0,4.0,0.0,0.0,14.0,15.0,100.0,0.1,443.35662,320.95164,1.4128,3.0660000000000003,30.0,224.42,321.82,,0.1,0.207,6.412000000000001,0.0,,per 100g,2026-07-01T04:14:08.471742Z,2026-07-01T04:14:08.471742Z,2,0.913,
tkpi_0956,"Ikan gete, goreng","ikan gete, goreng",TKPI,https://www.panganku.org/id-ID/view,Ikan/Kerang/Udang dll,ikan/kerang/udang dll,44.7,267.0,23.1,19.4,0.2,0.1379999999999999,12.6,2.34,1.24,0.8,590.0,440.0,0.1,1.9,168.9323,189.57872,350.57880000000006,,0.7808000000000006,0.3683999999999999,0.2,1.1,,per 100g,2026-07-01T04:14:08.471742Z,2026-07-01T04:14:08.471742Z,2,0.913,
tkpi_0957,"Ikan hiu, kering (Shark, fish, dried)","ikan hiu, kering (shark, fish, dried)",TKPI,https://www.panganku.org/id-ID/view,Ikan/Kerang/Udang dll,ikan/kerang/udang dll,23.1,298.0,46.3,3.6,20.2,13.801999999999998,6.8,335.0,846.0,2.5,957.0,1.457,0.5,2.0,661.0,228.4151,547.88456,,0.84,0.11,22.5,25.98,,per 100g,2026-07-01T04:14:08.471742Z,2026-07-01T04:14:08.471742Z,2,0.913,
tkpi_0958,"Ikan katombo, asin (Pargy, fish, salted)","ikan katombo, asin (pargy, fish, salted)",TKPI,https://www.panganku.org/id-ID/view,Ikan/Kerang/Udang dll,ikan/kerang/udang dll,44.7,162.0,31.7,2.8,0.3,0.0,15.5,279.0,609.0,4.6,4.393,342.2,2.8,2.708,0.0,5.351800000000001,0.0,,0.09,0.2263999999999998,5.044,0.0,,per 100g,2026-07-01T04:14:08.471742Z,2026-07-01T04:14:08.471742Z,2,0.913,
tkpi_0959,"Ikan kayu, kering","ikan kayu, kering",TKPI,https://www.panganku.org/id-ID/view,Ikan/Kerang/Udang dll,ikan/kerang/udang dll,23.1,302.0,70.7,1.9,0.4,0.0,3.9,313.0,22.0,4.1,345.0,1.045,10.203400000000002,1.8,197.1,258.0671,588.15264,,1.4,0.04,20.0,0.44,,per 100g,2026-07-01T04:14:08.471742Z,2026-07-01T04:14:08.471742Z,2,0.913,
tkpi_0960,Ikan Lais bakar,ikan lais bakar,TKPI,https://www.panganku.org/id-ID/view,Ikan/Kerang/Udang dll,ikan/kerang/udang dll,69.4,147.0,17.5,6.5,5.4,0.932,1.2,54.0,194.0,0.1,142.0,209.0,0.1655999999999999,0.5,30.99076,0.62,6.592940000000001,,0.0862,0.0566,1.304,2.2,,per 100g,2026-07-01T04:14:08.471742Z,2026-07-01T04:14:08.471742Z,2,0.913,
tkpi_0961,"Ikan lomak asin, mentah","ikan lomak asin, mentah",TKPI,https://www.panganku.org/id-ID/view,Ikan/Kerang/Udang dll,ikan/kerang/udang dll,21.6,258.0,40.3,2.3,18.9,0.0,16.9,140.0,279.0,2.3,6.227,485.1,2.3,2.7140000000000004,1.77826,57.2,28.31906,,0.1,0.3,6.0,0.0,,per 100g,2026-07-01T04:14:08.471742Z,2026-07-01T04:14:08.471742Z,2,0.913,
tkpi_0962,Ikan Mas pepes,ikan mas pepes,TKPI,https://www.panganku.org/id-ID/view,Ikan/Kerang/Udang dll,ikan/kerang/udang dll,57.5,209.0,15.2,11.3,11.8,0.5,4.3,686.0,530.0,6.1,74.0,276.7,0.1,1.9,3.0,211.78,315.0,,0.13,0.1,2.4,0.0,,per 100g,2026-07-01T04:14:08.471742Z,2026-07-01T04:14:08.471742Z,2,0.913,
tkpi_0963,Ikan mujahir goreng,ikan mujahir goreng,TKPI,https://www.panganku.org/id-ID/view,Ikan/Kerang/Udang dll,ikan/kerang/udang dll,44.7,416.0,46.9,23.9,0.0,0.0,2.2,346.0,654.0,0.9,54.0,278.9,0.0,0.2,12.0,3.0,8.0,,0.12,0.1,2.2,0.0,,per 100g,2026-07-01T04:14:08.471742Z,2026-07-01T04:14:08.471742Z,2,0.913,
tkpi_0964,Ikan Mujahir pepes,ikan mujahir pepes,TKPI,https://www.panganku.org/id-ID/view,Ikan/Kerang/Udang dll,ikan/kerang/udang dll,73.7,121.0,21.7,2.8,0.8,0.0,1.0,83.0,248.0,1.6,58.0,265.8,0.0,0.3,8.0,4.01336,6.0,,0.0,0.1,1.9,0.0,,per 100g,2026-07-01T04:14:08.471742Z,2026-07-01T04:14:08.471742Z,2,0.913,
tkpi_0965,"Ikan mujahir, dendeng, mentah","ikan mujahir, dendeng, mentah",TKPI,https://www.panganku.org/id-ID/view,Ikan/Kerang/Udang dll,ikan/kerang/udang dll,15.2,582.0,68.3,15.2,37.2,0.0,14.1,3.258,1.699,4.3,471.5579,345.46686,17.109199999999998,4.2639999999999985,15.0,51.468,20.0,,0.27,0.2861999999999999,9.446000000000002,0.0,,per 100g,2026-07-01T04:14:08.471742Z,2026-07-01T04:14:08.471742Z,2,0.913,
tkpi_0966,"Ikan Papuyu, bakar","ikan papuyu, bakar",TKPI,https://www.panganku.org/id-ID/view,Ikan/Kerang/Udang dll,ikan/kerang/udang dll,66.6,152.0,17.6,6.1,6.7,0.0,3.0,244.0,227.0,3.4,320.0,224.0,0.2,1.0,44.52,0.32606,27.8135,,0.1056,0.1223999999999999,2.5159999999999996,0.12,,per 100g,2026-07-01T04:14:08.471742Z,2026-07-01T04:14:08.471742Z,2,0.913,
tkpi_0967,"Ikan Patin, bakar","ikan patin, bakar",TKPI,https://www.panganku.org/id-ID/view,Ikan/Kerang/Udang dll,ikan/kerang/udang dll,70.3,144.0,17.5,6.3,4.3,0.026,1.6,191.0,232.0,1.4,379.0,230.0,0.1,0.7,170.76,457.74,485.0692,,0.3440000000000001,0.1483999999999999,2.0820000000000003,1.12,,per 100g,2026-07-01T04:14:08.471742Z,2026-07-01T04:14:08.471742Z,2,0.913,
tkpi_0968,"Ikan peda banjar, mentah","ikan peda banjar, mentah",TKPI,https://www.panganku.org/id-ID/view,Ikan/Kerang/Udang dll,ikan/kerang/udang dll,46.0,156.0,28.0,4.0,2.0,0.0,20.0,174.0,316.0,3.1,59.0,368.8,0.0,0.5,33.0,4.0,15.4014,,0.1,0.1,4.7,0.12,,per 100g,2026-07-01T04:14:08.471742Z,2026-07-01T04:14:08.471742Z,2,0.913,
tkpi_0969,"Ikan pepetek, mentah (Ponyfish, fresh)","ikan pepetek, mentah (ponyfish, fresh)",TKPI,https://www.panganku.org/id-ID/view,Ikan/Kerang/Udang dll,ikan/kerang/udang dll,33.0,176.0,32.0,4.4,2.0,0.0,28.6,120.0,200.0,1.0,79.0,1.0,62.17119999999999,2.3720000000000003,15.0,270.688,579.71862,,0.05,0.1,2.4,0.0,,per 100g,2026-07-01T04:14:08.471742Z,2026-07-01T04:14:08.471742Z,2,0.913,
tkpi_0970,"Ikan Pindang banjar, mentah","ikan pindang banjar, mentah",TKPI,https://www.panganku.org/id-ID/view,Ikan/Kerang/Udang dll,ikan/kerang/udang dll,59.0,157.0,28.0,4.2,1.8,0.0,7.0,50.0,100.0,1.0,298.29094000000003,238.67999999999995,0.2805999999999999,1.134,45.0,0.32838,14.46754,,0.1,0.1207999999999999,2.3079999999999994,0.0,,per 100g,2026-07-01T04:14:08.471742Z,2026-07-01T04:14:08.471742Z,2,0.913,
tkpi_0971,"Ikan Pindang benggol, mentah","ikan pindang benggol, mentah",TKPI,https://www.panganku.org/id-ID/view,Ikan/Kerang/Udang dll,ikan/kerang/udang dll,57.0,170.0,31.0,4.2,0.0,0.0,7.8,50.0,100.0,1.0,348.04,249.85983999999996,0.3257999999999999,1.8940000000000003,45.0,0.8824599999999999,25.176040000000004,,0.1,0.1841999999999999,11.032000000000004,0.0,,per 100g,2026-07-01T04:14:08.471742Z,2026-07-01T04:14:08.471742Z,2,0.913,
tkpi_0972,"Ikan Pindang layang, mentah","ikan pindang layang, mentah",TKPI,https://www.panganku.org/id-ID/view,Ikan/Kerang/Udang dll,ikan/kerang/udang dll,60.0,153.0,30.0,2.8,0.0,0.0,7.2,60.0,200.0,3.0,333.56,263.67763999999994,0.3011999999999999,1.554,61.0,1.4852,28.72124,,0.07,0.1343999999999999,2.5839999999999996,0.0,,per 100g,2026-07-01T04:14:08.471742Z,2026-07-01T04:14:08.471742Z,2,0.913,
tkpi_0973,"Ikan Pindang selar, mentah","ikan pindang selar, mentah",TKPI,https://www.panganku.org/id-ID/view,Ikan/Kerang/Udang dll,ikan/kerang/udang dll,60.0,142.0,27.0,3.0,0.0,0.0,10.0,60.0,200.0,3.0,336.66,275.34319999999997,0.2455999999999999,1.422,61.0,1.48,28.56604,,0.07,0.1551999999999999,3.2159999999999993,0.0,,per 100g,2026-07-01T04:14:08.471742Z,2026-07-01T04:14:08.471742Z,2,0.913,
tkpi_0974,"Ikan sale, mentah","ikan sale, mentah",TKPI,https://www.panganku.org/id-ID/view,Ikan/Kerang/Udang dll,ikan/kerang/udang dll,8.5,534.0,40.2,39.3,4.9,2.0,7.1,199.0,1.244,2.7,673.0,673.0,0.3,2.6,111.88256,410.0,0.0,,0.02,0.5,0.0,0.0,,per 100g,2026-07-01T04:14:08.471742Z,2026-07-01T04:14:08.471742Z,2,0.913,
tkpi_0975,"Ikan sale lais, mentah (Sheatfish)","ikan sale lais, mentah (sheatfish)",TKPI,https://www.panganku.org/id-ID/view,Ikan/Kerang/Udang dll,ikan/kerang/udang dll,12.4,415.0,61.3,17.6,2.9,0.0,5.8,258.0,919.0,7.0,381.0,488.0,17.6,1.0,0.0,70.0865,0.0,,0.03,0.1,17.3,0.0,,per 100g,2026-07-01T04:14:08.471742Z,2026-07-01T04:14:08.471742Z,2,0.913,
tkpi_0976,"Ikan saluang, kering, mentah (Rasborafish)","ikan saluang, kering, mentah (rasborafish)",TKPI,https://www.panganku.org/id-ID/view,Ikan/Kerang/Udang dll,ikan/kerang/udang dll,33.6,284.0,34.1,9.9,14.6,0.0,7.8,1.426,1.103,9.5,1.767,263.0,1.3,18.7,116.547,249.8391,413.18784,,0.49,0.03,16.492000000000004,4.68,,per 100g,2026-07-01T04:14:08.471742Z,2026-07-01T04:14:08.471742Z,2,0.913,
tkpi_0977,"Ikan sanggang, masakan","ikan sanggang, masakan",TKPI,https://www.panganku.org/id-ID/view,Ikan/Kerang/Udang dll,ikan/kerang/udang dll,42.6,240.0,21.7,7.7,20.7,17.438,7.3,159.0,362.0,9.8,2.041,159.0,1.5,8.8,612.4,144.2488,590.15064,,0.51,0.02,7.02,12.32,,per 100g,2026-07-01T04:14:08.471742Z,2026-07-01T04:14:08.471742Z,2,0.913,
tkpi_0978,"Ikan selar kuning, cue, mentah (Black-banded trevally)","ikan selar kuning, cue, mentah (black-banded trevally)",TKPI,https://www.panganku.org/id-ID/view,Ikan/Kerang/Udang dll,ikan/kerang/udang dll,59.0,138.0,27.0,3.3,0.0,0.0,0.7,50.0,100.0,2.0,253.74,247.90999999999997,0.3275999999999999,0.956,45.0,0.2444,17.305280000000003,,0.1,0.1059999999999999,1.808,0.0,,per 100g,2026-07-01T04:14:08.471742Z,2026-07-01T04:14:08.471742Z,2,0.913,
tkpi_0979,"Ikan selar, kering, mentah (Trevally yellow-banded)","ikan selar, kering, mentah (trevally yellow-banded)",TKPI,https://www.panganku.org/id-ID/view,Ikan/Kerang/Udang dll,ikan/kerang/udang dll,43.0,194.0,38.0,3.5,0.0,0.0,15.5,20.0,200.0,1.0,140.51649999999998,260.46514,0.389,2.1260000000000003,0.0,0.0,33.6,,0.01,0.1153999999999999,7.551999999999998,0.0,,per 100g,2026-07-01T04:14:08.471742Z,2026-07-01T04:14:08.471742Z,2,0.913,
tkpi_0980,"Ikan sepat, kering, mentah (Siamese gourami)","ikan sepat, kering, mentah (siamese gourami)",TKPI,https://www.panganku.org/id-ID/view,Ikan/Kerang/Udang dll,ikan/kerang/udang dll,30.0,289.0,38.0,14.0,0.0,0.0,18.0,40.0,100.0,0.7,153.00302,260.09312,0.6847999999999999,3.2200000000000006,0.0,0.0,46.18600000000001,,0.0,0.2061999999999999,4.374,0.0,,per 100g,2026-07-01T04:14:08.471742Z,2026-07-01T04:14:08.471742Z,2,0.913,
tkpi_0981,"Ikan sunu, asin, mentah (Coral trout)","ikan sunu, asin, mentah (coral trout)",TKPI,https://www.panganku.org/id-ID/view,Ikan/Kerang/Udang dll,ikan/kerang/udang dll,34.7,199.0,34.1,3.8,7.1,1.4239999999999997,20.3,94.0,92.0,2.2,377.0,57.0,0.1,3.2,2.481,25.53334,45.1364,,1.5,0.13,7.2,0.76,,per 100g,2026-07-01T04:14:08.471742Z,2026-07-01T04:14:08.471742Z,2,0.913,
tkpi_0982,"Ikan, tepung, mentah","ikan, tepung, mentah",TKPI,https://www.panganku.org/id-ID/view,Ikan/Kerang/Udang dll,ikan/kerang/udang dll,4.3,316.0,60.1,6.5,22.4,0.0,6.7,3.196,1.976,16.6,346.74983999999995,260.42350000000005,1.9310000000000005,4.445999999999999,320.0,0.0,0.0,,0.0,0.3639999999999999,6.842000000000001,0.0,,per 100g,2026-07-01T04:14:08.471742Z,2026-07-01T04:14:08.471742Z,2,0.913,
tkpi_0983,"Ikan Teri nasi, kering, mentah","ikan teri nasi, kering, mentah",TKPI,https://www.panganku.org/id-ID/view,Ikan/Kerang/Udang dll,ikan/kerang/udang dll,34.5,144.0,32.5,0.6,0.0,0.0,32.4,1.0,1.0,3.0,312.0,262.5192400000001,1.1587999999999992,9.338,61.0,313.36362,505.48,,0.1,0.4962000000000001,12.212000000000003,0.0,,per 100g,2026-07-01T04:14:08.471742Z,2026-07-01T04:14:08.471742Z,2,0.913,
tkpi_0984,"Ikan Teri, bubuk, mentah","ikan teri, bubuk, mentah",TKPI,https://www.panganku.org/id-ID/view,Ikan/Kerang/Udang dll,ikan/kerang/udang dll,15.0,277.0,60.0,2.3,1.8,0.0,20.9,1.209,1.225,3.0,419.2725999999999,272.8022800000001,1.8334,4.944,90.0,303.88362,450.48,,0.1,0.358,9.920000000000003,0.0,,per 100g,2026-07-01T04:14:08.471742Z,2026-07-01T04:14:08.471742Z,2,0.913,
tkpi_0985,"Ikan teri, kering, mentah (Anchovy)","ikan teri, kering, mentah (anchovy)",TKPI,https://www.panganku.org/id-ID/view,Ikan/Kerang/Udang dll,ikan/kerang/udang dll,37.8,170.0,33.4,3.0,0.0,0.0,25.8,1.2,1.5,3.6,388.40052,250.10091999999997,0.7765999999999997,4.898,64.0,294.38362,468.56,,0.15,0.33,10.164,0.0,,per 100g,2026-07-01T04:14:08.471742Z,2026-07-01T04:14:08.471742Z,2,0.913,
tkpi_0986,"Ikan Teri, kering, tawar, mentah","ikan teri, kering, tawar, mentah",TKPI,https://www.panganku.org/id-ID/view,Ikan/Kerang/Udang dll,ikan/kerang/udang dll,16.7,331.0,68.7,4.2,0.0,0.0,10.4,2.381,1.5,23.4,392.52538,253.19328,2.096,9.188,61.0,349.62,438.68,,0.1,0.7284000000000002,9.728000000000002,0.0,,per 100g,2026-07-01T04:14:08.471742Z,2026-07-01T04:14:08.471742Z,2,0.913,
tkpi_0987,"Ikan Teri, tepung, mentah","ikan teri, tepung, mentah",TKPI,https://www.panganku.org/id-ID/view,Ikan/Kerang/Udang dll,ikan/kerang/udang dll,5.2,347.0,48.8,6.4,19.6,0.0,20.0,4.608,1.2,18.6,379.22509999999994,294.49362,1.6180599999999996,5.369999999999997,61.0,0.0,130.0,,1.12,0.4832000000000001,11.676000000000004,0.0,,per 100g,2026-07-01T04:14:08.471742Z,2026-07-01T04:14:08.471742Z,2,0.913,
tkpi_0988,"Kerang, asap, mentah","kerang, asap, mentah",TKPI,https://www.panganku.org/id-ID/view,Ikan/Kerang/Udang dll,ikan/kerang/udang dll,9.3,393.0,38.9,13.3,29.4,15.286,9.1,420.0,410.0,8.5,160.0,50.0,0.6,3.7,611.7,289.2924,542.0,,0.3,1.7,0.2,77.16,,per 100g,2026-07-01T04:14:08.471742Z,2026-07-01T04:14:08.471742Z,2,0.913,
tkpi_0989,"Kerang, dendeng, mentah","kerang, dendeng, mentah",TKPI,https://www.panganku.org/id-ID/view,Ikan/Kerang/Udang dll,ikan/kerang/udang dll,18.3,357.0,41.1,10.0,25.6,0.0,5.0,217.0,904.0,5.2,106.3891,430.50212,7.9694,2.946,0.0,179.38,329.0,,0.27,0.2157999999999998,11.434000000000005,0.0,,per 100g,2026-07-01T04:14:08.471742Z,2026-07-01T04:14:08.471742Z,2,0.913,
tkpi_0990,"Rebon, kering, mentah","rebon, kering, mentah",TKPI,https://www.panganku.org/id-ID/view,Ikan/Kerang/Udang dll,ikan/kerang/udang dll,21.6,299.0,59.4,3.6,3.2,0.0,12.2,2.306,625.0,21.4,344.6608,365.60104,10.2086,4.561999999999999,0.0,0.0,59.24518,,0.06,0.2608,8.962000000000002,0.0,,per 100g,2026-07-01T04:14:08.471742Z,2026-07-01T04:14:08.471742Z,2,0.913,
tkpi_0991,"Rebung laut, mentah","rebung laut, mentah",TKPI,https://www.panganku.org/id-ID/view,Ikan/Kerang/Udang dll,ikan/kerang/udang dll,18.2,320.0,7.2,4.2,63.3,20.266,7.1,240.0,570.0,6.6,20.0,1.04,1.5,6.2,917.0,276.4724,534.32854,,0.0,0.0,4.9,19.9,,per 100g,2026-07-01T04:14:08.471742Z,2026-07-01T04:14:08.471742Z,2,0.913,
tkpi_0992,Sardines dalam kaleng,sardines dalam kaleng,TKPI,https://www.panganku.org/id-ID/view,Ikan/Kerang/Udang dll,ikan/kerang/udang dll,47.1,338.0,21.1,27.0,1.0,0.0,3.8,354.0,434.0,3.5,302.78622,232.86834,0.3942,2.2540000000000004,76.0,0.0,47.20130000000003,,0.1,0.2674000000000001,1.54,0.0,,per 100g,2026-07-01T04:14:08.471742Z,2026-07-01T04:14:08.471742Z,2,0.913,
tkpi_0993,"Teripang, dendeng, mentah","teripang, dendeng, mentah",TKPI,https://www.panganku.org/id-ID/view,Ikan/Kerang/Udang dll,ikan/kerang/udang dll,12.5,462.0,39.1,32.4,3.5,0.0,12.5,499.0,616.0,96.4,315.0,402.5,1.7498399999999998,4.500000000000001,2.0,0.0,144.0,,1.37,0.0,5.3,0.0,,per 100g,2026-07-01T04:14:08.471742Z,2026-07-01T04:14:08.471742Z,2,0.913,
tkpi_0994,"Udang kering, mentah","udang kering, mentah",TKPI,https://www.panganku.org/id-ID/view,Ikan/Kerang/Udang dll,ikan/kerang/udang dll,14.9,278.0,62.6,4.1,2.2,0.104,16.2,760.0,510.0,5.2,540.0,360.0,2.4,3.2,39.0,57.42,70.20236000000001,,0.3655999999999999,0.2255999999999998,0.1,0.94,,per 100g,2026-07-01T04:14:08.471742Z,2026-07-01T04:14:08.471742Z,2,0.913,
tkpi_0995,"Udang papay, mentah","udang papay, mentah",TKPI,https://www.panganku.org/id-ID/view,Ikan/Kerang/Udang dll,ikan/kerang/udang dll,24.5,273.0,47.8,3.8,12.5,23.778,11.5,1.109,789.0,2.4,651.0,802.0,2.6,10.8,388.81642,131.37434000000002,237.54287999999997,,0.7241999999999998,1.0680000000000005,21.434,52.58,,per 100g,2026-07-01T04:14:08.471742Z,2026-07-01T04:14:08.471742Z,2,0.913,
tkpi_0996,Abon ikan,abon ikan,TKPI,https://www.panganku.org/id-ID/view,Ikan/Kerang/Udang dll,ikan/kerang/udang dll,6.4,435.0,27.2,20.2,36.1,5.7379999999999995,10.1,236.38378,548.624,13.922000000000002,298.23566,382.1143600000001,1.92466,5.388000000000001,135.65016,46.811040000000006,52.00894,,0.3621999999999999,0.8,24.3,45.02,,per 100g,2026-07-01T04:14:08.471742Z,2026-07-01T04:14:08.471742Z,2,0.913,
tkpi_0997,"Betok wadi, masakan (Climbing gouramy)","betok wadi, masakan (climbing gouramy)",TKPI,https://www.panganku.org/id-ID/view,Ikan/Kerang/Udang dll,ikan/kerang/udang dll,69.2,145.0,16.3,7.0,4.1,0.0,3.4,405.0,523.0,1.8,69.0,203.0,1.0,1.3,20.39908,16.29052,33.76664,,0.22,0.1159999999999999,2.1760000000000006,2.08,,per 100g,2026-07-01T04:14:08.471742Z,2026-07-01T04:14:08.471742Z,2,0.913,"Ikan betok yang dibersihkan lalu difermentasi dengan garam dalam wadah beling, setalah itu dimasak sesuai selera, digoreng atau disayur."
tkpi_0998,"Bou ninahu ndamate, masakan","bou ninahu ndamate, masakan",TKPI,https://www.panganku.org/id-ID/view,Ikan/Kerang/Udang dll,ikan/kerang/udang dll,79.5,79.0,6.3,1.0,1.1,1.5239999999999998,2.1,362.94496,175.88,8.234,67.0,163.36499999999998,11.661000000000003,4.619999999999997,691.0,335.90782,495.46584,,0.1,0.0,0.1,36.62,,per 100g,2026-07-01T04:14:08.471742Z,2026-07-01T04:14:08.471742Z,2,0.913,Ikan gabus segar dimasak dengan tomat (Sup gabus)
tkpi_0999,"Bouiki ninahu nggaluku, masakan","bouiki ninahu nggaluku, masakan",TKPI,https://www.panganku.org/id-ID/view,Ikan/Kerang/Udang dll,ikan/kerang/udang dll,73.9,94.0,7.8,2.2,10.8,4.1160000000000005,5.3,178.46991999999997,191.6,7.081999999999999,58.0,179.4,0.4448,1.5,9.38472,20.3329,41.15263999999999,,0.5,0.03,2.4,25.96,,per 100g,2026-07-01T04:14:08.471742Z,2026-07-01T04:14:08.471742Z,2,0.913,Keong sawah / tutut dimasak dengan santan
tkpi_1000,Cakalang asar (asap),cakalang asar (asap),TKPI,https://www.panganku.org/id-ID/view,Ikan/Kerang/Udang dll,ikan/kerang/udang dll,64.3,155.0,20.1,3.8,10.2,2.822000000000001,1.6,20.0,240.0,2.1,90.0,390.0,0.3,0.1,86.0,41.18,173.87169999999998,,0.4760000000000001,0.7,0.2,3.56,,per 100g,2026-07-01T04:14:08.471742Z,2026-07-01T04:14:08.471742Z,2,0.913,
tkpi_1001,"Dendeng belut, goreng, masakan","dendeng belut, goreng, masakan",TKPI,https://www.panganku.org/id-ID/view,Ikan/Kerang/Udang dll,ikan/kerang/udang dll,8.2,382.0,55.7,14.1,8.0,0.0,14.0,1.069,654.0,15.4,517.56,446.48092000000014,1.94506,4.829999999999999,28.0,39.536,1.48,,0.48,0.3974,8.474000000000004,0.0,,per 100g,2026-07-01T04:14:08.471742Z,2026-07-01T04:14:08.471742Z,2,0.913,
tkpi_1002,"Dendeng mujahir, goreng, masakan","dendeng mujahir, goreng, masakan",TKPI,https://www.panganku.org/id-ID/view,Ikan/Kerang/Udang dll,ikan/kerang/udang dll,6.5,598.0,74.3,26.9,9.2,0.0,13.1,1.957,1.447,7.4,425.80550000000005,388.12886,21.08939999999999,4.335999999999999,18.0,58.84606000000001,25.0,,0.19,0.3165999999999999,11.636000000000005,0.0,,per 100g,2026-07-01T04:14:08.471742Z,2026-07-01T04:14:08.471742Z,2,0.913,
tkpi_1003,Fillet o-fish,fillet o-fish,TKPI,https://www.panganku.org/id-ID/view,Ikan/Kerang/Udang dll,ikan/kerang/udang dll,51.0,270.0,12.3,15.9,19.3,0.2,1.5,239.0,272.0,1.8,439.0,147.1319,0.3401999999999999,1.3460000000000008,34.0,376.28,580.0,,0.59,0.204,2.7220000000000004,0.0,,per 100g,2026-07-01T04:14:08.471742Z,2026-07-01T04:14:08.471742Z,2,0.913,
tkpi_1004,"Gete kuah asam, masakan","gete kuah asam, masakan",TKPI,https://www.panganku.org/id-ID/view,Ikan/Kerang/Udang dll,ikan/kerang/udang dll,80.1,75.0,8.2,2.0,6.0,2.7080000000000006,3.8,1.62,880.0,0.8,260.0,150.0,0.1,1.5,499.8,399.21398,567.74,,0.6899999999999998,0.2217999999999999,0.1,16.6,,per 100g,2026-07-01T04:14:08.471742Z,2026-07-01T04:14:08.471742Z,2,0.913,
tkpi_1005,"Gulai asam keueung, masakan","gulai asam keueung, masakan",TKPI,https://www.panganku.org/id-ID/view,Ikan/Kerang/Udang dll,ikan/kerang/udang dll,86.0,52.0,10.0,0.5,1.8,1.0900000000000003,1.7,62.0,102.0,0.3,332.0,141.0,0.0,1.0,252.86,389.93168,602.4664,,0.18,0.34,2.9419999999999997,25.28,,per 100g,2026-07-01T04:14:08.471742Z,2026-07-01T04:14:08.471742Z,2,0.913,"Ikan yang dimasak dengan asam kanti, biasanya ikan kakap, ikan bandeng, tongkol, patin, dan kembung"
tkpi_1006,"Gulai ikan, masakan","gulai ikan, masakan",TKPI,https://www.panganku.org/id-ID/view,Ikan/Kerang/Udang dll,ikan/kerang/udang dll,75.7,106.0,16.5,3.3,2.5,0.4040000000000001,2.0,306.0,196.0,4.8,743.0,235.43716000000003,0.3581999999999999,1.3020000000000005,86.0,38.68978,2.76,,0.32,0.2246,3.744,0.0,,per 100g,2026-07-01T04:14:08.471742Z,2026-07-01T04:14:08.471742Z,2,0.913,
tkpi_1007,"Gulai ikan paya, masakan","gulai ikan paya, masakan",TKPI,https://www.panganku.org/id-ID/view,Ikan/Kerang/Udang dll,ikan/kerang/udang dll,72.1,148.0,10.0,9.8,5.0,0.5780000000000001,3.1,103.0,82.0,0.7,525.0,256.0,0.1,0.9,82.70962,0.7662,7.7811400000000015,,0.26,0.02,0.9520000000000006,2.48,,per 100g,2026-07-01T04:14:08.471742Z,2026-07-01T04:14:08.471742Z,2,0.913,
tkpi_1008,"Gulai keumamah, masakan","gulai keumamah, masakan",TKPI,https://www.panganku.org/id-ID/view,Ikan/Kerang/Udang dll,ikan/kerang/udang dll,81.4,110.0,5.9,8.2,3.2,0.2579999999999999,1.3,32.0,96.0,1.0,335.0,121.0,0.2,0.9,78.96054,7.035839999999999,5.29174,,0.33,0.04,1.1320000000000003,1.5,,per 100g,2026-07-01T04:14:08.471742Z,2026-07-01T04:14:08.471742Z,2,0.913,"Keumamah atau katshibushi atau ikan kayu (jenis ikan: tongkol/tuna/cakalang). Ikan direbus, dikeringkan beberapa hari hingga mengeras, lalu diiris kecil-kecil. Keumamah dimasak dengan santan"
tkpi_1009,"Gulai tiram, masakan","gulai tiram, masakan",TKPI,https://www.panganku.org/id-ID/view,Ikan/Kerang/Udang dll,ikan/kerang/udang dll,73.1,132.0,9.0,7.2,7.8,2.7800000000000007,2.9,53.0,134.0,3.7,285.0,133.0,1.1,0.7,389.0,374.5471,664.00784,,0.29,0.12,2.9479999999999995,5.68,,per 100g,2026-07-01T04:14:08.471742Z,2026-07-01T04:14:08.471742Z,2,0.913,
tkpi_1010,"Gurame asem manis, masakan","gurame asem manis, masakan",TKPI,https://www.panganku.org/id-ID/view,Ikan/Kerang/Udang dll,ikan/kerang/udang dll,63.1,192.0,12.7,10.1,12.7,0.0,2.4,283.0,169.0,1.1,293.257,242.84311999999997,0.3215999999999999,1.1140000000000003,19.0,0.15038,1.44,,0.1,0.1053999999999999,1.2860000000000005,0.0,,per 100g,2026-07-01T04:14:08.471742Z,2026-07-01T04:14:08.471742Z,2,0.913,
tkpi_1011,"Ikan asar merah, masakan","ikan asar merah, masakan",TKPI,https://www.panganku.org/id-ID/view,Ikan/Kerang/Udang dll,ikan/kerang/udang dll,69.2,146.0,17.7,5.9,5.6,1.144,1.6,100.0,240.0,4.0,170.0,310.0,0.3,1.4,224.0,0.0,228.3191999999999,,0.2906,0.1001999999999999,1.474,1.3,,per 100g,2026-07-01T04:14:08.471742Z,2026-07-01T04:14:08.471742Z,2,0.913,
tkpi_1012,"Jambal goreng, masakan","jambal goreng, masakan",TKPI,https://www.panganku.org/id-ID/view,Ikan/Kerang/Udang dll,ikan/kerang/udang dll,13.4,286.0,48.5,9.2,2.3,0.082,26.6,207.0,457.0,3.3,511.7645399999999,425.6674,1.408,3.228,109.0,56.98,160.0,,0.4,0.3013999999999999,3.1,0.0,,per 100g,2026-07-01T04:14:08.471742Z,2026-07-01T04:14:08.471742Z,2,0.913,
tkpi_1013,"Jukku pallu kaloa, masakan","jukku pallu kaloa, masakan",TKPI,https://www.panganku.org/id-ID/view,Ikan/Kerang/Udang dll,ikan/kerang/udang dll,69.4,15.0,15.2,4.3,8.8,3.224,2.3,40.0,170.0,1.1,605.0,153.0,0.6,1.1,297.0,260.76254,657.778,,0.3,0.14,7.5,24.64,,per 100g,2026-07-01T04:14:08.471742Z,2026-07-01T04:14:08.471742Z,2,0.913,"Masakan ikan cangkalang dengan bumbu lengkuas, serai, cabai merah, kecap, dan garam"
tkpi_1014,"Kaholeo, masakan","kaholeo, masakan",TKPI,https://www.panganku.org/id-ID/view,Ikan/Kerang/Udang dll,ikan/kerang/udang dll,11.2,413.0,28.7,19.8,29.8,7.928000000000001,10.5,909.0,1.291,0.0,0.0,1.171,0.1,3.1,4.236,348.44686,386.19036,,1.34,0.03,5.7,6.3,,per 100g,2026-07-01T04:14:08.471742Z,2026-07-01T04:14:08.471742Z,2,0.913,Sambal goreng kering teri
tkpi_1015,Lawara penjah,lawara penjah,TKPI,https://www.panganku.org/id-ID/view,Ikan/Kerang/Udang dll,ikan/kerang/udang dll,64.5,207.0,7.4,15.4,9.6,4.364000000000001,2.9,114.0,219.0,5.9,683.0,117.0,0.5,0.7,0.0,38.0,53.720200000000006,,0.19,0.04,2.0360000000000005,14.0,,per 100g,2026-07-01T04:14:08.471742Z,2026-07-01T04:14:08.471742Z,2,0.913,Ikan penja dimasak dan dicampur dengan kelapa parut yang sudah berbumbu (seperti urap)
tkpi_1016,"Model, masakan","model, masakan",TKPI,https://www.panganku.org/id-ID/view,Ikan/Kerang/Udang dll,ikan/kerang/udang dll,83.9,79.0,2.2,4.0,8.6,4.01,1.3,8.0,33.0,0.8,147.0,34.0,0.1,0.5,191.58,374.08,560.94,,0.16,0.02,0.686,18.36,,per 100g,2026-07-01T04:14:08.471742Z,2026-07-01T04:14:08.471742Z,2,0.913,"Dibuat dari adonan yang sama dengan�pempek�kapal selam. Bedanya, model diisi dengan�tahu�dan digoreng sebelum disaji. Dihidangkan dengan kuah model yang terbuat dari�kaldu�udang. Lalu dicampur dengan�bihun, timun,�dan�ebi"
tkpi_1017,"Mujahir acar kuning, masakan","mujahir acar kuning, masakan",TKPI,https://www.panganku.org/id-ID/view,Ikan/Kerang/Udang dll,ikan/kerang/udang dll,43.1,330.0,17.8,23.4,12.1,1.1,4.6,154.0,357.0,5.3,467.7082,298.99672000000004,0.5914000000000003,2.0740000000000003,24.0,0.36652,4.13,,0.15,0.2678,1.9539999999999995,0.0,,per 100g,2026-07-01T04:14:08.471742Z,2026-07-01T04:14:08.471742Z,2,0.913,
tkpi_1018,"Parede baleh, masakan","parede baleh, masakan",TKPI,https://www.panganku.org/id-ID/view,Ikan/Kerang/Udang dll,ikan/kerang/udang dll,80.0,87.0,10.5,2.5,5.5,1.7000000000000006,1.5,35.0,215.0,0.9,416.0,59.0,0.1,0.2,251.06,391.97488,619.9952000000001,,0.24,0.0,0.7,9.68,,per 100g,2026-07-01T04:14:08.471742Z,2026-07-01T04:14:08.471742Z,2,0.913,Masakan ikan dengan mangga
tkpi_1019,"Pempek adaan, masakan","pempek adaan, masakan",TKPI,https://www.panganku.org/id-ID/view,Ikan/Kerang/Udang dll,ikan/kerang/udang dll,62.6,162.0,4.9,3.0,27.8,2.596,1.7,26.0,116.0,1.0,488.0,119.0,0.1,0.2,150.54,439.4024199999999,578.178,,0.3,0.03,1.0,0.6,,per 100g,2026-07-01T04:14:08.471742Z,2026-07-01T04:14:08.471742Z,2,0.913,
tkpi_1020,"Pempek belida, masakan","pempek belida, masakan",TKPI,https://www.panganku.org/id-ID/view,Ikan/Kerang/Udang dll,ikan/kerang/udang dll,61.4,156.0,4.2,1.4,31.6,0.2,1.4,100.0,55.0,3.3,74.32664,268.20586000000003,0.2953999999999998,0.904,0.0,0.0,0.0,,0.03,0.1099999999999999,1.2120000000000002,0.0,,per 100g,2026-07-01T04:14:08.471742Z,2026-07-01T04:14:08.471742Z,2,0.913,
tkpi_1021,"Pempek kapal selam, masakan","pempek kapal selam, masakan",TKPI,https://www.panganku.org/id-ID/view,Ikan/Kerang/Udang dll,ikan/kerang/udang dll,63.4,152.0,4.5,2.3,28.2,2.9900000000000007,1.6,19.0,115.0,1.6,628.0,91.0,0.1,0.2,127.34,415.40324,589.3952,,0.2,0.03,1.0,1.64,,per 100g,2026-07-01T04:14:08.471742Z,2026-07-01T04:14:08.471742Z,2,0.913,
tkpi_1022,"Pempek kelesan, masakan","pempek kelesan, masakan",TKPI,https://www.panganku.org/id-ID/view,Ikan/Kerang/Udang dll,ikan/kerang/udang dll,53.0,211.0,12.3,6.1,26.6,0.4,2.0,840.0,176.0,1.8,501.27208,160.8073,0.7188,3.393999999999998,14.0,381.54,888.0,,0.25,0.3657999999999999,3.947999999999999,0.0,,per 100g,2026-07-01T04:14:08.471742Z,2026-07-01T04:14:08.471742Z,2,0.913,
tkpi_1023,"Pempek kulit, masakan","pempek kulit, masakan",TKPI,https://www.panganku.org/id-ID/view,Ikan/Kerang/Udang dll,ikan/kerang/udang dll,45.7,243.0,5.2,7.3,39.1,2.442000000000001,2.7,16.0,96.0,2.0,555.0,102.0,0.1,0.6,151.82,367.81434,613.658,,0.2,0.02,0.9,1.04,,per 100g,2026-07-01T04:14:08.471742Z,2026-07-01T04:14:08.471742Z,2,0.913,
tkpi_1024,"Pempek telur, masakan","pempek telur, masakan",TKPI,https://www.panganku.org/id-ID/view,Ikan/Kerang/Udang dll,ikan/kerang/udang dll,62.4,156.0,4.7,2.7,28.3,1.838,1.9,13.0,83.0,1.3,448.0,48.0,0.1,0.6,105.06,416.91524,626.44,,0.2,0.05,1.1,1.04,,per 100g,2026-07-01T04:14:08.471742Z,2026-07-01T04:14:08.471742Z,2,0.913,
tkpi_1025,"Pempek tenggiri, masakan","pempek tenggiri, masakan",TKPI,https://www.panganku.org/id-ID/view,Ikan/Kerang/Udang dll,ikan/kerang/udang dll,56.3,173.0,7.2,1.2,33.4,0.2,1.9,164.0,80.0,3.1,41.05718000000001,226.0758600000001,0.3288,1.1880000000000002,0.0,0.0,0.0,,0.02,0.1319999999999999,1.646,0.0,,per 100g,2026-07-01T04:14:08.471742Z,2026-07-01T04:14:08.471742Z,2,0.913,
tkpi_1026,"Pencok lele, masakan","pencok lele, masakan",TKPI,https://www.panganku.org/id-ID/view,Ikan/Kerang/Udang dll,ikan/kerang/udang dll,47.5,372.0,7.8,36.3,3.5,0.0,4.9,289.0,295.0,5.3,319.39524,372.746,1.2477999999999998,2.426,64.0,0.0,12.07,,0.12,0.2898,1.272000000000001,0.0,,per 100g,2026-07-01T04:14:08.471742Z,2026-07-01T04:14:08.471742Z,2,0.913,
tkpi_1027,Pinda,pinda,TKPI,https://www.panganku.org/id-ID/view,Ikan/Kerang/Udang dll,ikan/kerang/udang dll,71.0,107.0,15.9,0.6,0.4,0.144,3.1,375.0,336.0,1.9,526.0,330.0,0.2,1.0,896.0,309.13742,417.3896000000001,,0.89,0.05,0.5,9.36,,per 100g,2026-07-01T04:14:08.471742Z,2026-07-01T04:14:08.471742Z,2,0.913,Ikan boto - boto dimasak asam
tkpi_1028,"Pindang kenari, masakan","pindang kenari, masakan",TKPI,https://www.panganku.org/id-ID/view,Ikan/Kerang/Udang dll,ikan/kerang/udang dll,80.1,124.0,9.5,9.6,0.0,0.104,2.8,120.0,220.0,1.3,370.0,270.0,0.3,1.2,18.0,381.0,422.38,,0.2833999999999999,0.1497999999999999,0.1,1.16,,per 100g,2026-07-01T04:14:08.471742Z,2026-07-01T04:14:08.471742Z,2,0.913,"Ikan tongkol dimasak dengan terong, lalu ditambahkan kacang kenari sebagai bumbunya dan daun kemangi"
tkpi_1029,"Saboko gurita, masakan","saboko gurita, masakan",TKPI,https://www.panganku.org/id-ID/view,Ikan/Kerang/Udang dll,ikan/kerang/udang dll,76.2,87.0,15.7,1.5,2.6,0.0,4.1,60.0,14.0,2.1,200.0,180.0,0.9,4.0,38.0,16.840619999999998,36.68062,,0.2111999999999999,0.4128,2.256,17.02,,per 100g,2026-07-01T04:14:08.471742Z,2026-07-01T04:14:08.471742Z,2,0.913,"Gurita dibumbui dengan cabe, bawang, daun asam muda yang kemudian dibungkus dengan daun lontar dan dibakar"
tkpi_1030,"Saboko saltan, masakan","saboko saltan, masakan",TKPI,https://www.panganku.org/id-ID/view,Ikan/Kerang/Udang dll,ikan/kerang/udang dll,76.0,113.0,17.1,3.6,3.0,0.002,0.3,240.0,60.0,0.5,40.0,350.0,0.2,0.6,27.0,36.04,76.98736,,0.3546,0.0972,0.1,5.0,,per 100g,2026-07-01T04:14:08.471742Z,2026-07-01T04:14:08.471742Z,2,0.913,"Ikan saltan dibumbui dengan cabe, bawang, daun asam muda yang kemudian dibungkus dengan daun lontar dan dibakar"
tkpi_1031,"Saboko sardin, masakan","saboko sardin, masakan",TKPI,https://www.panganku.org/id-ID/view,Ikan/Kerang/Udang dll,ikan/kerang/udang dll,70.0,110.0,12.9,4.3,4.9,0.4339999999999999,7.9,220.0,520.0,6.0,200.0,280.0,0.2,3.9,37.0,25.6866,27.45508,,0.1861999999999999,0.5378000000000003,9.756,11.28,,per 100g,2026-07-01T04:14:08.471742Z,2026-07-01T04:14:08.471742Z,2,0.913,"Ikan sarden dibumbui dengan cabe, bawang, daun asam muda yang kemudian dibungkus dengan daun lontar dan dibakar"
tkpi_1032,Sate Bandeng,sate bandeng,TKPI,https://www.panganku.org/id-ID/view,Ikan/Kerang/Udang dll,ikan/kerang/udang dll,47.1,283.0,12.1,16.8,20.9,2.0,3.1,118.0,186.0,1.2,543.0,199.0,0.2,0.9,42.34,2.0,0.0,,0.02,0.02,0.0,0.0,,per 100g,2026-07-01T04:14:08.471742Z,2026-07-01T04:14:08.471742Z,2,0.913,Pangan tunggal terolah/ produk yang berbahan baku ikan bandeng
tkpi_1033,"Sepi, masakan","sepi, masakan",TKPI,https://www.panganku.org/id-ID/view,Ikan/Kerang/Udang dll,ikan/kerang/udang dll,66.1,88.0,7.9,1.6,10.6,10.586000000000002,13.8,924.0,350.0,2.3,873.0,258.0,1.0,1.1,783.0,278.84344000000004,428.28584,,0.5845999999999999,0.2471999999999999,4.613999999999999,24.78,,per 100g,2026-07-01T04:14:08.471742Z,2026-07-01T04:14:08.471742Z,2,0.913,Makanan yang terbuat dari udang rebon (anak udang yang sangat kecil yang di Bima disebut Sepi Bou)
tkpi_1034,"Tekwan, masakan","tekwan, masakan",TKPI,https://www.panganku.org/id-ID/view,Ikan/Kerang/Udang dll,ikan/kerang/udang dll,86.7,53.0,1.9,0.9,9.4,3.8299999999999983,1.1,9.0,41.0,1.0,174.0,42.0,0.0,0.0,99.0,191.42794,538.27896,,0.1,0.02,0.4,17.92,,per 100g,2026-07-01T04:14:08.471742Z,2026-07-01T04:14:08.471742Z,2,0.913,
tkpi_1035,"Teri belado, masakan","teri belado, masakan",TKPI,https://www.panganku.org/id-ID/view,Ikan/Kerang/Udang dll,ikan/kerang/udang dll,25.8,365.0,23.7,22.3,17.5,0.0,10.9,869.0,348.0,4.0,428.08988,248.91016,0.5712000000000002,2.5660000000000003,27.0,9.65896,1.567,,0.13,0.3434,4.893999999999999,0.0,,per 100g,2026-07-01T04:14:08.471742Z,2026-07-01T04:14:08.471742Z,2,0.913,
tkpi_1036,"Tumis bandeng, masakan","tumis bandeng, masakan",TKPI,https://www.panganku.org/id-ID/view,Ikan/Kerang/Udang dll,ikan/kerang/udang dll,70.5,189.0,11.3,15.7,0.6,0.002,1.9,56.0,129.0,0.4,314.0,280.0,0.1,0.7,579.0,63.2,246.9579999999999,,0.46,0.02,0.8840000000000002,6.5,,per 100g,2026-07-01T04:14:08.471742Z,2026-07-01T04:14:08.471742Z,2,0.913,
tkpi_1037,Tumis keumamah,tumis keumamah,TKPI,https://www.panganku.org/id-ID/view,Ikan/Kerang/Udang dll,ikan/kerang/udang dll,45.7,300.0,14.5,20.0,15.5,4.5,4.3,114.6936,340.40206,7.741999999999999,76.14808000000001,343.25224000000003,1.2862,3.1959999999999997,2.73914,8.0,25.600459999999995,,0.63,0.04,1.602,7.0,,per 100g,2026-07-01T04:14:08.471742Z,2026-07-01T04:14:08.471742Z,2,0.913,"Keumamah atau katshibushi atau ikan kayu (jenis ikan: tongkol/tuna/cakalang). Ikan direbus, dikeingkan beberapa hari hingga mengeras, lalu diiris kecil-kecil. Keumamah dimasak tumis"
tkpi_1038,"Telur ayam kampung, segar (Feral chicken, egg, fresh)","telur ayam kampung, segar (feral chicken, egg, fresh)",TKPI,https://www.panganku.org/id-ID/view,Telur,telur,73.1,174.0,10.8,14.0,1.2,0.0,0.9,68.0,268.0,4.9,190.0,141.0,0.6,1.5,203.0,23.0,125.0,,0.78,0.62,0.2,0.46,,per 100g,2026-07-01T04:14:08.471742Z,2026-07-01T04:14:08.471742Z,2,0.913,
tkpi_1039,"Telur ayam ras, segar (Domestic chicken, egg, fresh)","telur ayam ras, segar (domestic chicken, egg, fresh)",TKPI,https://www.panganku.org/id-ID/view,Telur,telur,74.3,154.0,12.4,10.8,0.7,0.0,0.8,86.0,258.0,3.0,142.0,118.5,0.16,1.0,61.0,22.0,104.0,,0.12,0.38,0.2,0.0,,per 100g,2026-07-01T04:14:08.471742Z,2026-07-01T04:14:08.471742Z,2,0.913,
tkpi_1040,"Telur ayam ras, bagian kuning, segar (Domestic chicken, egg, yolk, raw)","telur ayam ras, bagian kuning, segar (domestic chicken, egg, yolk, raw)",TKPI,https://www.panganku.org/id-ID/view,Telur,telur,49.4,355.0,16.3,31.9,0.7,0.0,1.7,147.0,586.0,7.2,111.0,107.5,0.2,2.5,606.0,63.0,455.6332,,0.27,0.51,0.2,0.0,,per 100g,2026-07-01T04:14:08.471742Z,2026-07-01T04:14:08.471742Z,2,0.913,
tkpi_1041,"Telur aAyam ras, bagian putih, segar (Domestic chicken, egg, white, raw)","telur aayam ras, bagian putih, segar (domestic chicken, egg, white, raw)",TKPI,https://www.panganku.org/id-ID/view,Telur,telur,87.8,50.0,10.8,0.0,0.8,0.0,0.6,6.0,17.0,0.2,164.0,138.5,0.03,0.4,0.0,0.0,11.92,,0.0,0.26,0.4,0.0,,per 100g,2026-07-01T04:14:08.471742Z,2026-07-01T04:14:08.471742Z,2,0.913,
tkpi_1042,"Telur bebek alabio, segar (Duck, alabio, egg, fresh)","telur bebek alabio, segar (duck, alabio, egg, fresh)",TKPI,https://www.panganku.org/id-ID/view,Telur,telur,70.0,187.0,11.8,14.2,3.0,0.0,1.0,60.0,268.0,6.0,115.0,80.0,0.6,1.7,180.0,437.0,570.32,,1.55,0.37,0.1,0.6,,per 100g,2026-07-01T04:14:08.471742Z,2026-07-01T04:14:08.471742Z,2,0.913,
tkpi_1043,"Telur bebek, bagian kuning, segar (Duck, egg, yolk, fresh)","telur bebek, bagian kuning, segar (duck, egg, yolk, fresh)",TKPI,https://www.panganku.org/id-ID/view,Telur,telur,47.0,386.0,17.0,35.0,0.8,0.0,0.2,150.0,400.0,7.0,106.0,90.7,0.09,2.5,870.0,747.0,535.6116000000001,,0.6,0.68,1.4,0.0,,per 100g,2026-07-01T04:14:08.471742Z,2026-07-01T04:14:08.471742Z,2,0.913,
tkpi_1044,"Telur bebek, bagian putih, segar (Duck, egg, white, fresh)","telur bebek, bagian putih, segar (duck, egg, white, fresh)",TKPI,https://www.panganku.org/id-ID/view,Telur,telur,88.0,54.0,11.0,0.0,0.8,0.0,0.2,21.0,20.0,0.1,184.0,150.2,0.13,0.1,0.0,0.0,31.140500000000003,,0.01,0.02,0.1,0.0,,per 100g,2026-07-01T04:14:08.471742Z,2026-07-01T04:14:08.471742Z,2,0.913,
tkpi_1045,"Telur bebek tambak, segar (Domestic duck, egg, fresh)","telur bebek tambak, segar (domestic duck, egg, fresh)",TKPI,https://www.panganku.org/id-ID/view,Telur,telur,67.7,187.0,10.9,12.4,7.9,0.0,1.1,64.0,295.0,5.4,209.0,146.0,0.4,1.8,378.0,471.0,375.0,,1.62,0.03,0.1,0.56,,per 100g,2026-07-01T04:14:08.471742Z,2026-07-01T04:14:08.471742Z,2,0.913,
tkpi_1046,"Telur burung maleo, segar (Maleo, bird, egg , fresh)","telur burung maleo, segar (maleo, bird, egg , fresh)",TKPI,https://www.panganku.org/id-ID/view,Telur,telur,36.0,436.0,26.5,36.3,0.4,0.322,0.8,154.0,120.0,4.3,77.0,333.0,0.4,2.9,3.987,47.086679999999994,90.47242,,0.3018,1.0,0.2,7.48,,per 100g,2026-07-01T04:14:08.471742Z,2026-07-01T04:14:08.471742Z,2,0.913,
tkpi_1047,"Telur penyu, segar (Turtle, egg)","telur penyu, segar (turtle, egg)",TKPI,https://www.panganku.org/id-ID/view,Telur,telur,7.4,136.0,8.6,10.1,2.7,0.0,1.2,66.0,282.0,3.4,478.0,115.0,0.5,1.4,82.0,17.0,95.35580000000002,,0.21,0.02,0.0,0.0,,per 100g,2026-07-01T04:14:08.471742Z,2026-07-01T04:14:08.471742Z,2,0.913,
tkpi_1048,"Telur burung puyuh, segar (Quail, egg, fress)","telur burung puyuh, segar (quail, egg, fress)",TKPI,https://www.panganku.org/id-ID/view,Telur,telur,79.8,116.0,10.7,7.0,1.6,0.0,0.9,65.0,191.0,3.5,111.0,11.0,0.05,1.2,95.0,80.0,235.5064,,0.13,0.65,0.1,0.0,,per 100g,2026-07-01T04:14:08.471742Z,2026-07-01T04:14:08.471742Z,2,0.913,
tkpi_1049,"Telur ayam, dadar, masakan","telur ayam, dadar, masakan",TKPI,https://www.panganku.org/id-ID/view,Telur,telur,61.9,251.0,16.3,19.4,1.4,0.0,1.0,62.0,250.0,2.5,353.19996,196.63399999999993,0.4383999999999999,2.2879999999999994,36.0,112.94,221.0,,0.21,0.0,2.9960000000000004,0.0,,per 100g,2026-07-01T04:14:08.471742Z,2026-07-01T04:14:08.471742Z,2,0.913,
tkpi_1050,"Telur bebek, asin, mentah (Duck, egg, salted, raw)","telur bebek, asin, mentah (duck, egg, salted, raw)",TKPI,https://www.panganku.org/id-ID/view,Telur,telur,66.5,179.0,13.6,13.3,4.4,0.0,2.2,120.0,157.0,1.8,483.0,140.1,0.5677999999999999,4.066,253.0,13.0,113.6232,,0.28,0.98,0.6,0.0,,per 100g,2026-07-01T04:14:08.471742Z,2026-07-01T04:14:08.471742Z,2,0.913,
tkpi_1051,"Telur bebek, dadar, masakan","telur bebek, dadar, masakan",TKPI,https://www.panganku.org/id-ID/view,Telur,telur,55.1,301.0,20.0,23.7,0.0,0.0,1.2,71.0,600.0,9.2,421.43208,186.31148,0.7630600000000003,3.2140000000000004,122.0,402.06,613.0,,0.35,0.3994,5.308000000000001,0.0,,per 100g,2026-07-01T04:14:08.471742Z,2026-07-01T04:14:08.471742Z,2,0.913,
tkpi_1052,"Ikan, telur, asin, mentah (Roe, (fish egg), fresh)","ikan, telur, asin, mentah (roe, (fish egg), fresh)",TKPI,https://www.panganku.org/id-ID/view,Telur,telur,37.8,358.0,20.7,26.4,9.4,0.0,5.7,48.0,311.0,15.1,2.684,59.0,0.4,3.0,1.866,0.0,28.328280000000003,,0.21,0.54,2.1,0.06,,per 100g,2026-07-01T04:14:08.471742Z,2026-07-01T04:14:08.471742Z,2,0.913,
tkpi_1053,"Bayau mi balu, masakan","bayau mi balu, masakan",TKPI,https://www.panganku.org/id-ID/view,Telur,telur,36.1,313.0,6.0,12.2,44.8,13.108000000000002,0.9,142.08204,173.82,5.654000000000001,390.96988,416.4641999999999,1.4129999999999998,2.8399999999999994,783.0,89.0,270.89984,,0.14,0.27,9.7,14.24,,per 100g,2026-07-01T04:14:08.471742Z,2026-07-01T04:14:08.471742Z,2,0.913,Kuning telur dibuat seperti kue dadar kemudian dimasak dengan sirup gula putih
tkpi_1054,"Cucuru bayau, masakan","cucuru bayau, masakan",TKPI,https://www.panganku.org/id-ID/view,Telur,telur,35.0,349.0,6.8,18.7,38.3,1.6199999999999997,1.2,146.6,109.34,3.37,414.20614,217.79168,0.3175999999999999,1.656,98.02402,123.0,234.44247999999996,,0.06,0.25,0.0,0.22,,per 100g,2026-07-01T04:14:08.471742Z,2026-07-01T04:14:08.471742Z,2,0.913,"Snack dari kuning telur yang dikocok dengan sedikit gula, lalu dikukus dalam cetakan kecil - kecil bersama sirup gula putih"
tkpi_1055,"Kalio telur, masakan","kalio telur, masakan",TKPI,https://www.panganku.org/id-ID/view,Telur,telur,79.0,193.0,10.6,12.4,9.7,0.9239999999999996,1.4,148.0,246.0,3.8,540.0,222.74596000000005,0.4,1.5280000000000005,160.0,6.4228000000000005,3.6,,0.44,0.2731999999999999,1.324,0.0,,per 100g,2026-07-01T04:14:08.471742Z,2026-07-01T04:14:08.471742Z,2,0.913,
tkpi_1056,"Kepala susu - krim, segar","kepala susu - krim, segar",TKPI,https://www.panganku.org/id-ID/view,Susu,susu,72.5,204.0,2.6,20.0,4.0,0.0,0.9,97.0,77.0,0.1,154.6882,201.76399999999995,0.2733999999999998,1.096,252.0,191.0,471.6924,,0.03,0.2,0.1,1.0,,per 100g,2026-07-01T04:14:08.471742Z,2026-07-01T04:14:08.471742Z,2,0.913,
tkpi_1057,Susu ibu - ASI,susu ibu - asi,TKPI,https://www.panganku.org/id-ID/view,Susu,susu,88.1,62.0,1.5,3.2,7.0,0.0,0.2,34.0,20.0,0.2,15.0,41.0,0.01,0.4,27.94094,7.0,13.751779999999998,,0.01,0.03,0.2,8.96,,per 100g,2026-07-01T04:14:08.471742Z,2026-07-01T04:14:08.471742Z,2,0.913,
tkpi_1058,"Susu kambing, segar","susu kambing, segar",TKPI,https://www.panganku.org/id-ID/view,Susu,susu,85.9,64.0,4.3,2.3,6.6,0.0,0.9,98.0,78.0,2.7,35.0,160.0,0.33,0.1,38.0,0.0,16.62756,,0.06,0.45,0.3,1.0,,per 100g,2026-07-01T04:14:08.471742Z,2026-07-01T04:14:08.471742Z,2,0.913,
tkpi_1059,"Susu kerbau, segar","susu kerbau, segar",TKPI,https://www.panganku.org/id-ID/view,Susu,susu,73.8,160.0,6.3,12.0,7.1,1.3799999999999997,0.8,216.0,101.0,0.2,82.0,237.55111999999997,0.0991999999999999,0.3,24.0,0.97962,2.8845599999999996,,0.04,0.07,1.0880000000000003,1.0,,per 100g,2026-07-01T04:14:08.471742Z,2026-07-01T04:14:08.471742Z,2,0.913,
tkpi_1060,"Susu kuda, segar","susu kuda, segar",TKPI,https://www.panganku.org/id-ID/view,Susu,susu,91.0,40.0,2.0,1.1,5.4,0.0,0.4,78.7,92.24,1.8800000000000003,85.02,37.4,0.0,0.0,22.16188,1.0,21.020460000000003,,0.0,0.2,0.2,7.76,,per 100g,2026-07-01T04:14:08.471742Z,2026-07-01T04:14:08.471742Z,2,0.913,
tkpi_1061,"Susu sapi, segar","susu sapi, segar",TKPI,https://www.panganku.org/id-ID/view,Susu,susu,88.3,61.0,3.2,3.5,4.3,0.0,0.7,143.0,60.0,1.7,36.0,149.0,0.02,0.3,39.0,12.0,12.458700000000006,,0.03,0.18,0.2,1.0,,per 100g,2026-07-01T04:14:08.471742Z,2026-07-01T04:14:08.471742Z,2,0.913,
tkpi_1062,Es krim,es krim,TKPI,https://www.panganku.org/id-ID/view,Susu,susu,62.1,210.0,4.0,12.5,20.6,0.0,0.8,123.0,99.0,0.1,78.0,193.4,0.0,0.7,158.0,0.0,400.066,,0.04,0.23,0.1,1.0,,per 100g,2026-07-01T04:14:08.471742Z,2026-07-01T04:14:08.471742Z,2,0.913,
tkpi_1063,Hangop,hangop,TKPI,https://www.panganku.org/id-ID/view,Susu,susu,84.0,65.0,10.0,1.0,3.5,0.0,1.5,180.0,190.0,0.2,126.0,374.4,0.0,0.8380000000000001,32.62792,22.0,68.65799999999999,,0.03,0.43,0.2,7.5,,per 100g,2026-07-01T04:14:08.471742Z,2026-07-01T04:14:08.471742Z,2,0.913,Sejenis yoghurt
tkpi_1064,Keju,keju,TKPI,https://www.panganku.org/id-ID/view,Susu,susu,38.5,326.0,22.8,20.3,13.1,0.0,5.3,777.0,338.0,1.5,1.41,82.7,0.03,3.1,227.0,128.0,464.0824,,0.01,0.37,0.1,1.0,,per 100g,2026-07-01T04:14:08.471742Z,2026-07-01T04:14:08.471742Z,2,0.913,
tkpi_1065,Kwark (Quark),kwark (quark),TKPI,https://www.panganku.org/id-ID/view,Susu,susu,59.0,242.0,19.0,17.0,3.0,0.0,2.0,300.0,350.0,0.5,37.0,72.7,0.01,0.2,173.0,0.0,416.5272,,0.03,0.38,0.0,0.78,,per 100g,2026-07-01T04:14:08.471742Z,2026-07-01T04:14:08.471742Z,2,0.913,Produk susu segar yang dibuat dengan pemanasan asam susu sampai tingkat kekentalan yang diinginkan tercapai
tkpi_1066,"Susu asam untuk bayi, bubuk","susu asam untuk bayi, bubuk",TKPI,https://www.panganku.org/id-ID/view,Susu,susu,2.5,418.0,19.0,9.0,65.5,0.0,4.0,800.0,600.0,7.0,188.0,486.5,0.0,0.0,303.0,83.0,267.29566,,1.0,1.31,0.7,30.0,,per 100g,2026-07-01T04:14:08.471742Z,2026-07-01T04:14:08.471742Z,2,0.913,
tkpi_1067,Susu bubuk,susu bubuk,TKPI,https://www.panganku.org/id-ID/view,Susu,susu,3.5,513.0,24.6,30.0,36.2,0.0,5.7,904.0,694.0,0.6,380.0,1.33,0.02,4.1,476.0,118.0,285.2276,,0.29,1.39,1.6,6.0,,per 100g,2026-07-01T04:14:08.471742Z,2026-07-01T04:14:08.471742Z,2,0.913,
tkpi_1068,Susu kental manis,susu kental manis,TKPI,https://www.panganku.org/id-ID/view,Susu,susu,25.0,343.0,8.2,10.0,55.0,0.0,1.8,275.0,209.0,0.2,150.0,320.0,0.02,1.0,155.0,46.0,271.34927999999996,,0.05,0.43,0.4,1.0,,per 100g,2026-07-01T04:14:08.471742Z,2026-07-01T04:14:08.471742Z,2,0.913,
tkpi_1069,Susu kental tak manis,susu kental tak manis,TKPI,https://www.panganku.org/id-ID/view,Susu,susu,73.7,138.0,7.0,7.9,9.9,1.5200000000000002,1.5,243.0,195.0,0.2,140.0,303.0,0.1651999999999999,0.7319999999999999,121.0,106.68,334.21224,,0.05,0.1638,0.0,1.0,,per 100g,2026-07-01T04:14:08.471742Z,2026-07-01T04:14:08.471742Z,2,0.913,
tkpi_1070,"Susu skim, bubuk","susu skim, bubuk",TKPI,https://www.panganku.org/id-ID/view,Susu,susu,3.5,359.0,35.6,1.0,52.0,0.0,7.9,1.3,1.03,0.6,470.0,1.745,0.04,4.1,254.95049999999995,10.0,200.72063999999995,,0.35,1.05,1.2,7.0,,per 100g,2026-07-01T04:14:08.471742Z,2026-07-01T04:14:08.471742Z,2,0.913,
tkpi_1071,"Susu skim, segar","susu skim, segar",TKPI,https://www.panganku.org/id-ID/view,Susu,susu,90.5,36.0,3.5,0.1,5.1,1.5419999999999994,0.8,123.0,97.0,0.1,38.0,250.33000000000004,0.1493999999999999,0.596,0.0,67.02,143.19868,,0.04,0.1159999999999999,0.746,1.0,,per 100g,2026-07-01T04:14:08.471742Z,2026-07-01T04:14:08.471742Z,2,0.913,
tkpi_1072,"Yoghurt, segar","yoghurt, segar",TKPI,https://www.panganku.org/id-ID/view,Susu,susu,88.0,52.0,3.3,2.5,4.0,0.0,2.2,120.0,90.0,0.1,40.0,299.0,0.01,0.6,22.0,10.0,6.59428,,0.04,0.1,0.2,0.0,,per 100g,2026-07-01T04:14:08.471742Z,2026-07-01T04:14:08.471742Z,2,0.913,
tkpi_1073,"Kelapa setengah tua, daging, segar (Coconut flesh, half mature, fresh)","kelapa setengah tua, daging, segar (coconut flesh, half mature, fresh)",TKPI,https://www.panganku.org/id-ID/view,Minyak/Lemak,minyak/lemak,70.0,180.0,4.0,15.0,10.0,2.4,1.0,8.0,55.0,1.3,4.0,317.7,0.29,2.9,2.2,0.0,10.0,,0.05,0.01,0.1,4.0,,per 100g,2026-07-01T04:14:08.471742Z,2026-07-01T04:14:08.471742Z,2,0.913,
tkpi_1074,"Kelapa tua, daging, segar (Coconut, flesh, old, fresh)","kelapa tua, daging, segar (coconut, flesh, old, fresh)",TKPI,https://www.panganku.org/id-ID/view,Minyak/Lemak,minyak/lemak,46.9,359.0,3.4,34.7,14.0,4.7,1.0,21.0,98.0,2.0,3.0,293.9,0.44,1.1,0.0,0.0,6.15638,,0.1,0.0,0.0,2.0,,per 100g,2026-07-01T04:14:08.471742Z,2026-07-01T04:14:08.471742Z,2,0.913,
tkpi_1075,"Lemak babi  (lard) (pork, fat, lord)","lemak babi (lard) (pork, fat, lord)",TKPI,https://www.panganku.org/id-ID/view,Minyak/Lemak,minyak/lemak,0.0,902.0,0.0,100.0,0.0,0.0,0.0,0.0,0.0,0.0,0.0,0.0,9.0,0.1,0.0,0.0,136.94436,,0.0,0.0,0.0,0.0,,per 100g,2026-07-01T04:14:08.471742Z,2026-07-01T04:14:08.471742Z,2,0.913,
tkpi_1076,"Lemak babi (bacon) (pork, fat, bacon)","lemak babi (bacon) (pork, fat, bacon)",TKPI,https://www.panganku.org/id-ID/view,Minyak/Lemak,minyak/lemak,20.0,626.0,9.1,65.0,1.1,0.0,4.8,13.0,108.0,0.8,0.0,0.0,0.0,0.9,0.0,0.0,150.171,,0.38,0.0,0.0,0.0,,per 100g,2026-07-01T04:14:08.471742Z,2026-07-01T04:14:08.471742Z,2,0.913,
tkpi_1077,"Lemak ikan (Fish, fat)","lemak ikan (fish, fat)",TKPI,https://www.panganku.org/id-ID/view,Minyak/Lemak,minyak/lemak,43.3,372.0,12.0,29.4,14.4,0.0,0.3,20.0,230.0,32.7,60.0,52.0,0.4,1.1,288.2,353.32,581.9916000000001,,0.49,0.13,3.029999999999999,4.34,,per 100g,2026-07-01T04:14:08.471742Z,2026-07-01T04:14:08.471742Z,2,0.913,
tkpi_1078,"Lemak kerbau (lemak sapi) (fat, buffalo)","lemak kerbau (lemak sapi) (fat, buffalo)",TKPI,https://www.panganku.org/id-ID/view,Minyak/Lemak,minyak/lemak,5.0,818.0,1.5,90.0,0.0,0.0,3.5,0.0,0.0,0.0,29.0,25.8,0.0,0.0,0.0,283.0,321.39416,,0.0,0.0,0.7,0.0,,per 100g,2026-07-01T04:14:08.471742Z,2026-07-01T04:14:08.471742Z,2,0.913,
tkpi_1079,"Minyak hiu, hati (shark, fish, liver, oil)","minyak hiu, hati (shark, fish, liver, oil)",TKPI,https://www.panganku.org/id-ID/view,Minyak/Lemak,minyak/lemak,0.0,902.0,0.0,100.0,0.0,0.0,0.0,0.0,0.0,0.0,0.0,0.0,0.0,0.0,21.212,0.0,138.41364,,0.0,0.0,0.0,0.0,,per 100g,2026-07-01T04:14:08.471742Z,2026-07-01T04:14:08.471742Z,2,0.913,
tkpi_1080,"Minyak ikan (Fish, oil)","minyak ikan (fish, oil)",TKPI,https://www.panganku.org/id-ID/view,Minyak/Lemak,minyak/lemak,0.0,902.0,0.0,100.0,0.0,0.0,0.0,0.0,0.0,0.0,0.0,0.0,0.0,0.0,24.242,0.0,138.41364,,0.0,0.0,0.0,0.0,,per 100g,2026-07-01T04:14:08.471742Z,2026-07-01T04:14:08.471742Z,2,0.913,
tkpi_1081,Minyak kacang tanah (Peanut oil),minyak kacang tanah (peanut oil),TKPI,https://www.panganku.org/id-ID/view,Minyak/Lemak,minyak/lemak,0.0,902.0,0.0,100.0,0.0,0.0,0.0,0.0,0.0,0.0,0.0,0.0,0.0,0.0,0.0,0.0,138.40436,,0.0,0.0,0.0,0.0,,per 100g,2026-07-01T04:14:08.471742Z,2026-07-01T04:14:08.471742Z,2,0.913,
tkpi_1082,Minyak kedelai (Soybean oil),minyak kedelai (soybean oil),TKPI,https://www.panganku.org/id-ID/view,Minyak/Lemak,minyak/lemak,0.1,883.0,0.0,99.9,0.0,0.0,0.0,0.0,0.0,0.0,0.0,0.1,0.0,0.0,0.0,0.0,138.40436,,0.0,0.0,0.0,0.0,,per 100g,2026-07-01T04:14:08.471742Z,2026-07-01T04:14:08.471742Z,2,0.913,
tkpi_1083,Minyak kelapa (Coconut oil),minyak kelapa (coconut oil),TKPI,https://www.panganku.org/id-ID/view,Minyak/Lemak,minyak/lemak,0.0,870.0,1.0,98.0,0.0,0.0,1.0,0.0,0.0,0.0,0.0,0.0,0.0,0.0,0.0,0.0,138.40436,,0.0,0.0,0.0,0.0,,per 100g,2026-07-01T04:14:08.471742Z,2026-07-01T04:14:08.471742Z,2,0.913,
tkpi_1084,Minyak kelapa sawit (Palm oil),minyak kelapa sawit (palm oil),TKPI,https://www.panganku.org/id-ID/view,Minyak/Lemak,minyak/lemak,0.0,884.0,0.0,100.0,0.0,0.0,0.0,0.0,0.0,0.0,0.0,0.0,0.0,0.0,341.91454,18.181,416.9648,,0.0,0.0,0.0,0.0,,per 100g,2026-07-01T04:14:08.471742Z,2026-07-01T04:14:08.471742Z,2,0.913,
tkpi_1085,Minyak wijen (Sesame oil),minyak wijen (sesame oil),TKPI,https://www.panganku.org/id-ID/view,Minyak/Lemak,minyak/lemak,0.1,881.0,0.2,99.7,0.0,0.0,0.0,10.0,5.0,0.1,2.0,20.0,0.0,0.0,0.0,0.0,26.90452,,0.01,0.07,0.1,0.0,,per 100g,2026-07-01T04:14:08.471742Z,2026-07-01T04:14:08.471742Z,2,0.913,
tkpi_1086,Minyak Zaitun (Olive oil),minyak zaitun (olive oil),TKPI,https://www.panganku.org/id-ID/view,Minyak/Lemak,minyak/lemak,0.0,884.0,0.0,100.0,0.0,0.0,0.0,14.0,0.0,1.2,7.0,0.0,0.0,0.0,6.14281,0.0,30.019700000000004,,0.0,0.0,5.0,0.1,,per 100g,2026-07-01T04:14:08.471742Z,2026-07-01T04:14:08.471742Z,2,0.913,
tkpi_1087,Margarin (Butter),margarin (butter),TKPI,https://www.panganku.org/id-ID/view,Minyak/Lemak,minyak/lemak,15.5,720.0,0.6,81.0,0.4,0.0,2.5,20.0,16.0,0.0,760.0,25.9,0.0,0.0,606.0,633.0,449.51028,,0.0,0.0,0.0,0.0,,per 100g,2026-07-01T04:14:08.471742Z,2026-07-01T04:14:08.471742Z,2,0.913,
tkpi_1088,Mentega (Margarine),mentega (margarine),TKPI,https://www.panganku.org/id-ID/view,Minyak/Lemak,minyak/lemak,16.0,742.0,0.5,81.6,1.4,0.0,1.9,15.0,16.0,1.1,653.0,103.0,0.0,0.4,1.0,155.0,132.6646,,0.0,0.1,0.0,0.04,,per 100g,2026-07-01T04:14:08.471742Z,2026-07-01T04:14:08.471742Z,2,0.913,
tkpi_1089,Santan (dengan air) (Coconut milk mixed with water),santan (dengan air) (coconut milk mixed with water),TKPI,https://www.panganku.org/id-ID/view,Minyak/Lemak,minyak/lemak,80.0,122.0,2.0,10.0,7.6,1.4,0.4,25.0,30.0,0.1,9.0,162.4,0.16,0.4,0.0,28.82,37.08456,,0.02,0.0,0.5,2.0,,per 100g,2026-07-01T04:14:08.471742Z,2026-07-01T04:14:08.471742Z,2,0.913,
tkpi_1090,"Santan murni (Coconut milk, pured)","santan murni (coconut milk, pured)",TKPI,https://www.panganku.org/id-ID/view,Minyak/Lemak,minyak/lemak,54.9,324.0,4.2,34.3,5.6,0.0,1.0,14.0,45.0,1.9,18.0,514.1,0.37,0.9,0.0,0.0,3.6003,,0.02,0.0,0.5,2.0,,per 100g,2026-07-01T04:14:08.471742Z,2026-07-01T04:14:08.471742Z,2,0.913,
tkpi_1091,"Coklat manis, batang (Chocolate, bar)","coklat manis, batang (chocolate, bar)",TKPI,https://www.panganku.org/id-ID/view,Konfeksioneri,konfeksioneri,1.4,527.0,2.0,29.8,62.7,6.5,4.1,63.0,287.0,2.8,6.0,499.5,0.0,0.0,8.5,73.22882,30.0,,0.03,0.02,0.0,0.0,,per 100g,2026-07-01T04:14:08.471742Z,2026-07-01T04:14:08.471742Z,2,0.913,
tkpi_1092,"Coklat pahit,batang (Chocolate,dark, bar)","coklat pahit,batang (chocolate,dark, bar)",TKPI,https://www.panganku.org/id-ID/view,Konfeksioneri,konfeksioneri,2.3,615.0,5.5,42.6,29.2,10.8,10.1,98.0,446.0,4.4,20.0,708.3,1.7,3.3,7.17654,2.0,60.0,,0.05,0.08,1.0,0.0,,per 100g,2026-07-01T04:14:08.471742Z,2026-07-01T04:14:08.471742Z,2,0.913,
tkpi_1093,"Coklat susu, batang (Chocolate, dairy milk, bar)","coklat susu, batang (chocolate, dairy milk, bar)",TKPI,https://www.panganku.org/id-ID/view,Konfeksioneri,konfeksioneri,1.0,565.0,9.0,35.0,53.6,3.4,1.4,200.0,200.0,2.0,100.0,405.5,0.49,2.3,4.8597399999999995,54.0,30.0,,0.08,0.45,0.5,0.0,,per 100g,2026-07-01T04:14:08.471742Z,2026-07-01T04:14:08.471742Z,2,0.913,
tkpi_1094,"Coklat bubuk (Cacao, powder)","coklat bubuk (cacao, powder)",TKPI,https://www.panganku.org/id-ID/view,Konfeksioneri,konfeksioneri,3.9,311.0,8.0,4.0,48.9,32.6,15.4,125.0,715.0,11.6,378.56416,650.4975,1.5166,7.958000000000001,286.2,70.2908,30.0,,0.12,0.4473999999999999,0.6,4.62,,per 100g,2026-07-01T04:14:08.471742Z,2026-07-01T04:14:08.471742Z,2,0.913,
tkpi_1095,"Gula aren (Sugar, palm)","gula aren (sugar, palm)",TKPI,https://www.panganku.org/id-ID/view,Konfeksioneri,konfeksioneri,7.0,368.0,0.0,0.0,92.0,0.0,1.0,75.0,35.0,3.0,15.0,390.4,0.04,26.4,0.0,0.0,86.00028,,0.0,0.01,0.5,0.0,,per 100g,2026-07-01T04:14:08.471742Z,2026-07-01T04:14:08.471742Z,2,0.913,
tkpi_1096,Gula kelapa,gula kelapa,TKPI,https://www.panganku.org/id-ID/view,Konfeksioneri,konfeksioneri,10.0,386.0,3.0,10.0,76.0,0.0,1.0,76.0,37.0,2.6,2.0,0.0,0.0,0.0,0.0,0.0,11.59096,,0.0,0.34,0.5,0.0,,per 100g,2026-07-01T04:14:08.471742Z,2026-07-01T04:14:08.471742Z,2,0.913,
tkpi_1097,Gula putih (Sugar cane),gula putih (sugar cane),TKPI,https://www.panganku.org/id-ID/view,Konfeksioneri,konfeksioneri,5.4,394.0,0.0,0.0,94.0,0.0,0.6,5.0,1.0,0.1,1.0,4.8,0.0,0.0,0.0,0.0,12.669479999999998,,0.0,0.0,0.0,0.0,,per 100g,2026-07-01T04:14:08.471742Z,2026-07-01T04:14:08.471742Z,2,0.913,
tkpi_1098,"Jam, selai (Jam)","jam, selai (jam)",TKPI,https://www.panganku.org/id-ID/view,Konfeksioneri,konfeksioneri,34.0,239.0,0.5,0.6,64.5,1.0,0.4,20.0,20.0,1.0,30.0,73.1,0.09,0.0,0.0,0.0,3.32,,0.01,0.07,0.0,0.0,,per 100g,2026-07-01T04:14:08.471742Z,2026-07-01T04:14:08.471742Z,2,0.913,
tkpi_1099,"Kopi bubuk instant (Coffee, instant)","kopi bubuk instant (coffee, instant)",TKPI,https://www.panganku.org/id-ID/view,Konfeksioneri,konfeksioneri,2.6,129.0,12.3,0.5,35.0,0.0,9.7,179.0,383.0,5.6,72.0,3.256,0.14,0.0,17.08546,0.0,0.0,,0.0,0.21,30.6,0.0,,per 100g,2026-07-01T04:14:08.471742Z,2026-07-01T04:14:08.471742Z,2,0.913,
tkpi_1100,Madu (Honey),madu (honey),TKPI,https://www.panganku.org/id-ID/view,Konfeksioneri,konfeksioneri,20.0,294.0,0.3,0.0,79.5,0.2,0.2,5.0,16.0,0.9,6.0,26.9,0.04,0.2,0.0,0.0,3.48,,0.0,0.04,0.1,4.0,,per 100g,2026-07-01T04:14:08.471742Z,2026-07-01T04:14:08.471742Z,2,0.913,
tkpi_1101,Markisa squash,markisa squash,TKPI,https://www.panganku.org/id-ID/view,Konfeksioneri,konfeksioneri,46.7,217.0,2.5,1.0,49.6,4.7379999999999995,0.2,6.0,83.0,0.6,14.0,65.0,0.0,0.1,0.0,23.0,75.0,,0.07,0.02,0.0,14.0,,per 100g,2026-07-01T04:14:08.471742Z,2026-07-01T04:14:08.471742Z,2,0.913,
tkpi_1102,"Markisa squash, BD (Squash, markisa)","markisa squash, bd (squash, markisa)",TKPI,https://www.panganku.org/id-ID/view,Konfeksioneri,konfeksioneri,74.4,104.0,1.2,0.5,23.7,5.762,0.2,1.0,88.0,0.5,40.0,40.0,0.0,0.1,0.0,7.0,40.0,,0.2,0.02,0.0,12.0,,per 100g,2026-07-01T04:14:08.471742Z,2026-07-01T04:14:08.471742Z,2,0.913,
tkpi_1103,Melase,melase,TKPI,https://www.panganku.org/id-ID/view,Konfeksioneri,konfeksioneri,21.2,276.0,18.026000000000003,0.1,71.0,0.0,7.7,6.0,83.0,0.6,14.0,249.60069999999996,0.0,0.3,0.0,0.0,44.48443999999999,,0.04,0.2811999999999999,24.090000000000003,0.0,,per 100g,2026-07-01T04:14:08.471742Z,2026-07-01T04:14:08.471742Z,2,0.913,"Bagian dari gula yang tidak mengering setelah dimasak dengan banyaknya campuran yang ditambahkan, dimanfaatkan dalam pembuatan sirop, arak, spiritus, atau sebagai campuran pakan ternak"
tkpi_1104,Sirup (syrup),sirup (syrup),TKPI,https://www.panganku.org/id-ID/view,Konfeksioneri,konfeksioneri,44.0,213.0,0.0,0.0,55.0,0.0,1.0,0.0,0.0,0.0,3.0,4.2,17.6106,1.8959999999999997,2.1460399999999997,0.0,24.650879999999997,,0.0,0.0,0.0,6.78,,per 100g,2026-07-01T04:14:08.471742Z,2026-07-01T04:14:08.471742Z,2,0.913,
tkpi_1105,"Sirup pirous (syrup, pirous)","sirup pirous (syrup, pirous)",TKPI,https://www.panganku.org/id-ID/view,Konfeksioneri,konfeksioneri,43.3,228.0,0.2,0.4,55.9,0.0,0.2,470.0,93.0,29.5,3.0,4.2,5.346800000000003,1.2699999999999998,6.22414,0.0,0.0,,0.0,0.0,0.0,8.0,,per 100g,2026-07-01T04:14:08.471742Z,2026-07-01T04:14:08.471742Z,2,0.913,
tkpi_1106,"Teh hijau daun kering (Tea, leaf, green, dried)","teh hijau daun kering (tea, leaf, green, dried)",TKPI,https://www.panganku.org/id-ID/view,Konfeksioneri,konfeksioneri,7.7,300.0,28.3,4.8,53.6,9.6,5.6,245.0,415.0,18.9,60.0,5.873,0.5,0.0,557.34,8.4,521.082,,0.38,1.24,4.6,230.0,,per 100g,2026-07-01T04:14:08.471742Z,2026-07-01T04:14:08.471742Z,2,0.913,
tkpi_1107,"Teh hitam daun kering (tea, leaf, black, dried)","teh hitam daun kering (tea, leaf, black, dried)",TKPI,https://www.panganku.org/id-ID/view,Konfeksioneri,konfeksioneri,8.0,293.0,24.5,2.8,58.8,8.7,5.9,327.0,313.0,24.3,50.0,5.854,0.0,0.0,0.0,2.7,56.03656000000001,,0.07,0.8,7.6,9.0,,per 100g,2026-07-01T04:14:08.471742Z,2026-07-01T04:14:08.471742Z,2,0.913,
tkpi_1108,"Teh melati daun kering (Tea, jasmine, black, dried)","teh melati daun kering (tea, jasmine, black, dried)",TKPI,https://www.panganku.org/id-ID/view,Konfeksioneri,konfeksioneri,8.1,299.0,24.1,3.5,59.0,9.7,5.3,320.0,185.0,31.6,70.0,5.848,0.53,0.0,0.0,8.4,57.9854,,0.07,0.79,7.3,85.0,,per 100g,2026-07-01T04:14:08.471742Z,2026-07-01T04:14:08.471742Z,2,0.913,
tkpi_1109,"Asam arang coklat, segar","asam arang coklat, segar",TKPI,https://www.panganku.org/id-ID/view,Bumbu,bumbu,66.1,130.0,0.5,1.1,30.9,1.5,1.4,79.0,113.0,4.3,13.0,162.89136,0.0,0.2099999999999999,0.04,745.0,0.0,,0.01,0.2,0.0,0.0,,per 100g,2026-07-01T04:14:08.471742Z,2026-07-01T04:14:08.471742Z,2,0.913,
tkpi_1110,"Asam arang merah, segar (Mysore Gamboge, fresh)","asam arang merah, segar (mysore gamboge, fresh)",TKPI,https://www.panganku.org/id-ID/view,Bumbu,bumbu,75.9,99.0,0.8,1.6,20.3,2.8,1.4,69.0,300.0,4.6,2.0,95.7,0.0,0.1,1.28,529.0,0.0,,0.01,0.34,1.6,0.0,,per 100g,2026-07-01T04:14:08.471742Z,2026-07-01T04:14:08.471742Z,2,0.913,
tkpi_1111,"Asan kandis, kering (Mysore Gamboge, dry)","asan kandis, kering (mysore gamboge, dry)",TKPI,https://www.panganku.org/id-ID/view,Bumbu,bumbu,32.2,261.0,0.9,1.6,63.3,5.0,2.0,192.0,657.0,4.4,26.0,341.4,0.4,0.3,3.29092,0.0,0.0,,0.0,0.0,0.4,0.0,,per 100g,2026-07-01T04:14:08.471742Z,2026-07-01T04:14:08.471742Z,2,0.913,
tkpi_1112,"Asam kandis, segar (Mysore Gamboge, fresh)","asam kandis, segar (mysore gamboge, fresh)",TKPI,https://www.panganku.org/id-ID/view,Bumbu,bumbu,81.5,75.0,0.2,1.1,16.1,3.4,1.1,63.0,139.0,2.5,93.0,93.2,0.1,0.1,0.96,41.0,0.0,,0.01,0.0,0.1,0.0,,per 100g,2026-07-01T04:14:08.471742Z,2026-07-01T04:14:08.471742Z,2,0.913,
tkpi_1113,"Asam masak pohon, segar (Tamarind, fresh)","asam masak pohon, segar (tamarind, fresh)",TKPI,https://www.panganku.org/id-ID/view,Bumbu,bumbu,31.4,267.0,2.8,0.6,62.5,1.2,2.7,74.0,113.0,0.6,9.0,139.5,0.09,0.1,0.44,9.0,30.0,,0.34,0.04,0.7,2.0,,per 100g,2026-07-01T04:14:08.471742Z,2026-07-01T04:14:08.471742Z,2,0.913,
tkpi_1114,"Asam payak, segar (Asam paya/ kelubi/ kuwai-kuwai)","asam payak, segar (asam paya/ kelubi/ kuwai-kuwai)",TKPI,https://www.panganku.org/id-ID/view,Bumbu,bumbu,65.1,135.0,0.8,0.4,32.1,10.0,1.6,60.0,39.0,5.7,0.0,415.14868000000007,0.3847999999999998,0.9899999999999998,0.0,143.62480000000002,0.0,,0.0,0.2681999999999999,1.4560000000000008,0.0,,per 100g,2026-07-01T04:14:08.471742Z,2026-07-01T04:14:08.471742Z,2,0.913,
tkpi_1115,"Bawang merah, segar (Shallot)","bawang merah, segar (shallot)",TKPI,https://www.panganku.org/id-ID/view,Bumbu,bumbu,88.0,46.0,1.5,0.3,9.2,1.7,1.0,36.0,40.0,0.8,7.0,178.6,0.06,0.2,0.0,2.0,6.17,,0.03,0.04,0.2,2.0,,per 100g,2026-07-01T04:14:08.471742Z,2026-07-01T04:14:08.471742Z,2,0.913,
tkpi_1116,"Bawang putih, segar (Garlic)","bawang putih, segar (garlic)",TKPI,https://www.panganku.org/id-ID/view,Bumbu,bumbu,71.0,112.0,4.5,0.2,23.1,0.6,1.8,42.0,134.0,1.0,46.0,665.7,0.09,0.4,0.0,0.0,8.018120000000001,,0.22,0.07,0.3,15.0,,per 100g,2026-07-01T04:14:08.471742Z,2026-07-01T04:14:08.471742Z,2,0.913,
tkpi_1117,"Boros kunci, segar (Rhizomes / Kaemper / Chinesedey)","boros kunci, segar (rhizomes / kaemper / chinesedey)",TKPI,https://www.panganku.org/id-ID/view,Bumbu,bumbu,90.0,40.0,1.0,0.8,7.2,1.0,1.0,50.0,50.0,2.0,33.0,480.0,0.02,0.3,5.9162799999999995,0.0,5.0,,0.08,0.68,1.7,50.0,,per 100g,2026-07-01T04:14:08.471742Z,2026-07-01T04:14:08.471742Z,2,0.913,
tkpi_1118,"Boros laja (lengkuas), segar (Rhizomes / Galanga)","boros laja (lengkuas), segar (rhizomes / galanga)",TKPI,https://www.panganku.org/id-ID/view,Bumbu,bumbu,93.0,26.0,1.0,0.3,4.7,1.1,1.0,50.0,50.0,2.0,24.0,137.1,0.07,0.3,0.0,5.0,5.0,,0.08,0.06,0.3,50.0,,per 100g,2026-07-01T04:14:08.471742Z,2026-07-01T04:14:08.471742Z,2,0.913,
tkpi_1119,"Cabai gembor merah, segar (Chili papper)","cabai gembor merah, segar (chili papper)",TKPI,https://www.panganku.org/id-ID/view,Bumbu,bumbu,90.8,38.0,1.6,0.8,6.3,1.6,0.6,49.0,41.0,1.1,7.0,275.3,0.12,0.2,0.0,5.897,3.24,,0.21,0.12,0.0,16.0,,per 100g,2026-07-01T04:14:08.471742Z,2026-07-01T04:14:08.471742Z,2,0.913,
tkpi_1120,"Cabai hijau, segar (Chili papper)","cabai hijau, segar (chili papper)",TKPI,https://www.panganku.org/id-ID/view,Bumbu,bumbu,93.4,26.0,0.7,0.3,5.2,2.6,0.4,14.0,23.0,0.4,7.0,151.0,0.08,0.2,8.04,44.0,260.0,,0.05,0.06,0.4,84.0,,per 100g,2026-07-01T04:14:08.471742Z,2026-07-01T04:14:08.471742Z,2,0.913,
tkpi_1121,"Cabai merah, kering (Chili papper)","cabai merah, kering (chili papper)",TKPI,https://www.panganku.org/id-ID/view,Bumbu,bumbu,10.0,367.0,15.9,6.2,61.8,26.9,6.1,160.0,370.0,2.3,25.0,181.5,1.2,1.8,620.5,10.955,576.0,,0.4,1.36,4.4,50.0,,per 100g,2026-07-01T04:14:08.471742Z,2026-07-01T04:14:08.471742Z,2,0.913,
tkpi_1122,"Cabai merah, segar (Chili papper)","cabai merah, segar (chili papper)",TKPI,https://www.panganku.org/id-ID/view,Bumbu,bumbu,90.9,36.0,1.0,0.3,7.3,1.4,0.5,29.0,24.0,0.5,23.0,272.4,0.12,0.2,341.86,5.833,470.0,,0.05,0.09,3.0,18.0,,per 100g,2026-07-01T04:14:08.471742Z,2026-07-01T04:14:08.471742Z,2,0.913,
tkpi_1123,"Cabai rawit, segar (Chili papper)","cabai rawit, segar (chili papper)",TKPI,https://www.panganku.org/id-ID/view,Bumbu,bumbu,71.2,120.0,4.7,2.4,19.9,15.2,1.8,45.0,85.0,2.5,34.0,706.2,0.29,0.6,0.0,1.694,11.05,,0.24,0.09,1.7,70.0,,per 100g,2026-07-01T04:14:08.471742Z,2026-07-01T04:14:08.471742Z,2,0.913,
tkpi_1124,"Cengkeh, kering (Cloves, dried)","cengkeh, kering (cloves, dried)",TKPI,https://www.panganku.org/id-ID/view,Bumbu,bumbu,23.3,330.0,5.2,8.9,57.4,10.0,5.2,740.0,100.0,4.9,282.0,961.0,0.3,0.0,273.01624,265.0,318.05944,,200.0,0.0,0.0,27.12,,per 100g,2026-07-01T04:14:08.471742Z,2026-07-01T04:14:08.471742Z,2,0.913,
tkpi_1125,"Daun salam,  bubuk (Bay-leaf)","daun salam, bubuk (bay-leaf)",TKPI,https://www.panganku.org/id-ID/view,Bumbu,bumbu,13.1,301.0,14.2,10.9,49.0,9.4,12.8,86.0,250.0,44.1,180.0,619.0,1.31,0.7,0.0,5.4,73.37758,,0.1,0.32,5.0,0.0,,per 100g,2026-07-01T04:14:08.471742Z,2026-07-01T04:14:08.471742Z,2,0.913,
tkpi_1126,"Jahe, segar (Ginger, root)","jahe, segar (ginger, root)",TKPI,https://www.panganku.org/id-ID/view,Bumbu,bumbu,55.0,51.0,1.5,1.0,10.1,12.0,1.2,21.0,39.0,1.6,12.0,441.7,0.48,0.7,1.72,0.0,9.0,,0.02,0.17,3.3,4.0,,per 100g,2026-07-01T04:14:08.471742Z,2026-07-01T04:14:08.471742Z,2,0.913,
tkpi_1127,Kemiri (Candle nut),kemiri (candle nut),TKPI,https://www.panganku.org/id-ID/view,Bumbu,bumbu,7.0,675.0,19.0,63.0,8.0,3.0,3.0,80.0,200.0,2.0,25.0,430.7,0.23,0.8,5.28308,0.0,0.0,,0.06,0.06,0.4,0.0,,per 100g,2026-07-01T04:14:08.471742Z,2026-07-01T04:14:08.471742Z,2,0.913,
tkpi_1128,"Ketumbar, kering (Coriander, seed)","ketumbar, kering (coriander, seed)",TKPI,https://www.panganku.org/id-ID/view,Bumbu,bumbu,11.2,418.0,14.1,16.1,54.2,12.3,4.4,630.0,370.0,17.9,91.0,1.787,0.95,4.6,2.17126,75.0,1.57,,0.2,0.35,1.8,0.0,,per 100g,2026-07-01T04:14:08.471742Z,2026-07-01T04:14:08.471742Z,2,0.913,
tkpi_1129,Kluwek (Pucungmit),kluwek (pucungmit),TKPI,https://www.panganku.org/id-ID/view,Bumbu,bumbu,51.0,310.0,10.0,24.0,13.5,4.496,1.5,40.0,100.0,2.0,408.88614,309.65644000000003,0.503,1.7799999999999998,85.4201,33.30274,0.0,,0.15,0.4219999999999998,2.1279999999999997,30.0,,per 100g,2026-07-01T04:14:08.471742Z,2026-07-01T04:14:08.471742Z,2,0.913,
tkpi_1130,"Kunyit, segar (Turmeric)","kunyit, segar (turmeric)",TKPI,https://www.panganku.org/id-ID/view,Bumbu,bumbu,84.9,69.0,2.0,2.7,9.1,0.6,1.3,24.0,78.0,3.3,6.0,406.7,0.05,0.4,0.78,12.0,7.952600000000001,,0.03,0.02,0.4,1.0,,per 100g,2026-07-01T04:14:08.471742Z,2026-07-01T04:14:08.471742Z,2,0.913,
tkpi_1131,"Merica, kering (Pepper)","merica, kering (pepper)",TKPI,https://www.panganku.org/id-ID/view,Bumbu,bumbu,12.9,365.0,11.5,6.8,64.4,1.0,4.4,460.0,200.0,16.4,4.0,99.7,0.89,1.1,9.56,0.0,89.61637999999999,,0.2,0.1,2.5,0.0,,per 100g,2026-07-01T04:14:08.471742Z,2026-07-01T04:14:08.471742Z,2,0.913,
tkpi_1132,"Pala, biji, kering (Nutmeg)","pala, biji, kering (nutmeg)",TKPI,https://www.panganku.org/id-ID/view,Bumbu,bumbu,14.3,518.0,7.5,36.4,40.1,3.5,1.7,120.0,240.0,4.6,2.0,78.7,0.94,2.0,0.73628,7.0,10.4676,,0.2,0.02,0.5,0.0,,per 100g,2026-07-01T04:14:08.471742Z,2026-07-01T04:14:08.471742Z,2,0.913,
tkpi_1133,Balichong (Tiny shrimp fermented),balichong (tiny shrimp fermented),TKPI,https://www.panganku.org/id-ID/view,Bumbu,bumbu,59.9,152.0,13.2,0.8,22.9,1.5,3.6,380.0,210.0,2.9,120.0,310.0,0.8,1.1,34.0,0.0,13.792940000000002,,0.01,0.08,0.2,4.06,,per 100g,2026-07-01T04:14:08.471742Z,2026-07-01T04:14:08.471742Z,2,0.913,Udang kecil yang difermentasi
tkpi_1134,Bekasam (Tiny shrimp fermented),bekasam (tiny shrimp fermented),TKPI,https://www.panganku.org/id-ID/view,Bumbu,bumbu,65.5,116.0,11.9,4.9,6.1,3.5,11.6,704.0,757.0,7.5,711.0,176.0,0.8,1.9,93.75374000000002,0.0,54.178,,0.0,0.03,2.1,15.68,,per 100g,2026-07-01T04:14:08.471742Z,2026-07-01T04:14:08.471742Z,2,0.913,Udang kecil yang difermentasi
tkpi_1135,Bekasang (Fermented fish),bekasang (fermented fish),TKPI,https://www.panganku.org/id-ID/view,Bumbu,bumbu,67.1,78.0,11.4,2.0,3.6,0.4,15.9,54.0,97.0,2.6,4.016,121.0,0.2,4.8,292.48,338.40288,622.54,,0.15,0.12,0.6,46.28,,per 100g,2026-07-01T04:14:08.471742Z,2026-07-01T04:14:08.471742Z,2,0.913,Ikan yang difermentasi
tkpi_1136,Cuka (vinegar),cuka (vinegar),TKPI,https://www.panganku.org/id-ID/view,Bumbu,bumbu,94.5,21.0,0.1,0.1,5.0,0.0,0.3,7.0,10.0,0.5,21.0,37.8,0.0,0.0,10.56606,0.0,68.98066,,0.24,0.0,0.7,17.88,,per 100g,2026-07-01T04:14:08.471742Z,2026-07-01T04:14:08.471742Z,2,0.913,
tkpi_1137,Kecap (Soyabean sauce),kecap (soyabean sauce),TKPI,https://www.panganku.org/id-ID/view,Bumbu,bumbu,63.0,71.0,5.7,1.3,9.0,0.0,21.0,123.0,96.0,5.7,1.114,192.93289999999996,0.04,2.4279999999999995,0.0,275.6443,305.32694,,0.0,0.2919999999999999,14.110000000000005,0.0,,per 100g,2026-07-01T04:14:08.471742Z,2026-07-01T04:14:08.471742Z,2,0.913,
tkpi_1138,"Petis ikan (fish,fermented, paste (petis))","petis ikan (fish,fermented, paste (petis))",TKPI,https://www.panganku.org/id-ID/view,Bumbu,bumbu,56.0,165.0,20.0,0.2,20.8,2.2540000000000004,3.0,37.0,36.0,2.8,359.62246,321.67576,6.4769999999999985,1.3220000000000005,41.9,13.47192,0.0,,0.01,0.2,0.8,0.0,,per 100g,2026-07-01T04:14:08.471742Z,2026-07-01T04:14:08.471742Z,2,0.913,
tkpi_1139,"Petis udang kering (shrimp, fermented, dried (petis))","petis udang kering (shrimp, fermented, dried (petis))",TKPI,https://www.panganku.org/id-ID/view,Bumbu,bumbu,8.3,345.0,23.8,1.4,59.3,0.0,7.1,221.0,397.0,3.8,11.998,462.8,0.75,1.9,15.19982,0.0,232.0,,1.02,0.4,2.2,0.0,,per 100g,2026-07-01T04:14:08.471742Z,2026-07-01T04:14:08.471742Z,2,0.913,
tkpi_1140,"Petis udang pasta (shrimp, fermented, paste (petis))","petis udang pasta (shrimp, fermented, paste (petis))",TKPI,https://www.panganku.org/id-ID/view,Bumbu,bumbu,39.0,220.0,15.0,0.9,38.0,2.3,7.1,37.0,36.0,2.8,7.981,307.9,0.5,1.3,5.32472,0.0,0.0,,0.01,0.13,1.7,0.0,,per 100g,2026-07-01T04:14:08.471742Z,2026-07-01T04:14:08.471742Z,2,0.913,
tkpi_1141,"Saos tomat (Tomato, sauce)","saos tomat (tomato, sauce)",TKPI,https://www.panganku.org/id-ID/view,Bumbu,bumbu,69.5,110.0,2.0,0.4,24.5,0.9,3.6,12.0,18.0,0.8,890.0,129.6,0.18,0.3,133.38,357.0,570.0,,0.09,0.06,1.7,11.0,,per 100g,2026-07-01T04:14:08.471742Z,2026-07-01T04:14:08.471742Z,2,0.913,
tkpi_1142,"Tempoya (durian, fermented)","tempoya (durian, fermented)",TKPI,https://www.panganku.org/id-ID/view,Bumbu,bumbu,70.1,110.0,1.7,1.3,21.9,2.6,5.0,190.0,45.0,2.9,597.0,486.3,5.2976,0.7380000000000001,39.78402,71.0,105.79024000000004,,0.3,0.04,1.1,0.0,,per 100g,2026-07-01T04:14:08.471742Z,2026-07-01T04:14:08.471742Z,2,0.913,Daging durian yang difermentasi
tkpi_1143,"Terasi (Fish, fermented, paste (terasi))","terasi (fish, fermented, paste (terasi))",TKPI,https://www.panganku.org/id-ID/view,Bumbu,bumbu,33.8,155.0,22.3,2.9,9.9,2.7,31.1,3.812,726.0,78.5,1.664,821.4,0.99,2.4,13.52914,0.0,0.0,,0.24,0.0,3.3,0.0,,per 100g,2026-07-01T04:14:08.471742Z,2026-07-01T04:14:08.471742Z,2,0.913,
tkpi_1144,Terasi dobo,terasi dobo,TKPI,https://www.panganku.org/id-ID/view,Bumbu,bumbu,58.4,191.0,33.1,3.6,6.6,1.6,11.5,2.25,1.13,22.9,650.0,1.26,2.9,5.0,134.07634,0.0,109.77756000000004,,3.74,0.22,2.0,0.52,,per 100g,2026-07-01T04:14:08.471742Z,2026-07-01T04:14:08.471742Z,2,0.913,Udang yang difermentasi
tkpi_1145,Terasi merah,terasi merah,TKPI,https://www.panganku.org/id-ID/view,Bumbu,bumbu,40.0,174.0,30.0,3.5,5.6,2.2,20.4,100.0,150.0,3.1,7.85,302.8,0.49,1.2,5.39898,0.0,0.0,,0.0,0.12,1.7,0.0,,per 100g,2026-07-01T04:14:08.471742Z,2026-07-01T04:14:08.471742Z,2,0.913,
tkpi_1146,"Kelapa muda, air, segar (Coconut, young,  water, fresh)","kelapa muda, air, segar (coconut, young, water, fresh)",TKPI,https://www.panganku.org/id-ID/view,Minuman Non Alkohol,minuman non alkohol,95.5,17.0,0.2,0.1,3.8,0.0,0.4,15.0,8.0,0.2,1.0,149.0,0.04,0.1,0.0,0.0,57.98269999999999,,0.0,0.0,0.0,1.0,,per 100g,2026-07-01T04:14:08.471742Z,2026-07-01T04:14:08.471742Z,2,0.913,
myfcd_0001,"BISCUIT, COCONUT","biscuit, coconut",MyFCD,https://myfcd.moh.gov.my/myfcdcurrent/index.php/site/detail_product/R101061/0/20/0/0/0,Cereals and grain products,cereals and grain products,2.2267,450.4433,8.3233,17.4433,65.04,5.2,1.7667,67.70755200000004,100.97657400000004,1.471962,391.485354,406.3458580000001,0.0099379999999999,0.7143200000000001,0.034398,0.0,16.88752,,0.5322420000000002,0.3320299999999999,6.874150000000001,0.9969240000000004,,per 100g,2026-07-01T04:14:10.551444Z,2026-07-01T04:14:10.551444Z,2,0.913,"{""dg"":"""",""dc"":""""}"
myfcd_0002,"BISCUIT, LEMON PUFF","biscuit, lemon puff",MyFCD,https://myfcd.moh.gov.my/myfcdcurrent/index.php/site/detail_product/R101069/0/20/0/0/0,Cereals and grain products,cereals and grain products,2.66,454.685,7.87,18.7983,63.505,5.1667,2.0,83.6667,107.3333,1.49,518.6667,71.75,0.0001,0.5667,0.04,0.0,28.08392,,0.9127,0.0967,0.0,0.0,,per 100g,2026-07-01T04:14:10.551444Z,2026-07-01T04:14:10.551444Z,2,0.913,"{""dg"":"""",""dc"":""""}"
myfcd_0003,"BISCUIT, MARIE","biscuit, marie",MyFCD,https://myfcd.moh.gov.my/myfcdcurrent/index.php/site/detail_product/R101070/0/20/0/0/0,Cereals and grain products,cereals and grain products,3.8933,446.16,8.4633,16.8933,65.0667,3.5833,2.1,70.5,100.1667,1.55,575.5,95.6,0.04,0.5783,0.0,0.0,23.0768,,0.155,0.085,0.5183,0.0,,per 100g,2026-07-01T04:14:10.551444Z,2026-07-01T04:14:10.551444Z,2,0.913,"{""dg"":"""",""dc"":""""}"
myfcd_0004,"BISCUIT, MILK (BISKUT SUSU)","biscuit, milk (biskut susu)",MyFCD,https://myfcd.moh.gov.my/myfcdcurrent/index.php/site/detail_product/R101071/0/20/0/0/0,Cereals and grain products,cereals and grain products,2.8317,472.5,8.825,21.4183,58.2467,5.7633,2.9167,391.5,116.0,3.0833,641.1667,123.0,0.0001,0.5983,0.0468,0.0,25.937620000000003,,0.0767,0.2783,0.0,0.0,,per 100g,2026-07-01T04:14:10.551444Z,2026-07-01T04:14:10.551444Z,2,0.913,"{""dg"":"""",""dc"":""""}"
myfcd_0005,CROISSANT,croissant,MyFCD,https://myfcd.moh.gov.my/myfcdcurrent/index.php/site/detail_product/R101081/0/20/0/0/0,Cereals and grain products,cereals and grain products,16.28,413.58,8.6725,20.25,37.2469,4.2375,1.4,65.97218200000002,85.5,1.4095819999999994,444.6239739999999,276.023884,0.000924,0.6986359999999999,0.0,0.0,3.64752,,0.113578,0.476866,6.824620000000001,2.3095200000000005,,per 100g,2026-07-01T04:14:10.551444Z,2026-07-01T04:14:10.551444Z,2,0.913,"{""dg"":"""",""dc"":""""}"
myfcd_0006,"BREAD, RAISIN (ROTI KISMIS)","bread, raisin (roti kismis)",MyFCD,https://myfcd.moh.gov.my/myfcdcurrent/index.php/site/detail_product/R101086/0/20/0/0/0,Cereals and grain products,cereals and grain products,3.062,449.212,9.924,19.252,59.062,6.5,2.2,5116.8,32956.4,304.04,102198.4,23128.2,200.3205,2608.8,0.0118,0.0,169.11458,,0.172,5.342,2.364,0.0,,per 100g,2026-07-01T04:14:10.551444Z,2026-07-01T04:14:10.551444Z,2,0.913,"{""dg"":"""",""dc"":""""}"
myfcd_0007,"BUN, CHEESE (BAN KEJU)","bun, cheese (ban keju)",MyFCD,https://myfcd.moh.gov.my/myfcdcurrent/index.php/site/detail_product/R101094/0/20/0/0/0,Cereals and grain products,cereals and grain products,16.7817,415.3967,12.2167,20.2567,46.0567,2.8767,1.8133,56.41868200000001,240.119918,1.593924,428.38333599999993,362.05757199999994,0.0042099999999999,1.5828239999999991,0.0021299999999999,0.4432579999999999,0.3425999999999999,,0.124622,0.496348,6.982578000000002,2.0249480000000006,,per 100g,2026-07-01T04:14:10.551444Z,2026-07-01T04:14:10.551444Z,2,0.913,"{""dg"":"""",""dc"":""""}"
myfcd_0008,"Bun, coconut (Ban kelapa)","bun, coconut (ban kelapa)",MyFCD,https://myfcd.moh.gov.my/myfcdcurrent/index.php/site/detail_product/R101096/0/20/0/0/0,Cereals and grain products,cereals and grain products,29.3667,323.24161200000015,7.2167,6.8833,51.05,4.4333,1.05,65.2667,64.9,1.0,197.5333,105.8667,0.0001,0.8333,0.0,0.0,700.32,,0.102766,0.4138759999999999,0.3376139999999999,3.4833,,per 100g,2026-07-01T04:14:10.551444Z,2026-07-01T04:14:10.551444Z,2,0.913,
myfcd_0009,"Bun, kaya (Ban kaya)","bun, kaya (ban kaya)",MyFCD,https://myfcd.moh.gov.my/myfcdcurrent/index.php/site/detail_product/R101099/0/20/0/0/0,Cereals and grain products,cereals and grain products,30.4,298.8658640000001,7.1333,2.9,54.7333,3.9333,0.9,61.9,58.8,0.6667,170.3333,80.4667,0.0001,0.7333,0.0169399999999999,0.0,663.12,,0.0814979999999999,0.199054,0.305638,2.0667,,per 100g,2026-07-01T04:14:10.551444Z,2026-07-01T04:14:10.551444Z,2,0.913,
myfcd_0010,"Bun, potato (Ban kentang)","bun, potato (ban kentang)",MyFCD,https://myfcd.moh.gov.my/myfcdcurrent/index.php/site/detail_product/R101100/0/20/0/0/0,Cereals and grain products,cereals and grain products,29.65,334.69412800000015,9.15,8.9833,46.2667,4.65,1.3,45.15,89.1,0.9167,274.2,140.5667,0.0001,0.95,0.0355,0.0,97.848,,0.0918959999999999,0.1454499999999999,7.334456000000001,2.85,,per 100g,2026-07-01T04:14:10.551444Z,2026-07-01T04:14:10.551444Z,2,0.913,
myfcd_0011,"Bun, red beans (Ban kacang merah)","bun, red beans (ban kacang merah)",MyFCD,https://myfcd.moh.gov.my/myfcdcurrent/index.php/site/detail_product/R101102/0/20/0/0/0,Cereals and grain products,cereals and grain products,28.0333,301.4678120000001,7.9333,5.8333,52.4,4.7,1.1,79.9667,70.6333,1.0667,169.1333,130.2,0.0001,0.9333,0.0194079999999999,0.0,316.082,,0.096534,0.209894,1.9076999999999993,2.9,,per 100g,2026-07-01T04:14:10.551444Z,2026-07-01T04:14:10.551444Z,2,0.913,
myfcd_0012,"COOKIES, PEANUT","cookies, peanut",MyFCD,https://myfcd.moh.gov.my/myfcdcurrent/index.php/site/detail_product/R101109/0/20/0/0/0,Cereals and grain products,cereals and grain products,1.2733,508.4933,11.6133,26.1867,56.59,2.9,1.4367,88.87934000000001,284.3697899999999,1.6502119999999996,379.77667600000007,566.726866,0.006572,1.0289300000000003,0.002456,0.4432579999999999,63.89800000000002,,0.5557140000000003,0.59103,7.484958000000002,2.288454000000001,,per 100g,2026-07-01T04:14:10.551444Z,2026-07-01T04:14:10.551444Z,2,0.913,"{""dg"":"""",""dc"":""""}"
myfcd_0013,"MUFFIN, CHOCOLATE","muffin, chocolate",MyFCD,https://myfcd.moh.gov.my/myfcdcurrent/index.php/site/detail_product/R101112/0/20/0/0/0,Cereals and grain products,cereals and grain products,10.92,441.7217,7.5017,19.4483,59.17,3.8967,1.0117,52.1667,85.6667,1.2548160000000002,322.3333,144.3333,0.001894,0.648858,0.0,0.0,25.98246,,0.1332719999999999,0.4468079999999999,7.070230000000001,2.576786,,per 100g,2026-07-01T04:14:10.551444Z,2026-07-01T04:14:10.551444Z,2,0.913,"{""dg"":"""",""dc"":""""}"
myfcd_0014,"MUFFIN, VANILLA","muffin, vanilla",MyFCD,https://myfcd.moh.gov.my/myfcdcurrent/index.php/site/detail_product/R101113/0/20/0/0/0,Cereals and grain products,cereals and grain products,44.95935999999999,235.3132100000001,7.603773999999999,11.056431999999994,34.30327,8.038511999999999,1.4066360000000002,85.05969200000001,177.83565599999986,1.145454,326.646372,406.20901,0.0001919999999999,0.793188,0.0,0.0,0.02,,0.093576,1.0731139999999997,8.669418000000002,4.708853999999998,,per 100g,2026-07-01T04:14:10.551444Z,2026-07-01T04:14:10.551444Z,2,0.913,"{""dg"":"""",""dc"":""""}"
myfcd_0015,"CEREAL, BREAKFAST, BRAN FLAKES","cereal, breakfast, bran flakes",MyFCD,https://myfcd.moh.gov.my/myfcdcurrent/index.php/site/detail_product/R101115/0/20/0/0/0,Cereals and grain products,cereals and grain products,4.175,263.45,14.595,1.59,47.69,27.52,4.43,234.2564320000001,436.8159059999998,2.166631999999999,119.85330199999994,1118.4372580000004,0.003394,2.239136,0.0628059999999999,0.0,392.14784,,0.119736,0.8020200000000002,10.120946000000002,3.9897699999999983,,per 100g,2026-07-01T04:14:10.551444Z,2026-07-01T04:14:10.551444Z,2,0.913,"{""dg"":"""",""dc"":""""}"
myfcd_0016,"CEREAL, BREAKFAST, CHOCOLATE FLAVOURED","cereal, breakfast, chocolate flavoured",MyFCD,https://myfcd.moh.gov.my/myfcdcurrent/index.php/site/detail_product/R101116/0/20/0/0/0,Cereals and grain products,cereals and grain products,2.6033,359.31,6.3767,0.35,82.6633,5.5633,2.4433,58.12163000000003,79.31417200000001,1.433974,169.76453999999998,401.826246,0.0051519999999999,0.7079439999999999,0.100584,0.0,494.43568,,0.5432920000000001,0.298098,7.149332,2.1142060000000007,,per 100g,2026-07-01T04:14:10.551444Z,2026-07-01T04:14:10.551444Z,2,0.913,"{""dg"":"""",""dc"":""""}"
myfcd_0017,"CEREAL, BREAKFAST, GRANOLA","cereal, breakfast, granola",MyFCD,https://myfcd.moh.gov.my/myfcdcurrent/index.php/site/detail_product/R101117/0/20/0/0/0,Cereals and grain products,cereals and grain products,3.64,436.9133,9.44,18.1533,58.9433,8.4767,1.3467,95.702074,291.414012,1.5369540000000002,287.97409999999996,355.36108400000006,0.0059679999999999,0.8141699999999998,0.0099519999999999,0.0,4.35414,,0.13087,1.0943820000000002,7.119804000000001,2.836322,,per 100g,2026-07-01T04:14:10.551444Z,2026-07-01T04:14:10.551444Z,2,0.913,"{""dg"":"""",""dc"":""""}"
myfcd_0018,"CEREAL, BREAKFAST, MULTICOLOURED, SUGAR-FILLED RING SHAPED","cereal, breakfast, multicoloured, sugar-filled ring shaped",MyFCD,https://myfcd.moh.gov.my/myfcdcurrent/index.php/site/detail_product/R101118/0/20/0/0/0,Cereals and grain products,cereals and grain products,3.4233,366.3533,7.21,1.0733,81.9633,4.3767,1.9533,62.409924000000025,83.35582600000002,1.41906,212.20634,392.59817599999985,0.0059139999999999,0.701078,0.1046639999999999,0.0,463.66784,,0.131734,0.0801139999999999,7.439382,2.0484800000000005,,per 100g,2026-07-01T04:14:10.551444Z,2026-07-01T04:14:10.551444Z,2,0.913,"{""dg"":"""",""dc"":""""}"
myfcd_0019,"CEREAL, BREAKFAST, OAT/MULTIGRAIN","cereal, breakfast, oat/multigrain",MyFCD,https://myfcd.moh.gov.my/myfcdcurrent/index.php/site/detail_product/R101119/0/20/0/0/0,Cereals and grain products,cereals and grain products,44.95935999999999,235.3132100000001,7.603773999999999,11.056431999999994,34.30327,8.038511999999999,1.4066360000000002,85.05969200000001,177.83565599999986,1.145454,326.646372,406.20901,0.0001919999999999,0.793188,0.0,0.0,0.02,,0.093576,1.0731139999999997,8.669418000000002,4.708853999999998,,per 100g,2026-07-01T04:14:10.551444Z,2026-07-01T04:14:10.551444Z,2,0.913,"{""dg"":"""",""dc"":""""}"
myfcd_0020,"COOKIES/CRACKERS, SANDWICH WITH FLAVOURED CREAM OREO","cookies/crackers, sandwich with flavoured cream oreo",MyFCD,https://myfcd.moh.gov.my/myfcdcurrent/index.php/site/detail_product/R101121/0/20/0/0/0,Cereals and grain products,cereals and grain products,1.3833,462.88,5.7867,18.4267,68.4733,3.9567,1.9733,58.58283600000002,97.99387,1.4706019999999995,363.5846820000001,442.9619919999999,0.003476,0.6485880000000002,0.10215,0.0,76.29462000000001,,0.5654820000000002,0.218156,7.30445,1.006676,,per 100g,2026-07-01T04:14:10.551444Z,2026-07-01T04:14:10.551444Z,2,0.913,"{""dg"":"""",""dc"":""""}"
myfcd_0021,Breadfruits chips (Kerepek sukun),breadfruits chips (kerepek sukun),MyFCD,https://myfcd.moh.gov.my/myfcdcurrent/index.php/site/detail_product/R102002/0/20/0/0/0,"Starchy roots, tubers and products","starchy roots, tubers and products",1.015,493.0443419999997,2.19,40.5425,50.728718,8.2625,2.1875,72.0,51.25,1.234598,309.0,901.0,0.00305,0.6642619999999999,0.0,0.0,157.04974,,0.5746720000000003,1.1757020000000005,7.901694,2.4793200000000017,,per 100g,2026-07-01T04:14:10.551444Z,2026-07-01T04:14:10.551444Z,2,0.913,
myfcd_0022,"Flour, sago (Tepung sagu)","flour, sago (tepung sagu)",MyFCD,https://myfcd.moh.gov.my/myfcdcurrent/index.php/site/detail_product/R102004/0/20/0/0/0,"Starchy roots, tubers and products","starchy roots, tubers and products",10.5633,322.0350120000001,0.2017,0.0983,69.82987200000001,2.3917,0.115,3.1667,10.6667,1.28,7.0,12.5,0.0002,0.31,0.1072139999999999,0.4432579999999999,499.59688,,0.098984,0.033934,0.9330640000000002,2.7921799999999997,,per 100g,2026-07-01T04:14:10.551444Z,2026-07-01T04:14:10.551444Z,2,0.913,
myfcd_0023,"Potato chips, spicy (Keropok ubi kentang berperisa rempah pedas)","potato chips, spicy (keropok ubi kentang berperisa rempah pedas)",MyFCD,https://myfcd.moh.gov.my/myfcdcurrent/index.php/site/detail_product/R102007/0/20/0/0/0,"Starchy roots, tubers and products","starchy roots, tubers and products",2.62,484.0405339999997,6.052,26.45,39.36197800000001,6.276,3.348,1.6,141.0,1.466,662.6,742.6,0.0007,0.692,0.0,0.0,134.50358000000003,,0.5736040000000002,1.2099180000000005,8.264998000000002,2.054126,,per 100g,2026-07-01T04:14:10.551444Z,2026-07-01T04:14:10.551444Z,2,0.913,
myfcd_0024,"Sweet potato, red, chips (Kerepek ubi keledek)","sweet potato, red, chips (kerepek ubi keledek)",MyFCD,https://myfcd.moh.gov.my/myfcdcurrent/index.php/site/detail_product/R102012/0/20/0/0/0,"Starchy roots, tubers and products","starchy roots, tubers and products",2.2425,422.654792,3.815,19.1625,73.40841800000003,5.375,2.3125,55.6667,112.25,1.3941039999999998,178.6667,606.0,0.0027999999999999,0.66939,0.101036,0.0,30.222259999999995,,0.5486260000000002,0.3240819999999999,7.4478,1.147068,,per 100g,2026-07-01T04:14:10.551444Z,2026-07-01T04:14:10.551444Z,2,0.913,
myfcd_0025,"TAPIOCA CHIPS, BARBEQUE (KEREPEK UBI KAYU PERISA BARBEQUE)","tapioca chips, barbeque (kerepek ubi kayu perisa barbeque)",MyFCD,https://myfcd.moh.gov.my/myfcdcurrent/index.php/site/detail_product/R102015/0/20/0/0/0,"Starchy roots, tubers and products","starchy roots, tubers and products",1.348,464.7294120000001,1.758,21.79,49.45286800000002,7.03,2.542,46.8,78.8,1.5806919999999998,486.0,454.2,0.005264,0.657672,0.0,0.0,270.35784,,0.5749400000000002,1.1946820000000005,6.862860000000001,1.908088,,per 100g,2026-07-01T04:14:10.551444Z,2026-07-01T04:14:10.551444Z,2,0.913,"{""dg"":"""",""dc"":""""}"
myfcd_0026,"TAPIOCA CHIPS, BLACK PEPPER (KEREPEK UBI KAYU PERISA LADA HITAM)","tapioca chips, black pepper (kerepek ubi kayu perisa lada hitam)",MyFCD,https://myfcd.moh.gov.my/myfcdcurrent/index.php/site/detail_product/R102016/0/20/0/0/0,"Starchy roots, tubers and products","starchy roots, tubers and products",0.9967,480.9144799999998,0.8667,24.5667,48.803996000000026,6.72,2.23,46.3333,80.6667,1.4571259999999997,410.6667,516.6667,0.003052,0.6465119999999998,0.0,0.0,192.6888,,0.5747400000000003,1.1840200000000003,7.236060000000001,2.203720000000001,,per 100g,2026-07-01T04:14:10.551444Z,2026-07-01T04:14:10.551444Z,2,0.913,"{""dg"":"""",""dc"":""""}"
myfcd_0027,"TAPIOCA CHIPS, PLAIN, SALTED (KEREPEK UBI KAYU, BERGARAM)","tapioca chips, plain, salted (kerepek ubi kayu, bergaram)",MyFCD,https://myfcd.moh.gov.my/myfcdcurrent/index.php/site/detail_product/R102017/0/20/0/0/0,"Starchy roots, tubers and products","starchy roots, tubers and products",1.09,469.0084640000001,1.95,23.2333,49.43473800000002,5.765,2.4467,54.51750199999999,84.6667,1.6062319999999997,449.0933420000001,434.395236,0.005106,0.6416239999999999,0.0,0.0,285.08,,0.5730340000000003,0.666958,6.830014000000001,2.0064540000000006,,per 100g,2026-07-01T04:14:10.551444Z,2026-07-01T04:14:10.551444Z,2,0.913,"{""dg"":"""",""dc"":""""}"
myfcd_0028,"TAPIOCA CHIPS, PLAIN, UNSALTED (KEREPEK UBI KAYU, TANPA GARAM)","tapioca chips, plain, unsalted (kerepek ubi kayu, tanpa garam)",MyFCD,https://myfcd.moh.gov.my/myfcdcurrent/index.php/site/detail_product/R102018/0/20/0/0/0,"Starchy roots, tubers and products","starchy roots, tubers and products",1.3633,492.2509859999999,1.3,26.85,47.70804200000002,6.0433,1.77,71.2,87.1667,1.428342,384.2,591.8,0.002834,0.664856,0.0,0.0,172.89542,,0.5557140000000002,0.6650539999999999,7.831934000000001,2.1788060000000007,,per 100g,2026-07-01T04:14:10.551444Z,2026-07-01T04:14:10.551444Z,2,0.913,"{""dg"":"""",""dc"":""""}"
myfcd_0029,"TAPIOCA CHIPS, SPICY (KEREPEK UBI KAYU PEDAS)","tapioca chips, spicy (kerepek ubi kayu pedas)",MyFCD,https://myfcd.moh.gov.my/myfcdcurrent/index.php/site/detail_product/R102019/0/20/0/0/0,"Starchy roots, tubers and products","starchy roots, tubers and products",0.78,462.1261239999999,1.2433,21.425,48.965556000000014,6.3783,2.0717,1.8333,63.5,1.286,403.2,355.5,0.0019,0.584,0.0,0.0,244.7856,,0.5747400000000003,1.1831120000000004,7.537444000000002,2.171722000000001,,per 100g,2026-07-01T04:14:10.551444Z,2026-07-01T04:14:10.551444Z,2,0.913,"{""dg"":"""",""dc"":""""}"
myfcd_0030,BLACK EYE BEAN (KACANG MATA HITAM),black eye bean (kacang mata hitam),MyFCD,https://myfcd.moh.gov.my/myfcdcurrent/index.php/site/detail_product/R103003/0/20/0/0/0,Legumes and legume products,legumes and legume products,10.965,306.7164000000001,20.2583,0.5417,27.227644,19.9917,3.6417,84.6,344.8333,2.095996,19.2,1149.1667,0.0075419999999999,2.0826179999999987,0.0,0.0,34.81163999999999,,0.135718,1.118094,11.149560000000005,3.8238419999999977,,per 100g,2026-07-01T04:14:10.551444Z,2026-07-01T04:14:10.551444Z,2,0.913,"{""dg"":"""",""dc"":""""}"
myfcd_0031,CAROB FLOUR (TEPUNG KACANG KUDA),carob flour (tepung kacang kuda),MyFCD,https://myfcd.moh.gov.my/myfcdcurrent/index.php/site/detail_product/R103004/0/20/0/0/0,Legumes and legume products,legumes and legume products,10.54,304.4798240000001,21.1133,1.7383,32.36702600000002,11.3067,2.5733,1.5,303.8333,2.6417,11.2,592.6667,0.0006,2.3017,0.0,0.0,16.693640000000002,,0.13632,1.1059880000000002,8.713620000000002,4.102351999999998,,per 100g,2026-07-01T04:14:10.551444Z,2026-07-01T04:14:10.551444Z,2,0.913,"{""dg"":"""",""dc"":""""}"
myfcd_0032,"SAUCE, SOYA, DARK","sauce, soya, dark",MyFCD,https://myfcd.moh.gov.my/myfcdcurrent/index.php/site/detail_product/R103033/0/20/0/0/0,Legumes and legume products,legumes and legume products,8.095,347.3017,31.926,19.2217,16.9717,24.2283,4.8783,282.2,487.4,2.880091999999999,25.0,2275.4,0.0052159999999999,3.107368,0.0,0.0,114.21116000000002,,0.136784,1.1437640000000002,10.936796,2.707924,,per 100g,2026-07-01T04:14:10.551444Z,2026-07-01T04:14:10.551444Z,2,0.913,"{""dg"":"""",""dc"":""""}"
myfcd_0033,"SAUCE, SOYA, LIGHT","sauce, soya, light",MyFCD,https://myfcd.moh.gov.my/myfcdcurrent/index.php/site/detail_product/R103034/0/20/0/0/0,Legumes and legume products,legumes and legume products,59.9633,99.64,2.68,0.0,22.23,2.4067,12.72,215.782644,235.973568,1.6418519999999994,207.499306,847.8412780000004,0.0025939999999999,0.8766200000000001,0.0,0.8082939999999996,638.36,,0.09661,0.4560100000000001,12.209718000000004,6.1467719999999995,,per 100g,2026-07-01T04:14:10.551444Z,2026-07-01T04:14:10.551444Z,2,0.913,"{""dg"":"""",""dc"":""""}"
myfcd_0034,PEANUT BUTTER CHOCOLATE STRIPES,peanut butter chocolate stripes,MyFCD,https://myfcd.moh.gov.my/myfcdcurrent/index.php/site/detail_product/R104034/0/20/0/0/0,"Nuts, seeds and products","nuts, seeds and products",2.18,513.7683,20.3833,45.275,9.966,22.615,3.3567,161.8333,367.3333,2.4528379999999994,386.1667,1317.0,0.0061919999999999,2.9857839999999993,0.0,0.0,94.52778000000002,,0.5727360000000002,1.2440060000000004,9.893344000000006,3.0426719999999996,,per 100g,2026-07-01T04:14:10.551444Z,2026-07-01T04:14:10.551444Z,2,0.913,"{""dg"":"""",""dc"":""""}"
myfcd_0035,BABY CORN (JAGUNG SAYUR),baby corn (jagung sayur),MyFCD,https://myfcd.moh.gov.my/myfcdcurrent/index.php/site/detail_product/R105006/0/20/0/0/0,Vegetables and vegetable products,vegetables and vegetable products,91.05,37.0,2.1667,0.1,6.1167,1.4167,0.55,15.3667,40.0333,0.3,3.5833,133.3333,0.0001,0.4833,0.0,0.8343679999999997,46.647360000000006,,0.0618939999999999,0.422316,9.764308000000002,8.9,,per 100g,2026-07-01T04:14:10.551444Z,2026-07-01T04:14:10.551444Z,2,0.913,"{""dg"":"""",""dc"":""""}"
myfcd_0036,"CAPSICUM, GREEN (LADA BENGALA, HIJAU)","capsicum, green (lada bengala, hijau)",MyFCD,https://myfcd.moh.gov.my/myfcdcurrent/index.php/site/detail_product/R105022/0/20/0/0/0,Vegetables and vegetable products,vegetables and vegetable products,95.3,20.3333,0.6833,0.15,3.4,1.3,0.45,9.5333,15.7667,0.4333,14.35,99.9833,0.0001,0.1667,0.0,0.8343679999999997,448.74096,,0.0602919999999999,0.4018639999999999,2.7975179999999993,4.6333,,per 100g,2026-07-01T04:14:10.551444Z,2026-07-01T04:14:10.551444Z,2,0.913,"{""dg"":"""",""dc"":""""}"
myfcd_0037,"CAPSICUM, RED (LADA BENGALA, MERAH)","capsicum, red (lada bengala, merah)",MyFCD,https://myfcd.moh.gov.my/myfcdcurrent/index.php/site/detail_product/R105023/0/20/0/0/0,Vegetables and vegetable products,vegetables and vegetable products,93.4667,28.8333,0.8667,0.1833,4.9333,1.95,0.5333,9.3167,20.7167,0.75,17.9,134.2167,0.0001,0.5,0.0,0.8343679999999997,71.55720000000001,,0.0596899999999999,0.4174219999999999,9.760240000000003,11.0,,per 100g,2026-07-01T04:14:10.551444Z,2026-07-01T04:14:10.551444Z,2,0.913,"{""dg"":"""",""dc"":""""}"
myfcd_0038,"CAPSICUM, YELLOW (LADA BENGALA, KUNING)","capsicum, yellow (lada bengala, kuning)",MyFCD,https://myfcd.moh.gov.my/myfcdcurrent/index.php/site/detail_product/R105024/0/20/0/0/0,Vegetables and vegetable products,vegetables and vegetable products,93.1167,28.6667,0.85,0.0333,5.3667,1.8167,0.6333,7.2167,16.0,0.5333,13.15,132.0667,0.0001,0.1833,0.0,0.8343679999999997,194.47826,,0.0598899999999999,0.4114159999999999,10.197806000000003,11.4,,per 100g,2026-07-01T04:14:10.551444Z,2026-07-01T04:14:10.551444Z,2,0.913,"{""dg"":"""",""dc"":""""}"
myfcd_0039,"SAUCE, CHILI THAI","sauce, chili thai",MyFCD,https://myfcd.moh.gov.my/myfcdcurrent/index.php/site/detail_product/R105150/0/20/0/0/0,Vegetables and vegetable products,vegetables and vegetable products,44.95935999999999,235.3132100000001,7.603773999999999,11.056431999999994,34.30327,8.038511999999999,1.4066360000000002,85.05969200000001,177.83565599999986,1.145454,326.646372,406.20901,0.0001919999999999,0.793188,0.0,0.0,0.02,,0.093576,1.0731139999999997,8.669418000000002,4.708853999999998,,per 100g,2026-07-01T04:14:10.551444Z,2026-07-01T04:14:10.551444Z,2,0.913,"{""dg"":"""",""dc"":""""}"
myfcd_0040,"DRAGON FRUIT, RED (BUAH NAGA, ISI MERAH)","dragon fruit, red (buah naga, isi merah)",MyFCD,https://myfcd.moh.gov.my/myfcdcurrent/index.php/site/detail_product/R106035/0/20/0/0/0,Fruits and fruit products,fruits and fruit products,86.7667,51.3333,1.3667,0.0667,10.9,0.8667,0.5667,8.9667,23.9333,0.1333,16.3,167.0667,0.0002,0.4667,0.0,0.8343679999999997,374.4117,,0.0566739999999999,0.4174219999999999,9.710308000000005,2.3667,,per 100g,2026-07-01T04:14:10.551444Z,2026-07-01T04:14:10.551444Z,2,0.913,"{""dg"":"""",""dc"":""""}"
myfcd_0041,"DRAGON FRUIT, WHITE (BUAH NAGA, ISI PUTIH)","dragon fruit, white (buah naga, isi putih)",MyFCD,https://myfcd.moh.gov.my/myfcdcurrent/index.php/site/detail_product/R106036/0/20/0/0/0,Fruits and fruit products,fruits and fruit products,87.05,52.5,1.6,0.15,10.55,1.1,0.65,7.75,24.5,0.2,16.95,181.95,0.0001,0.45,0.0,0.8343679999999997,269.8397,,0.0566059999999999,0.4174219999999999,10.147874000000003,2.55,,per 100g,2026-07-01T04:14:10.551444Z,2026-07-01T04:14:10.551444Z,2,0.913,"{""dg"":"""",""dc"":""""}"
myfcd_0042,HONEYDEW (TEMBIKAI SUSU),honeydew (tembikai susu),MyFCD,https://myfcd.moh.gov.my/myfcdcurrent/index.php/site/detail_product/R106051/0/20/0/0/0,Fruits and fruit products,fruits and fruit products,94.5,23.5,0.35,0.35,4.325,0.9,0.475,9.85,12.55,0.175,24.4,92.625,0.0001,0.225,0.0,0.8343679999999997,129.2445,,0.0568079999999999,0.4077839999999999,2.7466179999999993,2.575,,per 100g,2026-07-01T04:14:10.551444Z,2026-07-01T04:14:10.551444Z,2,0.913,"{""dg"":"""",""dc"":""""}"
myfcd_0043,LYCHEE IN TIN,lychee in tin,MyFCD,https://myfcd.moh.gov.my/myfcdcurrent/index.php/site/detail_product/R106073/0/20/0/0/0,Fruits and fruit products,fruits and fruit products,71.1733,114.34,0.1267,0.02,28.4133,0.22,0.0467,6.103388000000001,2.644304,0.254026,17.004709999999992,12.865782000000006,2e-06,0.1806119999999999,0.0,0.8082939999999996,96.4702,,0.0537559999999999,0.3948619999999999,3.1012179999999994,3.627566000000001,,per 100g,2026-07-01T04:14:10.551444Z,2026-07-01T04:14:10.551444Z,2,0.913,"{""dg"":"""",""dc"":""""}"
myfcd_0044,POMEGRANATE (DELIMA),pomegranate (delima),MyFCD,https://myfcd.moh.gov.my/myfcdcurrent/index.php/site/detail_product/R106113/0/20/0/0/0,Fruits and fruit products,fruits and fruit products,82.5,80.0,1.5333,0.8,14.4,4.4667,0.7667,12.2,31.0,0.1667,20.7333,153.8667,0.0002,0.3667,0.0,0.3911099999999999,251.7606,,0.0598159999999999,0.4212039999999999,10.631206000000002,5.1333,,per 100g,2026-07-01T04:14:10.551444Z,2026-07-01T04:14:10.551444Z,2,0.913,"{""dg"":"""",""dc"":""""}"
myfcd_0045,ASPARTAME (ASPARTAM),aspartame (aspartam),MyFCD,https://myfcd.moh.gov.my/myfcdcurrent/index.php/site/detail_product/R107001/0/20/0/0/0,Sugars and syrups,sugars and syrups,37.83770799999999,232.73483800000005,0.151998,0.164566,48.43502399999998,10.754909999999995,0.6508400000000001,21.4633,3.3687,0.5631499999999999,24.6667,64.61,0.0001,0.3223459999999999,0.0,0.0,82.09162,,0.074608,1.0286959999999998,0.7558639999999996,4.072487999999998,,per 100g,2026-07-01T04:14:10.551444Z,2026-07-01T04:14:10.551444Z,2,0.913,"{""dg"":"""",""dc"":""""}"
myfcd_0046,ORANGE FLAVOURED CANDY (GULA-GULA PERISA OREN),orange flavoured candy (gula-gula perisa oren),MyFCD,https://myfcd.moh.gov.my/myfcdcurrent/index.php/site/detail_product/R107002/0/20/0/0/0,Sugars and syrups,sugars and syrups,43.487587999999995,220.45824800000008,0.12853,1.4967459999999997,49.11782199999999,10.242381999999996,0.093168,18.595,1.4572,0.5964819999999998,79.7,2.895,0.0001,0.5018880000000002,0.0,0.0,34.55800000000001,,0.0744079999999999,1.020254,0.8264299999999998,4.233355999999998,,per 100g,2026-07-01T04:14:10.551444Z,2026-07-01T04:14:10.551444Z,2,0.913,"{""dg"":"""",""dc"":""""}"
myfcd_0047,STRAWBERRY FLAVOURED CANDY (GULA-GULA PERISA STRAWBERI),strawberry flavoured candy (gula-gula perisa strawberi),MyFCD,https://myfcd.moh.gov.my/myfcdcurrent/index.php/site/detail_product/R107004/0/20/0/0/0,Sugars and syrups,sugars and syrups,43.565568000000006,220.10224800000012,0.12997,0.9079499999999996,49.11782199999999,10.456607999999996,0.093034,23.1767,1.5423,0.5971819999999999,45.0167,4.23,0.0001,0.5039480000000002,0.0,0.0,50.51322,,0.0744079999999999,1.020254,0.8264299999999998,4.291355999999998,,per 100g,2026-07-01T04:14:10.551444Z,2026-07-01T04:14:10.551444Z,2,0.913,"{""dg"":"""",""dc"":""""}"
myfcd_0048,CORDIAL ROOT BEER (KORDIAL RUT BIR),cordial root beer (kordial rut bir),MyFCD,https://myfcd.moh.gov.my/myfcdcurrent/index.php/site/detail_product/R107005/0/20/0/0/0,Sugars and syrups,sugars and syrups,44.145,221.3015220000001,0.1467,0.0,48.06333799999999,14.827255999999991,0.065,1.9405,0.3094,0.287,2.405,0.4225,0.0001,0.193,0.0,0.0,31.556000000000004,,0.0631819999999999,1.012314,2.1124819999999995,4.201853999999998,,per 100g,2026-07-01T04:14:10.551444Z,2026-07-01T04:14:10.551444Z,2,0.913,"{""dg"":"""",""dc"":""""}"
myfcd_0049,"CORDIAL, SOURSOP (KORDIAL DURIAN BELANDA)","cordial, soursop (kordial durian belanda)",MyFCD,https://myfcd.moh.gov.my/myfcdcurrent/index.php/site/detail_product/R107006/0/20/0/0/0,Sugars and syrups,sugars and syrups,35.1867,262.27957000000004,0.1157,0.0,66.60154400000002,28.7491,0.12,2.6382,1.5933,0.3377,19.6933,8.8828,0.0001,0.1087,0.5155,0.0,28.24452,,0.0357939999999999,0.6636339999999998,3.618328,4.442094,,per 100g,2026-07-01T04:14:10.551444Z,2026-07-01T04:14:10.551444Z,2,0.913,"{""dg"":"""",""dc"":""""}"
myfcd_0050,"CORDIAL, GRAPE (KORDIAL ANGGUR)","cordial, grape (kordial anggur)",MyFCD,https://myfcd.moh.gov.my/myfcdcurrent/index.php/site/detail_product/R107007/0/20/0/0/0,Sugars and syrups,sugars and syrups,54.1283,172.92640999999995,0.0233,0.0,22.126466,8.1962,0.1383,2.8922,1.6241,0.5332,33.4475,1.8453,0.0001,0.2074,0.0,0.0,9.476,,0.0653799999999999,1.021986,4.096848,5.575754,,per 100g,2026-07-01T04:14:10.551444Z,2026-07-01T04:14:10.551444Z,2,0.913,"{""dg"":"""",""dc"":""""}"
myfcd_0051,"CORDIAL, GUAVA (KORDIAL JAMBU BATU)","cordial, guava (kordial jambu batu)",MyFCD,https://myfcd.moh.gov.my/myfcdcurrent/index.php/site/detail_product/R107008/0/20/0/0/0,Sugars and syrups,sugars and syrups,33.11,265.72071800000003,0.0,0.0,67.37711000000002,18.89146,0.15,1.29,1.4447,0.3237,39.2575,19.179,0.0001,0.12,0.363,0.0,18.429160000000003,,0.0357939999999999,0.6636339999999998,3.618328,4.333488,,per 100g,2026-07-01T04:14:10.551444Z,2026-07-01T04:14:10.551444Z,2,0.913,"{""dg"":"""",""dc"":""""}"
myfcd_0052,"CORDIAL, KIWI (KORDIAL KIWI)","cordial, kiwi (kordial kiwi)",MyFCD,https://myfcd.moh.gov.my/myfcdcurrent/index.php/site/detail_product/R107009/0/20/0/0/0,Sugars and syrups,sugars and syrups,31.5925,238.92043200000012,0.0565,0.0,48.05716799999999,3.6721,0.09,1.5502,1.0506,0.2423,26.75,5.2115,0.0001,1.292,0.0,0.0,17.0648,,0.0670739999999999,0.3985499999999999,1.6945819999999991,2.721496,,per 100g,2026-07-01T04:14:10.551444Z,2026-07-01T04:14:10.551444Z,2,0.913,"{""dg"":"""",""dc"":""""}"
myfcd_0053,"CORDIAL, LIME (KORDIAL LIMAU NIPIS)","cordial, lime (kordial limau nipis)",MyFCD,https://myfcd.moh.gov.my/myfcdcurrent/index.php/site/detail_product/R107010/0/20/0/0/0,Sugars and syrups,sugars and syrups,65.7175,170.34359200000006,0.0998,0.0,21.931928000000006,4.5209,0.09,2.4475,1.5961,0.255,16.545,1.9672,0.0001,0.1387,0.0,0.0,21.38452,,0.0614719999999999,0.3936579999999998,3.228982,4.416893999999999,,per 100g,2026-07-01T04:14:10.551444Z,2026-07-01T04:14:10.551444Z,2,0.913,"{""dg"":"""",""dc"":""""}"
myfcd_0054,"CORDIAL, MANGO (KORDIAL MANGGA)","cordial, mango (kordial mangga)",MyFCD,https://myfcd.moh.gov.my/myfcdcurrent/index.php/site/detail_product/R107011/0/20/0/0/0,Sugars and syrups,sugars and syrups,53.094,137.06702400000003,0.0513,0.0,19.55243400000001,2.3511,0.1333,4.4493,3.4525,0.2696,15.7025,35.517,0.0001,0.2042,0.0,1.3037,16.97698,,0.0578319999999999,0.3979959999999999,3.171882,2.728056000000001,,per 100g,2026-07-01T04:14:10.551444Z,2026-07-01T04:14:10.551444Z,2,0.913,"{""dg"":"""",""dc"":""""}"
myfcd_0055,"CORDIAL, ORANGE (KORDIAL OREN)","cordial, orange (kordial oren)",MyFCD,https://myfcd.moh.gov.my/myfcdcurrent/index.php/site/detail_product/R107012/0/20/0/0/0,Sugars and syrups,sugars and syrups,52.908,191.19927,0.0894,0.0,24.747063999999995,16.4711,0.0333,1.5952,0.7252,0.2296,24.368,4.4788,0.0001,0.2767,0.0,0.0,13.366319999999996,,0.0649119999999999,1.021986,3.2320819999999997,4.346953999999999,,per 100g,2026-07-01T04:14:10.551444Z,2026-07-01T04:14:10.551444Z,2,0.913,"{""dg"":"""",""dc"":""""}"
myfcd_0056,"CORDIAL, PINEAPPLE(KORDIAL NENAS)","cordial, pineapple(kordial nenas)",MyFCD,https://myfcd.moh.gov.my/myfcdcurrent/index.php/site/detail_product/R107013/0/20/0/0/0,Sugars and syrups,sugars and syrups,31.4275,231.16027000000008,0.1936,0.0,49.64734199999998,9.1781,0.145,1.8173,4.5382,0.476,69.8425,15.41266,0.0001,0.2225,0.0,0.0,571.26062,,0.0705159999999999,1.012314,1.6697819999999992,3.988253999999999,,per 100g,2026-07-01T04:14:10.551444Z,2026-07-01T04:14:10.551444Z,2,0.913,"{""dg"":"""",""dc"":""""}"
myfcd_0057,"CORDIAL, ROSELLE (KORDIAL ROSEL)","cordial, roselle (kordial rosel)",MyFCD,https://myfcd.moh.gov.my/myfcdcurrent/index.php/site/detail_product/R107014/0/20/0/0/0,Sugars and syrups,sugars and syrups,41.5667,234.9213600000001,0.1625,0.0,47.825707999999985,5.9347,0.0917,5.3392,3.4975,0.4373,8.235,19.2772,0.0001,0.1313,0.0,0.0,22.33332,,0.0597419999999999,0.4908259999999999,2.0594499999999996,3.902519999999999,,per 100g,2026-07-01T04:14:10.551444Z,2026-07-01T04:14:10.551444Z,2,0.913,"{""dg"":"""",""dc"":""""}"
myfcd_0058,"CORDIAL, SARSI (KORDIAL SARSI)","cordial, sarsi (kordial sarsi)",MyFCD,https://myfcd.moh.gov.my/myfcdcurrent/index.php/site/detail_product/R107015/0/20/0/0/0,Sugars and syrups,sugars and syrups,61.6817,166.79970600000004,0.089,0.0083,20.121204,4.4475,0.0767,0.9833,3.7183,0.2517,17.506,1.0348,0.0001,0.1708,0.0,0.0,14.121159999999998,,0.0627379999999999,0.3966179999999998,2.2946179999999994,3.8650639999999994,,per 100g,2026-07-01T04:14:10.551444Z,2026-07-01T04:14:10.551444Z,2,0.913,"{""dg"":"""",""dc"":""""}"
myfcd_0059,GLUCOSE (GLUKOSA),glucose (glukosa),MyFCD,https://myfcd.moh.gov.my/myfcdcurrent/index.php/site/detail_product/R107016/0/20/0/0/0,Sugars and syrups,sugars and syrups,38.642945999999995,239.04025600000008,5.3848220000000016,8.989498000000003,49.968638,9.794391999999998,0.150956,121.96,64.44,1.0992879999999998,23.93,6.44,0.000898,0.6156440000000002,0.0,0.0,2.8701,,0.090728,1.0269359999999998,0.8049259999999996,4.394251999999999,,per 100g,2026-07-01T04:14:10.551444Z,2026-07-01T04:14:10.551444Z,2,0.913,"{""dg"":"""",""dc"":""""}"
myfcd_0060,HONEY,honey,MyFCD,https://myfcd.moh.gov.my/myfcdcurrent/index.php/site/detail_product/R107017/0/20/0/0/0,Sugars and syrups,sugars and syrups,18.95,324.0133,0.0467,0.0,80.9567,0.0,0.0467,7.253408000000004,7.10457,0.3013720000000001,18.85,16.30377800000001,8e-06,0.1881739999999999,0.1068979999999999,0.4432579999999999,471.838,,0.0605439999999999,0.0422859999999999,2.568932,2.318594,,per 100g,2026-07-01T04:14:10.551444Z,2026-07-01T04:14:10.551444Z,2,0.913,"{""dg"":"""",""dc"":""""}"
myfcd_0061,"JAM, APRICOT (JEM APRIKOT)","jam, apricot (jem aprikot)",MyFCD,https://myfcd.moh.gov.my/myfcdcurrent/index.php/site/detail_product/R107018/0/20/0/0/0,Sugars and syrups,sugars and syrups,31.4833,272.4933,0.425,0.0,67.205,0.5367,0.25,7.6333,7.5643,0.2,8.9167,140.89,0.0,0.01,0.2743959999999999,0.4432579999999999,522.48854,,0.0,0.0,22.0333,5.6733,,per 100g,2026-07-01T04:14:10.551444Z,2026-07-01T04:14:10.551444Z,2,0.913,"{""dg"":"""",""dc"":""""}"
myfcd_0062,"JAM, BLUEBERRY (JEM BLUEBERI)","jam, blueberry (jem blueberi)",MyFCD,https://myfcd.moh.gov.my/myfcdcurrent/index.php/site/detail_product/R107019/0/20/0/0/0,Sugars and syrups,sugars and syrups,31.8283,271.9233,0.3083,0.01,67.2483,0.3983,0.1167,6.5167,5.2776,0.25,9.2333,18.484976,0.0,0.0,0.190672,0.4432579999999999,527.6,,0.0633,0.0,0.0,2.5167,,per 100g,2026-07-01T04:14:10.551444Z,2026-07-01T04:14:10.551444Z,2,0.913,"{""dg"":"""",""dc"":""""}"
myfcd_0063,"JAM, BLACKCURRENT (JEM ANGGUR HITAM)","jam, blackcurrent (jem anggur hitam)",MyFCD,https://myfcd.moh.gov.my/myfcdcurrent/index.php/site/detail_product/R107021/0/20/0/0/0,Sugars and syrups,sugars and syrups,33.3633,266.1333,0.2717,0.02,65.9917,0.09,0.1833,10.2833,6.0864,0.2,4.0667,25.86728800000001,0.0,0.07,0.2824299999999999,0.4432579999999999,99.00440000000002,,0.0,0.0,0.155,2.65,,per 100g,2026-07-01T04:14:10.551444Z,2026-07-01T04:14:10.551444Z,2,0.913,"{""dg"":"""",""dc"":""""}"
myfcd_0064,"JAM, MANGO (JEM MEMPELAM)","jam, mango (jem mempelam)",MyFCD,https://myfcd.moh.gov.my/myfcdcurrent/index.php/site/detail_product/R107023/0/20/0/0/0,Sugars and syrups,sugars and syrups,48.0467,197.8133,1.8933,0.0,47.56,2.2233,0.2767,4.717268,35.277414,0.2892700000000001,10.603148,35.50430399999999,0.000104,0.3748219999999997,0.0,0.4432579999999999,313.16,,0.0590319999999999,0.3929839999999999,2.0605159999999993,2.818226,,per 100g,2026-07-01T04:14:10.551444Z,2026-07-01T04:14:10.551444Z,2,0.913,"{""dg"":"""",""dc"":""""}"
myfcd_0065,"JAM, PINEAPPLE (JEM NENAS)","jam, pineapple (jem nenas)",MyFCD,https://myfcd.moh.gov.my/myfcdcurrent/index.php/site/detail_product/R107025/0/20/0/0/0,Sugars and syrups,sugars and syrups,44.95935999999999,235.3132100000001,7.603773999999999,11.056431999999994,34.30327,8.038511999999999,1.4066360000000002,85.05969200000001,177.83565599999986,1.145454,326.646372,406.20901,0.0001919999999999,0.793188,0.0,0.0,0.02,,0.093576,1.0731139999999997,8.669418000000002,4.708853999999998,,per 100g,2026-07-01T04:14:10.551444Z,2026-07-01T04:14:10.551444Z,2,0.913,"{""dg"":"""",""dc"":""""}"
myfcd_0066,"JAM, STRAWBERRY (JEM STRAWBERI)","jam, strawberry (jem strawberi)",MyFCD,https://myfcd.moh.gov.my/myfcdcurrent/index.php/site/detail_product/R107029/0/20/0/0/0,Sugars and syrups,sugars and syrups,31.2283,273.89,0.41,0.0233,67.6467,0.3817,0.2333,18.1,10.0148,0.2667,1.3667,24.554078000000004,0.0,0.0483,0.187622,0.4432579999999999,529.66,,0.0867,0.0,0.0,3.2833,,per 100g,2026-07-01T04:14:10.551444Z,2026-07-01T04:14:10.551444Z,2,0.913,"{""dg"":"""",""dc"":""""}"
myfcd_0067,"JAM, ORANGE MARMALADE","jam, orange marmalade",MyFCD,https://myfcd.moh.gov.my/myfcdcurrent/index.php/site/detail_product/R107041/0/20/0/0/0,Sugars and syrups,sugars and syrups,44.95935999999999,235.3132100000001,7.603773999999999,11.056431999999994,34.30327,8.038511999999999,1.4066360000000002,85.05969200000001,177.83565599999986,1.145454,326.646372,406.20901,0.0001919999999999,0.793188,0.0,0.0,0.02,,0.093576,1.0731139999999997,8.669418000000002,4.708853999999998,,per 100g,2026-07-01T04:14:10.551444Z,2026-07-01T04:14:10.551444Z,2,0.913,"{""dg"":"""",""dc"":""""}"
myfcd_0068,GRAPE FLAVOURED CANDY (GULA-GULA PERISA ANGGUR),grape flavoured candy (gula-gula perisa anggur),MyFCD,https://myfcd.moh.gov.my/myfcdcurrent/index.php/site/detail_product/R107042/0/20/0/0/0,Sugars and syrups,sugars and syrups,41.37000600000001,230.43208600000008,0.137782,0.6763319999999999,47.750649999999986,10.647599999999995,0.093728,21.2633,1.5237,0.6709259999999999,37.5267,11.9133,0.000898,0.4231360000000002,0.0,0.0,30.571020000000008,,0.0744079999999999,1.009882,0.8408639999999997,4.1833579999999975,,per 100g,2026-07-01T04:14:10.551444Z,2026-07-01T04:14:10.551444Z,2,0.913,"{""dg"":"""",""dc"":""""}"
myfcd_0069,"SUGAR, ICING (GULA ISING)","sugar, icing (gula ising)",MyFCD,https://myfcd.moh.gov.my/myfcdcurrent/index.php/site/detail_product/R107046/0/20/0/0/0,Sugars and syrups,sugars and syrups,42.30698400000002,229.0598860000001,0.140294,4.526120000000001,47.24024999999999,12.237361999999996,0.088762,30.684,0.6784,0.7008719999999999,23.102,7.19,0.000898,0.5062820000000002,0.0,0.0,89.73013999999999,,0.0744079999999999,1.0112279999999998,0.8408639999999997,4.207423999999998,,per 100g,2026-07-01T04:14:10.551444Z,2026-07-01T04:14:10.551444Z,2,0.913,"{""dg"":"""",""dc"":""""}"
myfcd_0070,PINEAPPLE FLAVOURED CANDY (GULA-GULA PERISA NANAS),pineapple flavoured candy (gula-gula perisa nanas),MyFCD,https://myfcd.moh.gov.my/myfcdcurrent/index.php/site/detail_product/R107047/0/20/0/0/0,Sugars and syrups,sugars and syrups,41.977500000000006,232.3074200000001,0.134184,0.543698,47.750649999999986,10.25618,0.111306,20.780555999999997,2.661,0.6694140000000001,31.10205599999999,11.880959999999998,0.000898,0.4405940000000001,0.0,0.0,135.327,,0.0744079999999999,1.008622,0.8408639999999997,4.1833579999999975,,per 100g,2026-07-01T04:14:10.551444Z,2026-07-01T04:14:10.551444Z,2,0.913,"{""dg"":"""",""dc"":""""}"
myfcd_0071,"BEEF, SAUSAGE (SOSEJ DAGING LEMBU)","beef, sausage (sosej daging lembu)",MyFCD,https://myfcd.moh.gov.my/myfcdcurrent/index.php/site/detail_product/R108014/0/20/0/0/0,Meat and meat products,meat and meat products,68.05,194.0,12.6,11.4,6.1,8.1,1.85,11.9,118.4,1.5,511.8,103.4,0.0001,1.75,0.0035499999999999,0.052148,626.09,,0.105756,1.106866,2.8438379999999994,8.7,,per 100g,2026-07-01T04:14:10.551444Z,2026-07-01T04:14:10.551444Z,2,0.913,"{""dg"":"""",""dc"":""""}"
myfcd_0072,"CHICKEN, SAUSAGE (SOSEJ DAGING AYAM)","chicken, sausage (sosej daging ayam)",MyFCD,https://myfcd.moh.gov.my/myfcdcurrent/index.php/site/detail_product/R108040/0/20/0/0/0,Meat and meat products,meat and meat products,65.4167,192.6667,11.6833,10.4667,9.95,5.9,2.5167,67.5,154.6833,1.1333,675.3667,124.45,0.0001,1.0333,0.0035499999999999,0.052148,635.9308,,0.106126,0.6133240000000001,4.419506,8.4833,,per 100g,2026-07-01T04:14:10.551444Z,2026-07-01T04:14:10.551444Z,2,0.913,"{""dg"":"""",""dc"":""""}"
myfcd_0073,"HEN EGG, LOWER CHOLESTROL, WITH VITAMIN E (TELUR AYAM RENDAH KOLESTROL, DENGAN VITAMIN E)","hen egg, lower cholestrol, with vitamin e (telur ayam rendah kolestrol, dengan vitamin e)",MyFCD,https://myfcd.moh.gov.my/myfcdcurrent/index.php/site/detail_product/R109009/0/20/0/0/0,Eggs,eggs,12.7667,136.0,2.0333,1.35,0.3667,0.45,0.15,6.0667,19.8167,0.3167,24.9667,14.95,0.0,0.1667,0.000708,0.8082939999999996,543.69416,,0.093386,0.4033879999999999,2.278149999999999,0.1333,,per 100g,2026-07-01T04:14:10.551444Z,2026-07-01T04:14:10.551444Z,2,0.913,"{""dg"":"""",""dc"":""""}"
myfcd_0074,"HEN EGG, OMEGA 3 (TELUR AYAM OMEGA 3)","hen egg, omega 3 (telur ayam omega 3)",MyFCD,https://myfcd.moh.gov.my/myfcdcurrent/index.php/site/detail_product/R109010/0/20/0/0/0,Eggs,eggs,30.76,55.6,5.06,3.72,0.16,0.64,0.36,14.22,49.4,0.78,64.6,39.88,0.0001,0.44,0.0165459999999999,0.8082939999999996,648.8152,,0.070754,0.20899,1.4509079999999992,0.58,,per 100g,2026-07-01T04:14:10.551444Z,2026-07-01T04:14:10.551444Z,2,0.913,"{""dg"":"""",""dc"":""""}"
myfcd_0075,"Eeel, swamp, raw (Belut)","eeel, swamp, raw (belut)",MyFCD,https://myfcd.moh.gov.my/myfcdcurrent/index.php/site/detail_product/R110064/0/20/0/0/0,"Fish, shellfish and products","fish, shellfish and products",81.011,125.38094799999998,90.6333,2.5,6.667635999999999,24.216612,5.9,453.1333,942.5333,4.8,182.7,1454.8,0.0003,7.1333,0.0028399999999999,0.3911099999999999,371.6944,,0.100242,1.1267980000000002,13.081934000000008,7.423899999999995,,per 100g,2026-07-01T04:14:10.551444Z,2026-07-01T04:14:10.551444Z,2,0.913,
myfcd_0076,"SAUCE, OYSTER FLAVOURED","sauce, oyster flavoured",MyFCD,https://myfcd.moh.gov.my/myfcdcurrent/index.php/site/detail_product/R110126/0/20/0/0/0,"Fish, shellfish and products","fish, shellfish and products",44.95935999999999,235.3132100000001,7.603773999999999,11.056431999999994,34.30327,8.038511999999999,1.4066360000000002,85.05969200000001,177.83565599999986,1.145454,326.646372,406.20901,0.0001919999999999,0.793188,0.0,0.0,0.02,,0.093576,1.0731139999999997,8.669418000000002,4.708853999999998,,per 100g,2026-07-01T04:14:10.551444Z,2026-07-01T04:14:10.551444Z,2,0.913,"{""dg"":"""",""dc"":""""}"
myfcd_0077,BUTTER (MENTEGA KURANG MASIN),butter (mentega kurang masin),MyFCD,https://myfcd.moh.gov.my/myfcdcurrent/index.php/site/detail_product/R111001/0/20/0/0/0,Milk and milk products,milk and milk products,49.525324,216.000824,1.332432,0.7786279999999998,36.602552,9.581175999999996,0.592778,2.30726,20.4638,0.515454,29.64946800000001,173.93455400000002,0.00012,0.4576499999999999,0.0,0.0,6.700220000000001,,0.0723839999999999,1.0322399999999998,9.103786,4.832151999999999,,per 100g,2026-07-01T04:14:10.551444Z,2026-07-01T04:14:10.551444Z,2,0.913,"{""dg"":"""",""dc"":""""}"
myfcd_0078,CHEESE SPREAD (KEJU SAPUAN),cheese spread (keju sapuan),MyFCD,https://myfcd.moh.gov.my/myfcdcurrent/index.php/site/detail_product/R111004/0/20/0/0/0,Milk and milk products,milk and milk products,7.857214000000002,419.67842799999994,23.434986,23.09,33.402612000000005,12.248538000000002,2.68012,118.86486000000002,697.6266,2.1232999999999995,323.821344,868.7735840000004,0.0076119999999999,2.227315999999999,0.000236,0.0,47.22541999999999,,0.145524,1.1363140000000005,8.070556000000003,2.5631880000000007,,per 100g,2026-07-01T04:14:10.551444Z,2026-07-01T04:14:10.551444Z,2,0.913,"{""dg"":"""",""dc"":""""}"
myfcd_0079,"CHEESE, BLUE (KEJU, BIRU)","cheese, blue (keju, biru)",MyFCD,https://myfcd.moh.gov.my/myfcdcurrent/index.php/site/detail_product/R111005/0/20/0/0/0,Milk and milk products,milk and milk products,41.7533,372.0,18.0633,27.8567,20.95,0.0,4.1667,450.0,388.8096,0.0,1013.0,1043.6624680000004,0.0,2.2233,0.118924,0.4432579999999999,272.7399,,0.0433,0.3033,18.66,0.0013,,per 100g,2026-07-01T04:14:10.551444Z,2026-07-01T04:14:10.551444Z,2,0.913,"{""dg"":"""",""dc"":""""}"
myfcd_0080,"CHEESE, BRIE (KEJU, BRIE)","cheese, brie (keju, brie)",MyFCD,https://myfcd.moh.gov.my/myfcdcurrent/index.php/site/detail_product/R111007/0/20/0/0/0,Milk and milk products,milk and milk products,45.82746199999999,248.38799400000008,9.067351999999998,10.083614,33.771474000000005,8.389438,0.95033,94.43932399999996,285.0646,1.160826,200.4533300000001,252.93739999999997,0.000936,0.884958,0.0028399999999999,0.0,7.322239999999999,,0.09304,1.085888,8.679784000000001,4.607421999999998,,per 100g,2026-07-01T04:14:10.551444Z,2026-07-01T04:14:10.551444Z,2,0.913,"{""dg"":"""",""dc"":""""}"
myfcd_0081,"CHEESE, CAMEMBERT (KEJU, CAMEMBERT)","cheese, camembert (keju, camembert)",MyFCD,https://myfcd.moh.gov.my/myfcdcurrent/index.php/site/detail_product/R111008/0/20/0/0/0,Milk and milk products,milk and milk products,46.351778,249.21024600000007,9.338417999999995,11.418809999999992,32.02661,8.712379999999998,0.9661679999999998,111.70181399999991,341.5302,1.156046,242.5416,245.438,0.000934,0.8675800000000001,0.0028399999999999,0.0,8.091899999999999,,0.09244,1.085888,8.612318000000002,4.561087999999999,,per 100g,2026-07-01T04:14:10.551444Z,2026-07-01T04:14:10.551444Z,2,0.913,"{""dg"":"""",""dc"":""""}"
myfcd_0082,"CHEESE, CHEDDAR, REDUCED FAT (KEJU CHEDDAR, KURANG LEMAK)","cheese, cheddar, reduced fat (keju cheddar, kurang lemak)",MyFCD,https://myfcd.moh.gov.my/myfcdcurrent/index.php/site/detail_product/R111010/0/20/0/0/0,Milk and milk products,milk and milk products,38.98772200000001,257.00615000000005,9.217838,10.951397999999994,52.131936,8.432267999999997,1.009346,139.69630799999996,450.1012,1.212106,249.111006,97.6125,0.001718,0.8493660000000003,0.0028399999999999,0.0,10.34726,,0.0897279999999999,1.073664,0.8225579999999997,4.418317999999998,,per 100g,2026-07-01T04:14:10.551444Z,2026-07-01T04:14:10.551444Z,2,0.913,"{""dg"":"""",""dc"":""""}"
myfcd_0083,"CHEESE, CHESDALE SLICES, PROCESSED (KEPINGAN KEJU CHESDALE)","cheese, chesdale slices, processed (kepingan keju chesdale)",MyFCD,https://myfcd.moh.gov.my/myfcdcurrent/index.php/site/detail_product/R111011/0/20/0/0/0,Milk and milk products,milk and milk products,45.27075999999999,246.60884600000009,12.832864000000004,9.987705999999998,32.993892,10.513704,0.9759999999999998,126.07341999999996,541.6629,1.168732,186.5442960000001,259.70291399999985,0.000936,1.6978399999999996,0.0028399999999999,0.0,24.381300000000007,,0.0909039999999999,1.091954,8.624978000000002,4.719079999999998,,per 100g,2026-07-01T04:14:10.551444Z,2026-07-01T04:14:10.551444Z,2,0.913,"{""dg"":"""",""dc"":""""}"
myfcd_0084,"CHEESE, COLBY (KEJU, COLBY)","cheese, colby (keju, colby)",MyFCD,https://myfcd.moh.gov.my/myfcdcurrent/index.php/site/detail_product/R111013/0/20/0/0/0,Milk and milk products,milk and milk products,45.16038199999999,242.5687600000001,9.128973999999998,10.220506,34.014076,9.081784,0.936006,142.84881199999992,460.734,1.1849740000000002,236.52396600000003,281.01507999999995,0.000972,0.8765180000000001,0.0028399999999999,0.0,9.64078,,0.09304,1.085888,8.679784000000001,4.619087999999998,,per 100g,2026-07-01T04:14:10.551444Z,2026-07-01T04:14:10.551444Z,2,0.913,"{""dg"":"""",""dc"":""""}"
myfcd_0085,"CHEESE, MOZARELLA (KEJU MOZARELLA)","cheese, mozarella (keju mozarella)",MyFCD,https://myfcd.moh.gov.my/myfcdcurrent/index.php/site/detail_product/R111015/0/20/0/0/0,Milk and milk products,milk and milk products,45.16038199999999,242.5687600000001,9.128973999999998,10.220506,34.69054400000001,10.556318,0.936006,142.49501199999992,478.9278,1.1849740000000002,229.39256600000004,277.44692,0.000936,0.8752840000000002,0.0028399999999999,0.0,10.55198,,0.09304,1.085888,8.679784000000001,4.619087999999998,,per 100g,2026-07-01T04:14:10.551444Z,2026-07-01T04:14:10.551444Z,2,0.913,"{""dg"":"""",""dc"":""""}"
myfcd_0086,"CHEESE, PARMESAN (KEJU PARMESAN)","cheese, parmesan (keju parmesan)",MyFCD,https://myfcd.moh.gov.my/myfcdcurrent/index.php/site/detail_product/R111016/0/20/0/0/0,Milk and milk products,milk and milk products,44.55598399999999,248.0371680000001,12.702662000000002,9.973905999999998,32.991894,10.52356,0.8120279999999996,125.85315399999996,640.0575,1.1568000000000005,113.72708,182.88,0.00094,1.6876739999999997,0.0028399999999999,0.0,39.75108,,0.090836,1.09002,8.610544000000003,4.735745999999998,,per 100g,2026-07-01T04:14:10.551444Z,2026-07-01T04:14:10.551444Z,2,0.913,"{""dg"":"""",""dc"":""""}"
myfcd_0087,"CHEESE, RICOTTA (KEJU, RICOTTA)","cheese, ricotta (keju, ricotta)",MyFCD,https://myfcd.moh.gov.my/myfcdcurrent/index.php/site/detail_product/R111019/0/20/0/0/0,Milk and milk products,milk and milk products,43.616788,234.54462000000007,7.195217999999998,10.497195999999995,38.04306600000001,8.162402,1.002328,92.04175399999998,123.3827,1.055994,240.69616799999997,235.61557999999997,0.000116,0.7111739999999999,0.0,0.0,1.0272800000000002,,0.093508,1.0626539999999998,8.669418000000002,4.779085999999998,,per 100g,2026-07-01T04:14:10.551444Z,2026-07-01T04:14:10.551444Z,2,0.913,"{""dg"":"""",""dc"":""""}"
myfcd_0088,"CREAM, WHIPPED (KRIM PUTAR)","cream, whipped (krim putar)",MyFCD,https://myfcd.moh.gov.my/myfcdcurrent/index.php/site/detail_product/R111020/0/20/0/0/0,Milk and milk products,milk and milk products,38.593264000000005,237.9076880000001,3.451008,8.558699999999998,47.149328,7.701781999999998,1.2059400000000005,57.879922000000015,51.7962,0.9213739999999996,208.150042,94.765,0.000898,0.586106,0.0,0.0,0.16036,,0.090996,1.03435,0.8378619999999996,4.295289999999998,,per 100g,2026-07-01T04:14:10.551444Z,2026-07-01T04:14:10.551444Z,2,0.913,"{""dg"":"""",""dc"":""""}"
myfcd_0089,CREAM CHEESE (KRIM KEJU),cream cheese (krim keju),MyFCD,https://myfcd.moh.gov.my/myfcdcurrent/index.php/site/detail_product/R111021/0/20/0/0/0,Milk and milk products,milk and milk products,43.56358799999999,233.60042000000004,6.657523999999999,9.810581999999997,37.13900000000002,8.188508,1.0511279999999998,85.20159800000002,86.063,1.058902,196.93056600000003,198.49437200000003,0.000116,0.6929880000000002,0.0,0.0,0.6,,0.093508,1.0488559999999998,8.669418000000002,4.780085999999998,,per 100g,2026-07-01T04:14:10.551444Z,2026-07-01T04:14:10.551444Z,2,0.913,"{""dg"":"""",""dc"":""""}"
myfcd_0090,"CREAMER, POWDER (KRIMER SERBUK)","creamer, powder (krimer serbuk)",MyFCD,https://myfcd.moh.gov.my/myfcdcurrent/index.php/site/detail_product/R111023/0/20/0/0/0,Milk and milk products,milk and milk products,2.0567,489.8733,1.6567,33.14,46.0967,14.2667,2.6333,104.462594,354.7275,1.630876,398.47934600000013,662.8725,0.004768,0.8304120000000002,0.0,0.0,7.292099999999998,,0.5747400000000003,1.2025700000000004,7.6277620000000015,0.635,,per 100g,2026-07-01T04:14:10.551444Z,2026-07-01T04:14:10.551444Z,2,0.913,"{""dg"":"""",""dc"":""""}"
myfcd_0091,"MILK, PASTEURISED, CHOCOLATE FLAVOUR","milk, pasteurised, chocolate flavour",MyFCD,https://myfcd.moh.gov.my/myfcdcurrent/index.php/site/detail_product/R111026/0/20/0/0/0,Milk and milk products,milk and milk products,44.95935999999999,235.3132100000001,7.603773999999999,11.056431999999994,34.30327,8.038511999999999,1.4066360000000002,85.05969200000001,177.83565599999986,1.145454,326.646372,406.20901,0.0001919999999999,0.793188,0.0,0.0,0.02,,0.093576,1.0731139999999997,8.669418000000002,4.708853999999998,,per 100g,2026-07-01T04:14:10.551444Z,2026-07-01T04:14:10.551444Z,2,0.913,"{""dg"":"""",""dc"":""""}"
myfcd_0092,"MILK, COW, FRESH","milk, cow, fresh",MyFCD,https://myfcd.moh.gov.my/myfcdcurrent/index.php/site/detail_product/R111028/0/20/0/0/0,Milk and milk products,milk and milk products,52.4533,249.5133,11.0967,13.9133,19.9767,0.0,2.56,72.73231200000001,288.53385799999995,1.6641799999999995,371.8256440000002,531.000956,0.003238,1.1176060000000003,0.0035499999999999,0.4693319999999998,4.63824,,0.098068,0.5021300000000002,8.694424000000005,3.3208559999999996,,per 100g,2026-07-01T04:14:10.551444Z,2026-07-01T04:14:10.551444Z,2,0.913,"{""dg"":"""",""dc"":""""}"
myfcd_0093,"MILK DRINK, CULTURED","milk drink, cultured",MyFCD,https://myfcd.moh.gov.my/myfcdcurrent/index.php/site/detail_product/R111029/0/20/0/0/0,Milk and milk products,milk and milk products,85.5,56.7733,1.13,0.0734,12.8233,0.27,0.17,8.694316000000004,24.259832000000003,0.247492,17.361629999999995,21.536434000000007,2e-06,0.3740059999999998,0.0,0.8343679999999997,65.4563,,0.0587559999999999,0.3995219999999999,2.668785999999999,3.3696359999999994,,per 100g,2026-07-01T04:14:10.551444Z,2026-07-01T04:14:10.551444Z,2,0.913,"{""dg"":"""",""dc"":""""}"
myfcd_0094,"MILK, SWEETENED, CONDENSED","milk, sweetened, condensed",MyFCD,https://myfcd.moh.gov.my/myfcdcurrent/index.php/site/detail_product/R111044/0/20/0/0/0,Milk and milk products,milk and milk products,44.95935999999999,235.3132100000001,7.603773999999999,11.056431999999994,34.30327,8.038511999999999,1.4066360000000002,85.05969200000001,177.83565599999986,1.145454,326.646372,406.20901,0.0001919999999999,0.793188,0.0,0.0,0.02,,0.093576,1.0731139999999997,8.669418000000002,4.708853999999998,,per 100g,2026-07-01T04:14:10.551444Z,2026-07-01T04:14:10.551444Z,2,0.913,"{""dg"":"""",""dc"":""""}"
myfcd_0095,"MILK, UHT, CHOCOLATE FLAVOUR","milk, uht, chocolate flavour",MyFCD,https://myfcd.moh.gov.my/myfcdcurrent/index.php/site/detail_product/R111045/0/20/0/0/0,Milk and milk products,milk and milk products,85.7667,51.3833,2.56,0.69,8.7333,1.43,0.82,11.349948,40.07028999999999,0.394522,40.35636800000002,87.55866399999996,0.000102,0.4295439999999999,0.0,0.8343679999999997,5.5102800000000025,,0.0623599999999999,0.4173379999999999,2.7975179999999993,4.981702,,per 100g,2026-07-01T04:14:10.551444Z,2026-07-01T04:14:10.551444Z,2,0.913,"{""dg"":"""",""dc"":""""}"
myfcd_0096,"MILK, UHT, FULL CREAM","milk, uht, full cream",MyFCD,https://myfcd.moh.gov.my/myfcdcurrent/index.php/site/detail_product/R111047/0/20/0/0/0,Milk and milk products,milk and milk products,87.5033,61.9667,2.8333,3.42,4.9633,0.6767,0.6033,11.667082,44.363564,0.3910639999999998,71.64100999999997,89.434564,7.799999999999994e-05,0.4459799999999999,0.0,0.8343679999999997,117.27288,,0.0623599999999999,0.418684,2.7975179999999993,4.826832000000001,,per 100g,2026-07-01T04:14:10.551444Z,2026-07-01T04:14:10.551444Z,2,0.913,"{""dg"":"""",""dc"":""""}"
myfcd_0097,"MILK, UHT, LOW FAT","milk, uht, low fat",MyFCD,https://myfcd.moh.gov.my/myfcdcurrent/index.php/site/detail_product/R111048/0/20/0/0/0,Milk and milk products,milk and milk products,86.05,55.4733,2.9567,1.0867,8.4667,0.5733,0.8667,11.23495,42.158396,0.3437299999999999,128.127658,87.83499599999999,1.6e-05,0.4391299999999999,0.0,0.8343679999999997,5.39426,,0.0624279999999999,0.4139699999999999,2.2955859999999992,4.18407,,per 100g,2026-07-01T04:14:10.551444Z,2026-07-01T04:14:10.551444Z,2,0.913,"{""dg"":"""",""dc"":""""}"
myfcd_0098,"YOGURT, DRINKING, PASTEURISED, NATURAL FLAVOUR","yogurt, drinking, pasteurised, natural flavour",MyFCD,https://myfcd.moh.gov.my/myfcdcurrent/index.php/site/detail_product/R111054/0/20/0/0/0,Milk and milk products,milk and milk products,83.7233,55.35,10.32,2.3367,6.07,2.8,2.56,71.202724,346.618768,1.627824,310.21990200000005,569.7630660000002,0.003336,0.977548,0.0035499999999999,0.8343679999999997,82.11498,,0.102278,0.4908780000000002,9.487732000000005,6.950355999999998,,per 100g,2026-07-01T04:14:10.551444Z,2026-07-01T04:14:10.551444Z,2,0.913,"{""dg"":"""",""dc"":""""}"
myfcd_0099,"YOGURT, LOW FAT, NATURAL","yogurt, low fat, natural",MyFCD,https://myfcd.moh.gov.my/myfcdcurrent/index.php/site/detail_product/R111057/0/20/0/0/0,Milk and milk products,milk and milk products,44.95935999999999,235.3132100000001,7.603773999999999,11.056431999999994,34.30327,8.038511999999999,1.4066360000000002,85.05969200000001,177.83565599999986,1.145454,326.646372,406.20901,0.0001919999999999,0.793188,0.0,0.0,0.02,,0.093576,1.0731139999999997,8.669418000000002,4.708853999999998,,per 100g,2026-07-01T04:14:10.551444Z,2026-07-01T04:14:10.551444Z,2,0.913,"{""dg"":"""",""dc"":""""}"
myfcd_0100,"ICE-CREAM, VANILLA","ice-cream, vanilla",MyFCD,https://myfcd.moh.gov.my/myfcdcurrent/index.php/site/detail_product/R111059/0/20/0/0/0,Milk and milk products,milk and milk products,47.6633,261.1367,2.3967,11.8033,36.33,0.5767,1.23,7.856414000000004,47.71884400000001,0.375868,290.074602,214.86703800000004,1.6000000000000003e-05,0.4457419999999999,0.0,0.4432579999999999,0.02,,0.0610279999999999,0.4205899999999999,8.541744000000001,3.4187540000000007,,per 100g,2026-07-01T04:14:10.551444Z,2026-07-01T04:14:10.551444Z,2,0.913,"{""dg"":"""",""dc"":""""}"
myfcd_0101,"YOGURT, DRINKING, PASTEURISED, MIX FRUIT FLAVOURS","yogurt, drinking, pasteurised, mix fruit flavours",MyFCD,https://myfcd.moh.gov.my/myfcdcurrent/index.php/site/detail_product/R111060/0/20/0/0/0,Milk and milk products,milk and milk products,44.95935999999999,235.3132100000001,7.603773999999999,11.056431999999994,34.30327,8.038511999999999,1.4066360000000002,85.05969200000001,177.83565599999986,1.145454,326.646372,406.20901,0.0001919999999999,0.793188,0.0,0.0,0.02,,0.093576,1.0731139999999997,8.669418000000002,4.708853999999998,,per 100g,2026-07-01T04:14:10.551444Z,2026-07-01T04:14:10.551444Z,2,0.913,"{""dg"":"""",""dc"":""""}"
myfcd_0102,"YOGURT, FLAVOURED (STRAWBERRY, ETC)","yogurt, flavoured (strawberry, etc)",MyFCD,https://myfcd.moh.gov.my/myfcdcurrent/index.php/site/detail_product/R111061/0/20/0/0/0,Milk and milk products,milk and milk products,64.9,159.7467,4.89,5.1733,23.4067,0.5133,1.1167,54.24831800000001,72.98004,0.94391,274.04056600000007,192.172238,4e-06,0.6342220000000001,0.0,0.4954059999999998,0.39696,,0.0799459999999999,0.4336879999999999,10.101472000000005,5.569992000000002,,per 100g,2026-07-01T04:14:10.551444Z,2026-07-01T04:14:10.551444Z,2,0.913,"{""dg"":"""",""dc"":""""}"
myfcd_0103,CONDENSED/EVAPORATED MILK WITH ROSE CORDIAL (SIRAP BANDUNG),condensed/evaporated milk with rose cordial (sirap bandung),MyFCD,https://myfcd.moh.gov.my/myfcdcurrent/index.php/site/detail_product/R111062/0/20/0/0/0,Milk and milk products,milk and milk products,82.7433,77.37,4.6667,2.6633,8.6833,0.9333,0.31,11.823542000000002,46.93093200000002,0.5061340000000001,74.229936,39.83006200000001,0.000102,0.446878,0.0,0.8343679999999997,7.210319999999999,,0.0623599999999999,0.41083,2.7944179999999994,4.601104,,per 100g,2026-07-01T04:14:10.551444Z,2026-07-01T04:14:10.551444Z,2,0.913,"{""dg"":"""",""dc"":""""}"
myfcd_0104,"FISH OIL, COD LIVER OIL (MINYAK IKAN KOD)","fish oil, cod liver oil (minyak ikan kod)",MyFCD,https://myfcd.moh.gov.my/myfcdcurrent/index.php/site/detail_product/R112001/0/20/0/0/0,Oils and fats,oils and fats,44.412393999999985,236.59674600000008,7.091313999999999,10.928219999999992,37.32066400000001,8.093619999999998,1.116044,86.74269000000002,154.8475,1.0529,253.7088339999999,277.789048,0.000128,0.7519919999999999,0.0,0.0,6.01392,,0.093308,1.0626539999999998,8.669418000000002,4.767419999999998,,per 100g,2026-07-01T04:14:10.551444Z,2026-07-01T04:14:10.551444Z,2,0.913,"{""dg"":"""",""dc"":""""}"
myfcd_0105,"MARGARINE SPREAD, WITH SALT (SAPUAN MERJERIN BERGARAM)","margarine spread, with salt (sapuan merjerin bergaram)",MyFCD,https://myfcd.moh.gov.my/myfcdcurrent/index.php/site/detail_product/R112003/0/20/0/0/0,Oils and fats,oils and fats,42.10536,252.5633459999999,0.1515,0.430064,50.33724399999999,9.014515999999997,0.5885400000000001,19.01495000000001,3.5009,0.6558299999999998,41.983618,84.42741799999996,0.000898,0.327404,0.0,0.0,381.11608,,0.0744079999999999,1.01967,0.8233299999999997,4.179857999999998,,per 100g,2026-07-01T04:14:10.551444Z,2026-07-01T04:14:10.551444Z,2,0.913,"{""dg"":"""",""dc"":""""}"
myfcd_0106,"MARGARINE SPREAD, WITHOUT SALT (SAPUAN MERJERIN TANPA GARAM)","margarine spread, without salt (sapuan merjerin tanpa garam)",MyFCD,https://myfcd.moh.gov.my/myfcdcurrent/index.php/site/detail_product/R112004/0/20/0/0/0,Oils and fats,oils and fats,37.75341,232.5253340000001,0.28561,0.3749299999999999,49.06335799999998,9.354979999999998,0.3610959999999999,15.384266000000002,7.4248,0.5923839999999999,30.089067999999987,38.485,0.0001,0.378542,0.0,0.0,29.11734,,0.0744079999999999,1.018908,0.7558639999999996,4.138619999999998,,per 100g,2026-07-01T04:14:10.551444Z,2026-07-01T04:14:10.551444Z,2,0.913,"{""dg"":"""",""dc"":""""}"
myfcd_0107,MAYONNAISE (MAYONIS),mayonnaise (mayonis),MyFCD,https://myfcd.moh.gov.my/myfcdcurrent/index.php/site/detail_product/R112005/0/20/0/0/0,Oils and fats,oils and fats,28.705,432.7312,1.085,30.765,37.8798,0.0,1.5667,10.3333,25.3676,0.075,580.6667,103.198668,0.0,0.29,0.0174499999999999,0.4432579999999999,540.5288,,0.0667,0.148,0.7217,0.0,,per 100g,2026-07-01T04:14:10.551444Z,2026-07-01T04:14:10.551444Z,2,0.913,"{""dg"":"""",""dc"":""""}"
myfcd_0108,"OIL, BLEND (MINYAK CAMPURAN)","oil, blend (minyak campuran)",MyFCD,https://myfcd.moh.gov.my/myfcdcurrent/index.php/site/detail_product/R112009/0/20/0/0/0,Oils and fats,oils and fats,0.1733,487.7995419999996,0.0,99.3667,48.23311800000002,10.146345999999996,2.3506980000000004,90.31665999999996,0.142,1.2652140000000005,340.08467200000007,676.7420180000001,0.003052,0.7166260000000002,0.0,0.0,44.83004,,0.5751400000000003,1.1757020000000005,7.634930000000001,2.5400880000000012,,per 100g,2026-07-01T04:14:10.551444Z,2026-07-01T04:14:10.551444Z,2,0.913,"{""dg"":"""",""dc"":""""}"
myfcd_0109,"OIL, CANOLA (MINYAK CANOLA)","oil, canola (minyak canola)",MyFCD,https://myfcd.moh.gov.my/myfcdcurrent/index.php/site/detail_product/R112011/0/20/0/0/0,Oils and fats,oils and fats,0.12,487.7995419999996,0.001,99.47,48.23311800000002,10.146345999999996,2.3506980000000004,90.31665999999996,0.148,1.2652140000000005,340.08467200000007,676.7420180000001,0.003052,0.7166260000000002,0.0,0.0,44.83004,,0.5751400000000003,1.1757020000000005,7.634930000000001,2.5400880000000012,,per 100g,2026-07-01T04:14:10.551444Z,2026-07-01T04:14:10.551444Z,2,0.913,"{""dg"":"""",""dc"":""""}"
myfcd_0110,"OIL, COCONUT (MINYAK KELAPA)","oil, coconut (minyak kelapa)",MyFCD,https://myfcd.moh.gov.my/myfcdcurrent/index.php/site/detail_product/R112013/0/20/0/0/0,Oils and fats,oils and fats,0.204,486.6385419999996,0.0762,99.63,48.02811800000001,10.111865999999996,2.338064,77.03567399999996,0.3931,1.2652140000000005,346.1846740000001,666.5182180000002,0.003052,0.6656900000000001,0.0,0.0,45.06018,,0.5751400000000003,1.1757020000000005,7.634930000000001,2.5400880000000012,,per 100g,2026-07-01T04:14:10.551444Z,2026-07-01T04:14:10.551444Z,2,0.913,"{""dg"":"""",""dc"":""""}"
myfcd_0111,"OIL, SUNFLOWER (MINYAK BUNGA MATAHARI)","oil, sunflower (minyak bunga matahari)",MyFCD,https://myfcd.moh.gov.my/myfcdcurrent/index.php/site/detail_product/R112021/0/20/0/0/0,Oils and fats,oils and fats,0.1017,487.7995419999996,0.0,99.3233,48.23311800000002,10.146345999999996,2.3506980000000004,90.31665999999996,0.116,1.2652140000000005,340.08467200000007,676.7420180000001,0.003052,0.7166260000000002,0.0,0.0,44.83004,,0.5751400000000003,1.1757020000000005,7.634930000000001,2.5400880000000012,,per 100g,2026-07-01T04:14:10.551444Z,2026-07-01T04:14:10.551444Z,2,0.913,"{""dg"":"""",""dc"":""""}"
myfcd_0112,"OIL, VEGETABLE (MINYAK SAYURAN)","oil, vegetable (minyak sayuran)",MyFCD,https://myfcd.moh.gov.my/myfcdcurrent/index.php/site/detail_product/R112022/0/20/0/0/0,Oils and fats,oils and fats,0.2133,487.7995419999996,0.0,99.7067,48.23311800000002,10.146345999999996,2.3506980000000004,90.31665999999996,0.2671,1.2652140000000005,340.08467200000007,676.7420180000001,0.003052,0.7166260000000002,0.0,0.0,44.83004,,0.5751400000000003,1.1757020000000005,7.634930000000001,2.5400880000000012,,per 100g,2026-07-01T04:14:10.551444Z,2026-07-01T04:14:10.551444Z,2,0.913,"{""dg"":"""",""dc"":""""}"
myfcd_0113,"SAUCE, THOUSAND ISLAND","sauce, thousand island",MyFCD,https://myfcd.moh.gov.my/myfcdcurrent/index.php/site/detail_product/R112023/0/20/0/0/0,Oils and fats,oils and fats,42.35243000000001,253.6972719999999,1.330534,1.4202979999999996,51.37223,8.407747999999996,0.5930420000000001,17.776422000000007,25.9773,0.6874219999999999,46.460204,88.8967,0.000898,0.41938,0.0,0.0,748.94,,0.0740079999999999,1.02263,0.7496639999999997,4.154189999999997,,per 100g,2026-07-01T04:14:10.551444Z,2026-07-01T04:14:10.551444Z,2,0.913,"{""dg"":"""",""dc"":""""}"
myfcd_0114,SOFT MARGARINE (MARJERIN LEMBUT),soft margarine (marjerin lembut),MyFCD,https://myfcd.moh.gov.my/myfcdcurrent/index.php/site/detail_product/R112024/0/20/0/0/0,Oils and fats,oils and fats,41.79776400000001,232.80053600000008,0.2552740000000001,0.4281319999999999,48.158769999999976,10.564615999999996,0.116096,16.371806,6.914,0.602378,27.26493399999999,16.7375,0.0001,0.396626,0.0,0.0,70.3983,,0.0744079999999999,1.018908,0.7589639999999997,4.153021999999998,,per 100g,2026-07-01T04:14:10.551444Z,2026-07-01T04:14:10.551444Z,2,0.913,"{""dg"":"""",""dc"":""""}"
myfcd_0115,"DESSERT, CHILLED COCONUT MILK- & PALM SUGAR-BASED, WITH PANDAN JELLY NOODLES AND RED BEAN (CENDOL)","dessert, chilled coconut milk-  palm sugar-based, with pandan jelly noodles and red bean (cendol)",MyFCD,https://myfcd.moh.gov.my/myfcdcurrent/index.php/site/detail_product/R113007/0/20/0/0/0,Beverages,beverages,44.95935999999999,235.3132100000001,7.603773999999999,11.056431999999994,34.30327,8.038511999999999,1.4066360000000002,85.05969200000001,177.83565599999986,1.145454,326.646372,406.20901,0.0001919999999999,0.793188,0.0,0.0,0.02,,0.093576,1.0731139999999997,8.669418000000002,4.708853999999998,,per 100g,2026-07-01T04:14:10.551444Z,2026-07-01T04:14:10.551444Z,2,0.913,"{""dg"":"""",""dc"":""""}"
myfcd_0116,"HOT CHOCOLATE, INSTANT PREMIX (WITH SUGAR, COCOA POWDER, CREAMER)","hot chocolate, instant premix (with sugar, cocoa powder, creamer)",MyFCD,https://myfcd.moh.gov.my/myfcdcurrent/index.php/site/detail_product/R113009/0/20/0/0/0,Beverages,beverages,1.4067,425.2167,4.3367,14.8833,68.48,7.7333,3.16,102.17280399999996,173.35958,1.603286,331.65601599999997,572.7086700000001,0.008962,0.7221760000000002,0.090846,0.0,72.51216000000001,,0.5503320000000003,0.874952,7.129146,2.5874480000000006,,per 100g,2026-07-01T04:14:10.551444Z,2026-07-01T04:14:10.551444Z,2,0.913,"{""dg"":"""",""dc"":""""}"
myfcd_0117,ENERGY DRINK,energy drink,MyFCD,https://myfcd.moh.gov.my/myfcdcurrent/index.php/site/detail_product/R113020/0/20/0/0/0,Beverages,beverages,87.02,51.92,0.49,0.0,12.49,0.0,0.0,8.359342000000003,11.555316000000005,0.2508399999999998,15.159333999999994,17.33987000000001,2e-06,0.1744159999999999,0.0,0.8343679999999997,470.8264,,0.0546219999999999,0.4009279999999999,4.335116,3.685400000000002,,per 100g,2026-07-01T04:14:10.551444Z,2026-07-01T04:14:10.551444Z,2,0.913,"{""dg"":"""",""dc"":""""}"
myfcd_0118,ISOTONIC DRINK,isotonic drink,MyFCD,https://myfcd.moh.gov.my/myfcdcurrent/index.php/site/detail_product/R113024/0/20/0/0/0,Beverages,beverages,89.6433,41.36,0.0033,0.0,10.3367,0.0,0.0167,8.881662000000004,3.397505999999999,0.26487,20.933197999999994,19.982370000000017,2e-06,0.1818739999999999,0.0,0.8343679999999997,507.7064,,0.0538239999999999,0.4038879999999999,5.276648000000002,4.603100000000001,,per 100g,2026-07-01T04:14:10.551444Z,2026-07-01T04:14:10.551444Z,2,0.913,"{""dg"":"""",""dc"":""""}"
myfcd_0119,"DESSERT, SWEET LOTUS SEED SOUP (LIN-CHI-KANG)","dessert, sweet lotus seed soup (lin-chi-kang)",MyFCD,https://myfcd.moh.gov.my/myfcdcurrent/index.php/site/detail_product/R113026/0/20/0/0/0,Beverages,beverages,44.95935999999999,235.3132100000001,7.603773999999999,11.056431999999994,34.30327,8.038511999999999,1.4066360000000002,85.05969200000001,177.83565599999986,1.145454,326.646372,406.20901,0.0001919999999999,0.793188,0.0,0.0,0.02,,0.093576,1.0731139999999997,8.669418000000002,4.708853999999998,,per 100g,2026-07-01T04:14:10.551444Z,2026-07-01T04:14:10.551444Z,2,0.913,"{""dg"":"""",""dc"":""""}"
myfcd_0120,FRUIT JUICE ORANGE,fruit juice orange,MyFCD,https://myfcd.moh.gov.my/myfcdcurrent/index.php/site/detail_product/R113039/0/20/0/0/0,Beverages,beverages,92.5033,31.0567,0.64,0.7767,5.3767,0.1167,0.5867,8.846340000000005,14.820094000000005,0.3414199999999999,18.19937999999999,97.92352199999998,2e-06,0.1934379999999999,0.0,0.8343679999999997,48.04286,,0.0598919999999999,0.4046499999999999,3.974217999999999,5.880826,,per 100g,2026-07-01T04:14:10.551444Z,2026-07-01T04:14:10.551444Z,2,0.913,"{""dg"":"""",""dc"":""""}"
myfcd_0121,"TEA, CHRYSANTHEMUM, PACKET, WITH ADDED SUGAR","tea, chrysanthemum, packet, with added sugar",MyFCD,https://myfcd.moh.gov.my/myfcdcurrent/index.php/site/detail_product/R113050/0/20/0/0/0,Beverages,beverages,94.7167,19.4133,0.0,0.0,4.8533,0.43,0.0,9.172314000000004,3.3980659999999987,0.321396,20.68434599999999,25.929164000000014,2e-06,0.1850399999999999,0.0,0.8343679999999997,137.00305999999998,,0.0529579999999999,0.4009279999999999,5.258048,5.429157999999998,,per 100g,2026-07-01T04:14:10.551444Z,2026-07-01T04:14:10.551444Z,2,0.913,"{""dg"":"""",""dc"":""""}"
myfcd_0122,"TEA, GREEN, WITH ADDED SUGAR","tea, green, with added sugar",MyFCD,https://myfcd.moh.gov.my/myfcdcurrent/index.php/site/detail_product/R113051/0/20/0/0/0,Beverages,beverages,93.6933,23.4933,0.0267,0.0,5.8467,0.4067,0.0267,9.019984000000004,3.434633999999999,0.299404,19.287895999999996,52.2193,2e-06,0.1805739999999999,0.0,0.8343679999999997,242.1434,,0.0529579999999999,0.4107159999999999,5.258048,5.199927999999999,,per 100g,2026-07-01T04:14:10.551444Z,2026-07-01T04:14:10.551444Z,2,0.913,"{""dg"":"""",""dc"":""""}"
myfcd_0123,"TEA, KUNDUR, PACKET, WITH ADDED SUGAR","tea, kundur, packet, with added sugar",MyFCD,https://myfcd.moh.gov.my/myfcdcurrent/index.php/site/detail_product/R113052/0/20/0/0/0,Beverages,beverages,44.95935999999999,235.3132100000001,7.603773999999999,11.056431999999994,34.30327,8.038511999999999,1.4066360000000002,85.05969200000001,177.83565599999986,1.145454,326.646372,406.20901,0.0001919999999999,0.793188,0.0,0.0,0.02,,0.093576,1.0731139999999997,8.669418000000002,4.708853999999998,,per 100g,2026-07-01T04:14:10.551444Z,2026-07-01T04:14:10.551444Z,2,0.913,"{""dg"":"""",""dc"":""""}"
myfcd_0124,"Tea, Stevia (Teh Stevia)","tea, stevia (teh stevia)",MyFCD,https://myfcd.moh.gov.my/myfcdcurrent/index.php/site/detail_product/R113055/0/20/0/0/0,Beverages,beverages,45.56720399999999,236.08880800000009,8.366622,11.033511999999996,45.95353399999998,8.115211999999996,1.4793000000000005,66.84042600000002,230.9247,1.275472,338.0784040000001,405.6630600000001,0.001004,0.8607620000000001,0.0,0.0,2.50814,,0.093378,1.078852,8.014316000000003,4.325121999999999,,per 100g,2026-07-01T04:14:10.551444Z,2026-07-01T04:14:10.551444Z,2,0.913,
myfcd_0125,CANNED COFFEE,canned coffee,MyFCD,https://myfcd.moh.gov.my/myfcdcurrent/index.php/site/detail_product/R113056/0/20/0/0/0,Beverages,beverages,44.95935999999999,235.3132100000001,7.603773999999999,11.056431999999994,34.30327,8.038511999999999,1.4066360000000002,85.05969200000001,177.83565599999986,1.145454,326.646372,406.20901,0.0001919999999999,0.793188,0.0,0.0,0.02,,0.093576,1.0731139999999997,8.669418000000002,4.708853999999998,,per 100g,2026-07-01T04:14:10.551444Z,2026-07-01T04:14:10.551444Z,2,0.913,"{""dg"":"""",""dc"":""""}"
myfcd_0126,"MILK, MALTED (CHOCOLATE FLAVOUR)","milk, malted (chocolate flavour)",MyFCD,https://myfcd.moh.gov.my/myfcdcurrent/index.php/site/detail_product/R113057/0/20/0/0/0,Beverages,beverages,85.5,58.4367,1.17,1.6767,9.6667,1.56,0.4267,9.170344000000004,26.170928,0.42308,37.94447400000002,92.41038799999995,0.000102,0.3994139999999999,0.0,0.8343679999999997,68.45918,,0.0596919999999999,0.4124439999999999,2.7975179999999993,4.924966,,per 100g,2026-07-01T04:14:10.551444Z,2026-07-01T04:14:10.551444Z,2,0.913,"{""dg"":"""",""dc"":""""}"
myfcd_0127,"SOYA BEAN DRINK, PACKET, WITH REGULAR ADDED SUGAR","soya bean drink, packet, with regular added sugar",MyFCD,https://myfcd.moh.gov.my/myfcdcurrent/index.php/site/detail_product/R113058/0/20/0/0/0,Beverages,beverages,87.74,55.03,1.58,1.31,9.23,0.0,0.14,9.056996000000003,24.637751999999995,0.29616,26.729564,18.647918000000008,2e-06,0.4759119999999999,0.0,0.8343679999999997,93.17602,,0.0605579999999999,0.409894,2.6188539999999993,3.3188720000000007,,per 100g,2026-07-01T04:14:10.551444Z,2026-07-01T04:14:10.551444Z,2,0.913,"{""dg"":"""",""dc"":""""}"
myfcd_0128,"TEA MIX, INSTANT","tea mix, instant",MyFCD,https://myfcd.moh.gov.my/myfcdcurrent/index.php/site/detail_product/R113059/0/20/0/0/0,Beverages,beverages,44.95935999999999,235.3132100000001,7.603773999999999,11.056431999999994,34.30327,8.038511999999999,1.4066360000000002,85.05969200000001,177.83565599999986,1.145454,326.646372,406.20901,0.0001919999999999,0.793188,0.0,0.0,0.02,,0.093576,1.0731139999999997,8.669418000000002,4.708853999999998,,per 100g,2026-07-01T04:14:10.551444Z,2026-07-01T04:14:10.551444Z,2,0.913,"{""dg"":"""",""dc"":""""}"
myfcd_0129,"TEA, ICE LEMON, PACKET, WITH ADDED SUGAR","tea, ice lemon, packet, with added sugar",MyFCD,https://myfcd.moh.gov.my/myfcdcurrent/index.php/site/detail_product/R113060/0/20/0/0/0,Beverages,beverages,91.29,34.84,0.0033,0.0,8.7067,0.0,0.0,8.928326000000006,3.397505999999999,0.2797039999999999,21.045331999999995,26.35689000000001,2e-06,0.1844719999999999,0.0,0.8343679999999997,474.0608,,0.0538239999999999,0.4038879999999999,5.276648000000002,5.023598,,per 100g,2026-07-01T04:14:10.551444Z,2026-07-01T04:14:10.551444Z,2,0.913,"{""dg"":"""",""dc"":""""}"
myfcd_0130,"FLAVOURED DRINK, COLA TYPE","flavoured drink, cola type",MyFCD,https://myfcd.moh.gov.my/myfcdcurrent/index.php/site/detail_product/R113061/0/20/0/0/0,Beverages,beverages,44.95935999999999,235.3132100000001,7.603773999999999,11.056431999999994,34.30327,8.038511999999999,1.4066360000000002,85.05969200000001,177.83565599999986,1.145454,326.646372,406.20901,0.0001919999999999,0.793188,0.0,0.0,0.02,,0.093576,1.0731139999999997,8.669418000000002,4.708853999999998,,per 100g,2026-07-01T04:14:10.551444Z,2026-07-01T04:14:10.551444Z,2,0.913,"{""dg"":"""",""dc"":""""}"
myfcd_0131,"FRUIT JUICE DRINK, ORANGE","fruit juice drink, orange",MyFCD,https://myfcd.moh.gov.my/myfcdcurrent/index.php/site/detail_product/R113062/0/20/0/0/0,Beverages,beverages,44.95935999999999,235.3132100000001,7.603773999999999,11.056431999999994,34.30327,8.038511999999999,1.4066360000000002,85.05969200000001,177.83565599999986,1.145454,326.646372,406.20901,0.0001919999999999,0.793188,0.0,0.0,0.02,,0.093576,1.0731139999999997,8.669418000000002,4.708853999999998,,per 100g,2026-07-01T04:14:10.551444Z,2026-07-01T04:14:10.551444Z,2,0.913,"{""dg"":"""",""dc"":""""}"
myfcd_0132,"FRUIT DRINK, ORANGE","fruit drink, orange",MyFCD,https://myfcd.moh.gov.my/myfcdcurrent/index.php/site/detail_product/R113063/0/20/0/0/0,Beverages,beverages,90.1,49.98,0.0567,2.4867,6.8433,0.4667,0.0467,9.855090000000008,6.372579999999997,0.3009739999999999,71.31300799999997,14.031362000000009,2e-06,0.280188,0.0,0.8343679999999997,230.2479,,0.0586259999999999,0.3948619999999999,2.3048859999999993,4.420962,,per 100g,2026-07-01T04:14:10.551444Z,2026-07-01T04:14:10.551444Z,2,0.913,"{""dg"":"""",""dc"":""""}"
myfcd_0133,"FRUIT JUICE, FRESH, ORANGE","fruit juice, fresh, orange",MyFCD,https://myfcd.moh.gov.my/myfcdcurrent/index.php/site/detail_product/R113064/0/20/0/0/0,Beverages,beverages,86.5867,51.0133,0.1267,0.0933,12.4167,0.6667,0.11,9.020356000000003,3.9087379999999983,0.273198,16.367153999999992,15.838768000000009,7.599999999999995e-05,0.1651879999999999,0.0,0.8343679999999997,69.44109999999999,,0.0590259999999999,0.3920759999999999,1.871485999999999,3.492733999999999,,per 100g,2026-07-01T04:14:10.551444Z,2026-07-01T04:14:10.551444Z,2,0.913,"{""dg"":"""",""dc"":""""}"
myfcd_0134,CHOCOLATE (COKLAT BERTIH),chocolate (coklat bertih),MyFCD,https://myfcd.moh.gov.my/myfcdcurrent/index.php/site/detail_product/R114007/0/20/0/0/0,Miscellaneous,miscellaneous,51.960703999999986,212.88573599999995,6.486827999999997,10.292639999999995,35.365801999999995,8.151874,1.4734340000000006,77.58397000000002,162.4,1.1820059999999994,342.44304000000005,484.8633,0.000194,0.7347680000000001,0.0,0.0,6.58916,,0.093776,1.0731139999999997,8.669418000000002,4.597453999999999,,per 100g,2026-07-01T04:14:10.551444Z,2026-07-01T04:14:10.551444Z,2,0.913,"{""dg"":"""",""dc"":""""}"
myfcd_0135,"CHOCOLATE, BREAD SPREAD","chocolate, bread spread",MyFCD,https://myfcd.moh.gov.my/myfcdcurrent/index.php/site/detail_product/R114012/0/20/0/0/0,Miscellaneous,miscellaneous,52.7071,212.200168,6.966589999999999,10.965449999999992,34.961468,8.343475999999999,1.053666,85.45014,109.1,1.030452,221.64183399999993,236.550694,0.000116,0.7056659999999999,0.0,0.0,0.58,,0.093308,1.0590219999999997,8.669418000000002,5.052417999999999,,per 100g,2026-07-01T04:14:10.551444Z,2026-07-01T04:14:10.551444Z,2,0.913,"{""dg"":"""",""dc"":""""}"
myfcd_0136,"CHOCOLATE, CASHEW NUT (COKLAT KACANG GAJUS)","chocolate, cashew nut (coklat kacang gajus)",MyFCD,https://myfcd.moh.gov.my/myfcdcurrent/index.php/site/detail_product/R114013/0/20/0/0/0,Miscellaneous,miscellaneous,45.206623999999984,249.4234380000001,8.303911999999997,11.206009999999994,33.754472,8.201699999999999,1.157026,74.65482600000001,250.0833,1.099482,249.3183659999999,342.4687,0.0001839999999999,0.84524,0.0,0.0,7.773,,0.093308,1.0626539999999998,8.679784000000001,4.761753999999997,,per 100g,2026-07-01T04:14:10.551444Z,2026-07-01T04:14:10.551444Z,2,0.913,"{""dg"":"""",""dc"":""""}"
myfcd_0137,"CHOCOLATE, HAZELNUT (COKLAT KACANG BADAM)","chocolate, hazelnut (coklat kacang badam)",MyFCD,https://myfcd.moh.gov.my/myfcdcurrent/index.php/site/detail_product/R114015/0/20/0/0/0,Miscellaneous,miscellaneous,1.285,492.1816739999997,9.4288,29.9267,49.95271,9.905564000000004,2.989984,205.2,198.2217,1.790074,378.1833440000001,713.5683700000002,0.006778,0.8805720000000001,0.0,0.0,11.730039999999995,,0.5747400000000001,1.2227160000000006,7.637322000000001,2.249982000000001,,per 100g,2026-07-01T04:14:10.551444Z,2026-07-01T04:14:10.551444Z,2,0.913,"{""dg"":"""",""dc"":""""}"
myfcd_0138,"CHOCOLATE, MILK (COKLAT SUSU)","chocolate, milk (coklat susu)",MyFCD,https://myfcd.moh.gov.my/myfcdcurrent/index.php/site/detail_product/R114016/0/20/0/0/0,Miscellaneous,miscellaneous,44.95935999999999,235.3132100000001,7.603773999999999,11.056431999999994,34.30327,8.038511999999999,1.4066360000000002,85.05969200000001,177.83565599999986,1.145454,326.646372,406.20901,0.0001919999999999,0.793188,0.0,0.0,0.02,,0.093576,1.0731139999999997,8.669418000000002,4.708853999999998,,per 100g,2026-07-01T04:14:10.551444Z,2026-07-01T04:14:10.551444Z,2,0.913,"{""dg"":"""",""dc"":""""}"
myfcd_0139,"CHOCOLATE, RAISIN (COKLAT BERKISMIS)","chocolate, raisin (coklat berkismis)",MyFCD,https://myfcd.moh.gov.my/myfcdcurrent/index.php/site/detail_product/R114017/0/20/0/0/0,Miscellaneous,miscellaneous,2.7567,527.8733,7.78,32.6333,50.7633,3.9167,2.15,72.17767400000001,173.13145999999998,1.5014379999999996,416.920346,566.881616,0.0052459999999999,0.7519000000000001,0.0,0.0,12.034440000000004,,0.260424,0.5578339999999998,7.5092120000000016,1.9750880000000008,,per 100g,2026-07-01T04:14:10.551444Z,2026-07-01T04:14:10.551444Z,2,0.913,"{""dg"":"""",""dc"":""""}"
myfcd_0140,"CHOCOLATE, ROASTED ALMOND (COKLAT DENGAN KACANG BADAM)","chocolate, roasted almond (coklat dengan kacang badam)",MyFCD,https://myfcd.moh.gov.my/myfcdcurrent/index.php/site/detail_product/R114018/0/20/0/0/0,Miscellaneous,miscellaneous,53.197858,211.9933,7.308316,10.552237999999996,33.114005999999996,8.186941999999998,1.4631000000000003,81.71997000000003,247.359,1.1795699999999998,311.96477200000004,524.0417,0.0001919999999999,0.792414,0.0,0.026074,161.6095,,0.093508,1.0731139999999997,8.669418000000002,4.687419999999999,,per 100g,2026-07-01T04:14:10.551444Z,2026-07-01T04:14:10.551444Z,2,0.913,"{""dg"":"""",""dc"":""""}"
myfcd_0141,"CHOCOLATE, WHITE (COKLAT PUTIH)","chocolate, white (coklat putih)",MyFCD,https://myfcd.moh.gov.my/myfcdcurrent/index.php/site/detail_product/R114019/0/20/0/0/0,Miscellaneous,miscellaneous,44.95935999999999,236.76527800000008,7.379105999999998,11.052765999999991,35.476600000000005,7.893189999999997,1.150328,84.73482400000003,168.8352,1.0812,249.2992679999999,344.234,0.000164,0.7539919999999999,0.0,0.0,5.781079999999999,,0.093308,1.0626539999999998,8.669418000000002,4.761753999999997,,per 100g,2026-07-01T04:14:10.551444Z,2026-07-01T04:14:10.551444Z,2,0.913,"{""dg"":"""",""dc"":""""}"
myfcd_0142,"CHOCOLATE, MIXED NUTS (COKLAT KACANG CAMPURAN)","chocolate, mixed nuts (coklat kacang campuran)",MyFCD,https://myfcd.moh.gov.my/myfcdcurrent/index.php/site/detail_product/R114025/0/20/0/0/0,Miscellaneous,miscellaneous,45.04315799999999,236.16234400000005,7.559159999999999,11.243297999999992,47.25426599999997,8.091611999999998,1.430166,74.07935400000002,221.25,1.083226,317.98337000000004,389.81,0.000202,0.7343940000000001,0.0,0.0,8.38396,,0.09311,1.0721139999999998,8.871816000000003,4.798553999999998,,per 100g,2026-07-01T04:14:10.551444Z,2026-07-01T04:14:10.551444Z,2,0.913,"{""dg"":"""",""dc"":""""}"
myfcd_0143,PLUM SAUCE (SOS PLUM),plum sauce (sos plum),MyFCD,https://myfcd.moh.gov.my/myfcdcurrent/index.php/site/detail_product/R114047/0/20/0/0/0,Miscellaneous,miscellaneous,52.990456000000016,207.2896920000001,0.6387680000000003,0.5544540000000001,35.72702,9.503447999999992,0.602442,2.28254,14.0371,0.5289919999999999,29.22952800000001,167.85602400000008,0.00012,0.3974620000000001,0.0,0.0,8.254299999999999,,0.0723839999999999,1.027934,9.103786,4.851817999999999,,per 100g,2026-07-01T04:14:10.551444Z,2026-07-01T04:14:10.551444Z,2,0.913,"{""dg"":"""",""dc"":""""}"
myfcd_0144,VANILLA WAFER (WAFER VANILLA),vanilla wafer (wafer vanilla),MyFCD,https://myfcd.moh.gov.my/myfcdcurrent/index.php/site/detail_product/R114053/0/20/0/0/0,Miscellaneous,miscellaneous,43.74243999999999,233.87248400000004,6.887413999999996,9.843647999999996,36.98713400000001,8.596516000000001,1.0709939999999998,139.65,96.785,1.058902,202.215,240.4,0.000116,0.7153199999999998,0.0,0.0,42.38554,,0.093508,1.0488559999999998,8.669418000000002,4.780085999999998,,per 100g,2026-07-01T04:14:10.551444Z,2026-07-01T04:14:10.551444Z,2,0.913,"{""dg"":"""",""dc"":""""}"
myfcd_0145,"WAFER, ORANGE FLAVOR (WAFER BERPERISA OREN)","wafer, orange flavor (wafer berperisa oren)",MyFCD,https://myfcd.moh.gov.my/myfcdcurrent/index.php/site/detail_product/R114056/0/20/0/0/0,Miscellaneous,miscellaneous,43.799505999999994,237.07455,6.868961999999997,11.088885999999992,35.7826,8.093609999999998,1.0987299999999998,90.98,111.32,1.074222,225.55,237.41,0.000116,0.7226600000000001,0.0,0.0,23.71594,,0.093308,1.0590219999999997,8.669418000000002,4.767419999999998,,per 100g,2026-07-01T04:14:10.551444Z,2026-07-01T04:14:10.551444Z,2,0.913,"{""dg"":"""",""dc"":""""}"
myfcd_0146,"WAFER, STRAWBERRY FLAVOR (WAFER BERPERISA STRAWBERI)","wafer, strawberry flavor (wafer berperisa strawberi)",MyFCD,https://myfcd.moh.gov.my/myfcdcurrent/index.php/site/detail_product/R114057/0/20/0/0/0,Miscellaneous,miscellaneous,43.341086,234.26655200000005,6.869425999999999,10.068327999999998,46.73821399999997,8.185226,1.04013,86.80388600000002,102.9538,1.026068,204.914132,137.376,0.0001,0.704434,0.0,0.0,0.0,,0.09331,1.0483559999999998,8.871816000000003,4.914987999999998,,per 100g,2026-07-01T04:14:10.551444Z,2026-07-01T04:14:10.551444Z,2,0.913,"{""dg"":"""",""dc"":""""}"
myfcd_0147,CHOCOLATE SPREAD,chocolate spread,MyFCD,https://myfcd.moh.gov.my/myfcdcurrent/index.php/site/detail_product/R114062/0/20/0/0/0,Miscellaneous,miscellaneous,44.95935999999999,235.3132100000001,7.603773999999999,11.056431999999994,34.30327,8.038511999999999,1.4066360000000002,85.05969200000001,177.83565599999986,1.145454,326.646372,406.20901,0.0001919999999999,0.793188,0.0,0.0,0.02,,0.093576,1.0731139999999997,8.669418000000002,4.708853999999998,,per 100g,2026-07-01T04:14:10.551444Z,2026-07-01T04:14:10.551444Z,2,0.913,"{""dg"":"""",""dc"":""""}"
myfcd_0148,"TRADITIONAL MALAYSIAN KUIH, STEAMED GLUTINOUS RICE BALLS COATED WITH SESAME/PEANUT SUGAR CRUMBS (MOCHI@CHEE-PAH)","traditional malaysian kuih, steamed glutinous rice balls coated with sesame/peanut sugar crumbs (mochichee-pah)",MyFCD,https://myfcd.moh.gov.my/myfcdcurrent/index.php/site/detail_product/R211005/0/20/0/0/0,Rice and rice flour based,rice and rice flour based,17.954,380.2867,9.05,14.0233,54.47,3.7067,0.7967,73.68341600000004,227.73685599999996,1.222306,238.28373400000007,193.52466000000013,0.000918,0.797006,0.0028399999999999,0.0,2.69148,,0.104344,0.4637380000000001,7.412268000000003,2.90545,,per 100g,2026-07-01T04:14:10.551444Z,2026-07-01T04:14:10.551444Z,2,0.913,"{""dg"":"""",""dc"":""""}"
myfcd_0149,"TRADITIONAL MALAYSIAN KUIH, STEAMED RICE FLOUR WITH COCONUT MILK AND SUGAR IN SMALL MOULD, SERVED WITH GRATED COCONUT (KUIH LOMPANG)","traditional malaysian kuih, steamed rice flour with coconut milk and sugar in small mould, served with grated coconut (kuih lompang)",MyFCD,https://myfcd.moh.gov.my/myfcdcurrent/index.php/site/detail_product/R211018/0/20/0/0/0,Rice and rice flour based,rice and rice flour based,35.57,253.4067,2.88,1.6467,56.7667,2.1367,1.0,18.76149000000001,47.61881399999999,0.6816319999999998,177.39621200000005,81.79347200000001,0.0009,0.48539,0.001036,0.4432579999999999,0.0,,0.0715919999999999,0.4029459999999999,0.3891499999999999,2.365827999999999,,per 100g,2026-07-01T04:14:10.551444Z,2026-07-01T04:14:10.551444Z,2,0.913,"{""dg"":"""",""dc"":""""}"
myfcd_0150,"TRADITIONAL MALAYSIAN KUIH, STEAMED RICE CAKE WITH COCONUT AND PALM SUGAR,  CYLINDRICAL-SHAPED AND GREEN-COLORED (PUTU BAMBU)","traditional malaysian kuih, steamed rice cake with coconut and palm sugar, cylindrical-shaped and green-colored (putu bambu)",MyFCD,https://myfcd.moh.gov.my/myfcdcurrent/index.php/site/detail_product/R211030/0/20/0/0/0,Rice and rice flour based,rice and rice flour based,36.2433,247.2067,3.5833,2.22,53.2233,3.76,0.97,42.529170000000015,51.63037799999999,0.6819339999999999,185.154326,148.62294600000004,0.000112,0.596354,0.0,0.0,0.0,,0.0735499999999999,0.4187979999999999,7.625804000000001,3.2987979999999992,,per 100g,2026-07-01T04:14:10.551444Z,2026-07-01T04:14:10.551444Z,2,0.913,"{""dg"":"""",""dc"":""""}"
myfcd_0151,"TRADITIONAL MALAYSIAN KUIH, TWO LAYERED STEAMED CAKE, TARO AND COCONUT MILK (KUIH TALAM KELADI)","traditional malaysian kuih, two layered steamed cake, taro and coconut milk (kuih talam keladi)",MyFCD,https://myfcd.moh.gov.my/myfcdcurrent/index.php/site/detail_product/R211037/0/20/0/0/0,Rice and rice flour based,rice and rice flour based,44.95935999999999,235.3132100000001,7.603773999999999,11.056431999999994,34.30327,8.038511999999999,1.4066360000000002,85.05969200000001,177.83565599999986,1.145454,326.646372,406.20901,0.0001919999999999,0.793188,0.0,0.0,0.02,,0.093576,1.0731139999999997,8.669418000000002,4.708853999999998,,per 100g,2026-07-01T04:14:10.551444Z,2026-07-01T04:14:10.551444Z,2,0.913,"{""dg"":"""",""dc"":""""}"
myfcd_0152,KUIH TALAM LABU,kuih talam labu,MyFCD,https://myfcd.moh.gov.my/myfcdcurrent/index.php/site/detail_product/R211039/0/20/0/0/0,Rice and rice flour based,rice and rice flour based,44.95935999999999,235.3132100000001,7.603773999999999,11.056431999999994,34.30327,8.038511999999999,1.4066360000000002,85.05969200000001,177.83565599999986,1.145454,326.646372,406.20901,0.0001919999999999,0.793188,0.0,0.0,0.02,,0.093576,1.0731139999999997,8.669418000000002,4.708853999999998,,per 100g,2026-07-01T04:14:10.551444Z,2026-07-01T04:14:10.551444Z,2,0.913,"{""dg"":"""",""dc"":""""}"
myfcd_0153,"TRADITIONAL MALAYSIAN KUIH, SWEET GLUTINOUS RICE CAKE (WAJIK)","traditional malaysian kuih, sweet glutinous rice cake (wajik)",MyFCD,https://myfcd.moh.gov.my/myfcdcurrent/index.php/site/detail_product/R211044/0/20/0/0/0,Rice and rice flour based,rice and rice flour based,44.95935999999999,235.3132100000001,7.603773999999999,11.056431999999994,34.30327,8.038511999999999,1.4066360000000002,85.05969200000001,177.83565599999986,1.145454,326.646372,406.20901,0.0001919999999999,0.793188,0.0,0.0,0.02,,0.093576,1.0731139999999997,8.669418000000002,4.708853999999998,,per 100g,2026-07-01T04:14:10.551444Z,2026-07-01T04:14:10.551444Z,2,0.913,"{""dg"":"""",""dc"":""""}"
myfcd_0154,"DESSERT, RED TORTOISE CAKE (KUIH ANG KOO)","dessert, red tortoise cake (kuih ang koo)",MyFCD,https://myfcd.moh.gov.my/myfcdcurrent/index.php/site/detail_product/R211045/0/20/0/0/0,Rice and rice flour based,rice and rice flour based,44.95935999999999,235.3132100000001,7.603773999999999,11.056431999999994,34.30327,8.038511999999999,1.4066360000000002,85.05969200000001,177.83565599999986,1.145454,326.646372,406.20901,0.0001919999999999,0.793188,0.0,0.0,0.02,,0.093576,1.0731139999999997,8.669418000000002,4.708853999999998,,per 100g,2026-07-01T04:14:10.551444Z,2026-07-01T04:14:10.551444Z,2,0.913,"{""dg"":"""",""dc"":""""}"
myfcd_0155,Bahulu Kemboja,bahulu kemboja,MyFCD,https://myfcd.moh.gov.my/myfcdcurrent/index.php/site/detail_product/R212003/0/20/0/0/0,Wheat flour based,wheat flour based,49.6,217.30821200000003,6.5004,8.646,44.26074599999998,8.3405,0.485,1.532,69.9383,0.976034,35.46,112.1,0.0001,0.508,0.0,0.0,633.04,,0.0901,1.03479,2.1247919999999993,4.8615879999999985,,per 100g,2026-07-01T04:14:10.551444Z,2026-07-01T04:14:10.551444Z,2,0.913,
myfcd_0156,KEK PISANG,kek pisang,MyFCD,https://myfcd.moh.gov.my/myfcdcurrent/index.php/site/detail_product/R212005/0/20/0/0/0,Wheat flour based,wheat flour based,32.3,277.04837999999995,5.6691,13.9056,53.729206000000005,4.7932,1.145,1.248,83.2529,0.911,119.5,205.5,0.0001,0.425,0.0200279999999999,0.0,298.1,,0.0876579999999999,0.205882,7.977824000000001,2.853456,,per 100g,2026-07-01T04:14:10.551444Z,2026-07-01T04:14:10.551444Z,2,0.913,"{""dg"":"""",""dc"":""""}"
myfcd_0157,"DESSERT, FRUIT CAKE (KEK BUAH)","dessert, fruit cake (kek buah)",MyFCD,https://myfcd.moh.gov.my/myfcdcurrent/index.php/site/detail_product/R212007/0/20/0/0/0,Wheat flour based,wheat flour based,44.95935999999999,235.3132100000001,7.603773999999999,11.056431999999994,34.30327,8.038511999999999,1.4066360000000002,85.05969200000001,177.83565599999986,1.145454,326.646372,406.20901,0.0001919999999999,0.793188,0.0,0.0,0.02,,0.093576,1.0731139999999997,8.669418000000002,4.708853999999998,,per 100g,2026-07-01T04:14:10.551444Z,2026-07-01T04:14:10.551444Z,2,0.913,"{""dg"":"""",""dc"":""""}"
myfcd_0158,"CAKE, SPONGE (KEK SPAN)","cake, sponge (kek span)",MyFCD,https://myfcd.moh.gov.my/myfcdcurrent/index.php/site/detail_product/R212009/0/20/0/0/0,Wheat flour based,wheat flour based,17.3833,401.6067,7.12,18.78,51.0267,4.5267,1.1633,62.79877400000002,81.13906400000002,1.094152,287.46198999999996,182.67112200000008,0.000116,0.6728660000000001,0.0,0.0,2.96426,,0.107878,0.4357359999999998,7.006286000000001,2.581786,,per 100g,2026-07-01T04:14:10.551444Z,2026-07-01T04:14:10.551444Z,2,0.913,"{""dg"":"""",""dc"":""""}"
myfcd_0159,"CAKE, SWISS ROLL (KEK SWISS ROLL)","cake, swiss roll (kek swiss roll)",MyFCD,https://myfcd.moh.gov.my/myfcdcurrent/index.php/site/detail_product/R212010/0/20/0/0/0,Wheat flour based,wheat flour based,44.95935999999999,235.3132100000001,7.603773999999999,11.056431999999994,34.30327,8.038511999999999,1.4066360000000002,85.05969200000001,177.83565599999986,1.145454,326.646372,406.20901,0.0001919999999999,0.793188,0.0,0.0,0.02,,0.093576,1.0731139999999997,8.669418000000002,4.708853999999998,,per 100g,2026-07-01T04:14:10.551444Z,2026-07-01T04:14:10.551444Z,2,0.913,"{""dg"":"""",""dc"":""""}"
myfcd_0160,"CAKE, SWISS ROLL, CHOCOLATE FLAVOUR (KEK SWISS ROLL PERASA COKLAT)","cake, swiss roll, chocolate flavour (kek swiss roll perasa coklat)",MyFCD,https://myfcd.moh.gov.my/myfcdcurrent/index.php/site/detail_product/R212011/0/20/0/0/0,Wheat flour based,wheat flour based,30.1633,381.27,10.9067,28.1767,21.0133,8.2433,1.4967,76.056982,293.46962199999996,1.4306759999999994,394.63567600000016,559.2293500000002,0.001008,1.1060020000000002,0.0021299999999999,0.0,7.520799999999998,,0.1035139999999999,1.122716,8.702734000000003,2.954251999999999,,per 100g,2026-07-01T04:14:10.551444Z,2026-07-01T04:14:10.551444Z,2,0.913,"{""dg"":"""",""dc"":""""}"
myfcd_0161,CUCUR BAWANG,cucur bawang,MyFCD,https://myfcd.moh.gov.my/myfcdcurrent/index.php/site/detail_product/R212017/0/20/0/0/0,Wheat flour based,wheat flour based,43.5,262.90637200000003,6.6413,6.4213,42.50468999999999,2.5841,1.59,2.812,65.2635,2.038,443.8,76.88,0.0001,0.539,0.0,0.4432579999999999,684.42,,0.083178,0.422404,1.1814139999999995,3.364391999999999,,per 100g,2026-07-01T04:14:10.551444Z,2026-07-01T04:14:10.551444Z,2,0.913,"{""dg"":"""",""dc"":""""}"
myfcd_0162,"CAKE, CUP, WITH FROSTING/GLAZE (KEK CAWAN)","cake, cup, with frosting/glaze (kek cawan)",MyFCD,https://myfcd.moh.gov.my/myfcdcurrent/index.php/site/detail_product/R212026/0/20/0/0/0,Wheat flour based,wheat flour based,44.95935999999999,235.3132100000001,7.603773999999999,11.056431999999994,34.30327,8.038511999999999,1.4066360000000002,85.05969200000001,177.83565599999986,1.145454,326.646372,406.20901,0.0001919999999999,0.793188,0.0,0.0,0.02,,0.093576,1.0731139999999997,8.669418000000002,4.708853999999998,,per 100g,2026-07-01T04:14:10.551444Z,2026-07-01T04:14:10.551444Z,2,0.913,"{""dg"":"""",""dc"":""""}"
myfcd_0163,KARIPAP SARDIN,karipap sardin,MyFCD,https://myfcd.moh.gov.my/myfcdcurrent/index.php/site/detail_product/R212032/0/20/0/0/0,Wheat flour based,wheat flour based,22.7,404.062782,8.1958,21.7995,43.02674399999998,6.3605,1.185,3.597,81.8284,0.771,353.7133359999999,112.5,0.0001,0.462,0.0,0.0,599.9916000000001,,0.085614,1.068454,0.8409619999999998,2.2681199999999997,,per 100g,2026-07-01T04:14:10.551444Z,2026-07-01T04:14:10.551444Z,2,0.913,"{""dg"":"""",""dc"":""""}"
myfcd_0164,"TRADITIONAL MALAYSIAN KUIH, CINNAMON ROLLS  (KUIH CEMPIANG)","traditional malaysian kuih, cinnamon rolls (kuih cempiang)",MyFCD,https://myfcd.moh.gov.my/myfcdcurrent/index.php/site/detail_product/R212056/0/20/0/0/0,Wheat flour based,wheat flour based,44.95935999999999,235.3132100000001,7.603773999999999,11.056431999999994,34.30327,8.038511999999999,1.4066360000000002,85.05969200000001,177.83565599999986,1.145454,326.646372,406.20901,0.0001919999999999,0.793188,0.0,0.0,0.02,,0.093576,1.0731139999999997,8.669418000000002,4.708853999999998,,per 100g,2026-07-01T04:14:10.551444Z,2026-07-01T04:14:10.551444Z,2,0.913,"{""dg"":"""",""dc"":""""}"
myfcd_0165,CARA BERLAUK,cara berlauk,MyFCD,https://myfcd.moh.gov.my/myfcdcurrent/index.php/site/detail_product/R212057/0/20/0/0/0,Wheat flour based,wheat flour based,62.9,170.67003800000003,5.6786,1.7472,17.779476000000003,3.0944,0.75,1.8,50.5894,0.699,117.6,82.25,0.0001,0.425,0.0,0.182518,585.72,,0.0676079999999999,0.415492,3.231015999999999,4.944204,,per 100g,2026-07-01T04:14:10.551444Z,2026-07-01T04:14:10.551444Z,2,0.913,"{""dg"":"""",""dc"":""""}"
myfcd_0166,CARA MANIS,cara manis,MyFCD,https://myfcd.moh.gov.my/myfcdcurrent/index.php/site/detail_product/R212058/0/20/0/0/0,Wheat flour based,wheat flour based,56.8,179.101298,4.7064,2.854,17.671806000000007,3.6561,0.71,1.445,49.5338,0.726,96.134206,73.15,0.0001,0.394,0.0,0.052148,637.7,,0.0674079999999999,0.415492,3.231015999999999,4.953704000000001,,per 100g,2026-07-01T04:14:10.551444Z,2026-07-01T04:14:10.551444Z,2,0.913,"{""dg"":"""",""dc"":""""}"
myfcd_0167,LEPAT LABU,lepat labu,MyFCD,https://myfcd.moh.gov.my/myfcdcurrent/index.php/site/detail_product/R212071/0/20/0/0/0,Wheat flour based,wheat flour based,57.35,179.3003,3.0042,2.9802,17.890806,4.0681,0.7020040000000002,2.0452939999999984,48.4252,0.636754,86.634862,82.283068,0.0001,0.4535539999999999,0.0,0.052148,0.33674,,0.0674079999999999,0.414904,3.231015999999999,5.01437,,per 100g,2026-07-01T04:14:10.551444Z,2026-07-01T04:14:10.551444Z,2,0.913,"{""dg"":"""",""dc"":""""}"
myfcd_0168,"DESSERT, MOON CAKES RED BEAN","dessert, moon cakes red bean",MyFCD,https://myfcd.moh.gov.my/myfcdcurrent/index.php/site/detail_product/R212074/0/20/0/0/0,Wheat flour based,wheat flour based,44.95935999999999,235.3132100000001,7.603773999999999,11.056431999999994,34.30327,8.038511999999999,1.4066360000000002,85.05969200000001,177.83565599999986,1.145454,326.646372,406.20901,0.0001919999999999,0.793188,0.0,0.0,0.02,,0.093576,1.0731139999999997,8.669418000000002,4.708853999999998,,per 100g,2026-07-01T04:14:10.551444Z,2026-07-01T04:14:10.551444Z,2,0.913,"{""dg"":"""",""dc"":""""}"
myfcd_0169,ROTI JALA,roti jala,MyFCD,https://myfcd.moh.gov.my/myfcdcurrent/index.php/site/detail_product/R212078/0/20/0/0/0,Wheat flour based,wheat flour based,53.7,195.38645,5.2011,3.3671,25.785207999999997,3.4795,1.0,3.217,58.2924,0.885,241.2,68.64,0.0001,0.473,0.0,0.026074,104.8164,,0.0859299999999999,0.419212,3.208445999999999,4.48312,,per 100g,2026-07-01T04:14:10.551444Z,2026-07-01T04:14:10.551444Z,2,0.913,"{""dg"":"""",""dc"":""""}"
myfcd_0170,"CAKE, CHEESE (KEK KEJU)","cake, cheese (kek keju)",MyFCD,https://myfcd.moh.gov.my/myfcdcurrent/index.php/site/detail_product/R212084/0/20/0/0/0,Wheat flour based,wheat flour based,44.95935999999999,235.3132100000001,7.603773999999999,11.056431999999994,34.30327,8.038511999999999,1.4066360000000002,85.05969200000001,177.83565599999986,1.145454,326.646372,406.20901,0.0001919999999999,0.793188,0.0,0.0,0.02,,0.093576,1.0731139999999997,8.669418000000002,4.708853999999998,,per 100g,2026-07-01T04:14:10.551444Z,2026-07-01T04:14:10.551444Z,2,0.913,"{""dg"":"""",""dc"":""""}"
myfcd_0171,"CAKE, CHOCOLATE (KEK COKLAT)","cake, chocolate (kek coklat)",MyFCD,https://myfcd.moh.gov.my/myfcdcurrent/index.php/site/detail_product/R212085/0/20/0/0/0,Wheat flour based,wheat flour based,44.95935999999999,235.3132100000001,7.603773999999999,11.056431999999994,34.30327,8.038511999999999,1.4066360000000002,85.05969200000001,177.83565599999986,1.145454,326.646372,406.20901,0.0001919999999999,0.793188,0.0,0.0,0.02,,0.093576,1.0731139999999997,8.669418000000002,4.708853999999998,,per 100g,2026-07-01T04:14:10.551444Z,2026-07-01T04:14:10.551444Z,2,0.913,"{""dg"":"""",""dc"":""""}"
myfcd_0172,"DESSERT, HONEYCOMB CAKE (KEK GULA HANGUS)","dessert, honeycomb cake (kek gula hangus)",MyFCD,https://myfcd.moh.gov.my/myfcdcurrent/index.php/site/detail_product/R212086/0/20/0/0/0,Wheat flour based,wheat flour based,44.95935999999999,235.3132100000001,7.603773999999999,11.056431999999994,34.30327,8.038511999999999,1.4066360000000002,85.05969200000001,177.83565599999986,1.145454,326.646372,406.20901,0.0001919999999999,0.793188,0.0,0.0,0.02,,0.093576,1.0731139999999997,8.669418000000002,4.708853999999998,,per 100g,2026-07-01T04:14:10.551444Z,2026-07-01T04:14:10.551444Z,2,0.913,"{""dg"":"""",""dc"":""""}"
myfcd_0173,"DESSERT, LAYER CAKE (KEK LAPIS SARAWAK)","dessert, layer cake (kek lapis sarawak)",MyFCD,https://myfcd.moh.gov.my/myfcdcurrent/index.php/site/detail_product/R212087/0/20/0/0/0,Wheat flour based,wheat flour based,19.51,429.0367,8.2833,25.57,41.4433,4.1133,1.08,60.64826000000002,103.30900200000004,1.15861,335.671294,175.96652600000004,0.000152,0.7590640000000001,0.0,0.0,6.102839999999998,,0.11288,0.4546579999999999,7.187454,2.5492120000000003,,per 100g,2026-07-01T04:14:10.551444Z,2026-07-01T04:14:10.551444Z,2,0.913,"{""dg"":"""",""dc"":""""}"
myfcd_0174,"PASTRY, DANISH","pastry, danish",MyFCD,https://myfcd.moh.gov.my/myfcdcurrent/index.php/site/detail_product/R212088/0/20/0/0/0,Wheat flour based,wheat flour based,44.95935999999999,235.3132100000001,7.603773999999999,11.056431999999994,34.30327,8.038511999999999,1.4066360000000002,85.05969200000001,177.83565599999986,1.145454,326.646372,406.20901,0.0001919999999999,0.793188,0.0,0.0,0.02,,0.093576,1.0731139999999997,8.669418000000002,4.708853999999998,,per 100g,2026-07-01T04:14:10.551444Z,2026-07-01T04:14:10.551444Z,2,0.913,"{""dg"":"""",""dc"":""""}"
myfcd_0175,"PASTRY, PUFF, APPLE FILLING","pastry, puff, apple filling",MyFCD,https://myfcd.moh.gov.my/myfcdcurrent/index.php/site/detail_product/R212089/0/20/0/0/0,Wheat flour based,wheat flour based,20.4467,392.3233,5.4567,17.99,52.1467,2.97,0.99,56.37437800000001,78.53098000000004,1.157518,291.06532599999997,158.31198200000006,0.000118,0.629322,0.0,0.2868139999999999,0.4826,,0.10117,0.4341539999999999,7.405970000000002,2.818484,,per 100g,2026-07-01T04:14:10.551444Z,2026-07-01T04:14:10.551444Z,2,0.913,"{""dg"":"""",""dc"":""""}"
myfcd_0176,"PASTRY, PUFF, CHOCOLATE FILLING","pastry, puff, chocolate filling",MyFCD,https://myfcd.moh.gov.my/myfcdcurrent/index.php/site/detail_product/R212090/0/20/0/0/0,Wheat flour based,wheat flour based,44.95935999999999,235.3132100000001,7.603773999999999,11.056431999999994,34.30327,8.038511999999999,1.4066360000000002,85.05969200000001,177.83565599999986,1.145454,326.646372,406.20901,0.0001919999999999,0.793188,0.0,0.0,0.02,,0.093576,1.0731139999999997,8.669418000000002,4.708853999999998,,per 100g,2026-07-01T04:14:10.551444Z,2026-07-01T04:14:10.551444Z,2,0.913,"{""dg"":"""",""dc"":""""}"
myfcd_0177,"TRADITIONAL MALAYSIAN KUIH, MINI EGG SPONGE CAKE (BAHULU CERMAI)","traditional malaysian kuih, mini egg sponge cake (bahulu cermai)",MyFCD,https://myfcd.moh.gov.my/myfcdcurrent/index.php/site/detail_product/R212091/0/20/0/0/0,Wheat flour based,wheat flour based,14.4433,359.0633,8.8867,5.6767,68.1067,2.0267,0.86,79.20389800000004,121.41854200000004,1.2879999999999998,248.868726,202.4625900000001,0.001732,0.7775580000000001,0.1018699999999999,0.4432579999999999,0.09304,,0.108364,0.1136879999999999,7.388034000000001,2.405306000000001,,per 100g,2026-07-01T04:14:10.551444Z,2026-07-01T04:14:10.551444Z,2,0.913,"{""dg"":"""",""dc"":""""}"
myfcd_0178,"DESSERT, MOON CAKES PURE LOTUS","dessert, moon cakes pure lotus",MyFCD,https://myfcd.moh.gov.my/myfcdcurrent/index.php/site/detail_product/R212092/0/20/0/0/0,Wheat flour based,wheat flour based,44.95935999999999,235.3132100000001,7.603773999999999,11.056431999999994,34.30327,8.038511999999999,1.4066360000000002,85.05969200000001,177.83565599999986,1.145454,326.646372,406.20901,0.0001919999999999,0.793188,0.0,0.0,0.02,,0.093576,1.0731139999999997,8.669418000000002,4.708853999999998,,per 100g,2026-07-01T04:14:10.551444Z,2026-07-01T04:14:10.551444Z,2,0.913,"{""dg"":"""",""dc"":""""}"
myfcd_0179,Koleh Kacang,koleh kacang,MyFCD,https://myfcd.moh.gov.my/myfcdcurrent/index.php/site/detail_product/R213004/0/20/0/0/0,Legume based,legume based,53.9,169.465128,4.65,6.65,14.450136000000002,10.5314,0.1433499999999999,76.99832200000003,84.9238,0.961524,80.28087999999998,10.984162000000005,0.0001,0.598234,0.0,0.078222,6.915159999999999,,0.091704,1.038366,2.789291999999999,5.657317999999999,,per 100g,2026-07-01T04:14:10.551444Z,2026-07-01T04:14:10.551444Z,2,0.913,
myfcd_0180,"TRADITIONAL MALAYSIAN KUIH, FLOUR AND GHEE SUGAR BASED, SPHERE-SHAPED SWEETS (LADDU)","traditional malaysian kuih, flour and ghee sugar based, sphere-shaped sweets (laddu)",MyFCD,https://myfcd.moh.gov.my/myfcdcurrent/index.php/site/detail_product/R213007/0/20/0/0/0,Legume based,legume based,44.95935999999999,235.3132100000001,7.603773999999999,11.056431999999994,34.30327,8.038511999999999,1.4066360000000002,85.05969200000001,177.83565599999986,1.145454,326.646372,406.20901,0.0001919999999999,0.793188,0.0,0.0,0.02,,0.093576,1.0731139999999997,8.669418000000002,4.708853999999998,,per 100g,2026-07-01T04:14:10.551444Z,2026-07-01T04:14:10.551444Z,2,0.913,"{""dg"":"""",""dc"":""""}"
myfcd_0181,"TRADITIONAL MALAYSIAN KUIH, GLUTINOUS RICE BALLS IN COCONUT MILK (BADAK BERENDAM)","traditional malaysian kuih, glutinous rice balls in coconut milk (badak berendam)",MyFCD,https://myfcd.moh.gov.my/myfcdcurrent/index.php/site/detail_product/R214002/0/20/0/0/0,Glutinous rice based,glutinous rice based,44.95935999999999,235.3132100000001,7.603773999999999,11.056431999999994,34.30327,8.038511999999999,1.4066360000000002,85.05969200000001,177.83565599999986,1.145454,326.646372,406.20901,0.0001919999999999,0.793188,0.0,0.0,0.02,,0.093576,1.0731139999999997,8.669418000000002,4.708853999999998,,per 100g,2026-07-01T04:14:10.551444Z,2026-07-01T04:14:10.551444Z,2,0.913,"{""dg"":"""",""dc"":""""}"
myfcd_0182,"TRADITIONAL MALAYSIAN KUIH, GLUTINOUS RICE FLOUR AND COCONUT MILK BASED, BOILED PALM SUGAR TOFFEE-LIKE SWEET (DODOL)","traditional malaysian kuih, glutinous rice flour and coconut milk based, boiled palm sugar toffee-like sweet (dodol)",MyFCD,https://myfcd.moh.gov.my/myfcdcurrent/index.php/site/detail_product/R214006/0/20/0/0/0,Glutinous rice based,glutinous rice based,44.95935999999999,235.3132100000001,7.603773999999999,11.056431999999994,34.30327,8.038511999999999,1.4066360000000002,85.05969200000001,177.83565599999986,1.145454,326.646372,406.20901,0.0001919999999999,0.793188,0.0,0.0,0.02,,0.093576,1.0731139999999997,8.669418000000002,4.708853999999998,,per 100g,2026-07-01T04:14:10.551444Z,2026-07-01T04:14:10.551444Z,2,0.913,"{""dg"":"""",""dc"":""""}"
myfcd_0183,"TRADITIONAL MALAYSIAN KUIH, SESAME BALLS (KUIH BOM)","traditional malaysian kuih, sesame balls (kuih bom)",MyFCD,https://myfcd.moh.gov.my/myfcdcurrent/index.php/site/detail_product/R214010/0/20/0/0/0,Glutinous rice based,glutinous rice based,22.0153,335.3433,6.5433,11.59,51.2133,7.38,1.2567,61.011260000000014,138.87502199999994,1.132364,275.48716400000006,311.10915800000004,0.000174,0.7023240000000002,0.0,0.0,2.42528,,0.1065179999999999,1.069508,8.801250000000001,4.499383999999999,,per 100g,2026-07-01T04:14:10.551444Z,2026-07-01T04:14:10.551444Z,2,0.913,"{""dg"":"""",""dc"":""""}"
myfcd_0184,"TRADITIONAL MALAYSIAN KUIH, SWEET BLACK GLUTINOUS RICE DUMPLING STUFFED WITH GRATED COCONUT FILLING (KUIH KOCI PULUT HITAM)","traditional malaysian kuih, sweet black glutinous rice dumpling stuffed with grated coconut filling (kuih koci pulut hitam)",MyFCD,https://myfcd.moh.gov.my/myfcdcurrent/index.php/site/detail_product/R214016/0/20/0/0/0,Glutinous rice based,glutinous rice based,44.95935999999999,235.3132100000001,7.603773999999999,11.056431999999994,34.30327,8.038511999999999,1.4066360000000002,85.05969200000001,177.83565599999986,1.145454,326.646372,406.20901,0.0001919999999999,0.793188,0.0,0.0,0.02,,0.093576,1.0731139999999997,8.669418000000002,4.708853999999998,,per 100g,2026-07-01T04:14:10.551444Z,2026-07-01T04:14:10.551444Z,2,0.913,"{""dg"":"""",""dc"":""""}"
myfcd_0185,"TRADITIONAL MALAYSIAN KUIH, SWEET FERMENTED GLUTINOUS RICE (TAPAI PULUT)","traditional malaysian kuih, sweet fermented glutinous rice (tapai pulut)",MyFCD,https://myfcd.moh.gov.my/myfcdcurrent/index.php/site/detail_product/R214032/0/20/0/0/0,Glutinous rice based,glutinous rice based,44.95935999999999,235.3132100000001,7.603773999999999,11.056431999999994,34.30327,8.038511999999999,1.4066360000000002,85.05969200000001,177.83565599999986,1.145454,326.646372,406.20901,0.0001919999999999,0.793188,0.0,0.0,0.02,,0.093576,1.0731139999999997,8.669418000000002,4.708853999999998,,per 100g,2026-07-01T04:14:10.551444Z,2026-07-01T04:14:10.551444Z,2,0.913,"{""dg"":"""",""dc"":""""}"
myfcd_0186,"TRADITIONAL MALAYSIAN KUIH, GLUTINUOS RICE FLOUR BASED STUFFED WITH GRATED COCONUT COATED WITH MUNG BEAN POWDER (KUIH TEPUNG GOMAK)","traditional malaysian kuih, glutinuos rice flour based stuffed with grated coconut coated with mung bean powder (kuih tepung gomak)",MyFCD,https://myfcd.moh.gov.my/myfcdcurrent/index.php/site/detail_product/R214034/0/20/0/0/0,Glutinous rice based,glutinous rice based,44.95935999999999,235.3132100000001,7.603773999999999,11.056431999999994,34.30327,8.038511999999999,1.4066360000000002,85.05969200000001,177.83565599999986,1.145454,326.646372,406.20901,0.0001919999999999,0.793188,0.0,0.0,0.02,,0.093576,1.0731139999999997,8.669418000000002,4.708853999999998,,per 100g,2026-07-01T04:14:10.551444Z,2026-07-01T04:14:10.551444Z,2,0.913,"{""dg"":"""",""dc"":""""}"
myfcd_0187,Cakar Ayam,cakar ayam,MyFCD,https://myfcd.moh.gov.my/myfcdcurrent/index.php/site/detail_product/R215003/0/20/0/0/0,Tuber based,tuber based,6.405,433.45189199999993,1.0,17.05,50.17687000000001,9.1488,1.7368179999999995,73.26301000000001,66.8311,1.4437,305.83043799999996,358.19179199999996,0.0067799999999999,0.563128,0.0,0.0,284.74,,0.132872,1.0627719999999998,7.110244000000002,2.5346540000000006,,per 100g,2026-07-01T04:14:10.551444Z,2026-07-01T04:14:10.551444Z,2,0.913,
myfcd_0188,Keledek Goreng,keledek goreng,MyFCD,https://myfcd.moh.gov.my/myfcdcurrent/index.php/site/detail_product/R215004/0/20/0/0/0,Tuber based,tuber based,47.85,225.16700600000007,1.9,10.45,41.358381999999985,6.5351,1.4490220000000005,49.414004000000006,47.3451,0.8655879999999999,338.83438399999994,114.053902,0.0001,0.5712839999999999,0.0,0.0,0.78,,0.0752099999999999,1.056296,0.7703959999999997,3.8357859999999984,,per 100g,2026-07-01T04:14:10.551444Z,2026-07-01T04:14:10.551444Z,2,0.913,
myfcd_0189,Samosa,samosa,MyFCD,https://myfcd.moh.gov.my/myfcdcurrent/index.php/site/detail_product/R216012/0/20/0/0/0,Vegetables and fruits based,vegetables and fruits based,36.05,286.686206,5.4,17.5,65.82207199999999,31.3147,0.6551339999999999,75.72150400000004,70.2386,1.2110939999999997,124.24580400000002,365.3475519999999,0.000956,0.8755000000000002,0.1028099999999999,0.0,364.76352,,0.08266,0.7131839999999997,7.363136000000001,3.439611999999999,,per 100g,2026-07-01T04:14:10.551444Z,2026-07-01T04:14:10.551444Z,2,0.913,
myfcd_0190,"DESSERT, COCONUT MILK BASED, SWEET POTATOES AND TARO IN COCONUT MILK (BUBUR CHA CHA)","dessert, coconut milk based, sweet potatoes and taro in coconut milk (bubur cha cha)",MyFCD,https://myfcd.moh.gov.my/myfcdcurrent/index.php/site/detail_product/R217005/0/20/0/0/0,Porridge and <i>pengat</i>,porridge and ipengat/i,33.8003,309.0475,2.54,5.61,65.89,2.5833,0.9467,5.381732000000002,51.18640200000001,0.53681,241.67899200000008,187.648846,0.001722,0.4857299999999999,0.0972979999999999,0.4432579999999999,0.0,,0.0606819999999999,0.05758,7.933788000000001,2.3532719999999996,,per 100g,2026-07-01T04:14:10.551444Z,2026-07-01T04:14:10.551444Z,2,0.913,"{""dg"":"""",""dc"":""""}"
myfcd_0191,"DESSERT, CORN IN SWEETENED COCONUT MILK (BUBUR JAGUNG)","dessert, corn in sweetened coconut milk (bubur jagung)",MyFCD,https://myfcd.moh.gov.my/myfcdcurrent/index.php/site/detail_product/R217007/0/20/0/0/0,Porridge and <i>pengat</i>,porridge and ipengat/i,47.451,213.3333,2.6233,4.2433,41.1633,3.2933,1.2267,17.3463,49.265196,0.7572920000000001,211.78316400000003,82.611936,0.0001,0.4691300000000001,0.0,0.052148,0.046,,0.0749679999999999,0.41206,0.7560519999999997,2.2905299999999995,,per 100g,2026-07-01T04:14:10.551444Z,2026-07-01T04:14:10.551444Z,2,0.913,"{""dg"":"""",""dc"":""""}"
myfcd_0192,"DESSERT, BLACK GLUTINOUS RICE PORRIDGE (BUBUR PULUT HITAM)","dessert, black glutinous rice porridge (bubur pulut hitam)",MyFCD,https://myfcd.moh.gov.my/myfcdcurrent/index.php/site/detail_product/R217021/0/20/0/0/0,Porridge and <i>pengat</i>,porridge and ipengat/i,44.835,271.7125,2.5767,4.17,58.9575,2.3767,0.7633,3.5564200000000006,47.258888000000006,0.4438879999999999,93.39781,81.489368,0.000102,0.4231779999999998,0.008296,0.4432579999999999,0.02928,,0.0701199999999999,0.4027719999999999,1.1720159999999995,2.14899,,per 100g,2026-07-01T04:14:10.551444Z,2026-07-01T04:14:10.551444Z,2,0.913,"{""dg"":"""",""dc"":""""}"
myfcd_0193,"DESSERT, SAGO PORRIDGE (BUBUR SAGU)","dessert, sago porridge (bubur sagu)",MyFCD,https://myfcd.moh.gov.my/myfcdcurrent/index.php/site/detail_product/R217022/0/20/0/0/0,Porridge and <i>pengat</i>,porridge and ipengat/i,44.0077,240.3167,2.8533,4.4667,47.1767,0.92,0.5767,16.935032,47.91038,0.5629900000000001,68.17690399999995,86.98288799999996,0.000102,0.4448960000000001,0.0,0.4432579999999999,0.11584,,0.0674559999999999,0.4090119999999999,0.7601199999999997,2.247663999999999,,per 100g,2026-07-01T04:14:10.551444Z,2026-07-01T04:14:10.551444Z,2,0.913,"{""dg"":"""",""dc"":""""}"
myfcd_0194,"DESEERT, COCONUT MILK JELLY (AGAR-AGAR SANTAN)","deseert, coconut milk jelly (agar-agar santan)",MyFCD,https://myfcd.moh.gov.my/myfcdcurrent/index.php/site/detail_product/R218004/0/20/0/0/0,Miscellaneous,miscellaneous,44.95935999999999,235.3132100000001,7.603773999999999,11.056431999999994,34.30327,8.038511999999999,1.4066360000000002,85.05969200000001,177.83565599999986,1.145454,326.646372,406.20901,0.0001919999999999,0.793188,0.0,0.0,0.02,,0.093576,1.0731139999999997,8.669418000000002,4.708853999999998,,per 100g,2026-07-01T04:14:10.551444Z,2026-07-01T04:14:10.551444Z,2,0.913,"{""dg"":"""",""dc"":""""}"
myfcd_0195,"DESSERT , CARAMEL PUDDING","dessert , caramel pudding",MyFCD,https://myfcd.moh.gov.my/myfcdcurrent/index.php/site/detail_product/R218007/0/20/0/0/0,Miscellaneous,miscellaneous,44.95935999999999,235.3132100000001,7.603773999999999,11.056431999999994,34.30327,8.038511999999999,1.4066360000000002,85.05969200000001,177.83565599999986,1.145454,326.646372,406.20901,0.0001919999999999,0.793188,0.0,0.0,0.02,,0.093576,1.0731139999999997,8.669418000000002,4.708853999999998,,per 100g,2026-07-01T04:14:10.551444Z,2026-07-01T04:14:10.551444Z,2,0.913,"{""dg"":"""",""dc"":""""}"
myfcd_0196,"CREAM ROLL, VANILLA FLAVOUR","cream roll, vanilla flavour",MyFCD,https://myfcd.moh.gov.my/myfcdcurrent/index.php/site/detail_product/R218011/0/20/0/0/0,Miscellaneous,miscellaneous,28.2527,377.2325,6.86,20.7067,54.22,4.1533,1.0667,58.55395600000003,82.11907000000002,1.1075659999999998,310.54565599999995,151.12574800000004,0.000112,0.7060180000000001,0.0,0.0,1.13632,,0.104412,0.4553919999999999,7.405970000000002,3.05711,,per 100g,2026-07-01T04:14:10.551444Z,2026-07-01T04:14:10.551444Z,2,0.913,"{""dg"":"""",""dc"":""""}"
myfcd_0197,"TRADITIONAL MALAYSIAN KUIH, COCONUT CREAM COOKIES (KUIH BANGKIT)","traditional malaysian kuih, coconut cream cookies (kuih bangkit)",MyFCD,https://myfcd.moh.gov.my/myfcdcurrent/index.php/site/detail_product/R218019/0/20/0/0/0,Miscellaneous,miscellaneous,5.8,412.0733,1.54,7.9533,83.5833,0.9333,0.19,54.43095000000003,68.83264800000002,1.2743720000000005,165.66468999999998,149.93675599999997,0.002586,0.638982,0.1019139999999999,0.4432579999999999,410.78584,,0.11343,0.068188,7.387936,2.09661,,per 100g,2026-07-01T04:14:10.551444Z,2026-07-01T04:14:10.551444Z,2,0.913,"{""dg"":"""",""dc"":""""}"
myfcd_0198,"TRADITIONAL MALAYSIAN KUIH, FLOUR BASED, WITH RED PALM SUGAR  (KUIH CINCIN)","traditional malaysian kuih, flour based, with red palm sugar (kuih cincin)",MyFCD,https://myfcd.moh.gov.my/myfcdcurrent/index.php/site/detail_product/R218023/0/20/0/0/0,Miscellaneous,miscellaneous,1.9167,516.58,5.49,27.3133,62.2,2.58,0.5,63.95110400000003,88.88413800000006,1.288018,260.48051799999996,392.23853999999994,0.002892,0.6904000000000002,0.026794,0.4432579999999999,116.56364,,0.5498680000000002,0.210302,7.393920000000001,1.7186239999999997,,per 100g,2026-07-01T04:14:10.551444Z,2026-07-01T04:14:10.551444Z,2,0.913,"{""dg"":"""",""dc"":""""}"
myfcd_0199,"DESSERT, BREAD PUDDING","dessert, bread pudding",MyFCD,https://myfcd.moh.gov.my/myfcdcurrent/index.php/site/detail_product/R218036/0/20/0/0/0,Miscellaneous,miscellaneous,44.95935999999999,235.3132100000001,7.603773999999999,11.056431999999994,34.30327,8.038511999999999,1.4066360000000002,85.05969200000001,177.83565599999986,1.145454,326.646372,406.20901,0.0001919999999999,0.793188,0.0,0.0,0.02,,0.093576,1.0731139999999997,8.669418000000002,4.708853999999998,,per 100g,2026-07-01T04:14:10.551444Z,2026-07-01T04:14:10.551444Z,2,0.913,"{""dg"":"""",""dc"":""""}"
myfcd_0200,"DESSERT, PUDDING, MILK (PUDING SUSU)","dessert, pudding, milk (puding susu)",MyFCD,https://myfcd.moh.gov.my/myfcdcurrent/index.php/site/detail_product/R218037/0/20/0/0/0,Miscellaneous,miscellaneous,44.4537,222.5167,2.02,2.9433,46.99,2.9867,0.61,3.412656000000001,41.98981599999999,0.375756,55.895973999999995,84.87553799999998,0.000102,0.4344619999999999,0.0,0.2868139999999999,0.7,,0.0693619999999999,0.401512,1.1936179999999996,2.348096,,per 100g,2026-07-01T04:14:10.551444Z,2026-07-01T04:14:10.551444Z,2,0.913,"{""dg"":"""",""dc"":""""}"
myfcd_0201,"DESSERT, BROWNIES, CHOCOLATE","dessert, brownies, chocolate",MyFCD,https://myfcd.moh.gov.my/myfcdcurrent/index.php/site/detail_product/R218048/0/20/0/0/0,Miscellaneous,miscellaneous,44.95935999999999,235.3132100000001,7.603773999999999,11.056431999999994,34.30327,8.038511999999999,1.4066360000000002,85.05969200000001,177.83565599999986,1.145454,326.646372,406.20901,0.0001919999999999,0.793188,0.0,0.0,0.02,,0.093576,1.0731139999999997,8.669418000000002,4.708853999999998,,per 100g,2026-07-01T04:14:10.551444Z,2026-07-01T04:14:10.551444Z,2,0.913,"{""dg"":"""",""dc"":""""}"
myfcd_0202,"DESSERT, CHEESE TART","dessert, cheese tart",MyFCD,https://myfcd.moh.gov.my/myfcdcurrent/index.php/site/detail_product/R218049/0/20/0/0/0,Miscellaneous,miscellaneous,44.95935999999999,235.3132100000001,7.603773999999999,11.056431999999994,34.30327,8.038511999999999,1.4066360000000002,85.05969200000001,177.83565599999986,1.145454,326.646372,406.20901,0.0001919999999999,0.793188,0.0,0.0,0.02,,0.093576,1.0731139999999997,8.669418000000002,4.708853999999998,,per 100g,2026-07-01T04:14:10.551444Z,2026-07-01T04:14:10.551444Z,2,0.913,"{""dg"":"""",""dc"":""""}"
myfcd_0203,"DESSERT, SHAVED ICE, ABC (AIR BATU CAMPUR/AIS KACANG)","dessert, shaved ice, abc (air batu campur/ais kacang)",MyFCD,https://myfcd.moh.gov.my/myfcdcurrent/index.php/site/detail_product/R218050/0/20/0/0/0,Miscellaneous,miscellaneous,44.95935999999999,235.3132100000001,7.603773999999999,11.056431999999994,34.30327,8.038511999999999,1.4066360000000002,85.05969200000001,177.83565599999986,1.145454,326.646372,406.20901,0.0001919999999999,0.793188,0.0,0.0,0.02,,0.093576,1.0731139999999997,8.669418000000002,4.708853999999998,,per 100g,2026-07-01T04:14:10.551444Z,2026-07-01T04:14:10.551444Z,2,0.913,"{""dg"":"""",""dc"":""""}"
myfcd_0204,"DOUGHNUT, WITH FROSTING/GLAZE (DONUT)","doughnut, with frosting/glaze (donut)",MyFCD,https://myfcd.moh.gov.my/myfcdcurrent/index.php/site/detail_product/R218051/0/20/0/0/0,Miscellaneous,miscellaneous,44.95935999999999,235.3132100000001,7.603773999999999,11.056431999999994,34.30327,8.038511999999999,1.4066360000000002,85.05969200000001,177.83565599999986,1.145454,326.646372,406.20901,0.0001919999999999,0.793188,0.0,0.0,0.02,,0.093576,1.0731139999999997,8.669418000000002,4.708853999999998,,per 100g,2026-07-01T04:14:10.551444Z,2026-07-01T04:14:10.551444Z,2,0.913,"{""dg"":"""",""dc"":""""}"
myfcd_0205,"DESSERT, SOY MILK CUSTARD (TAUFU-FAH)","dessert, soy milk custard (taufu-fah)",MyFCD,https://myfcd.moh.gov.my/myfcdcurrent/index.php/site/detail_product/R218052/0/20/0/0/0,Miscellaneous,miscellaneous,65.8933,135.45,3.3433,0.93,28.4267,0.4233,0.9833,8.052192000000005,42.545142,0.328678,174.61620599999995,87.39128000000001,2e-06,0.439604,0.0,0.8082939999999996,1.86714,,0.0597599999999999,0.4110099999999999,2.6656859999999996,3.5429359999999996,,per 100g,2026-07-01T04:14:10.551444Z,2026-07-01T04:14:10.551444Z,2,0.913,"{""dg"":"""",""dc"":""""}"
myfcd_0206,"RICE, ""DAGANG"" (NASI DAGANG)(COMPLETE SET)","rice, dagang (nasi dagang)(complete set)",MyFCD,https://myfcd.moh.gov.my/myfcdcurrent/index.php/site/detail_product/R221079/0/20/0/0/0,Cereal based,cereal based,55.1433,196.4133,6.6633,6.3333,28.19,1.7333,1.9367,70.54085600000002,132.32761799999997,1.4227799999999993,379.530404,482.88867600000015,0.000196,0.6765440000000001,0.0,0.4693319999999998,2.1406600000000005,,0.096934,0.4544,9.738638000000003,5.721215999999998,,per 100g,2026-07-01T04:14:10.551444Z,2026-07-01T04:14:10.551444Z,2,0.913,"{""dg"":"""",""dc"":""""}"
myfcd_0207,"RICE, ARAB (NASI ARAB)","rice, arab (nasi arab)",MyFCD,https://myfcd.moh.gov.my/myfcdcurrent/index.php/site/detail_product/R221081/0/20/0/0/0,Cereal based,cereal based,46.4767,222.3533,5.1967,4.2733,40.7767,1.7833,1.4933,45.172102,73.23161,1.2844419999999996,329.975668,348.515922,0.000154,0.6220320000000001,0.0,0.4432579999999999,0.582,,0.08282,0.4345039999999999,7.715674000000003,3.499989999999999,,per 100g,2026-07-01T04:14:10.551444Z,2026-07-01T04:14:10.551444Z,2,0.913,"{""dg"":"""",""dc"":""""}"
myfcd_0208,"RICE, BRIYANI (RICE ONLY) (BASMATHI RICE)","rice, briyani (rice only) (basmathi rice)",MyFCD,https://myfcd.moh.gov.my/myfcdcurrent/index.php/site/detail_product/R221083/0/20/0/0/0,Cereal based,cereal based,57.1333,190.4533,2.5933,5.96,31.61,1.2667,1.4367,7.806110000000005,49.653694,0.5443520000000001,336.08704199999994,86.59916799999999,0.000102,0.4640700000000001,0.0,0.4693319999999998,0.1026,,0.0612959999999999,0.4220239999999999,2.1474519999999995,5.130796000000001,,per 100g,2026-07-01T04:14:10.551444Z,2026-07-01T04:14:10.551444Z,2,0.913,"{""dg"":"""",""dc"":""""}"
myfcd_0209,"RICE, KERABU (NASI KERABU)(COMPLETE SET)","rice, kerabu (nasi kerabu)(complete set)",MyFCD,https://myfcd.moh.gov.my/myfcdcurrent/index.php/site/detail_product/R221088/0/20/0/0/0,Cereal based,cereal based,47.09,208.9867,4.0033,2.9867,41.5233,2.8233,1.5733,52.88658800000001,64.527744,1.1530379999999996,314.51023399999997,85.39168599999999,0.000102,0.6035840000000001,0.0,0.4432579999999999,0.026,,0.0853119999999999,0.4279119999999999,0.7438479999999995,3.499049999999999,,per 100g,2026-07-01T04:14:10.551444Z,2026-07-01T04:14:10.551444Z,2,0.913,"{""dg"":"""",""dc"":""""}"
myfcd_0210,"RICE, BRIYANI (AYAM)","rice, briyani (ayam)",MyFCD,https://myfcd.moh.gov.my/myfcdcurrent/index.php/site/detail_product/R221107/0/20/0/0/0,Cereal based,cereal based,64.3133,158.6567,3.2367,5.3633,24.36,1.27,1.4567,7.879148000000003,50.10838399999999,0.5995740000000002,348.998376,86.71073399999997,0.000102,0.478256,0.0,0.4954059999999998,2.6738999999999997,,0.0600279999999999,0.4313419999999999,3.235083999999999,5.712096,,per 100g,2026-07-01T04:14:10.551444Z,2026-07-01T04:14:10.551444Z,2,0.913,"{""dg"":"""",""dc"":""""}"
myfcd_0211,"RICE, BRIYANI (DAGING)","rice, briyani (daging)",MyFCD,https://myfcd.moh.gov.my/myfcdcurrent/index.php/site/detail_product/R221108/0/20/0/0/0,Cereal based,cereal based,57.6133,194.5667,7.85,8.0733,37.07,1.7833,2.0533,76.076812,135.02742199999997,1.4227839999999992,369.2590019999999,461.53868200000016,0.000196,0.7279360000000002,0.0,0.4693319999999998,1.00964,,0.098672,0.443322,8.651006000000002,5.5926899999999975,,per 100g,2026-07-01T04:14:10.551444Z,2026-07-01T04:14:10.551444Z,2,0.913,"{""dg"":"""",""dc"":""""}"
myfcd_0212,NASI ARAB SET KHABSYAH (KAMBING),nasi arab set khabsyah (kambing),MyFCD,https://myfcd.moh.gov.my/myfcdcurrent/index.php/site/detail_product/R221109/0/20/0/0/0,Cereal based,cereal based,56.2633,205.6133,3.59,7.9333,29.9633,0.8,1.45,8.060376000000005,51.007711999999984,0.6224780000000001,369.4510039999999,87.988202,0.000104,0.4679760000000001,0.0,0.4693319999999998,0.12676,,0.0612959999999999,0.4220239999999999,2.1474519999999995,5.153397999999999,,per 100g,2026-07-01T04:14:10.551444Z,2026-07-01T04:14:10.551444Z,2,0.913,"{""dg"":"""",""dc"":""""}"
myfcd_0213,NASI ARAB SET MANDY (AYAM),nasi arab set mandy (ayam),MyFCD,https://myfcd.moh.gov.my/myfcdcurrent/index.php/site/detail_product/R221110/0/20/0/0/0,Cereal based,cereal based,64.9767,147.64,3.7367,3.8425,24.5267,1.1333,1.7833,63.85263200000002,79.972166,1.3296679999999994,326.847636,439.7299560000001,0.000182,0.6519900000000001,0.0,0.8082939999999996,0.90794,,0.0802139999999999,0.442388,9.741738000000003,5.461651999999999,,per 100g,2026-07-01T04:14:10.551444Z,2026-07-01T04:14:10.551444Z,2,0.913,"{""dg"":"""",""dc"":""""}"
myfcd_0214,"RICE, ""DAGANG"" (NASI DAGANG)(RICE ONLY)","rice, dagang (nasi dagang)(rice only)",MyFCD,https://myfcd.moh.gov.my/myfcdcurrent/index.php/site/detail_product/R221113/0/20/0/0/0,Cereal based,cereal based,54.6433,125.1448,3.2667,1.89,38.2933,0.8,1.1067,9.060336,45.43220800000001,0.368226,220.89480199999997,88.086982,0.000104,0.452818,0.0,0.8082939999999996,0.6208,,0.0610279999999999,0.4075779999999999,0.7745539999999997,3.2003919999999995,,per 100g,2026-07-01T04:14:10.551444Z,2026-07-01T04:14:10.551444Z,2,0.913,"{""dg"":"""",""dc"":""""}"
myfcd_0215,BEEF RENDANG (RENDANG DAGING LEMBU),beef rendang (rendang daging lembu),MyFCD,https://myfcd.moh.gov.my/myfcdcurrent/index.php/site/detail_product/R222004/0/20/0/0/0,Meat dishes,meat dishes,35.52,360.1,18.7567,23.46,18.4833,2.9333,0.8467,106.94401799999996,380.8277399999999,1.3196139999999996,361.31200000000007,379.40226599999994,0.000956,1.702957999999999,0.0028399999999999,0.4693319999999998,7.67806,,0.0876879999999999,0.5138580000000001,9.315886000000004,2.702278,,per 100g,2026-07-01T04:14:10.551444Z,2026-07-01T04:14:10.551444Z,2,0.913,"{""dg"":"""",""dc"":""""}"
myfcd_0216,"BEEF, FLOSS (SERUNDING DAGING)","beef, floss (serunding daging)",MyFCD,https://myfcd.moh.gov.my/myfcdcurrent/index.php/site/detail_product/R222008/0/20/0/0/0,Meat dishes,meat dishes,6.8167,434.8533,23.0767,20.2533,40.0667,8.0,1.7867,95.048942,508.3088759999998,1.9488099999999997,346.8940080000001,701.2318480000001,0.0076359999999999,1.7289219999999992,0.000236,0.0,11.8625,,0.14592,1.1249440000000002,8.307574000000002,2.500082000000001,,per 100g,2026-07-01T04:14:10.551444Z,2026-07-01T04:14:10.551444Z,2,0.913,"{""dg"":"""",""dc"":""""}"
myfcd_0217,CHICKEN CHOP (BELAHAN AYAM TANPA TULANG),chicken chop (belahan ayam tanpa tulang),MyFCD,https://myfcd.moh.gov.my/myfcdcurrent/index.php/site/detail_product/R222022/0/20/0/0/0,Meat dishes,meat dishes,47.42,263.6567,16.9,15.4967,14.1467,5.5667,0.47,107.33898599999996,394.5721759999999,1.10197,168.078468,277.831058,0.000918,1.6735199999999992,0.0035499999999999,0.026074,33.9227,,0.084722,0.5916899999999999,9.738920000000004,3.5379180000000003,,per 100g,2026-07-01T04:14:10.551444Z,2026-07-01T04:14:10.551444Z,2,0.913,"{""dg"":"""",""dc"":""""}"
myfcd_0218,CHICKEN SATAY (SATAY AYAM),chicken satay (satay ayam),MyFCD,https://myfcd.moh.gov.my/myfcdcurrent/index.php/site/detail_product/R222029/0/20/0/0/0,Meat dishes,meat dishes,32.876,187.2167,28.3233,11.7733,5.28,34.0333,1.0033,130.99123999999998,573.1625919999999,1.3264520000000002,202.43333200000004,612.527092,0.001022,2.069959999999999,0.0647,0.026074,263.17632,,0.0711099999999999,0.7932119999999999,11.07185,5.661411999999998,,per 100g,2026-07-01T04:14:10.551444Z,2026-07-01T04:14:10.551444Z,2,0.913,"{""dg"":"""",""dc"":""""}"
myfcd_0219,"ANCHOVY, DRIED, FRIED IN CHILLI (IKAN BILIS SAMBAL)","anchovy, dried, fried in chilli (ikan bilis sambal)",MyFCD,https://myfcd.moh.gov.my/myfcdcurrent/index.php/site/detail_product/R223003/0/20/0/0/0,Fish and sea-food dishes,fish and sea-food dishes,22.0333,364.7433,16.2067,21.3833,26.8667,12.11,1.4,118.257146,414.77021399999984,1.395954,371.6298720000001,621.8324960000003,0.001056,1.7497719999999992,0.0021299999999999,0.0,6.986839999999998,,0.099504,1.137348,9.701200000000004,2.9088779999999996,,per 100g,2026-07-01T04:14:10.551444Z,2026-07-01T04:14:10.551444Z,2,0.913,"{""dg"":"""",""dc"":""""}"
myfcd_0220,"CATFISH, FRIED IN CHILLI (IKAN KELI GORENG BERLADA)","catfish, fried in chilli (ikan keli goreng berlada)",MyFCD,https://myfcd.moh.gov.my/myfcdcurrent/index.php/site/detail_product/R223015/0/20/0/0/0,Fish and sea-food dishes,fish and sea-food dishes,29.2433,424.97,16.2667,31.9567,18.0733,3.4,1.06,72.23694800000001,349.881826,1.3206359999999997,354.27363600000007,330.87380599999995,0.000986,1.742387999999999,0.0028399999999999,0.052148,27.19806,,0.1038,0.503282,9.707588000000005,2.9627419999999995,,per 100g,2026-07-01T04:14:10.551444Z,2026-07-01T04:14:10.551444Z,2,0.913,"{""dg"":"""",""dc"":""""}"
myfcd_0221,"COCKLES, BOILED (KERANG REBUS)","cockles, boiled (kerang rebus)",MyFCD,https://myfcd.moh.gov.my/myfcdcurrent/index.php/site/detail_product/R223019/0/20/0/0/0,Fish and sea-food dishes,fish and sea-food dishes,68.02,135.8233,14.7433,2.1833,14.3,0.7,0.0533,100.62647199999998,417.4014540000002,0.727922,116.055678,187.154696,0.000906,1.525726,0.0035499999999999,0.8343679999999997,28.6608,,0.0600859999999999,0.480634,10.76332,5.906394000000001,,per 100g,2026-07-01T04:14:10.551444Z,2026-07-01T04:14:10.551444Z,2,0.913,"{""dg"":"""",""dc"":""""}"
myfcd_0222,"CRAB, IN COCONUT MILK (KETAM MASAK LEMAK CILI API)","crab, in coconut milk (ketam masak lemak cili api)",MyFCD,https://myfcd.moh.gov.my/myfcdcurrent/index.php/site/detail_product/R223027/0/20/0/0/0,Fish and sea-food dishes,fish and sea-food dishes,76.9067,116.6467,9.69,5.9133,6.1667,1.3,0.0233,119.037148,430.5972540000001,1.135104,149.21268200000003,217.73998199999997,0.000924,0.8696200000000001,0.0035499999999999,0.8343679999999997,5.673559999999998,,0.0792099999999999,0.4675020000000001,9.731918000000002,6.52496,,per 100g,2026-07-01T04:14:10.551444Z,2026-07-01T04:14:10.551444Z,2,0.913,"{""dg"":"""",""dc"":""""}"
myfcd_0223,"CUTTLEFISH, DRIED, FRIED IN CHILLI (SAMBAL SOTONG KERING)","cuttlefish, dried, fried in chilli (sambal sotong kering)",MyFCD,https://myfcd.moh.gov.my/myfcdcurrent/index.php/site/detail_product/R223030/0/20/0/0/0,Fish and sea-food dishes,fish and sea-food dishes,39.9667,283.44,15.45,16.2933,18.75,8.8333,0.7067,116.83741199999996,463.3518099999999,1.094364,160.55245000000002,303.16014999999993,0.00098,1.6927139999999992,0.0028399999999999,0.026074,9.27264,,0.092098,1.106758,9.768666000000003,3.563018,,per 100g,2026-07-01T04:14:10.551444Z,2026-07-01T04:14:10.551444Z,2,0.913,"{""dg"":"""",""dc"":""""}"
myfcd_0224,"STINGRAY, COOKED IN TAMARIND (IKAN PARI MASAK ASAM PEDAS)","stingray, cooked in tamarind (ikan pari masak asam pedas)",MyFCD,https://myfcd.moh.gov.my/myfcdcurrent/index.php/site/detail_product/R223080/0/20/0/0/0,Fish and sea-food dishes,fish and sea-food dishes,69.0167,114.9567,21.6833,2.5833,2.565,4.0667,1.4067,112.530702,434.555464,1.47805,243.00860000000011,572.8758940000002,0.002582,1.6879819999999994,0.0035499999999999,0.3911099999999999,30.51556,,0.082348,0.4820680000000001,10.752084000000002,7.107081999999998,,per 100g,2026-07-01T04:14:10.551444Z,2026-07-01T04:14:10.551444Z,2,0.913,"{""dg"":"""",""dc"":""""}"
myfcd_0225,"CABBAGE, FRIED (KOBIS GORENG)","cabbage, fried (kobis goreng)",MyFCD,https://myfcd.moh.gov.my/myfcdcurrent/index.php/site/detail_product/R224014/0/20/0/0/0,Vegetable dishes,vegetable dishes,73.44,159.0967,2.5067,11.6833,10.98,1.3667,0.0233,9.92377,45.707694,0.5140279999999999,190.5795640000001,9.642523999999998,0.000102,0.4756080000000001,0.0,0.5214799999999998,92.21116,,0.0596919999999999,0.4105959999999999,2.8006179999999996,4.962338,,per 100g,2026-07-01T04:14:10.551444Z,2026-07-01T04:14:10.551444Z,2,0.913,"{""dg"":"""",""dc"":""""}"
myfcd_0226,KALE WITH SALTED FISH (KAILAN IKAN MASIN),kale with salted fish (kailan ikan masin),MyFCD,https://myfcd.moh.gov.my/myfcdcurrent/index.php/site/detail_product/R224026/0/20/0/0/0,Vegetable dishes,vegetable dishes,48.9867,287.5267,8.23,20.58,17.3467,4.8,0.0567,84.49088000000002,140.27201800000003,0.9774180000000002,244.20014800000013,185.07963,0.000132,0.7772920000000001,0.0,0.026074,21.27956,,0.0921999999999999,0.458848,8.721406000000004,3.230456,,per 100g,2026-07-01T04:14:10.551444Z,2026-07-01T04:14:10.551444Z,2,0.913,"{""dg"":"""",""dc"":""""}"
myfcd_0227,"MIX VEGETABLES, STIR FRIED (SAYUR CAMPUR GORENG)","mix vegetables, stir fried (sayur campur goreng)",MyFCD,https://myfcd.moh.gov.my/myfcdcurrent/index.php/site/detail_product/R224034/0/20/0/0/0,Vegetable dishes,vegetable dishes,66.4667,146.55,4.4,6.39,17.86,4.8533,0.03,43.289386000000015,55.268310000000014,0.7514440000000002,107.63351199999995,11.190312,0.0001,0.6248060000000001,0.0,0.3911099999999999,96.14376,,0.0689019999999999,0.4158699999999999,2.7830839999999997,4.593169999999999,,per 100g,2026-07-01T04:14:10.551444Z,2026-07-01T04:14:10.551444Z,2,0.913,"{""dg"":"""",""dc"":""""}"
myfcd_0228,"SPINACH, (BAYAM MASAK AIR)","spinach, (bayam masak air)",MyFCD,https://myfcd.moh.gov.my/myfcdcurrent/index.php/site/detail_product/R224046/0/20/0/0/0,Vegetable dishes,vegetable dishes,78.99,91.21,3.4567,2.41,13.9233,0.87,0.35,11.536674,45.354906,0.4571440000000001,67.58275799999998,42.505696000000015,0.000106,0.439574,0.0,0.8343679999999997,5.888179999999998,,0.0623599999999999,0.40629,1.8621859999999992,3.529769999999999,,per 100g,2026-07-01T04:14:10.551444Z,2026-07-01T04:14:10.551444Z,2,0.913,"{""dg"":"""",""dc"":""""}"
myfcd_0229,"SWAMP CABBAGE, FRIED WITH BELACAN (KANGKUNG GORENG BELACAN)","swamp cabbage, fried with belacan (kangkung goreng belacan)",MyFCD,https://myfcd.moh.gov.my/myfcdcurrent/index.php/site/detail_product/R224048/0/20/0/0/0,Vegetable dishes,vegetable dishes,74.8767,132.2933,3.59,7.9333,11.6333,1.3667,0.6,10.103428,47.99993199999999,0.5395319999999999,125.68468600000004,92.66289999999998,0.000102,0.43771,0.0,0.8343679999999997,2.9857399999999994,,0.0596919999999999,0.4111839999999999,2.7975179999999993,4.7000020000000005,,per 100g,2026-07-01T04:14:10.551444Z,2026-07-01T04:14:10.551444Z,2,0.913,"{""dg"":"""",""dc"":""""}"
myfcd_0230,"TRADITIONAL MALAYSIAN KUIH, SWEET FERMENTED TAPIOCA (TAPAI UBI KAYU)","traditional malaysian kuih, sweet fermented tapioca (tapai ubi kayu)",MyFCD,https://myfcd.moh.gov.my/myfcdcurrent/index.php/site/detail_product/R224049/0/20/0/0/0,Vegetable dishes,vegetable dishes,32.4397,248.5133,0.85,0.2033,60.8167,3.8567,1.83,45.304270000000024,28.036755999999997,0.94725,181.583002,316.890266,0.000152,0.6081920000000001,0.024774,0.0,48.7064,,0.100814,0.206818,7.560892,3.299025999999999,,per 100g,2026-07-01T04:14:10.551444Z,2026-07-01T04:14:10.551444Z,2,0.913,"{""dg"":"""",""dc"":""""}"
myfcd_0231,ROJAK PASTE,rojak paste,MyFCD,https://myfcd.moh.gov.my/myfcdcurrent/index.php/site/detail_product/R225015/0/20/0/0/0,Miscellaneous,miscellaneous,44.95935999999999,235.3132100000001,7.603773999999999,11.056431999999994,34.30327,8.038511999999999,1.4066360000000002,85.05969200000001,177.83565599999986,1.145454,326.646372,406.20901,0.0001919999999999,0.793188,0.0,0.0,0.02,,0.093576,1.0731139999999997,8.669418000000002,4.708853999999998,,per 100g,2026-07-01T04:14:10.551444Z,2026-07-01T04:14:10.551444Z,2,0.913,"{""dg"":"""",""dc"":""""}"
myfcd_0232,"COFFEE, WITH MILK AND SUGAR, FROM MAMAK STALLS","coffee, with milk and sugar, from mamak stalls",MyFCD,https://myfcd.moh.gov.my/myfcdcurrent/index.php/site/detail_product/R225024/0/20/0/0/0,Miscellaneous,miscellaneous,48.123,207.01,0.172,0.0183,51.54,2.017444,0.1477,5.034437999999998,3.3526920000000007,0.2874919999999999,12.83585,16.568974000000008,0.0001,0.1772419999999999,0.0,0.4432579999999999,483.22,,0.0546939999999999,0.3853639999999999,1.6147159999999994,2.820958,,per 100g,2026-07-01T04:14:10.551444Z,2026-07-01T04:14:10.551444Z,2,0.913,"{""dg"":"""",""dc"":""""}"
myfcd_0233,"PEARL MILK TEA (WITH BREWED TEA, MILK, SUGAR SYRUP, TAPIOCA PEARLS), NORMAL SUGAR","pearl milk tea (with brewed tea, milk, sugar syrup, tapioca pearls), normal sugar",MyFCD,https://myfcd.moh.gov.my/myfcdcurrent/index.php/site/detail_product/R237013/0/20/0/0/0,Miscellaneous,miscellaneous,44.95935999999999,235.3132100000001,7.603773999999999,11.056431999999994,34.30327,8.038511999999999,1.4066360000000002,85.05969200000001,177.83565599999986,1.145454,326.646372,406.20901,0.0001919999999999,0.793188,0.0,0.0,0.02,,0.093576,1.0731139999999997,8.669418000000002,4.708853999999998,,per 100g,2026-07-01T04:14:10.551444Z,2026-07-01T04:14:10.551444Z,2,0.913,"{""dg"":"""",""dc"":""""}"
myfcd_0234,"ICE CHOCOLATE BLENDED, WITH WHIPPING CREAM","ice chocolate blended, with whipping cream",MyFCD,https://myfcd.moh.gov.my/myfcdcurrent/index.php/site/detail_product/R237014/0/20/0/0/0,Miscellaneous,miscellaneous,82.55,201.082,0.6767,0.11,49.716,0.2,0.27,6.526166000000002,13.874984000000005,0.27107,9.767633999999996,35.00866799999999,2e-06,0.15561,0.0,0.4693319999999998,96.68488,,0.0615619999999999,0.3792699999999999,1.5491859999999995,3.62157,,per 100g,2026-07-01T04:14:10.551444Z,2026-07-01T04:14:10.551444Z,2,0.913,"{""dg"":"""",""dc"":""""}"
