food_id,food_name_original,food_name_normalized,source,source_url,category_original,category_normalized,water_g,energy_kcal,protein_g,fat_g,carbohydrate_g,fiber_g,ash_g,calcium_mg,phosphorus_mg,iron_mg,sodium_mg,potassium_mg,copper_mg,zinc_mg,retinol_mcg,beta_carotene_mcg,carotene_total_mcg,vitamin_a_mcg,vitamin_b1_mg,vitamin_b2_mg,niacin_mg,vitamin_c_mg,edible_portion_percent,unit_basis,scraped_at,cleaned_at,missing_nutrient_count,completeness_score,notes,name_norm,magnesium_mg,magnesium_mg_source,magnesium_mg_confidence,sugars_total_g,sugars_total_g_source,sugars_total_g_confidence,saturated_fat_g,saturated_fat_g_source,saturated_fat_g_confidence,cholesterol_mg,cholesterol_mg_source,cholesterol_mg_confidence,vitamin_b6_mg,vitamin_b6_mg_source,vitamin_b6_mg_confidence,vitamin_b12_mcg,vitamin_b12_mcg_source,vitamin_b12_mcg_confidence
tkpi_0001,"Beras giling, mentah (Rice, raw)","beras giling, mentah (rice, raw)",TKPI,https://www.panganku.org/id-ID/view,Serealia,serealia,11.254000000000001,357.0,8.4,1.7,77.1,0.2,0.8,147.0,81.0,1.8,27.0,71.0,0.1,0.5,0.0,0.0,0.0,,0.2,0.08,2.6,0.0,,per 100g,2026-07-01T04:14:08.471742Z,2026-07-01T04:14:08.471742Z,3,0.8696,,beras giling rice,70.20994475138122,USDA_category_mean,0.2372,0.9388429752066116,USDA_category_mean,0.2372,0.4235747126436781,USDA_category_mean,0.2372,3.9820359281437128,USDA_category_mean,0.2372,0.2239111111111111,USDA_category_mean,0.2372,0.0151219512195121,USDA_category_mean,0.2372
tkpi_0002,"Beras giling var pelita, mentah (Rice, raw)","beras giling var pelita, mentah (rice, raw)",TKPI,https://www.panganku.org/id-ID/view,Serealia,serealia,11.482000000000001,369.0,9.5,1.4,77.1,0.4,0.6,68.0,171.0,1.4,34.0,0.0,0.0,0.0,0.0,0.0,0.0,,0.26,0.0,0.0,0.0,,per 100g,2026-07-01T04:14:08.471742Z,2026-07-01T04:14:08.471742Z,3,0.8696,,beras giling var pelita rice,,not_matched,,,not_matched,,,not_matched,,,not_matched,,,not_matched,,,not_matched,
tkpi_0003,"Beras giling var rojolele, mentah (Rice. Raw)","beras giling var rojolele, mentah (rice. raw)",TKPI,https://www.panganku.org/id-ID/view,Serealia,serealia,12.0,357.0,8.4,1.7,77.1,0.2,0.8,147.0,81.0,1.8,34.0,112.9,0.14,0.1,0.54,0.0,80.0,,0.2,0.02,1.5,0.0,,per 100g,2026-07-01T04:14:08.471742Z,2026-07-01T04:14:08.471742Z,3,0.8696,,beras giling var rojolele rice,,not_matched,,,not_matched,,,not_matched,,,not_matched,,,not_matched,,,not_matched,
tkpi_0004,"Beras hitam, mentah (Rice, raw)","beras hitam, mentah (rice, raw)",TKPI,https://www.panganku.org/id-ID/view,Serealia,serealia,12.9,351.0,8.0,1.3,76.9,20.1,0.9,6.0,198.0,0.1,15.0,105.0,0.1,1.6,0.0,0.0,0.0,,0.21,0.06,0.0,0.0,,per 100g,2026-07-01T04:14:08.471742Z,2026-07-01T04:14:08.471742Z,2,0.913,,beras hitam rice,70.20994475138122,USDA_category_mean,0.2415,0.9388429752066116,USDA_category_mean,0.2415,0.4235747126436781,USDA_category_mean,0.2415,3.9820359281437128,USDA_category_mean,0.2415,0.2239111111111111,USDA_category_mean,0.2415,0.0151219512195121,USDA_category_mean,0.2415
tkpi_0005,"Beras jagung kuning, kering, mentah (Corn, yellow","beras jagung kuning, kering, mentah (corn, yellow",TKPI,https://www.panganku.org/id-ID/view,Serealia,serealia,10.8,358.0,5.5,0.1,82.7,10.0,0.9,20.0,90.0,1.4,1.0,80.0,0.1,4.1,242.86,641.0,551.36,,0.12,0.08,1.0,3.0,,per 100g,2026-07-01T04:14:08.471742Z,2026-07-01T04:14:08.471742Z,4,0.8261,,beras jagung kuning corn yellow,127.0,USDA_direct_medium,0.4681,0.64,USDA_direct_medium,0.4681,0.667,USDA_direct_medium,0.4681,0.0,USDA_direct_medium,0.4681,0.622,USDA_direct_medium,0.4681,0.0,USDA_direct_medium,0.4681
tkpi_0006,"Beras jagung putih, kering, mentah (Corn, white, died, crushed, raw)","beras jagung putih, kering, mentah (corn, white, died, crushed, raw)",TKPI,https://www.panganku.org/id-ID/view,Serealia,serealia,22.5,307.0,4.8,0.1,71.8,10.0,0.8,17.0,78.0,1.2,1.0,70.0,0.1,3.5,250.02,301.0,560.76,,0.15,0.07,0.9,0.0,,per 100g,2026-07-01T04:14:08.471742Z,2026-07-01T04:14:08.471742Z,4,0.8261,,beras jagung putih corn white died crushed,70.20994475138122,USDA_category_mean,0.2931,0.9388429752066116,USDA_category_mean,0.2931,0.4235747126436781,USDA_category_mean,0.2931,3.9820359281437128,USDA_category_mean,0.2931,0.2239111111111111,USDA_category_mean,0.2931,0.0151219512195121,USDA_category_mean,0.2931
tkpi_0007,"Beras ketan hitam tumbuk, mentah (Glutinous rice, black, husk,raw)","beras ketan hitam tumbuk, mentah (glutinous rice, black, husk,raw)",TKPI,https://www.panganku.org/id-ID/view,Serealia,serealia,13.7,360.0,8.0,2.3,74.5,1.0,1.5,10.0,347.0,6.2,11.0,288.0,0.28,2.2,0.0,0.0,0.0,,0.24,0.1,2.0,0.0,,per 100g,2026-07-01T04:14:08.471742Z,2026-07-01T04:14:08.471742Z,2,0.913,,beras ketan hitam tumbuk glutinous rice black husk,70.20994475138122,USDA_category_mean,0.3559,0.9388429752066116,USDA_category_mean,0.3559,0.4235747126436781,USDA_category_mean,0.3559,3.9820359281437128,USDA_category_mean,0.3559,0.2239111111111111,USDA_category_mean,0.3559,0.0151219512195121,USDA_category_mean,0.3559
tkpi_0008,"Beras ketan putih tumbuk, mentah (Glutinous rice, white, husk,raw)","beras ketan putih tumbuk, mentah (glutinous rice, white, husk,raw)",TKPI,https://www.panganku.org/id-ID/view,Serealia,serealia,12.9,361.0,7.4,0.8,78.4,0.4,0.5,13.0,157.0,3.4,3.0,282.0,0.28,2.2,0.0,0.0,0.0,,0.28,0.0,1.4,0.0,,per 100g,2026-07-01T04:14:08.471742Z,2026-07-01T04:14:08.471742Z,2,0.913,,beras ketan putih tumbuk glutinous rice white husk,5.0,USDA_direct_medium,0.4711,0.05,USDA_direct_medium,0.4711,0.039,USDA_direct_medium,0.4711,0.0,USDA_direct_medium,0.4711,0.026,USDA_direct_medium,0.4711,0.0,USDA_direct_medium,0.4711
tkpi_0009,"Beras ladang, mentah (Rice, raw)","beras ladang, mentah (rice, raw)",TKPI,https://www.panganku.org/id-ID/view,Serealia,serealia,9.8,376.0,7.5,3.8,78.0,5.9,0.9,20.0,110.0,0.8,10.0,70.0,0.1,1.4,0.0,0.0,0.53156,,0.2,0.2,5.1,0.0,,per 100g,2026-07-01T04:14:08.471742Z,2026-07-01T04:14:08.471742Z,3,0.8696,,beras ladang rice,70.20994475138122,USDA_category_mean,0.2245,0.9388429752066116,USDA_category_mean,0.2245,0.4235747126436781,USDA_category_mean,0.2245,3.9820359281437128,USDA_category_mean,0.2245,0.2239111111111111,USDA_category_mean,0.2245,0.0151219512195121,USDA_category_mean,0.2245
tkpi_0010,"Beras menir, mentah (Rice, crushed, raw)","beras menir, mentah (rice, crushed, raw)",TKPI,https://www.panganku.org/id-ID/view,Serealia,serealia,12.0,362.0,7.7,4.4,73.0,0.2,0.2,22.0,272.0,3.7,90.0,201.0,0.1,0.5,0.0,0.0,2.4961599999999997,,0.55,0.0,1.9,0.0,,per 100g,2026-07-01T04:14:08.471742Z,2026-07-01T04:14:08.471742Z,3,0.8696,,beras menir rice crushed,,not_matched,,,not_matched,,,not_matched,,,not_matched,,,not_matched,,,not_matched,
tkpi_0011,"Beras parboiled (Rice, parboiled)","beras parboiled (rice, parboiled)",TKPI,https://www.panganku.org/id-ID/view,Serealia,serealia,10.0,353.0,6.8,0.6,80.0,0.5,2.5,5.0,142.0,0.8,2.0,46.0,0.28,1.0,0.0,0.0,7.1,,0.22,0.11,3.4,0.0,,per 100g,2026-07-01T04:14:08.471742Z,2026-07-01T04:14:08.471742Z,3,0.8696,,beras parboiled rice parboiled,27.0,USDA_direct_medium,0.5812,0.33,USDA_direct_medium,0.5812,0.294,USDA_direct_medium,0.5812,0.0,USDA_direct_medium,0.5812,0.452,USDA_direct_medium,0.5812,0.0,USDA_direct_medium,0.5812
tkpi_0012,"Beras tumbuk, mentah (Rice with husk, raw)","beras tumbuk, mentah (rice with husk, raw)",TKPI,https://www.panganku.org/id-ID/view,Serealia,serealia,11.5,354.0,7.8,0.4,79.9,3.8,0.4,3.0,112.0,0.6,5.0,85.0,0.5,1.5,0.0,0.0,10.1,,0.25,0.22,5.1,0.0,,per 100g,2026-07-01T04:14:08.471742Z,2026-07-01T04:14:08.471742Z,3,0.8696,,beras tumbuk rice husk,,not_matched,,,not_matched,,,not_matched,,,not_matched,,,not_matched,,,not_matched,
tkpi_0013,"Beras tumbuk merah, mentah (Rice, brown with husk, raw)","beras tumbuk merah, mentah (rice, brown with husk, raw)",TKPI,https://www.panganku.org/id-ID/view,Serealia,serealia,14.6,352.0,7.3,0.9,76.2,0.8,1.0,15.0,257.0,4.2,10.0,202.0,0.36,1.9,0.0,0.0,0.0,,0.34,0.0,3.3,0.0,,per 100g,2026-07-01T04:14:08.471742Z,2026-07-01T04:14:08.471742Z,2,0.913,,beras tumbuk merah rice brown husk,70.20994475138122,USDA_category_mean,0.3725,0.9388429752066116,USDA_category_mean,0.3725,0.4235747126436781,USDA_category_mean,0.3725,3.9820359281437128,USDA_category_mean,0.3725,0.2239111111111111,USDA_category_mean,0.3725,0.0151219512195121,USDA_category_mean,0.3725
tkpi_0014,"Cantel, mentah (Sorghum, raw)","cantel, mentah (sorghum, raw)",TKPI,https://www.panganku.org/id-ID/view,Serealia,serealia,11.0,366.0,11.0,3.3,73.0,1.2,1.7,28.0,287.0,4.4,7.0,249.0,0.36579999999999996,1.6260000000000003,0.0,0.0,0.2,,0.09,0.14,2.8,0.0,,per 100g,2026-07-01T04:14:08.471742Z,2026-07-01T04:14:08.471742Z,5,0.7826,,cantel sorghum,165.0,USDA_direct_medium,0.5498,2.53,USDA_direct_medium,0.5498,0.61,USDA_direct_medium,0.5498,0.0,USDA_direct_medium,0.5498,0.443,USDA_direct_medium,0.5498,0.0,USDA_direct_medium,0.5498
tkpi_0015,"Jagung muda, kuning, mentah (Corn,baby, yellow, raw)","jagung muda, kuning, mentah (corn,baby, yellow, raw)",TKPI,https://www.panganku.org/id-ID/view,Serealia,serealia,61.8,147.0,5.1,0.7,31.5,1.3,0.9,6.0,122.0,1.1,5.0,33.6,0.13,0.9,0.0,113.0,261.0,,0.24,0.1,0.8,9.0,,per 100g,2026-07-01T04:14:08.471742Z,2026-07-01T04:14:08.471742Z,2,0.913,,jagung muda kuning corn baby yellow,70.20994475138122,USDA_category_mean,0.3737,0.9388429752066116,USDA_category_mean,0.3737,0.4235747126436781,USDA_category_mean,0.3737,3.9820359281437128,USDA_category_mean,0.3737,0.2239111111111111,USDA_category_mean,0.3737,0.0151219512195121,USDA_category_mean,0.3737
tkpi_0016,"Jagung kuning pipil, kering, mentah (Corn, yellow, raw)","jagung kuning pipil, kering, mentah (corn, yellow, raw)",TKPI,https://www.panganku.org/id-ID/view,Serealia,serealia,11.5,366.0,9.8,7.3,69.1,2.2,2.4,30.0,538.0,2.3,5.0,79.4,0.1,4.1,452.58,636.0,641.0,,0.12,0.12,1.8,3.0,,per 100g,2026-07-01T04:14:08.471742Z,2026-07-01T04:14:08.471742Z,3,0.8696,,jagung kuning pipil corn yellow,127.0,USDA_direct_medium,0.4438,0.64,USDA_direct_medium,0.4438,0.667,USDA_direct_medium,0.4438,0.0,USDA_direct_medium,0.4438,0.622,USDA_direct_medium,0.4438,0.0,USDA_direct_medium,0.4438
tkpi_0017,"Jagung pipil var. harapan, kering (Corn, dried, raw)","jagung pipil var. harapan, kering (corn, dried, raw)",TKPI,https://www.panganku.org/id-ID/view,Serealia,serealia,11.3,367.0,6.2,5.1,76.2,2.6,1.2,7.0,354.0,2.8,1.0,79.6,0.1,4.1,24.068540000000002,637.0,385.0,,0.19,0.08,1.0,0.0,,per 100g,2026-07-01T04:14:08.471742Z,2026-07-01T04:14:08.471742Z,3,0.8696,,jagung pipil var harapan corn,,not_matched,,,not_matched,,,not_matched,,,not_matched,,,not_matched,,,not_matched,
tkpi_0018,"Jagung pipil var. metro, kering (Corn, dried, raw)","jagung pipil var. metro, kering (corn, dried, raw)",TKPI,https://www.panganku.org/id-ID/view,Serealia,serealia,10.6,368.0,5.5,4.6,78.0,2.9,1.3,7.0,300.0,2.4,1.0,80.2,0.1,4.1,331.96,642.0,554.0,,0.16,0.08,1.0,0.0,,per 100g,2026-07-01T04:14:08.471742Z,2026-07-01T04:14:08.471742Z,3,0.8696,,jagung pipil var metro corn,,not_matched,,,not_matched,,,not_matched,,,not_matched,,,not_matched,,,not_matched,
tkpi_0019,"Jali, mentah (Job's tear/adlay, raw)","jali, mentah (jobs tear/adlay, raw)",TKPI,https://www.panganku.org/id-ID/view,Serealia,serealia,23.0,324.0,11.0,4.0,61.0,3.1,1.0,213.0,176.0,11.0,24.0,182.78810000000001,0.1,0.4,0.96,3.41832,1.4409399999999999,,0.14,0.08,1.8,0.0,,per 100g,2026-07-01T04:14:08.471742Z,2026-07-01T04:14:08.471742Z,6,0.7391,,jali jobs tear adlay,,not_matched,,,not_matched,,,not_matched,,,not_matched,,,not_matched,,,not_matched,
tkpi_0020,"Jawawut, mentah (Italian millet, raw)","jawawut, mentah (italian millet, raw)",TKPI,https://www.panganku.org/id-ID/view,Serealia,serealia,11.9,364.0,9.7,3.5,73.4,8.2,1.5,28.0,311.0,5.3,7.0,255.1,0.45,1.5,1.42,33.0,25.958519999999993,,0.33,0.28,4.5,0.4,,per 100g,2026-07-01T04:14:08.471742Z,2026-07-01T04:14:08.471742Z,5,0.7826,,jawawut italian millet,114.0,USDA_direct_medium,0.5229,,USDA_direct_medium,0.5229,0.723,USDA_direct_medium,0.5229,0.0,USDA_direct_medium,0.5229,0.384,USDA_direct_medium,0.5229,0.0,USDA_direct_medium,0.5229
tkpi_0021,"Jampang huma, mentah (Ragi millet, raw)","jampang huma, mentah (ragi millet, raw)",TKPI,https://www.panganku.org/id-ID/view,Serealia,serealia,11.7,350.0,6.2,1.4,78.2,1.7,2.5,329.0,254.0,5.3,53.0,396.7,0.7,1.6,2.98,33.0,63.05664000000001,,0.51,0.3,0.7,0.0,,per 100g,2026-07-01T04:14:08.471742Z,2026-07-01T04:14:08.471742Z,4,0.8261,,jampang huma ragi millet,44.0,USDA_direct_medium,0.4309,0.13,USDA_direct_medium,0.4309,0.172,USDA_direct_medium,0.4309,0.0,USDA_direct_medium,0.4309,0.108,USDA_direct_medium,0.4309,0.0,USDA_direct_medium,0.4309
tkpi_0022,Nasi,nasi,TKPI,https://www.panganku.org/id-ID/view,Serealia,serealia,56.7,180.0,3.0,0.3,39.8,0.2,0.2,25.0,27.0,0.4,1.0,38.0,0.1,0.6,0.0,0.0,12.9397,,0.05,0.1,2.6,0.0,,per 100g,2026-07-01T04:14:08.471742Z,2026-07-01T04:14:08.471742Z,3,0.8696,,nasi,,not_matched,,,not_matched,,,not_matched,,,not_matched,,,not_matched,,,not_matched,
tkpi_0023,Nasi tim,nasi tim,TKPI,https://www.panganku.org/id-ID/view,Serealia,serealia,71.0,120.0,2.4,0.4,26.0,0.5,0.2,3.0,7.0,0.4,0.0,23.9,0.1,0.4,0.0,0.0,137.2,,0.1,0.0,1.4,0.0,,per 100g,2026-07-01T04:14:08.471742Z,2026-07-01T04:14:08.471742Z,4,0.8261,,nasi tim,,not_matched,,,not_matched,,,not_matched,,,not_matched,,,not_matched,,,not_matched,
tkpi_0024,Tapai beras,tapai beras,TKPI,https://www.panganku.org/id-ID/view,Serealia,serealia,75.5,99.0,1.7,0.3,22.4,0.0,0.1,4.0,19.0,0.0,26.0,2.0,0.1,0.5,0.0,0.0,0.0,,0.0,0.0,0.0,0.0,,per 100g,2026-07-01T04:14:08.471742Z,2026-07-01T04:14:08.471742Z,2,0.913,Nasi yang difermentasi 2-3 hari dengan ragi dibungkus daun pisang,tapai beras,,not_matched,,,not_matched,,,not_matched,,,not_matched,,,not_matched,,,not_matched,
tkpi_0025,"Tepung beras, mentah","tepung beras, mentah",TKPI,https://www.panganku.org/id-ID/view,Serealia,serealia,12.0,353.0,7.0,0.5,80.0,2.4,0.5,5.0,140.0,0.8,5.0,241.0,0.1,0.8,0.0,0.0,0.0,,0.12,0.1,1.2,0.0,,per 100g,2026-07-01T04:14:08.471742Z,2026-07-01T04:14:08.471742Z,2,0.913,,tepung beras,,not_matched,,,not_matched,,,not_matched,,,not_matched,,,not_matched,,,not_matched,
tkpi_0026,Nasi beras merah,nasi beras merah,TKPI,https://www.panganku.org/id-ID/view,Serealia,serealia,64.0,149.0,2.8,0.4,32.5,0.3,0.3,6.0,63.0,0.8,5.0,91.4,0.2,0.9,0.0,0.0,0.0,,0.06,0.0,1.6,0.0,,per 100g,2026-07-01T04:14:08.471742Z,2026-07-01T04:14:08.471742Z,2,0.913,,nasi beras merah,,not_matched,,,not_matched,,,not_matched,,,not_matched,,,not_matched,,,not_matched,
tkpi_0027,"Bihun, mentah","bihun, mentah",TKPI,https://www.panganku.org/id-ID/view,Serealia,serealia,12.9,348.0,4.7,0.1,82.1,1.2,0.2,6.0,35.0,1.8,12.0,5.0,0.08,0.7,0.0,0.0,0.0,,0.0,0.0,0.2,0.0,,per 100g,2026-07-01T04:14:08.471742Z,2026-07-01T04:14:08.471742Z,2,0.913,,bihun,,not_matched,,,not_matched,,,not_matched,,,not_matched,,,not_matched,,,not_matched,
tkpi_0028,Bihun goreng instan,bihun goreng instan,TKPI,https://www.panganku.org/id-ID/view,Serealia,serealia,9.0,381.0,6.1,3.9,80.3,2.8180000000000005,0.7,266.0,151.0,2.9,928.0,333.63646,1.5418599999999996,2.6039999999999996,58.0,236.12,400.0,,0.37,0.4019999999999999,3.0699999999999994,0.0,,per 100g,2026-07-01T04:14:08.471742Z,2026-07-01T04:14:08.471742Z,9,0.6087,,bihun instan,,not_matched,,,not_matched,,,not_matched,,,not_matched,,,not_matched,,,not_matched,
tkpi_0029,"Bihun Jagung, mentah","bihun jagung, mentah",TKPI,https://www.panganku.org/id-ID/view,Serealia,serealia,11.3,354.0,0.5,0.3,87.4,3.0,0.5,13.0,111.0,0.6,49.0,1.4,0.4,0.0,0.12,0.0,0.0,,0.02,0.02,0.3,0.0,,per 100g,2026-07-01T04:14:08.471742Z,2026-07-01T04:14:08.471742Z,3,0.8696,"Bihun, produk setengah jadi berbahan dasar tepung jagung",bihun jagung,,not_matched,,,not_matched,,,not_matched,,,not_matched,,,not_matched,,,not_matched,
tkpi_0030,Nasi jagung,nasi jagung,TKPI,https://www.panganku.org/id-ID/view,Serealia,serealia,11.0,357.0,8.8,0.5,79.5,6.2,0.3,5.0,43.0,0.6,2.0,30.4,0.1,0.3,0.36,0.0,0.0,,0.3,0.02,0.1,0.0,,per 100g,2026-07-01T04:14:08.471742Z,2026-07-01T04:14:08.471742Z,3,0.8696,Nasi yang berasal dari beras berbahan dasar jagung pipil,nasi jagung,,not_matched,,,not_matched,,,not_matched,,,not_matched,,,not_matched,,,not_matched,
tkpi_0031,"Jagung muda, rebus","jagung muda, rebus",TKPI,https://www.panganku.org/id-ID/view,Serealia,serealia,53.2,142.0,5.0,0.7,30.3,0.8,0.8,5.0,105.0,0.8,5.0,24.3,0.2,0.9,0.0,145.0,225.0,,0.15,0.0,0.7,0.0,,per 100g,2026-07-01T04:14:08.471742Z,2026-07-01T04:14:08.471742Z,3,0.8696,,jagung muda,,not_matched,,,not_matched,,,not_matched,,,not_matched,,,not_matched,,,not_matched,
tkpi_0032,"Jagung kuning, tepung","jagung kuning, tepung",TKPI,https://www.panganku.org/id-ID/view,Serealia,serealia,12.0,355.0,9.2,3.9,73.7,7.2,1.2,10.0,256.0,2.4,11.0,24.4,0.23,1.7,327.14,0.0,510.0,,0.38,0.02,0.3,0.98,,per 100g,2026-07-01T04:14:08.471742Z,2026-07-01T04:14:08.471742Z,4,0.8261,,jagung kuning tepung,,not_matched,,,not_matched,,,not_matched,,,not_matched,,,not_matched,,,not_matched,
tkpi_0033,"Jagung kuning pipil, rebus","jagung kuning pipil, rebus",TKPI,https://www.panganku.org/id-ID/view,Serealia,serealia,63.7,154.0,3.8,3.5,28.4,0.7,0.6,7.0,171.0,0.5,5.0,56.4,0.1,4.4,0.06386,818.0,234.0,,0.08,0.1,1.7,0.0,,per 100g,2026-07-01T04:14:08.471742Z,2026-07-01T04:14:08.471742Z,3,0.8696,,jagung kuning pipil,,not_matched,,,not_matched,,,not_matched,,,not_matched,,,not_matched,,,not_matched,
tkpi_0034,Tepung jagung putih,tepung jagung putih,TKPI,https://www.panganku.org/id-ID/view,Serealia,serealia,12.0,355.0,9.2,3.9,73.7,7.2,1.2,10.0,256.0,2.4,11.0,24.4,0.23,1.7,1.72,0.0,0.0,,0.38,0.02,0.3,0.08,,per 100g,2026-07-01T04:14:08.471742Z,2026-07-01T04:14:08.471742Z,4,0.8261,,tepung jagung putih,,not_matched,,,not_matched,,,not_matched,,,not_matched,,,not_matched,,,not_matched,
tkpi_0035,Ketupat ketan,ketupat ketan,TKPI,https://www.panganku.org/id-ID/view,Serealia,serealia,52.0,212.0,4.0,4.6,38.6,0.2,0.9,8.0,46.0,1.0,90.17327999999999,130.64274,0.3581999999999999,0.9620000000000001,0.0,0.0,0.0,,0.07,0.04220000000000001,0.2,0.0,,per 100g,2026-07-01T04:14:08.471742Z,2026-07-01T04:14:08.471742Z,7,0.6957,,ketupat ketan,,not_matched,,,not_matched,,,not_matched,,,not_matched,,,not_matched,,,not_matched,
tkpi_0036,"Ketan hitam, matang","ketan hitam, matang",TKPI,https://www.panganku.org/id-ID/view,Serealia,serealia,56.9,181.0,4.0,1.2,37.3,0.3,0.6,9.0,144.0,1.7,9.0,18.4,0.1,0.7,0.0,0.0,0.0,,0.06,0.0,0.5,0.0,,per 100g,2026-07-01T04:14:08.471742Z,2026-07-01T04:14:08.471742Z,2,0.913,,ketan hitam,,not_matched,,,not_matched,,,not_matched,,,not_matched,,,not_matched,,,not_matched,
tkpi_0037,Tapai ketan hitam,tapai ketan hitam,TKPI,https://www.panganku.org/id-ID/view,Serealia,serealia,50.2,166.0,3.8,1.0,34.4,0.3,0.6,8.0,106.0,1.6,5.0,12.0,0.3399999999999999,1.3279999999999996,0.0,0.0,0.0,,0.02,0.08379999999999999,1.8960000000000001,0.0,,per 100g,2026-07-01T04:14:08.471742Z,2026-07-01T04:14:08.471742Z,8,0.6522,Ketan hitam matang yang difermentasi 2-3 hari dengan ragi dibungkus daun pisang,tapai ketan hitam,,not_matched,,,not_matched,,,not_matched,,,not_matched,,,not_matched,,,not_matched,
tkpi_0038,"Ketan putih, matang","ketan putih, matang",TKPI,https://www.panganku.org/id-ID/view,Serealia,serealia,60.7,163.0,3.0,0.4,35.7,0.2,0.2,4.0,55.0,0.7,8.0,16.8,0.1,0.7,0.0,0.0,0.0,,0.07,0.0,0.5,0.0,,per 100g,2026-07-01T04:14:08.471742Z,2026-07-01T04:14:08.471742Z,2,0.913,,ketan putih,,not_matched,,,not_matched,,,not_matched,,,not_matched,,,not_matched,,,not_matched,
tkpi_0039,Tapai ketan putih,tapai ketan putih,TKPI,https://www.panganku.org/id-ID/view,Serealia,serealia,58.9,172.0,3.0,0.5,37.5,0.6,0.1,6.0,35.0,0.5,1.0,128.11799999999997,2.9494,1.4959999999999993,0.0,0.0,0.0,,0.04,0.0,0.2,0.0,,per 100g,2026-07-01T04:14:08.471742Z,2026-07-01T04:14:08.471742Z,5,0.7826,Ketan putih matang  yang difermentasi 2-3 hari dengan ragi dibungkus daun pisang,tapai ketan putih,,not_matched,,,not_matched,,,not_matched,,,not_matched,,,not_matched,,,not_matched,
tkpi_0040,"Maizena, tepung","maizena, tepung",TKPI,https://www.panganku.org/id-ID/view,Serealia,serealia,14.0,341.0,0.3,0.0,85.0,7.0,0.7,20.0,30.0,1.5,6.0,9.0,0.22,1.6,0.0,0.0,0.0,,0.0,0.09,1.3,0.0,,per 100g,2026-07-01T04:14:08.471742Z,2026-07-01T04:14:08.471742Z,2,0.913,,maizena tepung,,not_matched,,,not_matched,,,not_matched,,,not_matched,,,not_matched,,,not_matched,
tkpi_0041,"Makaroni, mentah","makaroni, mentah",TKPI,https://www.panganku.org/id-ID/view,Serealia,serealia,11.7,353.0,8.7,0.4,78.7,4.9,2.5,20.0,80.0,0.3,5.0,0.0,0.28,1.4,4.1447199999999995,48.34,0.0,,0.1,0.13,2.2,0.0,,per 100g,2026-07-01T04:14:08.471742Z,2026-07-01T04:14:08.471742Z,4,0.8261,,makaroni,,not_matched,,,not_matched,,,not_matched,,,not_matched,,,not_matched,,,not_matched,
tkpi_0042,Mi basah,mi basah,TKPI,https://www.panganku.org/id-ID/view,Serealia,serealia,80.0,88.0,0.6,3.3,14.0,0.1,2.1,14.0,13.0,6.8,63.0,13.5,0.06,0.4,0.04386,0.0,9.3826,,0.0,0.0,0.0,0.0,,per 100g,2026-07-01T04:14:08.471742Z,2026-07-01T04:14:08.471742Z,4,0.8261,,basah,,not_matched,,,not_matched,,,not_matched,,,not_matched,,,not_matched,,,not_matched,
tkpi_0043,Mi kering,mi kering,TKPI,https://www.panganku.org/id-ID/view,Serealia,serealia,10.6,339.0,10.0,1.7,6.3,0.4,1.4,31.0,143.0,3.9,760.0,83.0,0.29,1.9,22.468040000000002,27.37038,0.0,,0.0,0.08,2.2,0.0,,per 100g,2026-07-01T04:14:08.471742Z,2026-07-01T04:14:08.471742Z,4,0.8261,,,,not_matched,,,not_matched,,,not_matched,,,not_matched,,,not_matched,,,not_matched,
tkpi_0044,Misoa,misoa,TKPI,https://www.panganku.org/id-ID/view,Serealia,serealia,10.0,345.0,8.5,2.2,78.0,0.5,1.3,52.0,120.0,8.7,3.064,44.0,0.08,0.0,0.0,0.0,0.0,,0.0,0.02,0.2,0.0,,per 100g,2026-07-01T04:14:08.471742Z,2026-07-01T04:14:08.471742Z,2,0.913,"Seperti mie, bentuk pipih",misoa,,not_matched,,,not_matched,,,not_matched,,,not_matched,,,not_matched,,,not_matched,
tkpi_0045,Roti putih,roti putih,TKPI,https://www.panganku.org/id-ID/view,Serealia,serealia,40.0,248.0,8.0,1.2,50.0,9.1,0.8,10.0,95.0,1.5,530.0,91.0,0.15,0.9,0.0,0.0,0.0,,0.1,0.29,2.4,0.0,,per 100g,2026-07-01T04:14:08.471742Z,2026-07-01T04:14:08.471742Z,2,0.913,,roti putih,32.0977130977131,USDA_category_mean,0.3856,16.40905511811024,USDA_category_mean,0.3856,3.470831349206349,USDA_category_mean,0.3856,14.496688741721854,USDA_category_mean,0.3856,0.1068706896551724,USDA_category_mean,0.3856,0.1430875576036866,USDA_category_mean,0.3856
tkpi_0046,Tepung terigu,tepung terigu,TKPI,https://www.panganku.org/id-ID/view,Serealia,serealia,11.8,333.0,9.0,1.0,77.2,0.3,1.0,22.0,150.0,1.3,2.0,0.0,0.0,2.8,0.0,0.0,0.0,,0.1,0.07,1.0,0.0,,per 100g,2026-07-01T04:14:08.471742Z,2026-07-01T04:14:08.471742Z,2,0.913,,tepung terigu,,not_matched,,,not_matched,,,not_matched,,,not_matched,,,not_matched,,,not_matched,
tkpi_0047,Amparan tatak,amparan tatak,TKPI,https://www.panganku.org/id-ID/view,Serealia,serealia,58.4,191.0,1.3,5.5,34.0,1.4700000000000002,0.8,58.1,52.26,1.6139999999999999,41.46,340.4127399999999,0.2914,0.634,0.0,0.28,0.2648,,0.0846,0.06400000000000002,0.644,1.3,,per 100g,2026-07-01T04:14:08.471742Z,2026-07-01T04:14:08.471742Z,17,0.2609,"Seperti kue talam. Berbahan dasar tepung beras, santan, dan pisang",amparan tatak,,not_matched,,,not_matched,,,not_matched,,,not_matched,,,not_matched,,,not_matched,
tkpi_0048,"Apang kukus, kue","apang kukus, kue",TKPI,https://www.panganku.org/id-ID/view,Serealia,serealia,49.5,202.0,3.0,0.3,46.7,3.096000000000001,0.5,54.78,71.32,1.5339999999999998,15.3,200.4933,0.32459999999999994,0.8779999999999998,0.0,0.03434,0.0405,,0.0632,0.08840000000000003,0.6240000000000001,4.34,,per 100g,2026-07-01T04:14:08.471742Z,2026-07-01T04:14:08.471742Z,17,0.2609,"Seperti kue mangkok. Berbahan dasar tepung beras, santan dan gula merah yang diolah dengan cara di kukus",apang kukus kue,,not_matched,,,not_matched,,,not_matched,,,not_matched,,,not_matched,,,not_matched,
tkpi_0049,"Apem, kue","apem, kue",TKPI,https://www.panganku.org/id-ID/view,Serealia,serealia,63.1,148.0,2.0,0.5,33.9,4.0520000000000005,0.5,26.52,33.14,0.88,20.52,375.994,3.6770000000000005,0.5559999999999998,0.0,1.49476,3.3551800000000003,,0.1751999999999999,0.07020000000000001,0.7559999999999999,9.74,,per 100g,2026-07-01T04:14:08.471742Z,2026-07-01T04:14:08.471742Z,17,0.2609,"Seperti kue mangkok. Berbahan dasar tepung beras, santan dan gula merah yang diolah dengan cara di kukus",apem kue,,not_matched,,,not_matched,,,not_matched,,,not_matched,,,not_matched,,,not_matched,
tkpi_0050,Biskuit,biskuit,TKPI,https://www.panganku.org/id-ID/view,Serealia,serealia,2.2,458.0,6.9,14.4,75.1,2.1,1.4,62.0,87.0,2.7,241.0,20.3,0.16,0.6,0.0,14.0,44.28134,,0.09,0.15,1.4,0.0,,per 100g,2026-07-01T04:14:08.471742Z,2026-07-01T04:14:08.471742Z,3,0.8696,,biskuit,,not_matched,,,not_matched,,,not_matched,,,not_matched,,,not_matched,,,not_matched,
tkpi_0051,"Bakpia, kue","bakpia, kue",TKPI,https://www.panganku.org/id-ID/view,Serealia,serealia,38.9,272.0,8.7,6.7,44.1,0.9,1.6,194.0,117.0,4.5,637.76,257.31594,0.8106,3.9880000000000013,101.23994,75.089,1.392,,0.31,1.0,2.9,0.0,,per 100g,2026-07-01T04:14:08.471742Z,2026-07-01T04:14:08.471742Z,8,0.6522,,bakpia kue,,not_matched,,,not_matched,,,not_matched,,,not_matched,,,not_matched,,,not_matched,
tkpi_0052,Bakwan,bakwan,TKPI,https://www.panganku.org/id-ID/view,Serealia,serealia,40.5,280.0,8.2,10.2,39.0,3.4,2.1,204.0,79.0,7.0,85.37984,169.84454000000005,0.4789999999999999,1.4139999999999995,0.0,10.230240000000002,0.0,,0.08,0.14700000000000002,1.6780000000000006,0.0,,per 100g,2026-07-01T04:14:08.471742Z,2026-07-01T04:14:08.471742Z,9,0.6087,Di Jawa Barat disebut bala-bala; di Jawa Timur disebut ote-ote. Berbahan dasar campuran tepung terigu dan sayuran yang diolah dengan cara di goreng,bakwan,,not_matched,,,not_matched,,,not_matched,,,not_matched,,,not_matched,,,not_matched,
tkpi_0053,Bantal,bantal,TKPI,https://www.panganku.org/id-ID/view,Serealia,serealia,52.3,190.0,3.3,0.3,43.5,3.4,0.6,9.0,0.0,0.4,164.0,84.0,0.2,0.9,205.74,222.16,600.96,,0.27,0.02,3.6,8.84,,per 100g,2026-07-01T04:14:08.471742Z,2026-07-01T04:14:08.471742Z,6,0.7391,Jajanan dari ketan dan kacang tolo dibungkus daun kelapa diolah dengan cara dikukus. (Lontong ketan dan kacang),bantal,,not_matched,,,not_matched,,,not_matched,,,not_matched,,,not_matched,,,not_matched,
tkpi_0054,Baruasa,baruasa,TKPI,https://www.panganku.org/id-ID/view,Serealia,serealia,5.3,417.0,6.5,8.2,79.3,1.6119999999999992,0.7,92.68495999999999,160.14,4.668000000000001,77.7483,387.55102000000005,2.0294000000000003,3.2879999999999985,0.97974,61.85697999999999,61.19854,,0.30200000000000005,0.22839999999999994,1.9859999999999993,0.1,,per 100g,2026-07-01T04:14:08.471742Z,2026-07-01T04:14:08.471742Z,17,0.2609,"Kue kering berbahan dasar tepung beras, gula pasir, telur, kelapa parut diolah dengan cara dipanggang",baruasa,,not_matched,,,not_matched,,,not_matched,,,not_matched,,,not_matched,,,not_matched,
tkpi_0055,Batar daan,batar daan,TKPI,https://www.panganku.org/id-ID/view,Serealia,serealia,75.3,107.0,2.2,2.2,19.6,4.086,0.7,20.0,30.0,0.6,200.0,90.0,0.1,0.37200000000000005,257.46,235.78,495.16566,,0.18,0.02,0.502,11.08,,per 100g,2026-07-01T04:14:08.471742Z,2026-07-01T04:14:08.471742Z,9,0.6087,"Semacam bubur jagung yang dilengkapi dengan campuran daging, kacang tanah, sayuran, dan belimbing",batar daan,,not_matched,,,not_matched,,,not_matched,,,not_matched,,,not_matched,,,not_matched,
tkpi_0056,Bika ambon,bika ambon,TKPI,https://www.panganku.org/id-ID/view,Serealia,serealia,51.5,199.0,2.1,1.5,44.4,0.3,0.6,45.0,28.0,1.8,111.14136,203.74993999999995,0.21019999999999997,0.6200000000000001,0.0,191.43666000000002,408.0,,0.1,0.0648,0.0,0.0,,per 100g,2026-07-01T04:14:08.471742Z,2026-07-01T04:14:08.471742Z,8,0.6522,"Kue basah berbahan dasar tepung terigu, tepung tapioka, ragi, gula pasir, telur, santan diolah dengan cara dipanggang",bika ambon,,not_matched,,,not_matched,,,not_matched,,,not_matched,,,not_matched,,,not_matched,
tkpi_0057,Bingka,bingka,TKPI,https://www.panganku.org/id-ID/view,Serealia,serealia,44.4,273.0,5.3,10.6,39.1,1.4979999999999998,0.6,83.34,116.34,2.987999999999999,67.47784,165.55365999999998,0.3636000000000001,1.0659999999999998,0.0,0.02748,0.39964,,0.114,0.1434,1.31,0.14,,per 100g,2026-07-01T04:14:08.471742Z,2026-07-01T04:14:08.471742Z,17,0.2609,"Seperti kue lumpur. Berbahan dasar tepung terigu, kentang, telur, santan, gula, garam",bingka,,not_matched,,,not_matched,,,not_matched,,,not_matched,,,not_matched,,,not_matched,
tkpi_0058,Bobengka,bobengka,TKPI,https://www.panganku.org/id-ID/view,Serealia,serealia,46.3,225.0,5.3,2.6,45.2,1.7539999999999991,0.6,65.32,122.96,2.903999999999999,82.86498,167.37475999999998,0.35199999999999987,1.382,0.0,0.0,0.4794,,0.1362,0.1148,1.6519999999999997,0.08,,per 100g,2026-07-01T04:14:08.471742Z,2026-07-01T04:14:08.471742Z,17,0.2609,"Berbahan dasar tepung terigu, gula merah/gula kelapa,kenari yang diolah dengan cara dipanggang",bobengka,,not_matched,,,not_matched,,,not_matched,,,not_matched,,,not_matched,,,not_matched,
tkpi_0059,Bolu peca,bolu peca,TKPI,https://www.panganku.org/id-ID/view,Serealia,serealia,55.6,197.0,3.3,4.6,35.6,8.895999999999999,0.9,130.3668,0.0,0.0,0.0,0.0,3.0361999999999965,3.1940000000000013,466.48,249.63162,541.0668000000001,,0.7790000000000005,0.0,0.0,0.0,,per 100g,2026-07-01T04:14:08.471742Z,2026-07-01T04:14:08.471742Z,10,0.5652,Berbahan dasar tepung terigu atau tepung ketan dengan gula merah yang diolah dengan cara dikukus,bolu peca,,not_matched,,,not_matched,,,not_matched,,,not_matched,,,not_matched,,,not_matched,
tkpi_0060,Brem,brem,TKPI,https://www.panganku.org/id-ID/view,Serealia,serealia,37.4,249.0,3.4,0.4,58.0,0.0,0.9,198.0,86.0,2.0,16.94228,190.30231999999995,0.21059999999999995,0.598,0.0,120.6391,240.0,,0.34,0.0,0.0,0.0,,per 100g,2026-07-01T04:14:08.471742Z,2026-07-01T04:14:08.471742Z,7,0.6957,Sari dari fermentasi ketan hitam atau ketan putih,brem,,not_matched,,,not_matched,,,not_matched,,,not_matched,,,not_matched,,,not_matched,
tkpi_0061,Bubur tinotuan (Manado),bubur tinotuan (manado),TKPI,https://www.panganku.org/id-ID/view,Serealia,serealia,80.9,156.0,2.3,0.2,15.6,8.2,1.0,41.0,20.0,0.4,486.0,164.0,0.3,0.4,135.72,1.437,13.262880000000003,,0.1,0.04,0.6340000000000002,15.0,,per 100g,2026-07-01T04:14:08.471742Z,2026-07-01T04:14:08.471742Z,5,0.7826,"Bubur berisi beras, singkong, jagung, labu kuning, kangkung, daun gedi, daun leilem, daun kemangi.",bubur tinotuan manado,,not_matched,,,not_matched,,,not_matched,,,not_matched,,,not_matched,,,not_matched,
tkpi_0062,Cake tape,cake tape,TKPI,https://www.panganku.org/id-ID/view,Serealia,serealia,32.2,323.0,4.9,11.5,50.1,1.4,1.4,131.0,83.0,2.6,399.16246,204.715,0.3069999999999999,0.902,26.0,0.2,1.872,,0.38,0.16,0.3,0.0,,per 100g,2026-07-01T04:14:08.471742Z,2026-07-01T04:14:08.471742Z,7,0.6957,,cake tape,70.20994475138122,USDA_category_mean,0.2384,0.9388429752066116,USDA_category_mean,0.2384,0.4235747126436781,USDA_category_mean,0.2384,3.9820359281437128,USDA_category_mean,0.2384,0.2239111111111111,USDA_category_mean,0.2384,0.0151219512195121,USDA_category_mean,0.2384
tkpi_0063,Cangkuning,cangkuning,TKPI,https://www.panganku.org/id-ID/view,Serealia,serealia,57.5,204.0,2.8,7.5,31.4,1.29,0.8,66.46,70.4,1.9839999999999995,99.334,193.56674000000004,0.33299999999999996,0.9159999999999998,0.0,0.0,0.04,,0.07819999999999999,0.04960000000000002,0.31200000000000006,0.0,,per 100g,2026-07-01T04:14:08.471742Z,2026-07-01T04:14:08.471742Z,17,0.2609,Seperti kue bugis. Berbahan dasar tepung ketan hitam,cangkuning,,not_matched,,,not_matched,,,not_matched,,,not_matched,,,not_matched,,,not_matched,
tkpi_0064,Dodol bali,dodol bali,TKPI,https://www.panganku.org/id-ID/view,Serealia,serealia,26.5,298.0,3.7,2.1,65.9,0.4,1.8,70.0,76.0,2.5,181.48729999999995,113.23913999999999,0.2767999999999999,1.13,0.0,0.0,496.0,,0.28,0.09040000000000001,2.5,0.0,,per 100g,2026-07-01T04:14:08.471742Z,2026-07-01T04:14:08.471742Z,7,0.6957,"Bahan dasar terdir dari tepung beras ketan, kacang tanah, gula merah, gula pasir, santan, dengan kemasan daun jagung",dodol bali,,not_matched,,,not_matched,,,not_matched,,,not_matched,,,not_matched,,,not_matched,
tkpi_0065,Dodol galamai,dodol galamai,TKPI,https://www.panganku.org/id-ID/view,Serealia,serealia,16.5,348.0,0.4,3.8,76.1,0.5,1.2,41.0,144.0,2.6,38.0,76.0,0.3,2.1,0.0,0.0,0.0,,0.03,0.06,1.8,0.0,,per 100g,2026-07-01T04:14:08.471742Z,2026-07-01T04:14:08.471742Z,2,0.913,"Bahan dasar terdiri dari Tepung beras ketan, gula, dan santan",dodol galamai,,not_matched,,,not_matched,,,not_matched,,,not_matched,,,not_matched,,,not_matched,
tkpi_0066,Dodol kedondong,dodol kedondong,TKPI,https://www.panganku.org/id-ID/view,Serealia,serealia,26.4,331.0,1.9,7.6,63.8,1.0,0.4,90.0,55.0,2.3,105.60877999999998,116.91807999999999,0.3328000000000001,0.6219999999999999,0.0,188.45332000000002,408.0,,0.11,0.06280000000000001,0.8,5.0,,per 100g,2026-07-01T04:14:08.471742Z,2026-07-01T04:14:08.471742Z,8,0.6522,"Bahan dasar terdiri dari Tepung beras ketan, gula , santan, kedondong",dodol kedondong,,not_matched,,,not_matched,,,not_matched,,,not_matched,,,not_matched,,,not_matched,
tkpi_0067,Dodol manado,dodol manado,TKPI,https://www.panganku.org/id-ID/view,Serealia,serealia,26.1,373.0,4.3,16.5,51.9,0.4,1.2,41.0,142.0,2.4,35.0,72.0,0.3,2.1,0.0,0.0,0.0,,0.04,0.06,2.1,0.0,,per 100g,2026-07-01T04:14:08.471742Z,2026-07-01T04:14:08.471742Z,2,0.913,"Nama lainnya adalah Dodol amuran. Bahan dasar terdiri dari Tepung ketan putih, gula, santan, kenari atau kacang lainnya",dodol manado,,not_matched,,,not_matched,,,not_matched,,,not_matched,,,not_matched,,,not_matched,
tkpi_0068,Emping beras,emping beras,TKPI,https://www.panganku.org/id-ID/view,Serealia,serealia,13.6,403.0,10.6,2.2,85.3,0.2,1.9,11.0,240.0,0.3,1.0,113.0,0.3,2.4,5.16676,6.135840000000001,0.0,,0.0,0.16,2.1660000000000004,0.0,,per 100g,2026-07-01T04:14:08.471742Z,2026-07-01T04:14:08.471742Z,5,0.7826,Beras disangrai kemudian ditumbuk dengan alu di dalam lesung kayu. Makanan ini dihidangkan dengan cara digoreng dicampur kelapa dan gula merah,emping beras,,not_matched,,,not_matched,,,not_matched,,,not_matched,,,not_matched,,,not_matched,
tkpi_0069,Gemblong,gemblong,TKPI,https://www.panganku.org/id-ID/view,Serealia,serealia,36.2,274.0,1.7,5.4,55.5,2.2,1.2,69.0,55.0,3.3,58.067820000000005,162.84089999999998,0.39199999999999996,0.7060000000000001,0.0,0.0,0.0,,0.0,0.05380000000000001,0.5540000000000002,0.0,,per 100g,2026-07-01T04:14:08.471742Z,2026-07-01T04:14:08.471742Z,8,0.6522,"Bahan dasar terdiri dari beras ketan, kelapa, gula merah",gemblong,,not_matched,,,not_matched,,,not_matched,,,not_matched,,,not_matched,,,not_matched,
tkpi_0070,Gendar goreng,gendar goreng,TKPI,https://www.panganku.org/id-ID/view,Serealia,serealia,30.4,407.0,6.4,28.2,32.0,0.1,3.0,216.0,62.0,1.6,131.31708,249.19078000000002,0.38739999999999997,1.1979999999999997,0.0,91.8,184.0,,0.16,0.0,0.6,0.0,,per 100g,2026-07-01T04:14:08.471742Z,2026-07-01T04:14:08.471742Z,7,0.6957,Kerupuk dari nasi/beras,gendar,,not_matched,,,not_matched,,,not_matched,,,not_matched,,,not_matched,,,not_matched,
tkpi_0071,Intip goreng,intip goreng,TKPI,https://www.panganku.org/id-ID/view,Serealia,serealia,6.5,474.0,7.6,21.6,62.3,1.2,2.0,36.0,64.0,2.5,0.0,38.0,0.05,0.5,2.51232,0.0,200.0,,0.25,0.03,0.8,0.0,,per 100g,2026-07-01T04:14:08.471742Z,2026-07-01T04:14:08.471742Z,3,0.8696,Nasi kering dengan gula merah,intip,,not_matched,,,not_matched,,,not_matched,,,not_matched,,,not_matched,,,not_matched,
tkpi_0072,Jagung gerontol,jagung gerontol,TKPI,https://www.panganku.org/id-ID/view,Serealia,serealia,61.7,156.0,2.7,1.3,33.3,1.0,0.8,51.0,105.0,1.2,94.60456,192.07,0.2238,0.5520000000000002,0.0,94.5,162.0,,0.08,0.0,0.0,0.0,,per 100g,2026-07-01T04:14:08.471742Z,2026-07-01T04:14:08.471742Z,7,0.6957,"Pipil jagung kering direbus disajikan dengan kelapa parut, gula pasir, dan garam",jagung gerontol,,not_matched,,,not_matched,,,not_matched,,,not_matched,,,not_matched,,,not_matched,
tkpi_0073,Jagung titi,jagung titi,TKPI,https://www.panganku.org/id-ID/view,Serealia,serealia,9.2,374.0,9.4,2.2,79.1,0.8,0.1,14.0,142.0,2.9,42.21254000000001,252.23985999999996,9.0,3.7059999999999986,0.42,0.418,11.507,,0.2,0.1398,3.623999999999999,0.12,,per 100g,2026-07-01T04:14:08.471742Z,2026-07-01T04:14:08.471742Z,10,0.5652,Jagung pipil disangrai kemudian dipipihkan,jagung titi,,not_matched,,,not_matched,,,not_matched,,,not_matched,,,not_matched,,,not_matched,
tkpi_0074,Japilus,japilus,TKPI,https://www.panganku.org/id-ID/view,Serealia,serealia,3.8,500.0,1.2,25.1,67.3,0.4,2.7,186.0,29.0,4.9,61.94954,237.82674000000006,5.7181999999999995,1.38,0.0,1.52752,0.0,,0.17,0.03,0.4,0.0,,per 100g,2026-07-01T04:14:08.471742Z,2026-07-01T04:14:08.471742Z,7,0.6957,,japilus,,not_matched,,,not_matched,,,not_matched,,,not_matched,,,not_matched,,,not_matched,
tkpi_0075,Kakicak,kakicak,TKPI,https://www.panganku.org/id-ID/view,Serealia,serealia,43.9,296.0,3.4,15.1,36.7,1.082,0.9,144.54,65.94,2.2699999999999996,387.63239999999996,190.1456,0.30799999999999994,1.148,30.02,66.85524000000001,132.80984,,0.23260000000000003,0.08979999999999999,0.6180000000000001,0.12,,per 100g,2026-07-01T04:14:08.471742Z,2026-07-01T04:14:08.471742Z,17,0.2609,"nama lain hintakungkaruang, seperti candil berbahan dasar tepung ketan, terigu dan gula merah",kakicak,,not_matched,,,not_matched,,,not_matched,,,not_matched,,,not_matched,,,not_matched,
tkpi_0076,Kambose,kambose,TKPI,https://www.panganku.org/id-ID/view,Serealia,serealia,61.5,164.0,3.0,2.4,32.6,4.3,0.7,16.0,36.0,0.7,0.0,32.0,0.1,1.6,0.0,256.0,357.53832,,0.1,0.1,0.4,3.8,,per 100g,2026-07-01T04:14:08.471742Z,2026-07-01T04:14:08.471742Z,4,0.8261,Jagung pipil direbus,kambose,,not_matched,,,not_matched,,,not_matched,,,not_matched,,,not_matched,,,not_matched,
tkpi_0077,Kapusa,kapusa,TKPI,https://www.panganku.org/id-ID/view,Serealia,serealia,63.5,158.0,4.4,3.2,27.8,5.3,1.0,79.0,115.0,1.2,104.0,149.0,0.5,1.1,0.0,1.374,1.9898399999999998,,0.06,0.05,0.1,0.0,,per 100g,2026-07-01T04:14:08.471742Z,2026-07-01T04:14:08.471742Z,3,0.8696,Jagung pipil direbus dengan santan bersama kacang merah,kapusa,,not_matched,,,not_matched,,,not_matched,,,not_matched,,,not_matched,,,not_matched,
tkpi_0078,Keddo bodong,keddo bodong,TKPI,https://www.panganku.org/id-ID/view,Serealia,serealia,33.9,290.0,4.6,5.7,55.2,2.174,0.6,220.96,89.38,3.612,345.20844,224.72061999999997,0.38959999999999995,1.4920000000000004,71.73152,140.07047999999998,279.48479999999995,,0.8424,0.15439999999999998,1.1560000000000001,0.06,,per 100g,2026-07-01T04:14:08.471742Z,2026-07-01T04:14:08.471742Z,17,0.2609,,keddo bodong,,not_matched,,,not_matched,,,not_matched,,,not_matched,,,not_matched,,,not_matched,
tkpi_0079,"Kelepon, kue","kelepon, kue",TKPI,https://www.panganku.org/id-ID/view,Serealia,serealia,49.6,215.0,3.7,3.7,41.8,1.0,1.2,232.0,45.0,3.3,171.78502,64.94835999999998,0.34699999999999986,2.1120000000000005,0.0,300.26,872.0,,0.09,0.07,0.2,0.0,,per 100g,2026-07-01T04:14:08.471742Z,2026-07-01T04:14:08.471742Z,7,0.6957,"Bahan dasar terdiri dari Tepung beras/ketan, parutan kelapa, gula merah (bentuk bulat hijau isi cairan gula merah)",kelepon kue,,not_matched,,,not_matched,,,not_matched,,,not_matched,,,not_matched,,,not_matched,
tkpi_0080,Kereput,kereput,TKPI,https://www.panganku.org/id-ID/view,Serealia,serealia,3.5,580.0,4.8,39.6,51.1,2.396,1.0,151.28,164.56,4.8,55.18356,419.0000800000001,0.8742000000000002,1.8519999999999996,0.12,9.796320000000001,4.663480000000002,,0.20980000000000004,0.3699999999999999,1.398,0.0,,per 100g,2026-07-01T04:14:08.471742Z,2026-07-01T04:14:08.471742Z,17,0.2609,,kereput,,not_matched,,,not_matched,,,not_matched,,,not_matched,,,not_matched,,,not_matched,
tkpi_0081,Ketoprak,ketoprak,TKPI,https://www.panganku.org/id-ID/view,Serealia,serealia,69.1,153.0,7.9,7.7,13.0,2.9,2.6,153.0,134.0,3.4,104.08939999999998,207.80272000000002,0.3766,1.386,3.0,239.36,435.0,,0.05,0.14920000000000003,0.9940000000000001,0.0,,per 100g,2026-07-01T04:14:08.471742Z,2026-07-01T04:14:08.471742Z,9,0.6087,"Bahan utama ketupat, tahu goreng, bihun dan tauge yang diseduh, saus kacang",ketoprak,,not_matched,,,not_matched,,,not_matched,,,not_matched,,,not_matched,,,not_matched,
tkpi_0082,Ketupat kandangan,ketupat kandangan,TKPI,https://www.panganku.org/id-ID/view,Serealia,serealia,78.5,109.0,2.2,5.2,13.4,4.194,0.7,92.62,46.6,1.4719999999999995,41.50526,200.97400000000002,0.23459999999999998,0.7280000000000001,0.0,2.03122,11.592179999999999,,0.12199999999999993,0.10000000000000002,0.72,14.54,,per 100g,2026-07-01T04:14:08.471742Z,2026-07-01T04:14:08.471742Z,17,0.2609,Ketupat dengan kuah santan dan ayam,ketupat kandangan,,not_matched,,,not_matched,,,not_matched,,,not_matched,,,not_matched,,,not_matched,
tkpi_0083,Koya,koya,TKPI,https://www.panganku.org/id-ID/view,Serealia,serealia,13.2,366.0,4.2,4.3,77.5,0.8,0.8,153.0,222.0,7.0,75.977,197.47116000000005,0.4005999999999999,1.8499999999999996,0.0,9.913680000000001,1.13818,,0.14620000000000002,0.17299999999999996,1.7859999999999996,0.0,,per 100g,2026-07-01T04:14:08.471742Z,2026-07-01T04:14:08.471742Z,11,0.5217,Kue kering.  Bahan dasar terdiri dari kacang kedelai sangrai diihaluskan dan dicampur  gula halus kemudian dipanggang.,koya,,not_matched,,,not_matched,,,not_matched,,,not_matched,,,not_matched,,,not_matched,
tkpi_0084,Koya mirasa,koya mirasa,TKPI,https://www.panganku.org/id-ID/view,Serealia,serealia,7.2,370.0,8.0,1.0,82.2,0.4,1.6,83.0,110.0,17.0,47.26456,350.16085999999996,1.4836599999999995,2.7859999999999996,3.0,57.53764,144.0,,0.19,0.45,2.6,0.0,,per 100g,2026-07-01T04:14:08.471742Z,2026-07-01T04:14:08.471742Z,7,0.6957,,koya mirasa,,not_matched,,,not_matched,,,not_matched,,,not_matched,,,not_matched,,,not_matched,
tkpi_0085,Koyabu,koyabu,TKPI,https://www.panganku.org/id-ID/view,Serealia,serealia,44.2,241.0,3.4,4.3,47.2,1.3959999999999997,0.9,43.1,72.06,1.756,98.057,86.22644,0.3877999999999999,0.7480000000000001,0.0,0.18,0.11584,,0.092,0.0682,0.43999999999999995,0.0,,per 100g,2026-07-01T04:14:08.471742Z,2026-07-01T04:14:08.471742Z,17,0.2609,"Bahan dasar : tepung ketan putih, kelapa, dan gula merah. Dibungkus dengan daun pandan segitiga dan dikukus",koyabu,,not_matched,,,not_matched,,,not_matched,,,not_matched,,,not_matched,,,not_matched,
tkpi_0086,Kue ali,kue ali,TKPI,https://www.panganku.org/id-ID/view,Serealia,serealia,12.8,440.0,3.8,18.5,64.5,0.3,0.4,27.0,47.0,2.5,89.23368,101.10659999999999,0.6818,1.5099999999999993,0.0,0.26116000000000006,0.0,,0.13,0.09,0.0,0.0,,per 100g,2026-07-01T04:14:08.471742Z,2026-07-01T04:14:08.471742Z,7,0.6957,Bentuk seperti donat kecil (kue cincin). Bahan dasar terdiri dari tepung beras dan gula merah,kue ali,,not_matched,,,not_matched,,,not_matched,,,not_matched,,,not_matched,,,not_matched,
tkpi_0087,Kue bangen,kue bangen,TKPI,https://www.panganku.org/id-ID/view,Serealia,serealia,5.6,442.0,3.3,14.7,74.2,1.9600000000000002,2.2,126.78,97.36,4.4719999999999995,422.22,311.47416,0.7294000000000003,1.4480000000000004,40.91564,0.63976,1.2891799999999998,,0.33559999999999995,0.15000000000000002,0.9359999999999996,0.0,,per 100g,2026-07-01T04:14:08.471742Z,2026-07-01T04:14:08.471742Z,17,0.2609,,kue bangen,,not_matched,,,not_matched,,,not_matched,,,not_matched,,,not_matched,,,not_matched,
tkpi_0088,Kue gelang,kue gelang,TKPI,https://www.panganku.org/id-ID/view,Serealia,serealia,7.1,448.0,5.8,16.1,70.0,1.2639999999999998,1.0,183.26,145.82,3.678000000000001,403.26491999999996,294.82795999999996,0.505,2.02,42.912060000000004,0.7228,21.40652,,0.2592,0.2542,2.2100000000000004,0.08,,per 100g,2026-07-01T04:14:08.471742Z,2026-07-01T04:14:08.471742Z,17,0.2609,"Bahan dasar terdiri dari Terigu, kacang tanah, gula jawa, santan, kuning telur, bentuk seperti donat",kue gelang,,not_matched,,,not_matched,,,not_matched,,,not_matched,,,not_matched,,,not_matched,
tkpi_0089,Kue jahe,kue jahe,TKPI,https://www.panganku.org/id-ID/view,Serealia,serealia,3.7,425.0,1.6,8.8,84.6,1.2,1.3,155.0,61.0,4.0,78.94826,213.29992000000004,0.3471999999999999,0.8099999999999997,0.86,0.7444,0.0,,0.2,0.05620000000000001,0.532,0.0,,per 100g,2026-07-01T04:14:08.471742Z,2026-07-01T04:14:08.471742Z,10,0.5652,"Kukis dari terigu, gula merah, jahe",kue jahe,,not_matched,,,not_matched,,,not_matched,,,not_matched,,,not_matched,,,not_matched,
tkpi_0090,Kue kelapa,kue kelapa,TKPI,https://www.panganku.org/id-ID/view,Serealia,serealia,3.3,591.0,5.6,42.1,47.5,2.2319999999999998,1.5,32.0,180.0,1.6,33.0,443.0,0.5,1.1,0.84,9.13632,6.831800000000002,,0.17479999999999996,0.17219999999999996,2.619999999999999,0.1,,per 100g,2026-07-01T04:14:08.471742Z,2026-07-01T04:14:08.471742Z,10,0.5652,"Kue kering berbahan dasar kelapa parut sangrai dicampur telur, gula halus, mentega dan terigu kemudian dipanggang",kue kelapa,,not_matched,,,not_matched,,,not_matched,,,not_matched,,,not_matched,,,not_matched,
tkpi_0091,Kue koa,kue koa,TKPI,https://www.panganku.org/id-ID/view,Serealia,serealia,14.5,340.0,4.8,0.4,79.3,5.242000000000001,1.0,94.16,138.02,5.9719999999999995,13.321900000000001,251.87128000000013,0.5559999999999998,1.2280000000000002,0.06,1.35838,22.467380000000002,,0.17359999999999992,0.16099999999999998,2.394,1.62,,per 100g,2026-07-01T04:14:08.471742Z,2026-07-01T04:14:08.471742Z,17,0.2609,,kue koa,,not_matched,,,not_matched,,,not_matched,,,not_matched,,,not_matched,,,not_matched,
tkpi_0092,Kue ku temu,kue ku temu,TKPI,https://www.panganku.org/id-ID/view,Serealia,serealia,46.2,214.0,3.5,0.2,49.6,3.8420000000000005,0.5,108.5,92.74,2.801999999999999,15.06,259.77032,0.29399999999999993,0.6719999999999999,0.0,3.27252,3.36274,,0.10319999999999997,0.08059999999999999,0.9180000000000003,5.98,,per 100g,2026-07-01T04:14:08.471742Z,2026-07-01T04:14:08.471742Z,17,0.2609,"Kue basah. Bahan dasar kue: tepung ketan, gula halus, dan pewarna merah. Bahan isi kue: kacang hijau kupas dan gula halus. Diolah dengan cara dikukus",kue temu,,not_matched,,,not_matched,,,not_matched,,,not_matched,,,not_matched,,,not_matched,
tkpi_0093,Kue lumpur,kue lumpur,TKPI,https://www.panganku.org/id-ID/view,Serealia,serealia,40.1,291.0,3.6,11.1,44.1,1.5579999999999998,1.1,96.0,60.0,2.3,221.55436,154.27936,0.209,0.8320000000000002,20.0,116.11189999999999,400.0,,0.24,0.09059999999999997,0.7620000000000001,0.22,,per 100g,2026-07-01T04:14:08.471742Z,2026-07-01T04:14:08.471742Z,11,0.5217,"Bahan dasar terdiri dari Terigu, kentang,  telur, santan diolah dengan cara panggang",kue lumpur,,not_matched,,,not_matched,,,not_matched,,,not_matched,,,not_matched,,,not_matched,
tkpi_0094,Kue pelita,kue pelita,TKPI,https://www.panganku.org/id-ID/view,Serealia,serealia,71.0,141.0,5.3,5.5,17.6,4.9399999999999995,0.6,154.24,99.22,2.0359999999999987,60.79878000000001,235.95345999999998,0.3286000000000002,1.2920000000000003,0.2,2.1670800000000003,10.185940000000002,,0.142,0.14979999999999996,1.3319999999999999,11.52,,per 100g,2026-07-01T04:14:08.471742Z,2026-07-01T04:14:08.471742Z,17,0.2609,"Bahan dasar terdiri dari Tepung beras, nangka, santan, dan garam seperti talam",kue pelita,,not_matched,,,not_matched,,,not_matched,,,not_matched,,,not_matched,,,not_matched,
tkpi_0095,Kue putu cangkir,kue putu cangkir,TKPI,https://www.panganku.org/id-ID/view,Serealia,serealia,32.6,304.0,5.3,7.0,54.9,0.9,0.2,18.0,193.0,4.0,76.92104,128.51074,0.4464000000000001,1.5739999999999998,0.0,0.0,0.0,,0.06,0.07399999999999998,2.324,0.0,,per 100g,2026-07-01T04:14:08.471742Z,2026-07-01T04:14:08.471742Z,9,0.6087,"Bahan dasar terdiri dari Tepung beras, kelapa, gula merah",kue putu cangkir,,not_matched,,,not_matched,,,not_matched,,,not_matched,,,not_matched,,,not_matched,
tkpi_0096,Kue sus,kue sus,TKPI,https://www.panganku.org/id-ID/view,Serealia,serealia,56.6,221.0,7.5,10.2,24.8,0.732,0.9,105.0,85.0,2.5,387.00246,202.64868,0.31379999999999997,1.392,26.0,0.45037999999999995,1.3,,0.12,0.14680000000000004,1.3140000000000003,0.0,,per 100g,2026-07-01T04:14:08.471742Z,2026-07-01T04:14:08.471742Z,10,0.5652,,kue sus,,not_matched,,,not_matched,,,not_matched,,,not_matched,,,not_matched,,,not_matched,
tkpi_0097,Kue timphan,kue timphan,TKPI,https://www.panganku.org/id-ID/view,Serealia,serealia,43.0,247.0,2.9,4.2,49.5,2.486,0.4,16.0,107.0,1.8,95.0,56.0,1.3,0.8,0.0,0.02748,0.044160000000000005,,0.17,0.04380000000000002,0.652,0.36,,per 100g,2026-07-01T04:14:08.471742Z,2026-07-01T04:14:08.471742Z,9,0.6087,"Bahan dasar : tepung ketan,santan, isi angka/unti,dll. Dibungkus dengan daun pisang memanjang dan dikukus",kue timphan,,not_matched,,,not_matched,,,not_matched,,,not_matched,,,not_matched,,,not_matched,
tkpi_0098,Laksa/Putu mayang,laksa/putu mayang,TKPI,https://www.panganku.org/id-ID/view,Serealia,serealia,73.2,121.0,1.7,3.4,21.1,3.884,0.6,22.88,35.82,0.9560000000000001,31.17328,260.72860000000003,0.1434,0.5359999999999998,0.0,4.110040000000001,6.3615600000000025,,0.11219999999999997,0.06220000000000001,0.538,12.7,,per 100g,2026-07-01T04:14:08.471742Z,2026-07-01T04:14:08.471742Z,17,0.2609,,laksa putu mayang,,not_matched,,,not_matched,,,not_matched,,,not_matched,,,not_matched,,,not_matched,
tkpi_0099,Lapis legit,lapis legit,TKPI,https://www.panganku.org/id-ID/view,Serealia,serealia,21.3,389.0,6.6,15.7,55.5,0.5,0.9,16.0,136.0,1.9,306.16024,171.08874000000003,0.3688,1.186,41.0,0.6784600000000001,1.032,,0.26,0.09,3.0,0.0,,per 100g,2026-07-01T04:14:08.471742Z,2026-07-01T04:14:08.471742Z,7,0.6957,"Nama lainnya adalah Spekkoek. Sejenis kue berbahan dasar tepung terigu, kuning telur, gula, dan mentega atau margarin. Umumnya berwarna kuning dan coklat.",lapis legit,,not_matched,,,not_matched,,,not_matched,,,not_matched,,,not_matched,,,not_matched,
tkpi_0100,Lupis ketan,lupis ketan,TKPI,https://www.panganku.org/id-ID/view,Serealia,serealia,61.0,164.0,1.8,2.1,34.5,0.7,0.6,119.0,31.0,1.5,93.07014,251.44089999999994,0.3444,0.5039999999999999,0.0,0.031560000000000005,0.0,,0.09,0.0,0.2,0.0,,per 100g,2026-07-01T04:14:08.471742Z,2026-07-01T04:14:08.471742Z,7,0.6957,"Bahan dasar terdiri dari Ketan, gula jawa, kelapa",lupis ketan,,not_matched,,,not_matched,,,not_matched,,,not_matched,,,not_matched,,,not_matched,
tkpi_0101,Manan samin,manan samin,TKPI,https://www.panganku.org/id-ID/view,Serealia,serealia,27.1,379.0,3.4,18.1,50.6,1.382,0.8,61.68,77.84,2.5759999999999996,56.993680000000005,108.36165999999999,0.42440000000000005,1.0659999999999998,0.0,0.0,0.02,,0.09559999999999999,0.04740000000000002,0.5539999999999999,0.2,,per 100g,2026-07-01T04:14:08.471742Z,2026-07-01T04:14:08.471742Z,17,0.2609,Bolu ubi,manan samin,,not_matched,,,not_matched,,,not_matched,,,not_matched,,,not_matched,,,not_matched,
tkpi_0102,Martabak india,martabak india,TKPI,https://www.panganku.org/id-ID/view,Serealia,serealia,65.8,153.0,4.5,4.2,24.3,1.4139999999999997,1.2,14.0,108.0,2.4,240.0,112.0,0.4,0.5,29.22,168.49523999999997,301.0615,,0.17680000000000004,0.0902,1.1860000000000002,1.1,,per 100g,2026-07-01T04:14:08.471742Z,2026-07-01T04:14:08.471742Z,10,0.5652,"Martabak telur, kuah kari",martabak india,,not_matched,,,not_matched,,,not_matched,,,not_matched,,,not_matched,,,not_matched,
tkpi_0103,Martabak mesir,martabak mesir,TKPI,https://www.panganku.org/id-ID/view,Serealia,serealia,40.2,278.0,5.1,8.6,45.0,1.6639999999999997,1.1,49.0,168.0,3.4,193.0,123.0,0.2,0.9,12.56962,0.18,23.482340000000004,,0.14859999999999998,0.11599999999999998,1.24,0.1,,per 100g,2026-07-01T04:14:08.471742Z,2026-07-01T04:14:08.471742Z,10,0.5652,Martabak telur,martabak mesir,,not_matched,,,not_matched,,,not_matched,,,not_matched,,,not_matched,,,not_matched,
tkpi_0104,Masekat,masekat,TKPI,https://www.panganku.org/id-ID/view,Serealia,serealia,15.6,369.0,2.1,7.0,74.1,4.0,0.8,17.0,52.0,0.8,141.0,12.0,0.4,0.3,155.0,243.108,566.3189600000001,,0.2031999999999999,0.06319999999999999,1.046,1.34,,per 100g,2026-07-01T04:14:08.471742Z,2026-07-01T04:14:08.471742Z,8,0.6522,"Meuseukat./ seperti dodol. Bahan dasar terdiri dari gula, tepung terigu, anans, jeruk peras, mentega.",masekat,,not_matched,,,not_matched,,,not_matched,,,not_matched,,,not_matched,,,not_matched,
tkpi_0105,Mie aceh rebus,mie aceh rebus,TKPI,https://www.panganku.org/id-ID/view,Serealia,serealia,74.6,113.0,3.0,3.2,18.1,1.7160000000000004,1.1,22.0,44.0,1.4,191.0,36.0,0.2,0.3,0.0,0.0,34.392739999999996,,0.0,0.0,0.0,0.0,,per 100g,2026-07-01T04:14:08.471742Z,2026-07-01T04:14:08.471742Z,4,0.8261,"Sama dengan mie rebus, tapi berempah (bumbu aceh)",mie aceh,,not_matched,,,not_matched,,,not_matched,,,not_matched,,,not_matched,,,not_matched,
tkpi_0106,Mie ayam,mie ayam,TKPI,https://www.panganku.org/id-ID/view,Serealia,serealia,78.6,102.0,6.2,3.9,10.5,0.8340000000000002,0.8,262.0,51.0,1.8,279.0,265.6859999999999,0.2073999999999999,0.8019999999999997,39.0,106.3,166.0,,0.85,0.1096,0.0,0.0,,per 100g,2026-07-01T04:14:08.471742Z,2026-07-01T04:14:08.471742Z,8,0.6522,,mie ayam,,not_matched,,,not_matched,,,not_matched,,,not_matched,,,not_matched,,,not_matched,
tkpi_0107,Mie bakso,mie bakso,TKPI,https://www.panganku.org/id-ID/view,Serealia,serealia,74.5,114.0,5.3,3.0,16.4,0.1,0.8,286.0,53.0,1.9,760.0,238.95799999999997,0.2477999999999999,0.9900000000000001,17.0,156.67524,180.0,,0.16,0.09839999999999999,1.2840000000000003,0.0,,per 100g,2026-07-01T04:14:08.471742Z,2026-07-01T04:14:08.471742Z,8,0.6522,,mie bakso,,not_matched,,,not_matched,,,not_matched,,,not_matched,,,not_matched,,,not_matched,
tkpi_0108,Mie celon,mie celon,TKPI,https://www.panganku.org/id-ID/view,Serealia,serealia,75.9,102.0,3.0,2.1,17.8,2.1500000000000004,1.2,12.0,84.0,1.4,451.0,112.0,0.1,0.5,0.0,0.0,14.785559999999997,,0.0,0.0,0.0,0.0,,per 100g,2026-07-01T04:14:08.471742Z,2026-07-01T04:14:08.471742Z,4,0.8261,,mie celon,,not_matched,,,not_matched,,,not_matched,,,not_matched,,,not_matched,,,not_matched,
tkpi_0109,Mie pangsit basah,mie pangsit basah,TKPI,https://www.panganku.org/id-ID/view,Serealia,serealia,79.2,105.0,5.9,4.9,9.4,1.0920000000000005,0.7,208.0,48.0,2.0,530.0,172.2945,0.24519999999999997,1.1000000000000005,25.0,311.7,620.0,,0.46,0.14559999999999995,1.858,0.0,,per 100g,2026-07-01T04:14:08.471742Z,2026-07-01T04:14:08.471742Z,9,0.6087,Mie ayam dengan pangsit basah,mie pangsit basah,,not_matched,,,not_matched,,,not_matched,,,not_matched,,,not_matched,,,not_matched,
tkpi_0110,Nasi gemuk,nasi gemuk,TKPI,https://www.panganku.org/id-ID/view,Serealia,serealia,61.4,192.0,3.8,8.8,24.4,0.7,1.6,15.0,74.0,1.0,355.0,63.0,0.2,1.4,0.0,0.0,14.689639999999999,,0.19,0.05,2.0,0.0,,per 100g,2026-07-01T04:14:08.471742Z,2026-07-01T04:14:08.471742Z,3,0.8696,Nasi berbumbu mirip nasi uduk (beras dan santan),nasi gemuk,,not_matched,,,not_matched,,,not_matched,,,not_matched,,,not_matched,,,not_matched,
tkpi_0111,Nasi gurih,nasi gurih,TKPI,https://www.panganku.org/id-ID/view,Serealia,serealia,60.5,190.0,4.7,7.5,26.0,0.7,1.3,12.0,62.0,0.8,296.0,52.0,0.2,1.2,0.0,0.0,14.65512,,0.11,0.06,2.1,0.0,,per 100g,2026-07-01T04:14:08.471742Z,2026-07-01T04:14:08.471742Z,3,0.8696,Beras yang dimasak dengan santan,nasi gurih,,not_matched,,,not_matched,,,not_matched,,,not_matched,,,not_matched,,,not_matched,
tkpi_0112,Nasi minyak,nasi minyak,TKPI,https://www.panganku.org/id-ID/view,Serealia,serealia,53.3,207.0,3.5,5.0,37.1,0.8,1.1,26.0,100.0,1.5,74.0,174.0,0.2,2.2,0.0,0.0,20.1802,,0.14,0.07,2.6,0.0,,per 100g,2026-07-01T04:14:08.471742Z,2026-07-01T04:14:08.471742Z,3,0.8696,Palembang: Nasi dengan minyak samin. Jambi: nasi minyak dimakan dengan kuah kari,nasi minyak,,not_matched,,,not_matched,,,not_matched,,,not_matched,,,not_matched,,,not_matched,
tkpi_0113,Nasi rames,nasi rames,TKPI,https://www.panganku.org/id-ID/view,Serealia,serealia,65.8,155.0,10.3,4.2,19.1,5.041999999999998,0.6,239.0,62.0,1.8,265.0,277.46196,1.0332000000000001,2.4260000000000006,96.0,4.7290399999999995,3.14,,0.59,0.0,1.2700000000000002,7.72,,per 100g,2026-07-01T04:14:08.471742Z,2026-07-01T04:14:08.471742Z,9,0.6087,Nasi lengkap dengan sayur dan lauknya,nasi rames,,not_matched,,,not_matched,,,not_matched,,,not_matched,,,not_matched,,,not_matched,
tkpi_0114,Nopia spesial,nopia spesial,TKPI,https://www.panganku.org/id-ID/view,Serealia,serealia,11.5,387.0,5.3,7.6,74.3,0.3,1.3,903.0,133.0,4.2,505.56,189.09028,0.5488000000000001,1.2900000000000003,79.12,296.98,512.0,,0.17,0.26839999999999997,1.3460000000000003,0.0,,per 100g,2026-07-01T04:14:08.471742Z,2026-07-01T04:14:08.471742Z,10,0.5652,Kue kering. Bahan dasar terdiri dari Tepung terigu dibentuk bulat diisi gula merah dan dipanggang,nopia spesial,,not_matched,,,not_matched,,,not_matched,,,not_matched,,,not_matched,,,not_matched,
tkpi_0115,Onde-onde,onde-onde,TKPI,https://www.panganku.org/id-ID/view,Serealia,serealia,27.7,336.0,4.0,9.8,57.9,1.3019999999999998,0.6,47.32,91.66,2.008,70.69368,95.93804000000002,0.41999999999999993,1.1880000000000002,0.0,0.0,0.025339999999999998,,0.0722,0.06500000000000003,0.72,0.1,,per 100g,2026-07-01T04:14:08.471742Z,2026-07-01T04:14:08.471742Z,17,0.2609,"Kue dari tepung ketan, tepung beras, gula pasir, garam, dibentuk bulat diisi kacang hijau, gula pasir, di lumuri biji wijen, dan digoreng",onde onde,,not_matched,,,not_matched,,,not_matched,,,not_matched,,,not_matched,,,not_matched,
tkpi_0116,Padamaran,padamaran,TKPI,https://www.panganku.org/id-ID/view,Serealia,serealia,67.6,171.0,3.9,8.9,18.8,0.732,0.8,151.04,82.8,2.4359999999999986,375.34246,229.39199999999997,0.3122,1.1680000000000001,34.52,0.47563999999999995,1.4149999999999998,,0.16380000000000003,0.13660000000000005,0.6200000000000001,0.14,,per 100g,2026-07-01T04:14:08.471742Z,2026-07-01T04:14:08.471742Z,17,0.2609,"Kue basah berbahan dasar tepung beras, santan, gula merah, air daun suji, dikukus dalam daun pisang",padamaran,,not_matched,,,not_matched,,,not_matched,,,not_matched,,,not_matched,,,not_matched,
tkpi_0117,Pastel,pastel,TKPI,https://www.panganku.org/id-ID/view,Serealia,serealia,38.3,307.0,4.5,13.3,42.4,1.3319999999999996,1.5,296.0,53.0,2.5,83.55894,141.81549999999996,0.37920000000000004,1.5760000000000005,0.0,0.14748,5.36,,0.15,0.17520000000000002,1.7860000000000003,0.0,,per 100g,2026-07-01T04:14:08.471742Z,2026-07-01T04:14:08.471742Z,10,0.5652,"Kue dengan kulit tepung terigu, diisi sayuran atau soun atau ayam, dan digoreng. Di Makasar dikenal dengan Jalangkote",pastel,,not_matched,,,not_matched,,,not_matched,,,not_matched,,,not_matched,,,not_matched,
tkpi_0118,Pulut,pulut,TKPI,https://www.panganku.org/id-ID/view,Serealia,serealia,49.1,216.0,2.6,3.1,44.4,2.096,0.8,6.0,70.0,3.8,100.0,22.0,0.4,1.3,0.0,0.0,0.2695,,0.14,0.09539999999999996,1.26,0.16,,per 100g,2026-07-01T04:14:08.471742Z,2026-07-01T04:14:08.471742Z,7,0.6957,Bahan dasar terdiri dari Beras ketan putih dengan santan dimasak dengan cara dikukus,pulut,,not_matched,,,not_matched,,,not_matched,,,not_matched,,,not_matched,,,not_matched,
tkpi_0119,Pundut nasi,pundut nasi,TKPI,https://www.panganku.org/id-ID/view,Serealia,serealia,77.8,104.0,1.9,4.1,15.1,0.4,1.1,26.0,100.0,1.5,74.0,174.0,0.0,0.0,0.78,3.2862600000000004,17.03832,,0.0866,0.073,0.8320000000000003,2.86,,per 100g,2026-07-01T04:14:08.471742Z,2026-07-01T04:14:08.471742Z,9,0.6087,"Nasi yang dimasak dengan santan dan kelapa parut, sedikit gula pasir",pundut nasi,,not_matched,,,not_matched,,,not_matched,,,not_matched,,,not_matched,,,not_matched,
tkpi_0120,Putri hijau,putri hijau,TKPI,https://www.panganku.org/id-ID/view,Serealia,serealia,54.8,189.0,5.4,2.1,37.2,1.4419999999999993,0.5,77.66,129.36,3.0660000000000003,85.42456,259.98142,0.3796,1.274,0.72,0.08244,0.8787,,0.1284,0.10779999999999995,1.2560000000000002,0.18,,per 100g,2026-07-01T04:14:08.471742Z,2026-07-01T04:14:08.471742Z,17,0.2609,"Kue basah. Bahan dasar terdiri dari beras ketan putih, santan. Bahan lapisan: telur, gula pasir dan santan. Dikukus",putri hijau,,not_matched,,,not_matched,,,not_matched,,,not_matched,,,not_matched,,,not_matched,
tkpi_0121,Putri selat,putri selat,TKPI,https://www.panganku.org/id-ID/view,Serealia,serealia,66.6,163.0,2.2,6.5,23.8,3.2840000000000007,0.9,72.0,3.0,4.0,6.0,68.0,8.2278,1.6860000000000008,0.0,0.0,33.80106,,1.4791999999999994,0.14939999999999995,1.064,3.04,,per 100g,2026-07-01T04:14:08.471742Z,2026-07-01T04:14:08.471742Z,10,0.5652,"Kue berbahan dasar tepung beras dan sagu, santan, gula pasir, dikukus seperti kue lapis/talam dengan tampilan berwarna-warni",putri selat,,not_matched,,,not_matched,,,not_matched,,,not_matched,,,not_matched,,,not_matched,
tkpi_0122,Putu sopa,putu sopa,TKPI,https://www.panganku.org/id-ID/view,Serealia,serealia,50.7,215.0,3.3,4.1,41.1,2.2099999999999995,0.8,50.48,71.2,2.1979999999999995,54.16,141.50469999999999,0.44100000000000006,0.898,0.0,0.0,0.92,,0.0934,0.0572,0.5120000000000001,0.68,,per 100g,2026-07-01T04:14:08.471742Z,2026-07-01T04:14:08.471742Z,17,0.2609,"(Putu soppa). Bahan dasar terdiri dari Beras ketan, tepung beras diolah dengan cara dikukus dan  diberi kelapa parut",putu sopa,,not_matched,,,not_matched,,,not_matched,,,not_matched,,,not_matched,,,not_matched,
tkpi_0123,Renggi goreng,renggi goreng,TKPI,https://www.panganku.org/id-ID/view,Serealia,serealia,8.8,471.0,4.7,21.8,64.1,6.4,0.6,4.0,80.0,1.1,126.0,29.0,0.9,1.3,0.0,0.0,0.0,,0.53,0.05,8.2,0.0,,per 100g,2026-07-01T04:14:08.471742Z,2026-07-01T04:14:08.471742Z,2,0.913,"Kerupuk ketan. Nama lain rengginang. Bahan dasar terdiri dari nasi ketan dibentuk bulat tipis yang dikukus, lalu dijemur, dan setelah itu digoreng",renggi,,not_matched,,,not_matched,,,not_matched,,,not_matched,,,not_matched,,,not_matched,
tkpi_0124,Roti boong,roti boong,TKPI,https://www.panganku.org/id-ID/view,Serealia,serealia,34.0,341.0,5.5,16.2,43.3,2.366000000000001,1.0,15.0,65.0,1.1,161.0,41.0,0.2995999999999999,0.9,28.95422,0.77334,45.099799999999995,,0.4,0.3,2.4,0.0,,per 100g,2026-07-01T04:14:08.471742Z,2026-07-01T04:14:08.471742Z,7,0.6957,"Kue seperti donat berbetuk bulat lonjong dengan proses digoreng berbahan dasar tepung terigu, gula pasir, telur ayam, mentega ,air soda dan ragi",roti boong,32.0977130977131,USDA_category_mean,0.3484,16.40905511811024,USDA_category_mean,0.3484,3.470831349206349,USDA_category_mean,0.3484,14.496688741721854,USDA_category_mean,0.3484,0.1068706896551724,USDA_category_mean,0.3484,0.1430875576036866,USDA_category_mean,0.3484
tkpi_0125,Roti warna sawo matang,roti warna sawo matang,TKPI,https://www.panganku.org/id-ID/view,Serealia,serealia,40.0,249.0,7.9,1.5,49.7,2.5220000000000002,0.9,20.0,140.0,2.5,500.0,91.0,0.36379999999999996,1.484,0.0,0.0,0.0,,0.15,0.19340000000000007,1.9400000000000004,0.0,,per 100g,2026-07-01T04:14:08.471742Z,2026-07-01T04:14:08.471742Z,7,0.6957,,roti warna sawo,32.0977130977131,USDA_category_mean,0.277,16.40905511811024,USDA_category_mean,0.277,3.470831349206349,USDA_category_mean,0.277,14.496688741721854,USDA_category_mean,0.277,0.1068706896551724,USDA_category_mean,0.277,0.1430875576036866,USDA_category_mean,0.277
tkpi_0126,Sarimuka,sarimuka,TKPI,https://www.panganku.org/id-ID/view,Serealia,serealia,61.5,166.0,2.3,2.8,32.9,5.826000000000001,0.5,36.0,13.0,2.0,3.0,34.0,0.0,0.0,165.6,308.9457,612.4,,0.23819999999999997,0.11619999999999994,0.8720000000000002,9.48,,per 100g,2026-07-01T04:14:08.471742Z,2026-07-01T04:14:08.471742Z,10,0.5652,"Kue basah. Bahan dasar terdiri dari beras ketan, gula merah, gula pasir, santan, telur ayam diolah dengan cara dikukus",sarimuka,,not_matched,,,not_matched,,,not_matched,,,not_matched,,,not_matched,,,not_matched,
tkpi_0127,Spaghetti,spaghetti,TKPI,https://www.panganku.org/id-ID/view,Serealia,serealia,66.1,139.0,7.4,2.1,22.6,1.13,2.1,109.0,53.0,4.7,423.90301999999997,148.74394,0.33559999999999995,1.44,42.0,343.98,940.0,,0.35,0.16,1.8880000000000001,0.0,,per 100g,2026-07-01T04:14:08.471742Z,2026-07-01T04:14:08.471742Z,10,0.5652,Salah satu jenis pasta.  Berbentuk panjang seperti lidi berbahan dasar terigu dan air.,spaghetti,174.0,USDA_direct_high,0.716,2.72,USDA_direct_high,0.716,0.226,USDA_direct_high,0.716,0.0,USDA_direct_high,0.716,0.323,USDA_direct_high,0.716,0.0,USDA_direct_high,0.716
tkpi_0128,Srikaya ketan,srikaya ketan,TKPI,https://www.panganku.org/id-ID/view,Serealia,serealia,41.0,265.0,2.7,6.4,49.1,1.3559999999999997,0.8,46.96,69.58,1.6740000000000002,84.9728,91.90081999999997,0.33599999999999997,0.838,0.0,0.06182000000000001,0.05744,,0.08779999999999999,0.052800000000000014,0.364,0.0,,per 100g,2026-07-01T04:14:08.471742Z,2026-07-01T04:14:08.471742Z,17,0.2609,"Nama lainnya adalah srikaya pulut. Kue kue basah terdiri dari 2 lapisan. Lapisan bawah: Beras ketan dan santan.  Lapisan atas srikaya: telur ayam, terigu, gula pasir, dan santan. Diolah dengan cara dikukus",srikaya ketan,,not_matched,,,not_matched,,,not_matched,,,not_matched,,,not_matched,,,not_matched,
tkpi_0129,Sunduk lawang,sunduk lawang,TKPI,https://www.panganku.org/id-ID/view,Serealia,serealia,63.4,181.0,1.9,1.3,32.4,1.6939999999999997,1.0,51.68,60.22,1.8839999999999995,46.76,292.10674,0.24039999999999995,0.6800000000000003,0.0,0.0,0.8,,0.07420000000000002,0.05040000000000002,0.6140000000000001,0.22,,per 100g,2026-07-01T04:14:08.471742Z,2026-07-01T04:14:08.471742Z,17,0.2609,"Kue basah berbahan dasar tepung beras, kanji, gula merah, santan dibungkus daun pisang. Diolah dengan cara dikukus",sunduk lawang,,not_matched,,,not_matched,,,not_matched,,,not_matched,,,not_matched,,,not_matched,
tkpi_0130,Suwir-suwir,suwir-suwir,TKPI,https://www.panganku.org/id-ID/view,Serealia,serealia,13.4,347.0,0.5,0.9,84.2,0.8,1.0,42.0,40.0,4.3,19.38,121.30722,0.1944,1.4519999999999995,1.0,217.72,240.0,,0.13,0.11000000000000004,0.9,0.0,,per 100g,2026-07-01T04:14:08.471742Z,2026-07-01T04:14:08.471742Z,8,0.6522,,suwir suwir,,not_matched,,,not_matched,,,not_matched,,,not_matched,,,not_matched,,,not_matched,
tkpi_0131,Tipa-tipa,tipa-tipa,TKPI,https://www.panganku.org/id-ID/view,Serealia,serealia,11.3,355.0,6.2,1.2,79.8,1.3,1.5,17.0,328.0,1.6,66.84,180.68900000000002,0.41779999999999995,1.4580000000000004,0.0,0.0,0.0,,0.26,0.04,1.5,0.0,,per 100g,2026-07-01T04:14:08.471742Z,2026-07-01T04:14:08.471742Z,6,0.7391,Seperti emping beras. Bahan dasar terdiri dari beras dari padi muda disangrai lalu ditumbuk kemudian ditambah kelapa parut dan gula putih,tipa tipa,,not_matched,,,not_matched,,,not_matched,,,not_matched,,,not_matched,,,not_matched,
tkpi_0132,Wajit camilan,wajit camilan,TKPI,https://www.panganku.org/id-ID/view,Serealia,serealia,27.1,303.0,6.3,2.7,63.3,6.9,0.6,61.0,302.0,5.5,76.30836000000001,208.56806000000003,0.7345999999999999,2.704,0.0,0.06748,0.0,,0.03,0.2013999999999999,1.935999999999999,0.0,,per 100g,2026-07-01T04:14:08.471742Z,2026-07-01T04:14:08.471742Z,9,0.6087,"Seperti dodol. Bahan dasar terdiri dari Tepung ketan, gula merah, kelapa dibungkus kulit jagung berbentuk segitiga",wajit camilan,,not_matched,,,not_matched,,,not_matched,,,not_matched,,,not_matched,,,not_matched,
tkpi_0133,Widaran,widaran,TKPI,https://www.panganku.org/id-ID/view,Serealia,serealia,7.0,424.0,1.3,10.7,80.7,0.2,0.3,49.0,88.0,2.5,650.14,267.84572000000003,2.4688,2.5839999999999996,21.0,260.77332,440.0,,0.13,0.2,2.2,0.0,,per 100g,2026-07-01T04:14:08.471742Z,2026-07-01T04:14:08.471742Z,7,0.6957,"Kue kering dengan rasa manis dan gurih. Bahan dasar terdiri dari  tepung ketan putih, santan, dan telur ayam.  Untuk jenis manis  ditambah gula. Diolah dengan cara digoreng",widaran,,not_matched,,,not_matched,,,not_matched,,,not_matched,,,not_matched,,,not_matched,
tkpi_0134,Wingko babat,wingko babat,TKPI,https://www.panganku.org/id-ID/view,Serealia,serealia,29.7,355.0,3.2,15.1,51.4,2.4,0.7,47.0,63.0,1.1,76.36,70.33074,0.2927999999999999,0.8040000000000004,0.0,0.07936,0.0,,0.08,0.08,0.0,0.0,,per 100g,2026-07-01T04:14:08.471742Z,2026-07-01T04:14:08.471742Z,7,0.6957,"Kue basah berBahan dasar terdiri dari tepung ketan , gula pasir, tepung kanji, santan, parutan kelapa muda. Diolah dengan cara dipanggang",wingko babat,,not_matched,,,not_matched,,,not_matched,,,not_matched,,,not_matched,,,not_matched,
tkpi_0135,Yangko,yangko,TKPI,https://www.panganku.org/id-ID/view,Serealia,serealia,37.4,254.0,3.0,1.1,58.1,0.8,0.4,184.0,24.0,2.6,29.06,155.73492,5.0786,0.9840000000000001,0.0,41.28,96.0,,0.15,0.0582,0.0,0.0,,per 100g,2026-07-01T04:14:08.471742Z,2026-07-01T04:14:08.471742Z,8,0.6522,"Bahan dasar terdiri dari Tepung ketan, tepung maizena, santan, pewarna makanan. Bahan isi: kacang tanah, gula pasir. Diolah dengan cara dikukus lalu dibalut tepung gula. Berbentuk kotak dan kenyal",yangko,,not_matched,,,not_matched,,,not_matched,,,not_matched,,,not_matched,,,not_matched,
tkpi_0136,"Arrowroot, segar (Arrowroot, fresh)","arrowroot, segar (arrowroot, fresh)",TKPI,https://www.panganku.org/id-ID/view,Umbi Berpati,umbi berpati,73.5,102.0,1.0,0.2,24.1,1.7,1.2,28.0,35.0,1.7,36.0,626.6,0.2,0.8,0.0,15.0,0.0,,0.06,0.1,2.3,2.0,,per 100g,2026-07-01T04:14:08.471742Z,2026-07-01T04:14:08.471742Z,2,0.913,,arrowroot arrowroot,25.0,USDA_direct_high,1.0,,USDA_direct_high,1.0,0.039,USDA_direct_high,1.0,0.0,USDA_direct_high,1.0,0.266,USDA_direct_high,1.0,0.0,USDA_direct_high,1.0
tkpi_0137,"Batatas gembili, segar (Lesser yam, fresh)","batatas gembili, segar (lesser yam, fresh)",TKPI,https://www.panganku.org/id-ID/view,Umbi Berpati,umbi berpati,76.7,76.0,1.1,0.9,16.0,4.2,0.7,0.0,40.0,0.2,10.0,200.0,0.2,0.3,0.0,0.0,0.0,,0.06,0.0,0.9,0.0,,per 100g,2026-07-01T04:14:08.471742Z,2026-07-01T04:14:08.471742Z,2,0.913,,batatas gembili lesser yam,21.0,USDA_direct_medium,0.4238,0.5,USDA_direct_medium,0.4238,0.037,USDA_direct_medium,0.4238,0.0,USDA_direct_medium,0.4238,0.293,USDA_direct_medium,0.4238,0.0,USDA_direct_medium,0.4238
tkpi_0138,"Batatas kelapa, ubi, segar","batatas kelapa, ubi, segar",TKPI,https://www.panganku.org/id-ID/view,Umbi Berpati,umbi berpati,76.1,89.0,1.1,0.1,21.0,4.0,0.7,0.0,40.0,0.2,20.0,340.0,0.1,0.2,0.0,0.0,0.0,,0.38,0.0,0.9,0.0,,per 100g,2026-07-01T04:14:08.471742Z,2026-07-01T04:14:08.471742Z,2,0.913,,batatas kelapa ubi,,not_matched,,,not_matched,,,not_matched,,,not_matched,,,not_matched,,,not_matched,
tkpi_0139,"Belitung, talas, segar (Taro, belitung, steamed)","belitung, talas, segar (taro, belitung, steamed)",TKPI,https://www.panganku.org/id-ID/view,Umbi Berpati,umbi berpati,63.1,145.0,1.2,0.4,34.2,1.5,1.1,26.0,54.0,1.4,6.0,536.1,0.2,0.9,0.0,0.0,0.0,,0.1,0.1,2.3,2.0,,per 100g,2026-07-01T04:14:08.471742Z,2026-07-01T04:14:08.471742Z,2,0.913,,belitung talas taro belitung,31.708955223880597,USDA_category_mean,0.3258,3.343490054249548,USDA_category_mean,0.3258,0.2398865153538051,USDA_category_mean,0.3258,0.7215980024968789,USDA_category_mean,0.3258,0.175552070263488,USDA_category_mean,0.3258,0.0075409836065573,USDA_category_mean,0.3258
tkpi_0140,"Bengkuang, segar (Yam bean, fresh)","bengkuang, segar (yam bean, fresh)",TKPI,https://www.panganku.org/id-ID/view,Umbi Berpati,umbi berpati,85.1,59.0,1.4,0.2,12.8,1.0,0.5,15.0,18.0,0.6,2.0,244.3,0.1,0.3,0.0,0.0,10.339500000000003,,0.04,0.1,0.2,20.0,,per 100g,2026-07-01T04:14:08.471742Z,2026-07-01T04:14:08.471742Z,4,0.8261,,bengkuang yam bean,21.0,USDA_direct_medium,0.4905,0.5,USDA_direct_medium,0.4905,0.037,USDA_direct_medium,0.4905,0.0,USDA_direct_medium,0.4905,0.293,USDA_direct_medium,0.4905,0.0,USDA_direct_medium,0.4905
tkpi_0141,"Bentul (Komba),  talas, segar (Taro, bentul, fresh)","bentul (komba), talas, segar (taro, bentul, fresh)",TKPI,https://www.panganku.org/id-ID/view,Umbi Berpati,umbi berpati,75.8,98.0,1.6,0.7,20.9,0.7,1.8,44.0,66.0,1.5,12.22,195.5,0.2,0.6,0.0,0.0,0.0,,0.02,0.1,0.8,0.0,,per 100g,2026-07-01T04:14:08.471742Z,2026-07-01T04:14:08.471742Z,3,0.8696,,bentul komba talas taro bentul,31.708955223880597,USDA_category_mean,0.2953,3.343490054249548,USDA_category_mean,0.2953,0.2398865153538051,USDA_category_mean,0.2953,0.7215980024968789,USDA_category_mean,0.2953,0.175552070263488,USDA_category_mean,0.2953,0.0075409836065573,USDA_category_mean,0.2953
tkpi_0142,"Gadeng/Gadung, kering (Asiatic bitter yam, fresh)","gadeng/gadung, kering (asiatic bitter yam, fresh)",TKPI,https://www.panganku.org/id-ID/view,Umbi Berpati,umbi berpati,20.2,322.0,2.4,0.6,76.6,5.214000000000001,0.2,39.0,22.0,2.2,5.0,2.0,0.5,0.2,0.0,0.0,0.0,,0.45,0.02,1.0,0.0,,per 100g,2026-07-01T04:14:08.471742Z,2026-07-01T04:14:08.471742Z,3,0.8696,,gadeng gadung asiatic bitter yam,31.708955223880597,USDA_category_mean,0.371,3.343490054249548,USDA_category_mean,0.371,0.2398865153538051,USDA_category_mean,0.371,0.7215980024968789,USDA_category_mean,0.371,0.175552070263488,USDA_category_mean,0.371,0.0075409836065573,USDA_category_mean,0.371
tkpi_0143,"Gadung, ubi, segar (Asiatic bitter yam, fresh)","gadung, ubi, segar (asiatic bitter yam, fresh)",TKPI,https://www.panganku.org/id-ID/view,Umbi Berpati,umbi berpati,74.4,100.0,0.9,0.3,23.5,2.1,0.9,79.0,66.0,0.9,8.0,687.2,0.2,0.2,0.0,0.0,0.0,,0.23,0.0,0.5,2.0,,per 100g,2026-07-01T04:14:08.471742Z,2026-07-01T04:14:08.471742Z,2,0.913,,gadung ubi asiatic bitter yam,21.0,USDA_direct_medium,0.4015,0.5,USDA_direct_medium,0.4015,0.037,USDA_direct_medium,0.4015,0.0,USDA_direct_medium,0.4015,0.293,USDA_direct_medium,0.4015,0.0,USDA_direct_medium,0.4015
tkpi_0144,"Ganyong, segar (Canna, fresh)","ganyong, segar (canna, fresh)",TKPI,https://www.panganku.org/id-ID/view,Umbi Berpati,umbi berpati,79.9,77.0,0.6,0.2,18.4,0.8,0.9,15.0,67.0,1.0,17.04,366.64200000000005,3.5909999999999984,0.35199999999999987,0.0,0.0,0.0,,0.1,0.037200000000000004,0.6059999999999999,9.0,,per 100g,2026-07-01T04:14:08.471742Z,2026-07-01T04:14:08.471742Z,8,0.6522,,ganyong canna,,not_matched,,,not_matched,,,not_matched,,,not_matched,,,not_matched,,,not_matched,
tkpi_0145,"Gembili, ubi, segar (Lesser yam, fresh)","gembili, ubi, segar (lesser yam, fresh)",TKPI,https://www.panganku.org/id-ID/view,Umbi Berpati,umbi berpati,66.4,131.0,1.1,0.2,31.3,1.1,1.0,14.0,56.0,0.6,10.0,200.0,0.2,0.3,0.0,0.0,0.0,,0.08,0.0,0.9,4.0,,per 100g,2026-07-01T04:14:08.471742Z,2026-07-01T04:14:08.471742Z,2,0.913,,gembili ubi lesser yam,21.0,USDA_direct_medium,0.4426,0.5,USDA_direct_medium,0.4426,0.037,USDA_direct_medium,0.4426,0.0,USDA_direct_medium,0.4426,0.293,USDA_direct_medium,0.4426,0.0,USDA_direct_medium,0.4426
tkpi_0146,"Hofa/Ubi hutan, segar","hofa/ubi hutan, segar",TKPI,https://www.panganku.org/id-ID/view,Umbi Berpati,umbi berpati,67.9,127.0,1.2,0.5,29.5,3.4,0.9,30.0,8.0,0.7,3.0,4.0,0.1,0.2,0.0,0.0,0.0,,0.3,0.05,0.6,0.0,,per 100g,2026-07-01T04:14:08.471742Z,2026-07-01T04:14:08.471742Z,2,0.913,,hofa ubi hutan,,not_matched,,,not_matched,,,not_matched,,,not_matched,,,not_matched,,,not_matched,
tkpi_0147,"Kaburan, ubi, segar (Lesser yam, fresh)","kaburan, ubi, segar (lesser yam, fresh)",TKPI,https://www.panganku.org/id-ID/view,Umbi Berpati,umbi berpati,66.5,133.0,1.0,0.2,32.2,0.7,0.5,65.0,50.0,0.6,10.0,899.2,0.2,0.2,0.0,0.0,0.0,,0.01,0.0,0.3,0.0,,per 100g,2026-07-01T04:14:08.471742Z,2026-07-01T04:14:08.471742Z,2,0.913,,kaburan ubi lesser yam,21.0,USDA_direct_medium,0.4339,0.5,USDA_direct_medium,0.4339,0.037,USDA_direct_medium,0.4339,0.0,USDA_direct_medium,0.4339,0.293,USDA_direct_medium,0.4339,0.0,USDA_direct_medium,0.4339
tkpi_0148,"Kentang, segar (Yam, fresh)","kentang, segar (yam, fresh)",TKPI,https://www.panganku.org/id-ID/view,Umbi Berpati,umbi berpati,83.4,62.0,2.1,0.2,13.5,0.5,0.8,63.0,58.0,0.7,7.0,396.0,0.4,0.3,0.0,0.0,0.0,,0.09,0.1,1.0,21.0,,per 100g,2026-07-01T04:14:08.471742Z,2026-07-01T04:14:08.471742Z,2,0.913,,kentang yam,21.0,USDA_direct_medium,0.6379,0.5,USDA_direct_medium,0.6379,0.037,USDA_direct_medium,0.6379,0.0,USDA_direct_medium,0.6379,0.293,USDA_direct_medium,0.6379,0.0,USDA_direct_medium,0.6379
tkpi_0149,"Kentang hitam, segar (Madagascar potato, fresh)","kentang hitam, segar (madagascar potato, fresh)",TKPI,https://www.panganku.org/id-ID/view,Umbi Berpati,umbi berpati,64.0,142.0,0.9,0.4,33.7,5.4,1.0,34.0,75.0,0.2,22.0,890.3,0.9,0.6,0.0,0.0,5.3157,,0.02,0.1,2.2,38.0,,per 100g,2026-07-01T04:14:08.471742Z,2026-07-01T04:14:08.471742Z,4,0.8261,,kentang hitam madagascar potato,31.708955223880597,USDA_category_mean,0.2705,3.343490054249548,USDA_category_mean,0.2705,0.2398865153538051,USDA_category_mean,0.2705,0.7215980024968789,USDA_category_mean,0.2705,0.175552070263488,USDA_category_mean,0.2705,0.0075409836065573,USDA_category_mean,0.2705
tkpi_0150,"Keribang, ubi, segar","keribang, ubi, segar",TKPI,https://www.panganku.org/id-ID/view,Umbi Berpati,umbi berpati,67.0,137.0,1.3,1.1,29.8,0.6,0.8,45.0,56.0,0.8,10.0,885.8,0.2,0.3,0.0,0.0,0.0,,0.0,0.0,0.7,0.0,,per 100g,2026-07-01T04:14:08.471742Z,2026-07-01T04:14:08.471742Z,2,0.913,,keribang ubi,,not_matched,,,not_matched,,,not_matched,,,not_matched,,,not_matched,,,not_matched,
tkpi_0151,"Ketela pohon/ singkong, segar (Cassava, fresh)","ketela pohon/ singkong, segar (cassava, fresh)",TKPI,https://www.panganku.org/id-ID/view,Umbi Berpati,umbi berpati,61.4,154.0,1.0,0.3,36.8,0.9,0.5,77.0,24.0,1.1,2.0,394.0,0.3,0.4,0.0,0.0,0.0,,0.06,0.1,0.5,31.0,,per 100g,2026-07-01T04:14:08.471742Z,2026-07-01T04:14:08.471742Z,2,0.913,,ketela pohon singkong cassava,21.0,USDA_direct_medium,0.4858,1.7,USDA_direct_medium,0.4858,0.074,USDA_direct_medium,0.4858,0.0,USDA_direct_medium,0.4858,0.088,USDA_direct_medium,0.4858,0.0,USDA_direct_medium,0.4858
tkpi_0152,Lepok/Ubi rumput,lepok/ubi rumput,TKPI,https://www.panganku.org/id-ID/view,Umbi Berpati,umbi berpati,55.3,181.0,2.8,1.2,39.8,10.7,0.9,7.0,50.0,3.1,116.0,306.0,1.6,0.9,0.0,0.0,0.0,,0.28,0.05,1.5,0.0,,per 100g,2026-07-01T04:14:08.471742Z,2026-07-01T04:14:08.471742Z,2,0.913,,lepok ubi rumput,,not_matched,,,not_matched,,,not_matched,,,not_matched,,,not_matched,,,not_matched,
tkpi_0153,"Sagu aren, kering (Sugar palm, dried)","sagu aren, kering (sugar palm, dried)",TKPI,https://www.panganku.org/id-ID/view,Umbi Berpati,umbi berpati,11.9,355.0,0.6,1.1,85.6,0.3,0.8,91.0,167.0,2.2,2.0,200.0,0.0,0.3,0.12,135.4244,0.0,,0.04,0.1,0.5,0.0,,per 100g,2026-07-01T04:14:08.471742Z,2026-07-01T04:14:08.471742Z,4,0.8261,,sagu aren sugar palm,31.708955223880597,USDA_category_mean,0.3257,3.343490054249548,USDA_category_mean,0.3257,0.2398865153538051,USDA_category_mean,0.3257,0.7215980024968789,USDA_category_mean,0.3257,0.175552070263488,USDA_category_mean,0.3257,0.0075409836065573,USDA_category_mean,0.3257
tkpi_0154,"Sagu aren, segar (Sugar palm, fresh)","sagu aren, segar (sugar palm, fresh)",TKPI,https://www.panganku.org/id-ID/view,Umbi Berpati,umbi berpati,42.5,231.0,0.6,0.2,56.6,3.2,0.1,20.0,20.0,0.1,7.0,0.0,0.1,0.1,0.0,23.08,0.0,,0.2,0.0,0.0,0.0,,per 100g,2026-07-01T04:14:08.471742Z,2026-07-01T04:14:08.471742Z,3,0.8696,,sagu aren sugar palm,31.708955223880597,USDA_category_mean,0.3257,3.343490054249548,USDA_category_mean,0.3257,0.2398865153538051,USDA_category_mean,0.3257,0.7215980024968789,USDA_category_mean,0.3257,0.175552070263488,USDA_category_mean,0.3257,0.0075409836065573,USDA_category_mean,0.3257
tkpi_0155,"Sagu kasbi segar (Cassava  starch, fresh)","sagu kasbi segar (cassava starch, fresh)",TKPI,https://www.panganku.org/id-ID/view,Umbi Berpati,umbi berpati,42.5,230.0,0.6,0.2,56.5,3.0,0.2,20.0,1.0,0.3,100.0,410.0,0.1,0.2,0.0,0.0,0.0,,0.1,0.0,0.0,0.0,,per 100g,2026-07-01T04:14:08.471742Z,2026-07-01T04:14:08.471742Z,2,0.913,,sagu kasbi cassava starch,21.0,USDA_direct_medium,0.4842,1.7,USDA_direct_medium,0.4842,0.074,USDA_direct_medium,0.4842,0.0,USDA_direct_medium,0.4842,0.088,USDA_direct_medium,0.4842,0.0,USDA_direct_medium,0.4842
tkpi_0156,Sagu lempeng (Sago palm),sagu lempeng (sago palm),TKPI,https://www.panganku.org/id-ID/view,Umbi Berpati,umbi berpati,13.5,347.0,0.9,0.3,85.2,4.7,0.1,30.0,30.0,0.2,11.0,0.0,0.1,0.1,0.0,0.0,9.66,,0.3,0.0,0.0,0.0,,per 100g,2026-07-01T04:14:08.471742Z,2026-07-01T04:14:08.471742Z,3,0.8696,,sagu lempeng sago palm,31.708955223880597,USDA_category_mean,0.3148,3.343490054249548,USDA_category_mean,0.3148,0.2398865153538051,USDA_category_mean,0.3148,0.7215980024968789,USDA_category_mean,0.3148,0.175552070263488,USDA_category_mean,0.3148,0.0075409836065573,USDA_category_mean,0.3148
tkpi_0157,"Sagu singkong, kering (Cassava, starch, dried)","sagu singkong, kering (cassava, starch, dried)",TKPI,https://www.panganku.org/id-ID/view,Umbi Berpati,umbi berpati,12.0,362.0,0.5,0.3,86.9,9.472000000000001,0.3,0.0,0.0,0.0,30.56,243.56113999999997,22.5424,2.254,0.22,0.0,0.0,,0.0,0.21999999999999997,5.061999999999997,0.0,,per 100g,2026-07-01T04:14:08.471742Z,2026-07-01T04:14:08.471742Z,10,0.5652,,sagu singkong cassava starch,21.0,USDA_direct_medium,0.5236,1.7,USDA_direct_medium,0.5236,0.074,USDA_direct_medium,0.5236,0.0,USDA_direct_medium,0.5236,0.088,USDA_direct_medium,0.5236,0.0,USDA_direct_medium,0.5236
tkpi_0158,"Sente, talas, segar (Giant taro, fresh)","sente, talas, segar (giant taro, fresh)",TKPI,https://www.panganku.org/id-ID/view,Umbi Berpati,umbi berpati,14.0,353.0,0.7,0.2,84.7,6.6,0.4,11.0,13.0,1.5,30.0,694.6,0.6,2.2,360.1,41.0,505.34592,,0.05,0.2,2.8,5.0,,per 100g,2026-07-01T04:14:08.471742Z,2026-07-01T04:14:08.471742Z,4,0.8261,,sente talas giant taro,33.0,USDA_direct_medium,0.4083,0.4,USDA_direct_medium,0.4083,0.041,USDA_direct_medium,0.4083,0.0,USDA_direct_medium,0.4083,0.283,USDA_direct_medium,0.4083,0.0,USDA_direct_medium,0.4083
tkpi_0159,"Suweg, talas, segar (Elephant yam)","suweg, talas, segar (elephant yam)",TKPI,https://www.panganku.org/id-ID/view,Umbi Berpati,umbi berpati,80.1,74.0,1.4,0.1,17.2,1.4,1.2,42.0,46.0,1.3,7.0,400.0,0.1,0.1,0.0,24.0,254.0,,0.04,0.0,0.4,2.0,,per 100g,2026-07-01T04:14:08.471742Z,2026-07-01T04:14:08.471742Z,2,0.913,,suweg talas elephant yam,21.0,USDA_direct_medium,0.4204,0.5,USDA_direct_medium,0.4204,0.037,USDA_direct_medium,0.4204,0.0,USDA_direct_medium,0.4204,0.293,USDA_direct_medium,0.4204,0.0,USDA_direct_medium,0.4204
tkpi_0160,"Talas bogor, segar (Taro, bogor, fresh)","talas bogor, segar (taro, bogor, fresh)",TKPI,https://www.panganku.org/id-ID/view,Umbi Berpati,umbi berpati,72.4,108.0,1.4,0.4,25.0,0.9,0.8,47.0,67.0,0.7,10.0,448.0,0.2,0.7,0.0,0.0,0.0,,0.06,0.07,1.0,4.0,,per 100g,2026-07-01T04:14:08.471742Z,2026-07-01T04:14:08.471742Z,2,0.913,,talas bogor taro bogor,31.708955223880597,USDA_category_mean,0.3258,3.343490054249548,USDA_category_mean,0.3258,0.2398865153538051,USDA_category_mean,0.3258,0.7215980024968789,USDA_category_mean,0.3258,0.175552070263488,USDA_category_mean,0.3258,0.0075409836065573,USDA_category_mean,0.3258
tkpi_0161,"Talas pontianak, segar (Taro, pontianak, fresh)","talas pontianak, segar (taro, pontianak, fresh)",TKPI,https://www.panganku.org/id-ID/view,Umbi Berpati,umbi berpati,60.0,163.0,2.3,0.5,36.4,0.7,0.9,45.0,80.0,1.7,14.0,323.1,0.3,1.0,0.0,0.0,0.0,,0.02,0.1,1.3,3.18,,per 100g,2026-07-01T04:14:08.471742Z,2026-07-01T04:14:08.471742Z,3,0.8696,,talas pontianak taro pontianak,31.708955223880597,USDA_category_mean,0.3115,3.343490054249548,USDA_category_mean,0.3115,0.2398865153538051,USDA_category_mean,0.3115,0.7215980024968789,USDA_category_mean,0.3115,0.175552070263488,USDA_category_mean,0.3115,0.0075409836065573,USDA_category_mean,0.3115
tkpi_0162,"Talas viqueque, segar","talas viqueque, segar",TKPI,https://www.panganku.org/id-ID/view,Umbi Berpati,umbi berpati,70.6,115.0,1.8,0.5,25.9,8.6,1.2,50.0,220.0,0.9,1.0,70.0,0.3,1.0,0.0,0.0,0.0,,0.08,0.1,0.9,12.92,,per 100g,2026-07-01T04:14:08.471742Z,2026-07-01T04:14:08.471742Z,3,0.8696,,talas viqueque,,not_matched,,,not_matched,,,not_matched,,,not_matched,,,not_matched,,,not_matched,
tkpi_0163,"Ubi jalar, kuning, segar (Sweet potato, yellowish, fresh)","ubi jalar, kuning, segar (sweet potato, yellowish, fresh)",TKPI,https://www.panganku.org/id-ID/view,Umbi Berpati,umbi berpati,72.6,119.0,0.5,0.4,25.1,4.2,1.0,30.0,40.0,0.4,3.0,1.0,0.1,0.2,0.0,794.0,4.948,,0.06,0.07,0.7,21.0,,per 100g,2026-07-01T04:14:08.471742Z,2026-07-01T04:14:08.471742Z,2,0.913,,ubi jalar kuning sweet potato yellowish,21.0,USDA_direct_medium,0.4047,,USDA_direct_medium,0.4047,0.026,USDA_direct_medium,0.4047,0.0,USDA_direct_medium,0.4047,0.186,USDA_direct_medium,0.4047,0.0,USDA_direct_medium,0.4047
tkpi_0164,"Ubi jalar manis, segar (Cassava starch, fresh)","ubi jalar manis, segar (cassava starch, fresh)",TKPI,https://www.panganku.org/id-ID/view,Umbi Berpati,umbi berpati,78.4,83.0,1.5,0.2,18.8,0.6,1.1,27.0,162.0,2.1,52.0,320.7,0.1,0.3,0.0,0.0,0.0,,0.02,0.0,0.4,0.0,,per 100g,2026-07-01T04:14:08.471742Z,2026-07-01T04:14:08.471742Z,2,0.913,,ubi jalar manis cassava starch,21.0,USDA_direct_medium,0.4604,1.7,USDA_direct_medium,0.4604,0.074,USDA_direct_medium,0.4604,0.0,USDA_direct_medium,0.4604,0.088,USDA_direct_medium,0.4604,0.0,USDA_direct_medium,0.4604
tkpi_0165,"Ubi jalar merah, segar (Sweet potato, redish, fresh)","ubi jalar merah, segar (sweet potato, redish, fresh)",TKPI,https://www.panganku.org/id-ID/view,Umbi Berpati,umbi berpati,61.9,151.0,1.6,0.3,35.4,0.7,0.6,29.0,74.0,0.7,92.0,565.6,0.3,0.5,0.0,0.0,1.208,,0.13,0.08,0.7,11.0,,per 100g,2026-07-01T04:14:08.471742Z,2026-07-01T04:14:08.471742Z,2,0.913,,ubi jalar merah sweet potato redish,31.708955223880597,USDA_category_mean,0.3949,3.343490054249548,USDA_category_mean,0.3949,0.2398865153538051,USDA_category_mean,0.3949,0.7215980024968789,USDA_category_mean,0.3949,0.175552070263488,USDA_category_mean,0.3949,0.0075409836065573,USDA_category_mean,0.3949
tkpi_0166,"Ubi jalar putih, segar (Sweet potato, whitish, fresh)","ubi jalar putih, segar (sweet potato, whitish, fresh)",TKPI,https://www.panganku.org/id-ID/view,Umbi Berpati,umbi berpati,77.8,88.0,0.4,0.4,20.6,4.0,0.8,30.0,10.0,0.5,2.0,4.0,0.1,0.2,0.0,13.0,264.0,,0.25,0.06,0.5,36.0,,per 100g,2026-07-01T04:14:08.471742Z,2026-07-01T04:14:08.471742Z,2,0.913,,ubi jalar putih sweet potato whitish,31.708955223880597,USDA_category_mean,0.3949,3.343490054249548,USDA_category_mean,0.3949,0.2398865153538051,USDA_category_mean,0.3949,0.7215980024968789,USDA_category_mean,0.3949,0.175552070263488,USDA_category_mean,0.3949,0.0075409836065573,USDA_category_mean,0.3949
tkpi_0167,Ubi jalar tinta/ kemayung,ubi jalar tinta/ kemayung,TKPI,https://www.panganku.org/id-ID/view,Umbi Berpati,umbi berpati,72.5,108.0,0.5,0.4,25.6,4.2,1.0,30.0,40.0,0.5,1.0,1.0,0.1,0.2,0.0,13.0,0.0,,0.09,0.06,0.6,24.0,,per 100g,2026-07-01T04:14:08.471742Z,2026-07-01T04:14:08.471742Z,2,0.913,,ubi jalar tinta kemayung,,not_matched,,,not_matched,,,not_matched,,,not_matched,,,not_matched,,,not_matched,
tkpi_0168,"Umbi Uwi, segar","umbi uwi, segar",TKPI,https://www.panganku.org/id-ID/view,Umbi Berpati,umbi berpati,69.7,120.0,2.8,0.5,82.3,2.6,0.9,9.0,42.0,1.3,12.0,412.0,0.3,0.6,2.48,0.0,0.0,,0.02,0.5,0.2,4.0,,per 100g,2026-07-01T04:14:08.471742Z,2026-07-01T04:14:08.471742Z,3,0.8696,,umbi uwi,,not_matched,,,not_matched,,,not_matched,,,not_matched,,,not_matched,,,not_matched,
tkpi_0169,"Batatas kelapa, ubi, bakar","batatas kelapa, ubi, bakar",TKPI,https://www.panganku.org/id-ID/view,Umbi Berpati,umbi berpati,73.2,110.0,1.4,1.1,23.4,4.5,0.7,1.0,46.0,0.2,12.0,230.0,0.2,0.3,0.0,0.0,0.0,,1.13,0.0,0.0,0.0,,per 100g,2026-07-01T04:14:08.471742Z,2026-07-01T04:14:08.471742Z,2,0.913,,batatas kelapa ubi bakar,,not_matched,,,not_matched,,,not_matched,,,not_matched,,,not_matched,,,not_matched,
tkpi_0170,"Batatas kelapa, ubi, kukus","batatas kelapa, ubi, kukus",TKPI,https://www.panganku.org/id-ID/view,Umbi Berpati,umbi berpati,75.7,92.0,1.2,0.3,21.0,4.1,1.8,0.0,42.0,0.2,10.0,209.0,0.2,0.3,0.0,0.0,0.0,,0.28,0.0,0.7,0.0,,per 100g,2026-07-01T04:14:08.471742Z,2026-07-01T04:14:08.471742Z,2,0.913,,batatas kelapa ubi kukus,,not_matched,,,not_matched,,,not_matched,,,not_matched,,,not_matched,,,not_matched,
tkpi_0171,"Batatas tali, ubi, rebus","batatas tali, ubi, rebus",TKPI,https://www.panganku.org/id-ID/view,Umbi Berpati,umbi berpati,53.2,182.0,2.4,0.4,42.2,9.2,1.8,1.0,80.0,0.3,20.0,402.0,0.3,0.6,0.0,0.0,0.0,,0.27,0.0,1.3,0.0,,per 100g,2026-07-01T04:14:08.471742Z,2026-07-01T04:14:08.471742Z,2,0.913,,batatas tali ubi,,not_matched,,,not_matched,,,not_matched,,,not_matched,,,not_matched,,,not_matched,
tkpi_0172,"Belitung, talas, kukus","belitung, talas, kukus",TKPI,https://www.panganku.org/id-ID/view,Umbi Berpati,umbi berpati,63.1,145.0,1.2,0.4,34.2,1.0,1.1,21.0,48.0,0.9,7.0,552.6,0.2,0.9,0.0,0.0,0.0,,0.08,0.1,2.3,1.0,,per 100g,2026-07-01T04:14:08.471742Z,2026-07-01T04:14:08.471742Z,2,0.913,,belitung talas kukus,,not_matched,,,not_matched,,,not_matched,,,not_matched,,,not_matched,,,not_matched,
tkpi_0173,"Bentul, talas, kukus","bentul, talas, kukus",TKPI,https://www.panganku.org/id-ID/view,Umbi Berpati,umbi berpati,81.1,71.0,2.3,0.3,15.4,0.5,0.9,29.0,26.0,0.6,17.72,201.0,0.2,0.6,0.0,0.0,0.0,,0.06,0.0,0.0,21.0,,per 100g,2026-07-01T04:14:08.471742Z,2026-07-01T04:14:08.471742Z,3,0.8696,,bentul talas kukus,,not_matched,,,not_matched,,,not_matched,,,not_matched,,,not_matched,,,not_matched,
tkpi_0174,"Gadung, ubi, kukus","gadung, ubi, kukus",TKPI,https://www.panganku.org/id-ID/view,Umbi Berpati,umbi berpati,77.4,88.0,0.6,0.3,20.9,0.9,0.8,26.0,47.0,0.4,6.0,584.0,0.2,0.2,0.0,0.0,0.0,,0.03,0.0,0.4,0.0,,per 100g,2026-07-01T04:14:08.471742Z,2026-07-01T04:14:08.471742Z,2,0.913,,gadung ubi kukus,,not_matched,,,not_matched,,,not_matched,,,not_matched,,,not_matched,,,not_matched,
tkpi_0175,"Ganyong, rebus","ganyong, rebus",TKPI,https://www.panganku.org/id-ID/view,Umbi Berpati,umbi berpati,74.1,100.0,0.8,0.2,23.8,0.9,1.1,15.0,65.0,0.9,18.5,391.40200000000004,0.16420000000000004,0.40800000000000003,0.0,0.0,0.0,,0.04,0.060600000000000015,0.628,6.0,,per 100g,2026-07-01T04:14:08.471742Z,2026-07-01T04:14:08.471742Z,8,0.6522,,ganyong,,not_matched,,,not_matched,,,not_matched,,,not_matched,,,not_matched,,,not_matched,
tkpi_0176,Ketela pohon/singkong kukus,ketela pohon/singkong kukus,TKPI,https://www.panganku.org/id-ID/view,Umbi Berpati,umbi berpati,61.5,153.0,1.2,0.3,36.4,1.3,0.6,56.0,22.0,0.4,2.0,345.3,0.3,0.1,0.0,0.0,0.0,,0.0,0.0,0.3,20.0,,per 100g,2026-07-01T04:14:08.471742Z,2026-07-01T04:14:08.471742Z,2,0.913,,ketela pohon singkong kukus,,not_matched,,,not_matched,,,not_matched,,,not_matched,,,not_matched,,,not_matched,
tkpi_0177,"Suweg, talas, kukus","suweg, talas, kukus",TKPI,https://www.panganku.org/id-ID/view,Umbi Berpati,umbi berpati,75.5,93.0,1.5,0.1,21.9,0.9,1.0,50.0,58.0,0.8,6.0,350.3,0.1,0.1,0.0,0.0,283.0,,0.09,0.0,0.3,0.0,,per 100g,2026-07-01T04:14:08.471742Z,2026-07-01T04:14:08.471742Z,2,0.913,,suweg talas kukus,,not_matched,,,not_matched,,,not_matched,,,not_matched,,,not_matched,,,not_matched,
tkpi_0178,"Talas bogor, kukus","talas bogor, kukus",TKPI,https://www.panganku.org/id-ID/view,Umbi Berpati,umbi berpati,69.2,120.0,1.5,0.3,28.2,0.7,0.8,31.0,63.0,0.7,11.0,498.0,0.2,0.6,0.0,0.0,0.0,,0.05,0.6,0.8,2.0,,per 100g,2026-07-01T04:14:08.471742Z,2026-07-01T04:14:08.471742Z,2,0.913,,talas bogor kukus,,not_matched,,,not_matched,,,not_matched,,,not_matched,,,not_matched,,,not_matched,
tkpi_0179,"Ubi jalar, kuning, kukus","ubi jalar, kuning, kukus",TKPI,https://www.panganku.org/id-ID/view,Umbi Berpati,umbi berpati,74.2,100.0,0.7,0.3,23.8,1.0,1.0,44.0,46.0,0.4,3.0,0.8,0.1,0.2,0.0,819.0,4.427,,0.0,0.1,0.6,16.0,,per 100g,2026-07-01T04:14:08.471742Z,2026-07-01T04:14:08.471742Z,2,0.913,,ubi jalar kuning kukus,,not_matched,,,not_matched,,,not_matched,,,not_matched,,,not_matched,,,not_matched,
tkpi_0180,Ubi jalar tinta/ kemayung kukus,ubi jalar tinta/ kemayung kukus,TKPI,https://www.panganku.org/id-ID/view,Umbi Berpati,umbi berpati,58.5,165.0,0.9,0.2,39.8,1.1,0.6,20.0,23.0,0.8,1.0,0.9,0.1,0.2,0.0,0.0,0.0,,0.02,0.1,0.5,0.0,,per 100g,2026-07-01T04:14:08.471742Z,2026-07-01T04:14:08.471742Z,2,0.913,,ubi jalar tinta kemayung kukus,,not_matched,,,not_matched,,,not_matched,,,not_matched,,,not_matched,,,not_matched,
tkpi_0181,Bagea kelapa asin,bagea kelapa asin,TKPI,https://www.panganku.org/id-ID/view,Umbi Berpati,umbi berpati,3.5,450.0,3.2,13.9,78.1,3.0520000000000005,1.3,38.0,38.0,0.3,74.0,0.0,0.2,0.2,0.0,0.0,0.0,,0.3,0.0,0.0,0.0,,per 100g,2026-07-01T04:14:08.471742Z,2026-07-01T04:14:08.471742Z,3,0.8696,"Kue berbahan dasar sagu, kelapa, dan garam.",bagea kelapa asin,,not_matched,,,not_matched,,,not_matched,,,not_matched,,,not_matched,,,not_matched,
tkpi_0182,Bagea kelapa manis,bagea kelapa manis,TKPI,https://www.panganku.org/id-ID/view,Umbi Berpati,umbi berpati,3.0,452.0,1.3,13.8,80.6,2.6860000000000013,1.3,38.0,39.0,0.3,75.0,0.0,0.2,0.2,0.0,0.0,0.0,,0.0,0.0,0.0,0.0,,per 100g,2026-07-01T04:14:08.471742Z,2026-07-01T04:14:08.471742Z,3,0.8696,"Kue berbahan dasar sagu, kelapa, dan gula",bagea kelapa manis,,not_matched,,,not_matched,,,not_matched,,,not_matched,,,not_matched,,,not_matched,
tkpi_0183,Bagea kenari asin,bagea kenari asin,TKPI,https://www.panganku.org/id-ID/view,Umbi Berpati,umbi berpati,2.8,529.0,3.2,29.1,63.6,3.128,1.3,38.0,40.0,0.4,74.0,0.0,0.2,0.2,0.0,0.0,0.0,,0.3,0.0,0.0,0.0,,per 100g,2026-07-01T04:14:08.471742Z,2026-07-01T04:14:08.471742Z,3,0.8696,"Kue berbahan dasar sagu, kelapa, garam,  dan kenari",bagea kenari asin,,not_matched,,,not_matched,,,not_matched,,,not_matched,,,not_matched,,,not_matched,
tkpi_0184,Bagea kenari manis,bagea kenari manis,TKPI,https://www.panganku.org/id-ID/view,Umbi Berpati,umbi berpati,3.1,523.0,3.2,28.2,64.2,3.1460000000000004,1.3,38.0,39.0,0.3,74.0,0.0,0.2,0.2,0.0,0.0,0.0,,0.3,0.0,0.0,0.0,,per 100g,2026-07-01T04:14:08.471742Z,2026-07-01T04:14:08.471742Z,3,0.8696,"Kue berbahan dasar sagu, kelapa, gula, dan  kenari",bagea kenari manis,,not_matched,,,not_matched,,,not_matched,,,not_matched,,,not_matched,,,not_matched,
tkpi_0185,Bagea kw 1,bagea kw 1,TKPI,https://www.panganku.org/id-ID/view,Umbi Berpati,umbi berpati,7.2,416.0,6.5,9.4,76.3,0.4,0.6,49.0,77.0,4.9,445.22047999999995,353.15386,1.7899999999999994,3.238,13.0,223.92,312.0,,0.08,0.28179999999999983,2.6,0.0,,per 100g,2026-07-01T04:14:08.471742Z,2026-07-01T04:14:08.471742Z,8,0.6522,,bagea,,not_matched,,,not_matched,,,not_matched,,,not_matched,,,not_matched,,,not_matched,
tkpi_0186,Bagea kw 2,bagea kw 2,TKPI,https://www.panganku.org/id-ID/view,Umbi Berpati,umbi berpati,7.9,382.0,0.3,3.5,87.2,0.9,1.1,172.0,120.0,7.6,36.08896,235.65204000000003,0.35040000000000004,1.2040000000000004,0.0,0.0,0.0,,0.02,0.12599999999999997,1.1159999999999999,0.0,,per 100g,2026-07-01T04:14:08.471742Z,2026-07-01T04:14:08.471742Z,8,0.6522,,bagea,,not_matched,,,not_matched,,,not_matched,,,not_matched,,,not_matched,,,not_matched,
tkpi_0187,Beras Cerdas,beras cerdas,TKPI,https://www.panganku.org/id-ID/view,Umbi Berpati,umbi berpati,11.3,350.0,2.7,1.1,82.3,6.2,2.6,28.0,351.0,2.9,358.0,568.0,0.2,0.9,21.89318,0.0,0.0,,0.02,0.2,0.3,0.0,,per 100g,2026-07-01T04:14:08.471742Z,2026-07-01T04:14:08.471742Z,3,0.8696,Bahan dasar terdiri dari Tepung jagung dan tepung mocaf dengan perbandingan 40 : 60,beras cerdas,,not_matched,,,not_matched,,,not_matched,,,not_matched,,,not_matched,,,not_matched,
tkpi_0188,Beras ganyong,beras ganyong,TKPI,https://www.panganku.org/id-ID/view,Umbi Berpati,umbi berpati,9.3,364.0,3.4,0.7,86.3,4.7,0.5,4.0,47.0,5.0,4.0,72.2,0.2,0.6,0.22,1.0,0.0,,0.02,0.02,0.3,0.0,,per 100g,2026-07-01T04:14:08.471742Z,2026-07-01T04:14:08.471742Z,3,0.8696,Pangan tunggal terolah/ produk yang berbahan baku ganyong dan jagung,beras ganyong,,not_matched,,,not_matched,,,not_matched,,,not_matched,,,not_matched,,,not_matched,
tkpi_0189,Beras Siger,beras siger,TKPI,https://www.panganku.org/id-ID/view,Umbi Berpati,umbi berpati,13.5,344.0,1.1,0.2,28.3,5.6,0.7,32.0,22.0,5.6,106.0,77.9,0.1,0.5,0.48,0.0,0.0,,0.02,0.1,0.2,0.0,,per 100g,2026-07-01T04:14:08.471742Z,2026-07-01T04:14:08.471742Z,3,0.8696,Bahan dasar singkong,beras siger,,not_matched,,,not_matched,,,not_matched,,,not_matched,,,not_matched,,,not_matched,
tkpi_0190,Biji nangka/Biji salak,biji nangka/biji salak,TKPI,https://www.panganku.org/id-ID/view,Umbi Berpati,umbi berpati,40.5,262.0,2.3,5.4,51.1,8.0,0.7,60.0,80.0,0.8,10.0,2.0,0.6,2.0,0.0,1.667,31.614860000000004,,0.1,1.0,1.64,10.0,,per 100g,2026-07-01T04:14:08.471742Z,2026-07-01T04:14:08.471742Z,4,0.8261,"Nama lain : candil. Bahan dasar : ubi, tapioka, berkuah air gula jawa dan santan",biji nangka biji salak,,not_matched,,,not_matched,,,not_matched,,,not_matched,,,not_matched,,,not_matched,
tkpi_0191,Bubur sagu,bubur sagu,TKPI,https://www.panganku.org/id-ID/view,Umbi Berpati,umbi berpati,62.5,167.0,0.2,4.0,33.0,4.6759999999999975,0.3,3.0,3.0,0.1,7.0,0.0,0.1,0.1,0.0,0.0,0.0,,9.0,0.0484,0.1,0.0,,per 100g,2026-07-01T04:14:08.471742Z,2026-07-01T04:14:08.471742Z,4,0.8261,"Bubur dari sagu lempang, gula merah dan santan",bubur sagu,,not_matched,,,not_matched,,,not_matched,,,not_matched,,,not_matched,,,not_matched,
tkpi_0192,Cassavastick,cassavastick,TKPI,https://www.panganku.org/id-ID/view,Umbi Berpati,umbi berpati,5.6,460.0,0.8,18.7,17.2,1.6,2.7,144.0,58.0,7.5,149.63496,290.6945400000001,10.473200000000004,1.308,0.0,86.26914000000001,107.0,,0.19,0.07,0.1,0.0,,per 100g,2026-07-01T04:14:08.471742Z,2026-07-01T04:14:08.471742Z,7,0.6957,Singkong di potong panjang-panjang diberi garam. Diolah dengan cara digoreng,cassavastick,,not_matched,,,not_matched,,,not_matched,,,not_matched,,,not_matched,,,not_matched,
tkpi_0193,Ceriping getuk singkong,ceriping getuk singkong,TKPI,https://www.panganku.org/id-ID/view,Umbi Berpati,umbi berpati,7.2,462.0,1.2,20.7,67.7,0.6,3.2,1.248,172.0,8.8,167.1483,259.57244000000003,2.973659999999999,1.778,0.0,45.04,152.0,,0.29,0.02,0.5,0.0,,per 100g,2026-07-01T04:14:08.471742Z,2026-07-01T04:14:08.471742Z,7,0.6957,,ceriping getuk singkong,,not_matched,,,not_matched,,,not_matched,,,not_matched,,,not_matched,,,not_matched,
tkpi_0194,Gatot,gatot,TKPI,https://www.panganku.org/id-ID/view,Umbi Berpati,umbi berpati,12.8,347.0,1.3,0.7,83.8,5.8,1.4,78.0,44.0,17.1,28.0,242.0,0.2,0.7,0.74,0.0,0.0,,0.02,0.1,0.4,0.0,,per 100g,2026-07-01T04:14:08.471742Z,2026-07-01T04:14:08.471742Z,3,0.8696,"Bahan dasar gaplek (singkong dijemur), direndam air kapur sirih , dikukus, biasanya ditaburi parutan kelapa yang ditambah gula pasir dan serutan gula merah.",gatot,,not_matched,,,not_matched,,,not_matched,,,not_matched,,,not_matched,,,not_matched,
tkpi_0195,Geblek,geblek,TKPI,https://www.panganku.org/id-ID/view,Umbi Berpati,umbi berpati,52.1,195.0,0.4,1.7,44.4,3.6,1.4,35.0,13.0,0.6,353.0,125.0,0.3,0.3,19.12,0.0,0.0,,0.02,0.0,0.1,0.0,,per 100g,2026-07-01T04:14:08.471742Z,2026-07-01T04:14:08.471742Z,3,0.8696,Makanan ringan berbentuk angka 8. Bahan dasar tepung tapioka /pati singkong,geblek,,not_matched,,,not_matched,,,not_matched,,,not_matched,,,not_matched,,,not_matched,
tkpi_0196,Getuk goreng,getuk goreng,TKPI,https://www.panganku.org/id-ID/view,Umbi Berpati,umbi berpati,16.5,360.0,1.3,6.4,74.3,0.8,1.5,59.0,81.0,3.2,49.142559999999996,139.40579999999997,0.25820000000000004,0.68,0.0,0.0,0.0,,0.21,0.03640000000000001,0.1,0.0,,per 100g,2026-07-01T04:14:08.471742Z,2026-07-01T04:14:08.471742Z,7,0.6957,Bahan dasar terdiri dari Singkong dan dibumbui gula kelapa,getuk,,not_matched,,,not_matched,,,not_matched,,,not_matched,,,not_matched,,,not_matched,
tkpi_0197,Getuk singkong,getuk singkong,TKPI,https://www.panganku.org/id-ID/view,Umbi Berpati,umbi berpati,49.8,204.0,0.5,1.4,47.4,0.8,1.1,97.0,52.0,1.5,81.08592,141.60748,0.1592,0.5539999999999999,0.0,152.2,208.0,,0.08,0.04760000000000002,0.1,0.0,,per 100g,2026-07-01T04:14:08.471742Z,2026-07-01T04:14:08.471742Z,8,0.6522,Singkong rebus yang ditumbuk dicampur kelapa dan gula merah,getuk singkong,,not_matched,,,not_matched,,,not_matched,,,not_matched,,,not_matched,,,not_matched,
tkpi_0198,Gurandil,gurandil,TKPI,https://www.panganku.org/id-ID/view,Umbi Berpati,umbi berpati,47.5,218.0,0.5,2.5,48.5,3.1,1.0,50.0,25.0,2.8,76.2,137.84081999999998,0.20059999999999992,0.49399999999999994,0.0,1.19916,0.0,,0.19,0.03820000000000002,0.2699999999999999,0.0,,per 100g,2026-07-01T04:14:08.471742Z,2026-07-01T04:14:08.471742Z,10,0.5652,"Bahan dasar terdiri dari  tepung tapioka dan parutan kelapa. Berbentuk lonjong kecil atau bulat kecil warna-warni, ditaburi gula pasir. Diolah dengan cara direbus",gurandil,,not_matched,,,not_matched,,,not_matched,,,not_matched,,,not_matched,,,not_matched,
tkpi_0199,Kabuto,kabuto,TKPI,https://www.panganku.org/id-ID/view,Umbi Berpati,umbi berpati,58.9,250.0,2.6,2.5,35.4,1.8,0.6,35.0,49.0,1.1,2.0,218.0,0.1414,0.45599999999999985,0.0,0.0,0.0,,0.1,0.1,0.6,0.02,,per 100g,2026-07-01T04:14:08.471742Z,2026-07-01T04:14:08.471742Z,6,0.7391,"Singkong dijemur (ujan-panas), sampai berwarna hitam (gatot) lalu dikukus dan setelah itu ditaburi dengan kelapa parut",kabuto,,not_matched,,,not_matched,,,not_matched,,,not_matched,,,not_matched,,,not_matched,
tkpi_0200,Kapurung,kapurung,TKPI,https://www.panganku.org/id-ID/view,Umbi Berpati,umbi berpati,79.6,41.0,2.0,0.3,7.8,2.0,0.6,34.0,12.0,0.3,185.0,566.0,0.1,0.3,0.0,213.0,286.35686000000004,,0.12,0.25,2.7,15.0,,per 100g,2026-07-01T04:14:08.471742Z,2026-07-01T04:14:08.471742Z,3,0.8696,"Bahan dasar terdiri dari Tepung sagu seperti papeda. Campuran ikan atau daging ayam atau udang dan aneka sayuran (bayam, kacang panjang, daun kacang, jantung)",kapurung,,not_matched,,,not_matched,,,not_matched,,,not_matched,,,not_matched,,,not_matched,
tkpi_0201,Kecimpring singkong goreng,kecimpring singkong goreng,TKPI,https://www.panganku.org/id-ID/view,Umbi Berpati,umbi berpati,3.7,464.0,1.2,18.6,73.0,1.3,3.5,82.0,52.0,3.4,619.74,420.89349999999996,10.617600000000008,1.4500000000000002,127.69364,37.56686,3.32,,0.34,0.2977999999999999,1.4780000000000009,0.0,,per 100g,2026-07-01T04:14:08.471742Z,2026-07-01T04:14:08.471742Z,10,0.5652,"Seperti kerupuk singkong. Singkong diparut dicampur dengan bumbu, dipipihkan, dikukus, dijemur dan digoreng",kecimpring singkong,,not_matched,,,not_matched,,,not_matched,,,not_matched,,,not_matched,,,not_matched,
tkpi_0202,Keremes,keremes,TKPI,https://www.panganku.org/id-ID/view,Umbi Berpati,umbi berpati,6.7,475.0,1.6,25.2,64.4,2.1,2.1,153.0,88.0,1.0,93.35495999999999,187.27054000000004,0.3578,0.966,0.0,0.29156,1.0,,0.0,0.07140000000000002,0.6619999999999999,0.0,,per 100g,2026-07-01T04:14:08.471742Z,2026-07-01T04:14:08.471742Z,9,0.6087,,keremes,,not_matched,,,not_matched,,,not_matched,,,not_matched,,,not_matched,,,not_matched,
tkpi_0203,Keripik gadung,keripik gadung,TKPI,https://www.panganku.org/id-ID/view,Umbi Berpati,umbi berpati,4.0,446.0,2.8,14.5,76.0,1.7,2.8,147.0,52.0,1.9,80.35312,284.84206,0.7126,1.5480000000000005,0.0,0.0,0.0,,0.95,0.1278,0.9000000000000001,0.0,,per 100g,2026-07-01T04:14:08.471742Z,2026-07-01T04:14:08.471742Z,8,0.6522,,keripik gadung,,not_matched,,,not_matched,,,not_matched,,,not_matched,,,not_matched,,,not_matched,
tkpi_0204,Keripik kentang,keripik kentang,TKPI,https://www.panganku.org/id-ID/view,Umbi Berpati,umbi berpati,7.8,448.0,2.7,18.8,67.1,3.8,3.6,25.0,130.0,1.2,712.0,406.0,1.1,1.54,38.387820000000005,15.0,35.82244,,0.1,0.05,2.8,0.0,,per 100g,2026-07-01T04:14:08.471742Z,2026-07-01T04:14:08.471742Z,5,0.7826,,keripik kentang,,not_matched,,,not_matched,,,not_matched,,,not_matched,,,not_matched,,,not_matched,
tkpi_0205,Keripik singkong,keripik singkong,TKPI,https://www.panganku.org/id-ID/view,Umbi Berpati,umbi berpati,4.2,478.0,0.9,20.7,72.0,2.0,2.2,189.0,101.0,1.9,53.25368,184.12094000000002,0.4011999999999999,1.002,0.0,0.0,0.0,,0.24,0.04880000000000002,0.5540000000000002,0.0,,per 100g,2026-07-01T04:14:08.471742Z,2026-07-01T04:14:08.471742Z,8,0.6522,,keripik singkong,,not_matched,,,not_matched,,,not_matched,,,not_matched,,,not_matched,,,not_matched,
tkpi_0206,Keripik singkong berbumbu,keripik singkong berbumbu,TKPI,https://www.panganku.org/id-ID/view,Umbi Berpati,umbi berpati,2.2,481.0,2.2,19.7,73.6,1.6,2.3,156.0,103.0,1.6,125.32,255.32518000000007,0.6258000000000001,1.5319999999999996,0.0,53.02,80.0,,0.31,0.16479999999999997,1.072,0.0,,per 100g,2026-07-01T04:14:08.471742Z,2026-07-01T04:14:08.471742Z,9,0.6087,,keripik singkong berbumbu,,not_matched,,,not_matched,,,not_matched,,,not_matched,,,not_matched,,,not_matched,
tkpi_0207,Keripik ubi,keripik ubi,TKPI,https://www.panganku.org/id-ID/view,Umbi Berpati,umbi berpati,6.0,486.0,0.2,23.9,67.6,14.3,2.3,68.0,92.0,0.9,52.0,2.0,0.7,2.3,0.0,920.0,413.9588800000001,,0.1,0.1,0.5,0.0,,per 100g,2026-07-01T04:14:08.471742Z,2026-07-01T04:14:08.471742Z,3,0.8696,,keripik ubi,,not_matched,,,not_matched,,,not_matched,,,not_matched,,,not_matched,,,not_matched,
tkpi_0208,Kerupuk cumi goreng,kerupuk cumi goreng,TKPI,https://www.panganku.org/id-ID/view,Umbi Berpati,umbi berpati,3.4,444.0,6.9,14.6,71.3,5.0,3.8,47.0,375.0,1.8,837.0,191.0,0.1,0.3,493.98,349.30054,572.3,,0.4,0.1,1.8,0.0,,per 100g,2026-07-01T04:14:08.471742Z,2026-07-01T04:14:08.471742Z,5,0.7826,,kerupuk cumi,,not_matched,,,not_matched,,,not_matched,,,not_matched,,,not_matched,,,not_matched,
tkpi_0209,Kerupuk kemplang  (ikan) mentah,kerupuk kemplang (ikan) mentah,TKPI,https://www.panganku.org/id-ID/view,Umbi Berpati,umbi berpati,14.2,325.0,1.8,0.4,78.5,4.5,5.1,59.0,268.0,2.3,1.123,273.0,0.2,0.5,32.0,0.0,16.23384,,0.6,0.1,2.3,0.0,,per 100g,2026-07-01T04:14:08.471742Z,2026-07-01T04:14:08.471742Z,3,0.8696,"Bahan dasar terdiri dari Tepung sagu dan ikan, di olah dengan cara dibakar",kerupuk kemplang ikan,,not_matched,,,not_matched,,,not_matched,,,not_matched,,,not_matched,,,not_matched,
tkpi_0210,Kerupuk kemplang goreng,kerupuk kemplang goreng,TKPI,https://www.panganku.org/id-ID/view,Umbi Berpati,umbi berpati,5.8,504.0,5.6,28.1,57.1,0.3,3.4,50.0,94.0,2.9,104.61367999999999,264.8786600000001,0.6106000000000001,1.704,6.0,135.3391,280.0,,0.31,0.18199999999999988,1.7079999999999995,0.0,,per 100g,2026-07-01T04:14:08.471742Z,2026-07-01T04:14:08.471742Z,9,0.6087,,kerupuk kemplang,,not_matched,,,not_matched,,,not_matched,,,not_matched,,,not_matched,,,not_matched,
tkpi_0211,Kerupuk kemplang panggang,kerupuk kemplang panggang,TKPI,https://www.panganku.org/id-ID/view,Umbi Berpati,umbi berpati,9.4,356.0,9.7,1.1,76.9,1.0,3.0,62.0,129.0,2.9,39.0619,246.73638,0.8477999999999999,2.442,7.0,182.66,280.0,,0.36,0.17300000000000001,2.4099999999999993,0.0,,per 100g,2026-07-01T04:14:08.471742Z,2026-07-01T04:14:08.471742Z,9,0.6087,,kerupuk kemplang,,not_matched,,,not_matched,,,not_matched,,,not_matched,,,not_matched,,,not_matched,
tkpi_0212,Kerupuk mie kuning goreng,kerupuk mie kuning goreng,TKPI,https://www.panganku.org/id-ID/view,Umbi Berpati,umbi berpati,7.2,476.0,0.1,21.1,71.3,4.2,0.3,57.0,36.0,4.6,75.17432,109.0,0.1,0.2,0.0,270.46,333.0,,0.22,0.0,0.9,0.0,,per 100g,2026-07-01T04:14:08.471742Z,2026-07-01T04:14:08.471742Z,4,0.8261,,kerupuk mie kuning,,not_matched,,,not_matched,,,not_matched,,,not_matched,,,not_matched,,,not_matched,
tkpi_0213,Kerupuk udang goreng,kerupuk udang goreng,TKPI,https://www.panganku.org/id-ID/view,Umbi Berpati,umbi berpati,4.4,477.0,4.7,20.5,68.5,5.0,1.9,24.0,188.0,0.9,449.0,109.0,0.1,0.2,66.14412,0.0,15.505679999999998,,0.2,0.0,0.9,0.0,,per 100g,2026-07-01T04:14:08.471742Z,2026-07-01T04:14:08.471742Z,4,0.8261,,kerupuk udang,,not_matched,,,not_matched,,,not_matched,,,not_matched,,,not_matched,,,not_matched,
tkpi_0214,Kue bangket,kue bangket,TKPI,https://www.panganku.org/id-ID/view,Umbi Berpati,umbi berpati,16.1,338.0,1.5,1.2,80.3,2.560000000000001,0.9,34.0,35.0,0.3,67.0,0.0,0.2,0.2,0.0,0.0,0.0,,0.3,0.0,0.0,0.04,,per 100g,2026-07-01T04:14:08.471742Z,2026-07-01T04:14:08.471742Z,4,0.8261,"Kue kering berBahan dasar terdiri dari Tepung sagu, santan, gula merah, gula pasir, wijen, dan telur. Diolah dengan cara dipanggang",kue bangket,,not_matched,,,not_matched,,,not_matched,,,not_matched,,,not_matched,,,not_matched,
tkpi_0215,Kue putu singkong,kue putu singkong,TKPI,https://www.panganku.org/id-ID/view,Umbi Berpati,umbi berpati,44.2,217.0,1.2,0.5,53.2,2.4,0.9,48.0,68.0,1.5,3.0,305.0,0.21420000000000003,0.718,0.0,0.0,0.0,,0.1,0.1,0.8,0.62,,per 100g,2026-07-01T04:14:08.471742Z,2026-07-01T04:14:08.471742Z,6,0.7391,"Kue basah berbahan dasar telur, singkong, terigu, gula merah, kelapa parut. Diolah dengan cara dikukus",kue putu singkong,,not_matched,,,not_matched,,,not_matched,,,not_matched,,,not_matched,,,not_matched,
tkpi_0216,Lanting getuk,lanting getuk,TKPI,https://www.panganku.org/id-ID/view,Umbi Berpati,umbi berpati,4.2,422.0,0.9,10.8,80.4,1.4,3.8,206.0,104.0,3.6,115.95368,424.02370000000025,10.521600000000005,1.5520000000000005,0.0,13.95904,0.0,,0.43,0.2717999999999999,1.376,0.0,,per 100g,2026-07-01T04:14:08.471742Z,2026-07-01T04:14:08.471742Z,9,0.6087,"Kue kering berbahan dasar singkong yang dikukus lalu dihaluskan dengan bumbu, dijemur dan digoreng. Biasanya berbentuk angka 8",lanting getuk,,not_matched,,,not_matched,,,not_matched,,,not_matched,,,not_matched,,,not_matched,
tkpi_0217,Mi golosor,mi golosor,TKPI,https://www.panganku.org/id-ID/view,Umbi Berpati,umbi berpati,82.9,71.0,0.2,0.8,15.9,0.1,0.2,117.0,5.0,0.2,21.54,225.39600000000002,24.111999999999988,0.3039999999999998,0.0,40.94,112.0,,0.05,0.02,0.0,0.0,,per 100g,2026-07-01T04:14:08.471742Z,2026-07-01T04:14:08.471742Z,7,0.6957,"Mie sagu, dibuat seperti mie goreng dengan sambal kacang",golosor,,not_matched,,,not_matched,,,not_matched,,,not_matched,,,not_matched,,,not_matched,
tkpi_0218,Mie Bendo,mie bendo,TKPI,https://www.panganku.org/id-ID/view,Umbi Berpati,umbi berpati,11.5,353.0,0.3,0.0,88.0,2.4,0.2,28.0,14.0,2.8,9.0,49.2,0.5,0.1,0.08,2.0,0.0,,0.02,0.0,0.1,0.0,,per 100g,2026-07-01T04:14:08.471742Z,2026-07-01T04:14:08.471742Z,3,0.8696,Mie berbahan dasar singkong dan gaplek,mie bendo,,not_matched,,,not_matched,,,not_matched,,,not_matched,,,not_matched,,,not_matched,
tkpi_0219,Mie Sagu,mie sagu,TKPI,https://www.panganku.org/id-ID/view,Umbi Berpati,umbi berpati,52.8,190.0,0.2,0.4,46.5,1.4,0.1,8.0,7.0,0.3,10.0,2.6,0.1,0.0,2.48,2.0,0.0,,0.0,0.4,0.0,0.0,,per 100g,2026-07-01T04:14:08.471742Z,2026-07-01T04:14:08.471742Z,3,0.8696,Mie berbahan dasar sagu,mie sagu,,not_matched,,,not_matched,,,not_matched,,,not_matched,,,not_matched,,,not_matched,
tkpi_0220,Ongol-ongol sagu,ongol-ongol sagu,TKPI,https://www.panganku.org/id-ID/view,Umbi Berpati,umbi berpati,75.3,111.0,0.3,2.7,21.2,0.3,0.5,79.0,15.0,1.7,85.40153999999998,276.284,4.908600000000002,0.5599999999999999,0.0,2.25956,0.0,,0.06,0.04000000000000001,0.2899999999999999,0.0,,per 100g,2026-07-01T04:14:08.471742Z,2026-07-01T04:14:08.471742Z,9,0.6087,Kue basah  berbahan dasar sagu direbus dengan gula merah dan ditaburi kelapa parut kukus,ongol ongol sagu,,not_matched,,,not_matched,,,not_matched,,,not_matched,,,not_matched,,,not_matched,
tkpi_0221,Oyek,oyek,TKPI,https://www.panganku.org/id-ID/view,Umbi Berpati,umbi berpati,12.6,351.0,0.9,0.9,84.9,4.3,0.7,60.0,36.0,2.1,5.0,229.0,0.1,0.5,0.12,0.0,0.0,,0.02,0.02,0.5,0.0,,per 100g,2026-07-01T04:14:08.471742Z,2026-07-01T04:14:08.471742Z,3,0.8696,Seperti beras yang berasal dari gaplek (singkong yang dijemur),oyek,,not_matched,,,not_matched,,,not_matched,,,not_matched,,,not_matched,,,not_matched,
tkpi_0222,Papeda,papeda,TKPI,https://www.panganku.org/id-ID/view,Umbi Berpati,umbi berpati,84.8,61.0,0.2,0.1,14.9,0.5,0.1,3.0,1.0,0.2,4.0,20.0,0.1,0.1,0.0,0.0,0.0,,0.06,0.0,0.0,0.0,,per 100g,2026-07-01T04:14:08.471742Z,2026-07-01T04:14:08.471742Z,2,0.913,"Tepung sagu, dibubur",papeda,,not_matched,,,not_matched,,,not_matched,,,not_matched,,,not_matched,,,not_matched,
tkpi_0223,Rasbi (Beras Ubi),rasbi (beras ubi),TKPI,https://www.panganku.org/id-ID/view,Umbi Berpati,umbi berpati,11.1,394.0,2.2,8.8,76.6,6.8,1.3,68.0,76.0,1.6,165.0,388.0,0.4,0.4,2.98,0.0,0.0,,0.02,0.3,1.2,0.0,,per 100g,2026-07-01T04:14:08.471742Z,2026-07-01T04:14:08.471742Z,3,0.8696,Bahan dasar ubi jalar,rasbi beras ubi,,not_matched,,,not_matched,,,not_matched,,,not_matched,,,not_matched,,,not_matched,
tkpi_0224,Rasi (Beras Singkong),rasi (beras singkong),TKPI,https://www.panganku.org/id-ID/view,Umbi Berpati,umbi berpati,12.6,350.0,0.9,0.4,85.7,14.4,0.5,42.0,21.0,1.5,8.0,14.0,0.3,0.5,0.1,0.0,0.0,,0.02,0.02,0.4,0.0,,per 100g,2026-07-01T04:14:08.471742Z,2026-07-01T04:14:08.471742Z,3,0.8696,Bahan dasar singkong/ubi kayu,rasi beras singkong,,not_matched,,,not_matched,,,not_matched,,,not_matched,,,not_matched,,,not_matched,
tkpi_0225,Sagu forno,sagu forno,TKPI,https://www.panganku.org/id-ID/view,Umbi Berpati,umbi berpati,31.5,291.0,0.5,4.0,63.4,2.4859999999999998,0.6,10.0,20.0,0.8,40.0,50.0,0.1,0.2,0.0,0.0,0.0,,0.07199999999999998,0.03280000000000002,0.16,0.0,,per 100g,2026-07-01T04:14:08.471742Z,2026-07-01T04:14:08.471742Z,6,0.7391,"Kue kering. Nama lain sagu forna (nama balok cetakan) atau sagu lempeng (bentuk lempengan). Tepung sagu dihaluskan, dimasukkan ke dalam cetakan, dibakar, bagian tengah dilubangi diberi gula merah",sagu forno,,not_matched,,,not_matched,,,not_matched,,,not_matched,,,not_matched,,,not_matched,
tkpi_0226,Sagu Lemak (Kue Sagon),sagu lemak (kue sagon),TKPI,https://www.panganku.org/id-ID/view,Umbi Berpati,umbi berpati,4.3,452.0,2.8,14.8,76.8,1.1,0.7,15.0,39.0,1.1,182.0,52.7,0.04,0.8,39.34,1.22,0.0,,0.32,0.04,0.1,0.0,,per 100g,2026-07-01T04:14:08.471742Z,2026-07-01T04:14:08.471742Z,3,0.8696,"Bahan dasar terdiri dari Sagu, Kelapa, Telur",sagu lemak kue sagon,,not_matched,,,not_matched,,,not_matched,,,not_matched,,,not_matched,,,not_matched,
tkpi_0227,Sagu manis,sagu manis,TKPI,https://www.panganku.org/id-ID/view,Umbi Berpati,umbi berpati,32.6,287.0,0.5,3.9,62.4,2.12,0.6,8.0,17.0,0.7,34.0,42.0,0.1,0.2,0.0,0.0,0.0,,0.06799999999999998,0.034400000000000014,0.17600000000000002,0.0,,per 100g,2026-07-01T04:14:08.471742Z,2026-07-01T04:14:08.471742Z,6,0.7391,Sagu dipanggang + kelapa parut + gula (seperti kue bandros),sagu manis,,not_matched,,,not_matched,,,not_matched,,,not_matched,,,not_matched,,,not_matched,
tkpi_0228,Sagu Rendang,sagu rendang,TKPI,https://www.panganku.org/id-ID/view,Umbi Berpati,umbi berpati,8.2,364.0,0.1,0.2,90.5,1.9,1.0,13.0,9.0,3.9,42.0,15.1,0.1,0.1,0.62,0.0,0.0,,0.02,0.6,0.8,0.0,,per 100g,2026-07-01T04:14:08.471742Z,2026-07-01T04:14:08.471742Z,3,0.8696,Suatu produk sagu,sagu rendang,,not_matched,,,not_matched,,,not_matched,,,not_matched,,,not_matched,,,not_matched,
tkpi_0229,Sagu sinole,sagu sinole,TKPI,https://www.panganku.org/id-ID/view,Umbi Berpati,umbi berpati,22.0,354.0,0.8,8.3,68.9,2.4640000000000004,0.1,10.0,30.0,0.8,30.0,11.0,0.2,0.3,0.0,0.0,0.0,,0.06919999999999998,0.04780000000000002,0.25399999999999995,0.0,,per 100g,2026-07-01T04:14:08.471742Z,2026-07-01T04:14:08.471742Z,6,0.7391,"Nama lain karu-karu. Seperti dadar gulung. Sagu yang dicampur parutan kelapa, pala bubuk, kenari, dan gula aren",sagu sinole,,not_matched,,,not_matched,,,not_matched,,,not_matched,,,not_matched,,,not_matched,
tkpi_0230,Serimping talas kebumen,serimping talas kebumen,TKPI,https://www.panganku.org/id-ID/view,Umbi Berpati,umbi berpati,4.8,478.0,2.5,21.2,69.2,1.7,2.3,112.0,118.0,2.3,55.633680000000005,287.46022000000005,0.6120000000000001,1.59,0.0,0.21904000000000004,0.0,,0.25,0.11499999999999998,1.018,0.0,,per 100g,2026-07-01T04:14:08.471742Z,2026-07-01T04:14:08.471742Z,9,0.6087,,serimping talas kebumen,,not_matched,,,not_matched,,,not_matched,,,not_matched,,,not_matched,,,not_matched,
tkpi_0231,Tapai singkong,tapai singkong,TKPI,https://www.panganku.org/id-ID/view,Umbi Berpati,umbi berpati,57.4,169.0,1.4,0.3,40.2,2.0,0.7,21.0,34.0,0.8,18.88,352.37200000000007,0.22939999999999997,0.444,0.0,0.0,0.0,,0.0,0.05999999999999999,0.7219999999999999,9.0,,per 100g,2026-07-01T04:14:08.471742Z,2026-07-01T04:14:08.471742Z,8,0.6522,Fermentasi singkong,tapai singkong,,not_matched,,,not_matched,,,not_matched,,,not_matched,,,not_matched,,,not_matched,
tkpi_0232,Tepung Arrowroot,tepung arrowroot,TKPI,https://www.panganku.org/id-ID/view,Umbi Berpati,umbi berpati,13.6,355.0,0.7,0.2,85.2,0.4,0.3,8.0,22.0,1.5,2.0,10.7,0.0,0.1,0.2,20.0,3.0,,0.09,0.0,0.0,0.0,,per 100g,2026-07-01T04:14:08.471742Z,2026-07-01T04:14:08.471742Z,3,0.8696,Tepung dari arrowroot (umbi),tepung arrowroot,25.0,USDA_direct_high,0.7464,,USDA_direct_high,0.7464,0.039,USDA_direct_high,0.7464,0.0,USDA_direct_high,0.7464,0.266,USDA_direct_high,0.7464,0.0,USDA_direct_high,0.7464
tkpi_0233,Tepung Ganyong,tepung ganyong,TKPI,https://www.panganku.org/id-ID/view,Umbi Berpati,umbi berpati,13.6,353.0,0.8,1.7,83.6,0.7,0.3,4.0,31.0,3.3,3.0,63.5,0.1,0.3,0.08,0.0,0.0,,0.02,0.0,0.9,1.0,,per 100g,2026-07-01T04:14:08.471742Z,2026-07-01T04:14:08.471742Z,3,0.8696,Bahan dasar ganyong,tepung ganyong,,not_matched,,,not_matched,,,not_matched,,,not_matched,,,not_matched,,,not_matched,
tkpi_0234,Tepung Gaplek,tepung gaplek,TKPI,https://www.panganku.org/id-ID/view,Umbi Berpati,umbi berpati,13.0,345.0,2.4,0.4,83.1,6.7,1.1,18.0,95.0,1.5,6.0,55.0,0.4,1.2,0.02,1.0,0.0,,0.3,0.2,0.1,0.0,,per 100g,2026-07-01T04:14:08.471742Z,2026-07-01T04:14:08.471742Z,3,0.8696,Bahan dasar dari gaplek (singkong dijemur),tepung gaplek,,not_matched,,,not_matched,,,not_matched,,,not_matched,,,not_matched,,,not_matched,
tkpi_0235,"Tepung kentang, kering","tepung kentang, kering",TKPI,https://www.panganku.org/id-ID/view,Umbi Berpati,umbi berpati,13.0,347.0,0.3,0.1,85.6,0.4,1.0,20.0,30.0,0.5,51.0,156.3,0.2,0.5,0.12,0.0,0.0,,0.04,0.0,0.4,0.0,,per 100g,2026-07-01T04:14:08.471742Z,2026-07-01T04:14:08.471742Z,3,0.8696,,tepung kentang,,not_matched,,,not_matched,,,not_matched,,,not_matched,,,not_matched,,,not_matched,
tkpi_0236,Tepung Mocaf,tepung mocaf,TKPI,https://www.panganku.org/id-ID/view,Umbi Berpati,umbi berpati,11.9,350.0,1.2,0.6,85.0,6.0,1.3,60.0,64.0,15.8,8.0,403.0,0.1,0.6,0.71732,0.0,0.0,,0.02,0.02,0.7,2.0,,per 100g,2026-07-01T04:14:08.471742Z,2026-07-01T04:14:08.471742Z,3,0.8696,Bahan dasar dari singkong,tepung mocaf,,not_matched,,,not_matched,,,not_matched,,,not_matched,,,not_matched,,,not_matched,
tkpi_0237,Tepung Sente,tepung sente,TKPI,https://www.panganku.org/id-ID/view,Umbi Berpati,umbi berpati,15.3,326.0,4.0,0.4,76.7,8.5,3.6,41.0,141.0,3.5,14.0,1.602,0.4,1.4,2.76,0.0,0.0,,0.02,0.2,7.7,0.0,,per 100g,2026-07-01T04:14:08.471742Z,2026-07-01T04:14:08.471742Z,3,0.8696,Bahan dasar dari talas,tepung sente,,not_matched,,,not_matched,,,not_matched,,,not_matched,,,not_matched,,,not_matched,
tkpi_0238,Tepung singkong/ Tapioka,tepung singkong/ tapioka,TKPI,https://www.panganku.org/id-ID/view,Umbi Berpati,umbi berpati,9.1,363.0,1.1,0.5,88.2,0.9,1.1,84.0,125.0,1.0,1.0,7.1,0.0,0.1,0.54,0.0,15.70436,,0.04,0.0,0.4,0.0,,per 100g,2026-07-01T04:14:08.471742Z,2026-07-01T04:14:08.471742Z,4,0.8261,,tepung singkong tapioka,,not_matched,,,not_matched,,,not_matched,,,not_matched,,,not_matched,,,not_matched,
tkpi_0239,Tepung Tales Beneng,tepung tales beneng,TKPI,https://www.panganku.org/id-ID/view,Umbi Berpati,umbi berpati,12.2,332.0,5.7,0.6,76.1,12.2,5.5,59.0,302.0,10.7,7.0,1.404,0.8,6.2,11.88,0.0,0.0,,0.02,0.1,0.3,0.0,,per 100g,2026-07-01T04:14:08.471742Z,2026-07-01T04:14:08.471742Z,3,0.8696,Bahan dasar dari gaplek (singkong dijemur)/ talas beneng,tepung tales beneng,,not_matched,,,not_matched,,,not_matched,,,not_matched,,,not_matched,,,not_matched,
tkpi_0240,Tepung Ubi Ungu,tepung ubi ungu,TKPI,https://www.panganku.org/id-ID/view,Umbi Berpati,umbi berpati,9.4,354.0,2.8,0.6,84.4,12.9,2.8,89.0,125.0,3.9,42.0,940.0,0.8,0.6,1.34,0.0,0.0,,0.4,0.02,0.0,0.0,,per 100g,2026-07-01T04:14:08.471742Z,2026-07-01T04:14:08.471742Z,3,0.8696,Bahan dasar ubi jalar ungu,tepung ubi ungu,,not_matched,,,not_matched,,,not_matched,,,not_matched,,,not_matched,,,not_matched,
tkpi_0241,Tiwul,tiwul,TKPI,https://www.panganku.org/id-ID/view,Umbi Berpati,umbi berpati,11.2,353.0,2.4,1.1,83.4,6.5,1.6,55.0,95.0,4.7,5.0,670.0,0.2,0.8,0.08,0.0,0.0,,0.02,0.02,0.1,3.0,,per 100g,2026-07-01T04:14:08.471742Z,2026-07-01T04:14:08.471742Z,3,0.8696,Berbahan dasar dari gaplek (singkong dijemur) ditambah tepung kacang hijau dan gula merah,tiwul,,not_matched,,,not_matched,,,not_matched,,,not_matched,,,not_matched,,,not_matched,
tkpi_0242,Tiwul Instan,tiwul instan,TKPI,https://www.panganku.org/id-ID/view,Umbi Berpati,umbi berpati,9.1,395.0,3.2,8.5,76.5,4.2,2.7,81.0,81.0,5.8,377.0,469.0,2.1,1.2,56.75184,0.0,0.0,,0.4,0.2,0.2,4.0,,per 100g,2026-07-01T04:14:08.471742Z,2026-07-01T04:14:08.471742Z,3,0.8696,,tiwul instan,,not_matched,,,not_matched,,,not_matched,,,not_matched,,,not_matched,,,not_matched,
tkpi_0243,Ubi Cilembu,ubi cilembu,TKPI,https://www.panganku.org/id-ID/view,Umbi Berpati,umbi berpati,52.7,186.0,1.9,0.2,44.3,3.4,0.9,37.0,51.0,0.6,1.0,61.9,0.1,0.2,0.0,26.0,0.0,,0.02,0.2,0.0,0.0,,per 100g,2026-07-01T04:14:08.471742Z,2026-07-01T04:14:08.471742Z,3,0.8696,,ubi cilembu,,not_matched,,,not_matched,,,not_matched,,,not_matched,,,not_matched,,,not_matched,
tkpi_0244,Uli batatas,uli batatas,TKPI,https://www.panganku.org/id-ID/view,Umbi Berpati,umbi berpati,66.5,150.0,1.1,4.0,27.4,4.27,1.0,19.22,23.0,0.1,6.0,112.0,0.1,0.2,0.0,0.0,0.0,,0.53,0.0,1.3,0.0,,per 100g,2026-07-01T04:14:08.471742Z,2026-07-01T04:14:08.471742Z,4,0.8261,,uli batatas,,not_matched,,,not_matched,,,not_matched,,,not_matched,,,not_matched,,,not_matched,
tkpi_0245,"Kacang arab, kering (Chick pea, raw)","kacang arab, kering (chick pea, raw)",TKPI,https://www.panganku.org/id-ID/view,Kacang-Kacangan,kacang-kacangan,11.6,330.0,23.8,1.4,60.2,17.4,3.0,57.0,388.0,4.7,24.0,874.3,0.85,3.4,0.68258,40.0,140.0,,0.77,0.21,1.5,2.0,,per 100g,2026-07-01T04:14:08.471742Z,2026-07-01T04:14:08.471742Z,3,0.8696,,kacang arab chick pea,,not_matched,,,not_matched,,,not_matched,,,not_matched,,,not_matched,,,not_matched,
tkpi_0246,"Kacang babi, kering (Broad bean, raw)","kacang babi, kering (broad bean, raw)",TKPI,https://www.panganku.org/id-ID/view,Kacang-Kacangan,kacang-kacangan,11.6,341.0,30.4,3.2,51.3,4.5,3.5,178.0,521.0,6.8,13.0,1.768,0.82,3.1,0.3036,39.84554,87.0,,0.23,0.33,2.8,3.5,,per 100g,2026-07-01T04:14:08.471742Z,2026-07-01T04:14:08.471742Z,5,0.7826,,kacang babi broad bean,,not_matched,,,not_matched,,,not_matched,,,not_matched,,,not_matched,,,not_matched,
tkpi_0247,"Kacang belimbing (kecipir), kering (Winged bean, seed, raw)","kacang belimbing (kecipir), kering (winged bean, seed, raw)",TKPI,https://www.panganku.org/id-ID/view,Kacang-Kacangan,kacang-kacangan,10.4,400.0,34.4,16.9,34.1,10.7,4.2,468.0,182.0,6.8,37.0,955.0,2.82,2.0,28.130499999999998,205.95708,381.44784,,0.3,0.44,3.0,32.84,,per 100g,2026-07-01T04:14:08.471742Z,2026-07-01T04:14:08.471742Z,6,0.7391,,kacang belimbing kecipir winged bean seed,179.0,USDA_direct_medium,0.4184,,USDA_direct_medium,0.4184,2.303,USDA_direct_medium,0.4184,0.0,USDA_direct_medium,0.4184,0.175,USDA_direct_medium,0.4184,0.0,USDA_direct_medium,0.4184
tkpi_0248,"Kacang beracun, segar","kacang beracun, segar",TKPI,https://www.panganku.org/id-ID/view,Kacang-Kacangan,kacang-kacangan,72.1,118.0,4.4,1.5,21.6,4.7059999999999995,0.4,50.0,50.0,1.7,10.0,40.0,0.3,1.0,286.36,180.99990000000003,521.378,,0.43,0.10839999999999998,1.8159999999999998,13.52,,per 100g,2026-07-01T04:14:08.471742Z,2026-07-01T04:14:08.471742Z,9,0.6087,,kacang beracun,,not_matched,,,not_matched,,,not_matched,,,not_matched,,,not_matched,,,not_matched,
tkpi_0249,"Kacang bogor, kering (Bambara groundnut, dried)","kacang bogor, kering (bambara groundnut, dried)",TKPI,https://www.panganku.org/id-ID/view,Kacang-Kacangan,kacang-kacangan,10.0,370.0,16.0,6.0,65.0,26.3,3.0,85.0,264.0,4.2,44.0,868.8,1.48,2.7,0.0,198.6591,229.1,,0.18,0.26,6.2,0.0,,per 100g,2026-07-01T04:14:08.471742Z,2026-07-01T04:14:08.471742Z,4,0.8261,,kacang bogor bambara groundnut,,not_matched,,,not_matched,,,not_matched,,,not_matched,,,not_matched,,,not_matched,
tkpi_0250,"Kacang bogor, segar (Bambara groundnut, fresh)","kacang bogor, segar (bambara groundnut, fresh)",TKPI,https://www.panganku.org/id-ID/view,Kacang-Kacangan,kacang-kacangan,60.8,165.0,7.7,3.1,27.4,2.5,1.0,96.0,126.0,5.3,6.0,537.0,0.41,1.2,0.06,29.0,41.257279999999994,,0.32,0.35,2.7,0.82,,per 100g,2026-07-01T04:14:08.471742Z,2026-07-01T04:14:08.471742Z,5,0.7826,,kacang bogor bambara groundnut,,not_matched,,,not_matched,,,not_matched,,,not_matched,,,not_matched,,,not_matched,
tkpi_0251,"Kacang endel, biji, kering","kacang endel, biji, kering",TKPI,https://www.panganku.org/id-ID/view,Kacang-Kacangan,kacang-kacangan,14.0,331.0,25.0,1.0,58.0,23.6,2.0,80.0,400.0,5.0,12.0,1.322,0.68,2.7,0.0,148.70134,151.3256,,0.3,0.75,2.3,9.7,,per 100g,2026-07-01T04:14:08.471742Z,2026-07-01T04:14:08.471742Z,5,0.7826,,kacang endel biji,,not_matched,,,not_matched,,,not_matched,,,not_matched,,,not_matched,,,not_matched,
tkpi_0252,"Kacang ercis, segar (Pea)","kacang ercis, segar (pea)",TKPI,https://www.panganku.org/id-ID/view,Kacang-Kacangan,kacang-kacangan,67.6,129.0,12.4,0.7,18.3,28.6,1.0,40.0,130.0,2.3,4.0,310.0,0.3,2.1,535.24,212.0,531.26,,0.29,0.05,2.7,27.12,,per 100g,2026-07-01T04:14:08.471742Z,2026-07-01T04:14:08.471742Z,5,0.7826,,kacang ercis pea,,not_matched,,,not_matched,,,not_matched,,,not_matched,,,not_matched,,,not_matched,
tkpi_0253,"kacang galing, segar","kacang galing, segar",TKPI,https://www.panganku.org/id-ID/view,Kacang-Kacangan,kacang-kacangan,12.0,336.0,23.1,1.7,59.5,5.192,3.8,80.0,400.0,5.0,31.27784,285.44917999999996,1.2333999999999998,4.139999999999999,0.0,16.25134,24.13876,,0.6,0.16959999999999997,2.9559999999999995,0.0,,per 100g,2026-07-01T04:14:08.471742Z,2026-07-01T04:14:08.471742Z,11,0.5217,,kacang galing,,not_matched,,,not_matched,,,not_matched,,,not_matched,,,not_matched,,,not_matched,
tkpi_0254,"Kacang gude, biji, kering (Pigeon pea, fresh)","kacang gude, biji, kering (pigeon pea, fresh)",TKPI,https://www.panganku.org/id-ID/view,Kacang-Kacangan,kacang-kacangan,16.1,316.0,20.7,1.0,58.0,4.6,4.2,146.0,445.0,4.7,16.0,1.306,0.99,2.7,0.2,19.0,44.69155999999999,,0.3,0.19,2.4,3.34,,per 100g,2026-07-01T04:14:08.471742Z,2026-07-01T04:14:08.471742Z,5,0.7826,,kacang gude biji pigeon pea,88.4015444015444,USDA_category_mean,0.2592,4.053073170731707,USDA_category_mean,0.2592,1.2080034602076124,USDA_category_mean,0.2592,0.3204225352112676,USDA_category_mean,0.2592,0.2409211618257261,USDA_category_mean,0.2592,0.2477480916030534,USDA_category_mean,0.2592
tkpi_0255,"Kacang gude, biji, segar (Pigeon pea, raw)","kacang gude, biji, segar (pigeon pea, raw)",TKPI,https://www.panganku.org/id-ID/view,Kacang-Kacangan,kacang-kacangan,70.3,114.0,7.0,0.6,20.8,4.4,2.3,3.0,122.0,1.5,4.0,480.5,0.12,0.9,0.8165399999999999,45.90014,70.0,,0.37,0.07,0.8,43.0,,per 100g,2026-07-01T04:14:08.471742Z,2026-07-01T04:14:08.471742Z,4,0.8261,,kacang gude biji pigeon pea,88.4015444015444,USDA_category_mean,0.2592,4.053073170731707,USDA_category_mean,0.2592,1.2080034602076124,USDA_category_mean,0.2592,0.3204225352112676,USDA_category_mean,0.2592,0.2409211618257261,USDA_category_mean,0.2592,0.2477480916030534,USDA_category_mean,0.2592
tkpi_0256,"Kacang hijau var. bakti, kering (Mung bean, raw)","kacang hijau var. bakti, kering (mung bean, raw)",TKPI,https://www.panganku.org/id-ID/view,Kacang-Kacangan,kacang-kacangan,7.4,350.0,17.1,1.8,70.7,5.7,3.1,94.0,315.0,4.9,46.0,893.9,1.52,3.1,1.4064400000000001,171.0,235.0,,0.4,0.27,2.6,11.0,,per 100g,2026-07-01T04:14:08.471742Z,2026-07-01T04:14:08.471742Z,3,0.8696,,kacang hijau var bakti mung bean,88.4015444015444,USDA_category_mean,0.3784,4.053073170731707,USDA_category_mean,0.3784,1.2080034602076124,USDA_category_mean,0.3784,0.3204225352112676,USDA_category_mean,0.3784,0.2409211618257261,USDA_category_mean,0.3784,0.2477480916030534,USDA_category_mean,0.3784
tkpi_0257,"Kacang hijau var. siwalik, kering (Mung bean, raw)","kacang hijau var. siwalik, kering (mung bean, raw)",TKPI,https://www.panganku.org/id-ID/view,Kacang-Kacangan,kacang-kacangan,8.8,339.0,20.8,2.1,64.6,7.4,3.7,122.0,136.0,4.9,45.0,880.4,1.5,3.1,18.52644,168.0,321.0,,0.45,0.27,2.6,5.06,,per 100g,2026-07-01T04:14:08.471742Z,2026-07-01T04:14:08.471742Z,4,0.8261,,kacang hijau var siwalik mung bean,88.4015444015444,USDA_category_mean,0.3784,4.053073170731707,USDA_category_mean,0.3784,1.2080034602076124,USDA_category_mean,0.3784,0.3204225352112676,USDA_category_mean,0.3784,0.2409211618257261,USDA_category_mean,0.3784,0.2477480916030534,USDA_category_mean,0.3784
tkpi_0258,"Kacang hijau, kering (Mung bean, raw)","kacang hijau, kering (mung bean, raw)",TKPI,https://www.panganku.org/id-ID/view,Kacang-Kacangan,kacang-kacangan,15.5,323.0,22.9,1.5,56.8,7.5,3.3,223.0,319.0,7.5,42.0,815.7,1.9,2.9,2.48258,156.0,223.0,,0.46,0.15,1.5,10.0,,per 100g,2026-07-01T04:14:08.471742Z,2026-07-01T04:14:08.471742Z,3,0.8696,,kacang hijau mung bean,189.0,USDA_direct_medium,0.5199,6.6,USDA_direct_medium,0.5199,0.348,USDA_direct_medium,0.5199,0.0,USDA_direct_medium,0.5199,0.382,USDA_direct_medium,0.5199,0.0,USDA_direct_medium,0.5199
tkpi_0259,"Kacang hitam, kering (Black turtle bean, raw)","kacang hitam, kering (black turtle bean, raw)",TKPI,https://www.panganku.org/id-ID/view,Kacang-Kacangan,kacang-kacangan,12.5,346.0,16.6,1.7,66.1,22.8,3.1,70.0,300.0,4.7,3.0,0.0,0.9,3.5,529.24,28.0,542.95016,,0.16,0.1,2.1,2.1,,per 100g,2026-07-01T04:14:08.471742Z,2026-07-01T04:14:08.471742Z,5,0.7826,,kacang hitam black turtle bean,160.0,USDA_direct_medium,0.6206,2.12,USDA_direct_medium,0.6206,0.232,USDA_direct_medium,0.6206,0.0,USDA_direct_medium,0.6206,0.286,USDA_direct_medium,0.6206,0.0,USDA_direct_medium,0.6206
tkpi_0260,"Kacang kapri, segar (Pea)","kacang kapri, segar (pea)",TKPI,https://www.panganku.org/id-ID/view,Kacang-Kacangan,kacang-kacangan,74.3,98.0,6.7,0.4,17.7,6.2,0.9,22.0,122.0,1.9,6.0,296.6,0.21,1.5,265.88,209.67064,680.0,,0.34,0.16,2.5,26.0,,per 100g,2026-07-01T04:14:08.471742Z,2026-07-01T04:14:08.471742Z,4,0.8261,,kacang kapri pea,,not_matched,,,not_matched,,,not_matched,,,not_matched,,,not_matched,,,not_matched,
tkpi_0261,"Kacang kedelai, kering (Soya bean, dried)","kacang kedelai, kering (soya bean, dried)",TKPI,https://www.panganku.org/id-ID/view,Kacang-Kacangan,kacang-kacangan,12.7,381.0,40.4,16.7,24.9,3.2,5.5,222.0,682.0,10.0,210.0,713.4,1.58,3.9,64.08204,237.0,31.0,,0.52,0.12,1.2,2.24,,per 100g,2026-07-01T04:14:08.471742Z,2026-07-01T04:14:08.471742Z,4,0.8261,,kacang kedelai soya bean,,not_matched,,,not_matched,,,not_matched,,,not_matched,,,not_matched,,,not_matched,
tkpi_0262,"Kacang kedelai, segar (Soya bean, fresh)","kacang kedelai, segar (soya bean, fresh)",TKPI,https://www.panganku.org/id-ID/view,Kacang-Kacangan,kacang-kacangan,20.0,286.0,30.2,15.6,30.1,2.9,4.1,196.0,506.0,6.9,28.0,870.9,1.24,3.6,0.6070399999999999,46.57334,95.0,,0.93,0.26,1.8,0.62,,per 100g,2026-07-01T04:14:08.471742Z,2026-07-01T04:14:08.471742Z,5,0.7826,,kacang kedelai soya bean,,not_matched,,,not_matched,,,not_matched,,,not_matched,,,not_matched,,,not_matched,
tkpi_0263,"Kacang kincai, kering","kacang kincai, kering",TKPI,https://www.panganku.org/id-ID/view,Kacang-Kacangan,kacang-kacangan,4.2,444.0,19.9,16.0,55.0,5.121999999999999,4.9,26.0,321.87472,6.9079999999999995,44.30154,213.56910000000005,1.1114600000000001,3.619999999999999,4.8854,2.88928,11.83376,,0.1,0.1,1.9,0.8,,per 100g,2026-07-01T04:14:08.471742Z,2026-07-01T04:14:08.471742Z,13,0.4348,,kacang kincai,,not_matched,,,not_matched,,,not_matched,,,not_matched,,,not_matched,,,not_matched,
tkpi_0264,"Kacang komak, segar (Hyacinth bean, fresh)","kacang komak, segar (hyacinth bean, fresh)",TKPI,https://www.panganku.org/id-ID/view,Kacang-Kacangan,kacang-kacangan,20.9,327.0,16.4,4.3,55.8,0.5,2.6,74.0,282.0,4.0,22.0,1.137,0.9,2.1,5.09948,19.48914,79.17420000000001,,0.99,0.12,0.1,0.0,,per 100g,2026-07-01T04:14:08.471742Z,2026-07-01T04:14:08.471742Z,6,0.7391,,kacang komak hyacinth bean,283.0,USDA_direct_medium,0.487,,USDA_direct_medium,0.487,0.288,USDA_direct_medium,0.487,0.0,USDA_direct_medium,0.487,0.155,USDA_direct_medium,0.487,0.0,USDA_direct_medium,0.487
tkpi_0265,"Kacang kuning, kering (Soya bean)","kacang kuning, kering (soya bean)",TKPI,https://www.panganku.org/id-ID/view,Kacang-Kacangan,kacang-kacangan,11.7,355.0,17.0,2.5,66.0,15.1,2.8,140.0,220.0,5.8,1.0,0.0,0.7,3.2,420.22,58.0,560.0452,,0.47,0.08,1.9,2.6,,per 100g,2026-07-01T04:14:08.471742Z,2026-07-01T04:14:08.471742Z,5,0.7826,,kacang kuning soya bean,,not_matched,,,not_matched,,,not_matched,,,not_matched,,,not_matched,,,not_matched,
tkpi_0266,"Kacang lebui /iris, kering (Pigeon pea, raw)","kacang lebui /iris, kering (pigeon pea, raw)",TKPI,https://www.panganku.org/id-ID/view,Kacang-Kacangan,kacang-kacangan,11.8,346.0,16.5,1.5,66.6,37.3,3.6,144.0,368.0,3.4,17.0,1.225,1.5,3.3,615.5,64.0,577.70784,,0.62,0.2,0.0,11.0,,per 100g,2026-07-01T04:14:08.471742Z,2026-07-01T04:14:08.471742Z,5,0.7826,,kacang lebui iris pigeon pea,88.4015444015444,USDA_category_mean,0.2356,4.053073170731707,USDA_category_mean,0.2356,1.2080034602076124,USDA_category_mean,0.2356,0.3204225352112676,USDA_category_mean,0.2356,0.2409211618257261,USDA_category_mean,0.2356,0.2477480916030534,USDA_category_mean,0.2356
tkpi_0267,"Kacang mentega, kering (Peanut butter fruit, fresh)","kacang mentega, kering (peanut butter fruit, fresh)",TKPI,https://www.panganku.org/id-ID/view,Kacang-Kacangan,kacang-kacangan,13.7,344.0,16.7,2.1,64.6,13.0,2.9,110.0,300.0,6.7,1.0,10.0,0.7,2.5,545.54,0.0,564.8592,,0.21,0.07,1.2,10.96,,per 100g,2026-07-01T04:14:08.471742Z,2026-07-01T04:14:08.471742Z,5,0.7826,,kacang mentega peanut butter fruit,88.4015444015444,USDA_category_mean,0.3369,4.053073170731707,USDA_category_mean,0.3369,1.2080034602076124,USDA_category_mean,0.3369,0.3204225352112676,USDA_category_mean,0.3369,0.2409211618257261,USDA_category_mean,0.3369,0.2477480916030534,USDA_category_mean,0.3369
tkpi_0268,"Kacang merah /banda, kering (Kidney bean, dried)","kacang merah /banda, kering (kidney bean, dried)",TKPI,https://www.panganku.org/id-ID/view,Kacang-Kacangan,kacang-kacangan,13.0,350.0,13.9,3.0,66.9,26.3,3.2,84.0,242.0,6.8,19.0,1.127,0.0,42.0,474.94,137.0,490.22,,0.15,0.76,0.3,47.42,,per 100g,2026-07-01T04:14:08.471742Z,2026-07-01T04:14:08.471742Z,5,0.7826,,kacang merah banda kidney bean,88.4015444015444,USDA_category_mean,0.2559,4.053073170731707,USDA_category_mean,0.2559,1.2080034602076124,USDA_category_mean,0.2559,0.3204225352112676,USDA_category_mean,0.2559,0.2409211618257261,USDA_category_mean,0.2559,0.2477480916030534,USDA_category_mean,0.2559
tkpi_0269,"Kacang merah tua, kering (Dark red kidney bean, dried)","kacang merah tua, kering (dark red kidney bean, dried)",TKPI,https://www.panganku.org/id-ID/view,Kacang-Kacangan,kacang-kacangan,12.3,280.0,16.7,1.6,63.2,4.6,6.2,209.0,335.0,6.4,19.0,1.348,0.69,2.8,518.54,68.52634,547.9928,,0.1,0.08,2.0,6.0,,per 100g,2026-07-01T04:14:08.471742Z,2026-07-01T04:14:08.471742Z,5,0.7826,,kacang merah tua dark red kidney bean,138.0,USDA_direct_medium,0.4186,2.1,USDA_direct_medium,0.4186,0.154,USDA_direct_medium,0.4186,0.0,USDA_direct_medium,0.4186,0.397,USDA_direct_medium,0.4186,0.0,USDA_direct_medium,0.4186
tkpi_0270,"Kacang merah, kering (Kidney bean, kering)","kacang merah, kering (kidney bean, kering)",TKPI,https://www.panganku.org/id-ID/view,Kacang-Kacangan,kacang-kacangan,17.7,314.0,22.1,1.1,56.2,4.0,2.9,502.0,429.0,10.3,11.0,1.265,0.65,2.6,602.3,129.0,528.48,,0.4,0.72,2.2,20.64,,per 100g,2026-07-01T04:14:08.471742Z,2026-07-01T04:14:08.471742Z,5,0.7826,,kacang merah kidney bean,88.4015444015444,USDA_category_mean,0.3173,4.053073170731707,USDA_category_mean,0.3173,1.2080034602076124,USDA_category_mean,0.3173,0.3204225352112676,USDA_category_mean,0.3173,0.2409211618257261,USDA_category_mean,0.3173,0.2477480916030534,USDA_category_mean,0.3173
tkpi_0271,"Kacang merah, segar (Kidney bean, fresh)","kacang merah, segar (kidney bean, fresh)",TKPI,https://www.panganku.org/id-ID/view,Kacang-Kacangan,kacang-kacangan,57.2,171.0,11.0,2.2,28.0,2.1,1.7,293.0,134.0,3.7,7.0,360.7,0.34,1.4,0.68,0.0,10.0,,0.15,0.15,1.1,0.98,,per 100g,2026-07-01T04:14:08.471742Z,2026-07-01T04:14:08.471742Z,4,0.8261,,kacang merah kidney bean,88.4015444015444,USDA_category_mean,0.3173,4.053073170731707,USDA_category_mean,0.3173,1.2080034602076124,USDA_category_mean,0.3173,0.3204225352112676,USDA_category_mean,0.3173,0.2409211618257261,USDA_category_mean,0.3173,0.2477480916030534,USDA_category_mean,0.3173
tkpi_0272,"Kacang mete/biji jambu monyet, segar (Cashew nut, mentah)","kacang mete/biji jambu monyet, segar (cashew nut, mentah)",TKPI,https://www.panganku.org/id-ID/view,Kacang-Kacangan,kacang-kacangan,4.6,616.0,16.3,48.4,28.7,0.9,2.0,26.0,521.0,3.8,26.0,692.0,4.7,4.1,3.52368,5.0,26.741979999999998,,0.64,0.03,0.0,0.32,,per 100g,2026-07-01T04:14:08.471742Z,2026-07-01T04:14:08.471742Z,5,0.7826,,kacang mete biji jambu monyet cashew nut,205.7573529411765,USDA_category_mean,0.2335,6.6819444444444445,USDA_category_mean,0.2335,7.451029197080293,USDA_category_mean,0.2335,0.0,USDA_category_mean,0.2335,0.3963834586466165,USDA_category_mean,0.2335,0.0,USDA_category_mean,0.2335
tkpi_0273,"Kacang panjang, biji, kering (Yardlong bean, seeded, dried)","kacang panjang, biji, kering (yardlong bean, seeded, dried)",TKPI,https://www.panganku.org/id-ID/view,Kacang-Kacangan,kacang-kacangan,12.2,357.0,17.3,1.5,68.6,10.6,0.4,163.0,437.0,6.9,16.0,1.109,0.35,2.8,0.0,2.182,41.97664,,0.57,0.98,7.1,2.0,,per 100g,2026-07-01T04:14:08.471742Z,2026-07-01T04:14:08.471742Z,3,0.8696,,kacang panjang biji yardlong bean seeded,338.0,USDA_direct_medium,0.4178,,USDA_direct_medium,0.4178,0.339,USDA_direct_medium,0.4178,0.0,USDA_direct_medium,0.4178,0.371,USDA_direct_medium,0.4178,0.0,USDA_direct_medium,0.4178
tkpi_0274,"Kacang tanah sangan (Groundnut, baked)","kacang tanah sangan (groundnut, baked)",TKPI,https://www.panganku.org/id-ID/view,Kacang-Kacangan,kacang-kacangan,1.2,560.0,29.5,43.0,24.1,2.9,2.2,107.0,366.0,4.1,34.0,509.8,1.69,2.1,5.490960000000001,0.0,21.18714,,0.31,0.3,15.5,1.34,,per 100g,2026-07-01T04:14:08.471742Z,2026-07-01T04:14:08.471742Z,5,0.7826,,kacang tanah sangan groundnut,,not_matched,,,not_matched,,,not_matched,,,not_matched,,,not_matched,,,not_matched,
tkpi_0275,"Kacang tanah sangan tanpa selaput (Groundnut, baked without husk)","kacang tanah sangan tanpa selaput (groundnut, baked without husk)",TKPI,https://www.panganku.org/id-ID/view,Kacang-Kacangan,kacang-kacangan,2.6,559.0,26.9,44.2,23.6,2.6,2.7,74.0,393.0,1.9,33.0,202.3,520.4,1.7,0.0,0.0,86.8209,,0.3,29.47,8.0,0.0,,per 100g,2026-07-01T04:14:08.471742Z,2026-07-01T04:14:08.471742Z,3,0.8696,,kacang tanah sangan tanpa selaput groundnut without husk,,not_matched,,,not_matched,,,not_matched,,,not_matched,,,not_matched,,,not_matched,
tkpi_0276,"Kacang tanah, kering (Groundnut, dried)","kacang tanah, kering (groundnut, dried)",TKPI,https://www.panganku.org/id-ID/view,Kacang-Kacangan,kacang-kacangan,9.6,525.0,27.9,42.7,17.4,2.4,2.4,316.0,456.0,5.7,31.0,466.5,1.55,1.9,0.7818200000000001,0.0,30.0,,0.44,0.27,1.4,0.14,,per 100g,2026-07-01T04:14:08.471742Z,2026-07-01T04:14:08.471742Z,4,0.8261,,kacang tanah groundnut,,not_matched,,,not_matched,,,not_matched,,,not_matched,,,not_matched,,,not_matched,
tkpi_0277,"Kacang tolo / tunggak, kering (Cowpea, dried)","kacang tolo / tunggak, kering (cowpea, dried)",TKPI,https://www.panganku.org/id-ID/view,Kacang-Kacangan,kacang-kacangan,13.5,331.0,24.4,1.9,56.6,1.6,3.6,481.0,399.0,13.9,15.0,7.8,1.03,5.9,0.43117999999999995,65.0,38.38775999999999,,0.06,0.2,4.3,1.22,,per 100g,2026-07-01T04:14:08.471742Z,2026-07-01T04:14:08.471742Z,5,0.7826,,kacang tolo tunggak cowpea,,not_matched,,,not_matched,,,not_matched,,,not_matched,,,not_matched,,,not_matched,
tkpi_0278,"Kacang tunis, kering","kacang tunis, kering",TKPI,https://www.panganku.org/id-ID/view,Kacang-Kacangan,kacang-kacangan,10.5,351.0,12.2,1.2,72.9,29.5,3.2,120.0,220.0,6.9,1.0,0.0,1.4,2.9,349.52,199.78349999999998,618.0268,,0.57,0.13,2.5,2.34,,per 100g,2026-07-01T04:14:08.471742Z,2026-07-01T04:14:08.471742Z,6,0.7391,,kacang tunis,,not_matched,,,not_matched,,,not_matched,,,not_matched,,,not_matched,,,not_matched,
tkpi_0279,"Kacang uci, kering","kacang uci, kering",TKPI,https://www.panganku.org/id-ID/view,Kacang-Kacangan,kacang-kacangan,9.9,358.0,23.4,2.4,60.6,7.4,3.7,269.0,264.0,0.5,13.0,1.457,0.35,1.7079999999999995,1.9047200000000002,20.0,35.242,,0.1,0.2,2.5,2.0,,per 100g,2026-07-01T04:14:08.471742Z,2026-07-01T04:14:08.471742Z,5,0.7826,,kacang uci,,not_matched,,,not_matched,,,not_matched,,,not_matched,,,not_matched,,,not_matched,
tkpi_0280,"Kacang urei, kering (Rice bean )","kacang urei, kering (rice bean )",TKPI,https://www.panganku.org/id-ID/view,Kacang-Kacangan,kacang-kacangan,12.8,354.0,12.8,1.8,69.3,26.1,3.3,220.0,220.0,5.1,1.0,0.0,0.7,3.1,400.28,154.8542,567.16,,0.55,0.05,3.5,2.76,,per 100g,2026-07-01T04:14:08.471742Z,2026-07-01T04:14:08.471742Z,6,0.7391,,kacang urei rice bean,88.4015444015444,USDA_category_mean,0.2213,4.053073170731707,USDA_category_mean,0.2213,1.2080034602076124,USDA_category_mean,0.2213,0.3204225352112676,USDA_category_mean,0.2213,0.2409211618257261,USDA_category_mean,0.2213,0.2477480916030534,USDA_category_mean,0.2213
tkpi_0281,"Kenari banda, kering (Walnut, banda, dried)","kenari banda, kering (walnut, banda, dried)",TKPI,https://www.panganku.org/id-ID/view,Kacang-Kacangan,kacang-kacangan,13.0,616.0,13.9,56.2,13.7,5.963999999999998,3.2,0.0,380.0,1.4,11.0,460.0,1.1,3.2,680.58,90.0,574.232,,0.83,0.08,0.5,3.84,,per 100g,2026-07-01T04:14:08.471742Z,2026-07-01T04:14:08.471742Z,6,0.7391,,kenari banda walnut banda,,not_matched,,,not_matched,,,not_matched,,,not_matched,,,not_matched,,,not_matched,
tkpi_0282,"Kenari, kering (Walnut, dried)","kenari, kering (walnut, dried)",TKPI,https://www.panganku.org/id-ID/view,Kacang-Kacangan,kacang-kacangan,3.0,657.0,15.0,66.0,13.0,3.6879999999999997,3.0,92.0,691.0,7.7,3.0,505.8,0.97,3.0,0.0,44.4513,88.41741999999998,,0.42,0.09,0.5,0.0,,per 100g,2026-07-01T04:14:08.471742Z,2026-07-01T04:14:08.471742Z,5,0.7826,,kenari walnut,,not_matched,,,not_matched,,,not_matched,,,not_matched,,,not_matched,,,not_matched,
tkpi_0283,"Komak polong, segar (Hyacinth bean)","komak polong, segar (hyacinth bean)",TKPI,https://www.panganku.org/id-ID/view,Kacang-Kacangan,kacang-kacangan,74.3,99.0,3.3,0.1,21.2,10.3,1.1,50.0,99.0,13.1,15.0,567.0,0.2,0.6,0.0,5.0,86.62812,,0.13,0.03,0.2,26.2,,per 100g,2026-07-01T04:14:08.471742Z,2026-07-01T04:14:08.471742Z,5,0.7826,,komak polong hyacinth bean,283.0,USDA_direct_medium,0.4133,,USDA_direct_medium,0.4133,0.288,USDA_direct_medium,0.4133,0.0,USDA_direct_medium,0.4133,0.155,USDA_direct_medium,0.4133,0.0,USDA_direct_medium,0.4133
tkpi_0284,"Koro andong, kering (Jack bean, dried)","koro andong, kering (jack bean, dried)",TKPI,https://www.panganku.org/id-ID/view,Kacang-Kacangan,kacang-kacangan,10.8,356.0,20.5,4.1,61.6,7.0,3.0,150.0,272.0,6.2,18.0,301.8,0.73,2.8,0.38094,0.0,10.36394,,0.29,0.02,1.4,1.0,,per 100g,2026-07-01T04:14:08.471742Z,2026-07-01T04:14:08.471742Z,4,0.8261,,koro andong jack bean,,not_matched,,,not_matched,,,not_matched,,,not_matched,,,not_matched,,,not_matched,
tkpi_0285,"Koro benguk, biji, kering (Hyacinth bean, seaded,dried)","koro benguk, biji, kering (hyacinth bean, seaded,dried)",TKPI,https://www.panganku.org/id-ID/view,Kacang-Kacangan,kacang-kacangan,15.0,332.0,24.0,3.0,55.0,5.6,3.0,30.0,200.0,2.0,42.0,389.2,1.25,8.7,0.12,0.0,70.0,,0.3,0.12,1.7,0.0,,per 100g,2026-07-01T04:14:08.471742Z,2026-07-01T04:14:08.471742Z,3,0.8696,,koro benguk biji hyacinth bean seaded,88.4015444015444,USDA_category_mean,0.3462,4.053073170731707,USDA_category_mean,0.3462,1.2080034602076124,USDA_category_mean,0.3462,0.3204225352112676,USDA_category_mean,0.3462,0.2409211618257261,USDA_category_mean,0.3462,0.2477480916030534,USDA_category_mean,0.3462
tkpi_0286,"Koro kerupuk, biji, segar (Hyacinth bean, seeded, fresh)","koro kerupuk, biji, segar (hyacinth bean, seeded, fresh)",TKPI,https://www.panganku.org/id-ID/view,Kacang-Kacangan,kacang-kacangan,67.2,125.0,8.3,0.7,22.1,2.2,1.7,17.0,12.0,2.7,16.0,150.3,0.48,3.4,0.68,0.0,80.0,,0.11,0.04,1.1,31.0,,per 100g,2026-07-01T04:14:08.471742Z,2026-07-01T04:14:08.471742Z,3,0.8696,,koro kerupuk biji hyacinth bean seeded,88.4015444015444,USDA_category_mean,0.3601,4.053073170731707,USDA_category_mean,0.3601,1.2080034602076124,USDA_category_mean,0.3601,0.3204225352112676,USDA_category_mean,0.3601,0.2409211618257261,USDA_category_mean,0.3601,0.2477480916030534,USDA_category_mean,0.3601
tkpi_0287,"Koro loke, biji, segar","koro loke, biji, segar",TKPI,https://www.panganku.org/id-ID/view,Kacang-Kacangan,kacang-kacangan,88.6,33.0,2.7,0.2,7.9,3.5,0.6,60.0,40.0,2.0,2.0,38.6,0.09,0.4,0.0,0.0,40.0,,0.1,0.0,0.2,0.0,,per 100g,2026-07-01T04:14:08.471742Z,2026-07-01T04:14:08.471742Z,3,0.8696,,koro loke biji,,not_matched,,,not_matched,,,not_matched,,,not_matched,,,not_matched,,,not_matched,
tkpi_0288,"Koro roay, kering (Lima bean, dried)","koro roay, kering (lima bean, dried)",TKPI,https://www.panganku.org/id-ID/view,Kacang-Kacangan,kacang-kacangan,13.0,344.0,12.5,2.1,69.4,7.5,3.0,70.0,103.0,4.4,18.0,294.3,0.72,2.7,0.12,0.0,28.0,,0.11,0.21,1.4,1.0,,per 100g,2026-07-01T04:14:08.471742Z,2026-07-01T04:14:08.471742Z,3,0.8696,,koro roay lima bean,88.4015444015444,USDA_category_mean,0.3024,4.053073170731707,USDA_category_mean,0.3024,1.2080034602076124,USDA_category_mean,0.3024,0.3204225352112676,USDA_category_mean,0.3024,0.2409211618257261,USDA_category_mean,0.3024,0.2477480916030534,USDA_category_mean,0.3024
tkpi_0289,"Koro wedus, biji, kering (Hyacinth bean)","koro wedus, biji, kering (hyacinth bean)",TKPI,https://www.panganku.org/id-ID/view,Kacang-Kacangan,kacang-kacangan,11.8,338.0,22.2,1.5,61.0,5.8,3.5,88.0,395.0,3.5,43.0,403.8,1.3,9.1,0.0,0.0,38.414939999999994,,0.62,0.12,1.8,0.0,,per 100g,2026-07-01T04:14:08.471742Z,2026-07-01T04:14:08.471742Z,3,0.8696,,koro wedus biji hyacinth bean,88.4015444015444,USDA_category_mean,0.3922,4.053073170731707,USDA_category_mean,0.3922,1.2080034602076124,USDA_category_mean,0.3922,0.3204225352112676,USDA_category_mean,0.3922,0.2409211618257261,USDA_category_mean,0.3922,0.2477480916030534,USDA_category_mean,0.3922
tkpi_0290,"Lamtoro biji, muda, segar (White leadtree, inmature, fresh)","lamtoro biji, muda, segar (white leadtree, inmature, fresh)",TKPI,https://www.panganku.org/id-ID/view,Kacang-Kacangan,kacang-kacangan,77.4,85.0,5.7,0.3,15.4,10.8,1.2,180.0,53.0,2.7,35.0,485.7,0.02,1.4,319.62606,0.0,423.0,,0.08,1.15,1.0,15.0,,per 100g,2026-07-01T04:14:08.471742Z,2026-07-01T04:14:08.471742Z,3,0.8696,,lamtoro biji muda white leadtree inmature,88.4015444015444,USDA_category_mean,0.308,4.053073170731707,USDA_category_mean,0.308,1.2080034602076124,USDA_category_mean,0.308,0.3204225352112676,USDA_category_mean,0.308,0.2409211618257261,USDA_category_mean,0.308,0.2477480916030534,USDA_category_mean,0.308
tkpi_0291,"Lamtoro biji, tua, segar (White leadtree, mature, fresh)","lamtoro biji, tua, segar (white leadtree, mature, fresh)",TKPI,https://www.panganku.org/id-ID/view,Kacang-Kacangan,kacang-kacangan,61.4,148.0,10.6,0.5,26.2,17.0,1.3,155.0,59.0,2.2,28.0,628.5,0.03,2.4,370.42,82.24482,416.0,,0.23,0.49,2.8,20.0,,per 100g,2026-07-01T04:14:08.471742Z,2026-07-01T04:14:08.471742Z,4,0.8261,,lamtoro biji tua white leadtree,88.4015444015444,USDA_category_mean,0.3567,4.053073170731707,USDA_category_mean,0.3567,1.2080034602076124,USDA_category_mean,0.3567,0.3204225352112676,USDA_category_mean,0.3567,0.2409211618257261,USDA_category_mean,0.3567,0.2477480916030534,USDA_category_mean,0.3567
tkpi_0292,Lamtoro var. gung tanpa kulit (White leadtree),lamtoro var. gung tanpa kulit (white leadtree),TKPI,https://www.panganku.org/id-ID/view,Kacang-Kacangan,kacang-kacangan,10.2,367.0,46.4,5.4,32.5,2.6,4.4,136.0,441.0,23.3,65.0,1.462,0.07,5.6,7.314220000000001,115.12150000000001,18.9,,0.06,1.15,1.0,9.0,,per 100g,2026-07-01T04:14:08.471742Z,2026-07-01T04:14:08.471742Z,4,0.8261,,lamtoro var gung tanpa kulit white leadtree,88.4015444015444,USDA_category_mean,0.2926,4.053073170731707,USDA_category_mean,0.2926,1.2080034602076124,USDA_category_mean,0.2926,0.3204225352112676,USDA_category_mean,0.2926,0.2409211618257261,USDA_category_mean,0.2926,0.2477480916030534,USDA_category_mean,0.2926
tkpi_0293,Lamtoro var. lokal dengan kulit (White leadtree),lamtoro var. lokal dengan kulit (white leadtree),TKPI,https://www.panganku.org/id-ID/view,Kacang-Kacangan,kacang-kacangan,13.5,336.0,23.8,1.2,59.7,15.4,1.8,867.0,321.0,1.5,134.0,1.858,0.07,5.4,173.54312000000004,177.64457999999996,321.0,,0.15,1.34,0.9,16.0,,per 100g,2026-07-01T04:14:08.471742Z,2026-07-01T04:14:08.471742Z,4,0.8261,,lamtoro var lokal dengan kulit white leadtree,88.4015444015444,USDA_category_mean,0.2846,4.053073170731707,USDA_category_mean,0.2846,1.2080034602076124,USDA_category_mean,0.2846,0.3204225352112676,USDA_category_mean,0.2846,0.2409211618257261,USDA_category_mean,0.2846,0.2477480916030534,USDA_category_mean,0.2846
tkpi_0294,"Nangka, biji, segar (Jackfruit, seed, fresh)","nangka, biji, segar (jackfruit, seed, fresh)",TKPI,https://www.panganku.org/id-ID/view,Kacang-Kacangan,kacang-kacangan,57.7,165.0,4.2,0.1,36.7,1.8,1.3,33.0,200.0,1.0,69.0,179.0,0.12,0.2,0.0,0.0,38.859140000000004,,0.2,0.03,1.4,10.0,,per 100g,2026-07-01T04:14:08.471742Z,2026-07-01T04:14:08.471742Z,3,0.8696,,nangka biji jackfruit seed,,not_matched,,,not_matched,,,not_matched,,,not_matched,,,not_matched,,,not_matched,
tkpi_0295,"Saga merah terkupas, kering (Red sandalwood, peeled)","saga merah terkupas, kering (red sandalwood, peeled)",TKPI,https://www.panganku.org/id-ID/view,Kacang-Kacangan,kacang-kacangan,8.1,449.0,30.6,25.5,31.9,3.5,3.9,1.062,161.0,14.2,66.0,1.496,0.07,5.7,35.97288,80.52604000000001,107.0,,0.09,1.5,10.9,7.0,,per 100g,2026-07-01T04:14:08.471742Z,2026-07-01T04:14:08.471742Z,4,0.8261,,saga merah terkupas red sandalwood peeled,205.7573529411765,USDA_category_mean,0.2498,6.6819444444444445,USDA_category_mean,0.2498,7.451029197080293,USDA_category_mean,0.2498,0.0,USDA_category_mean,0.2498,0.3963834586466165,USDA_category_mean,0.2498,0.0,USDA_category_mean,0.2498
tkpi_0296,"Wijen, kering (Sesame seed)","wijen, kering (sesame seed)",TKPI,https://www.panganku.org/id-ID/view,Kacang-Kacangan,kacang-kacangan,5.8,568.0,19.3,51.1,18.1,3.6,5.8,1.125,614.0,9.5,18.0,303.7,4.16,7.9,2.6572999999999998,15.0,61.0348,,0.93,0.2,5.7,0.0,,per 100g,2026-07-01T04:14:08.471742Z,2026-07-01T04:14:08.471742Z,4,0.8261,,wijen sesame seed,351.0,USDA_direct_medium,0.5233,0.3,USDA_direct_medium,0.5233,6.957,USDA_direct_medium,0.5233,0.0,USDA_direct_medium,0.5233,0.79,USDA_direct_medium,0.5233,0.0,USDA_direct_medium,0.5233
tkpi_0297,"Kacang belimbing, rebus","kacang belimbing, rebus",TKPI,https://www.panganku.org/id-ID/view,Kacang-Kacangan,kacang-kacangan,55.6,204.0,16.9,8.8,17.5,4.8,1.2,230.0,180.0,3.3,43.0,1.098,3.24,2.3,0.48578000000000005,27.360680000000002,65.824,,0.2,0.48,0.7,6.82,,per 100g,2026-07-01T04:14:08.471742Z,2026-07-01T04:14:08.471742Z,6,0.7391,,kacang belimbing,,not_matched,,,not_matched,,,not_matched,,,not_matched,,,not_matched,,,not_matched,
tkpi_0298,"Kacang bogor, goreng","kacang bogor, goreng",TKPI,https://www.panganku.org/id-ID/view,Kacang-Kacangan,kacang-kacangan,3.0,479.0,12.7,23.2,58.9,1.2,2.2,135.0,184.0,2.9,680.91996,321.82081999999997,0.6362000000000001,2.305999999999999,108.96682000000001,102.68,92.87751999999999,,0.25,0.45,4.1,0.02,,per 100g,2026-07-01T04:14:08.471742Z,2026-07-01T04:14:08.471742Z,10,0.5652,,kacang bogor,,not_matched,,,not_matched,,,not_matched,,,not_matched,,,not_matched,,,not_matched,
tkpi_0299,"Kacang bogor, rebus","kacang bogor, rebus",TKPI,https://www.panganku.org/id-ID/view,Kacang-Kacangan,kacang-kacangan,61.2,161.0,7.7,2.8,27.1,2.0,1.2,56.0,134.0,1.4,52.064859999999996,223.07652000000002,0.22479999999999997,0.9980000000000001,0.0,0.0,0.2,,0.1,0.09020000000000002,0.7979999999999999,0.02,,per 100g,2026-07-01T04:14:08.471742Z,2026-07-01T04:14:08.471742Z,12,0.4783,,kacang bogor,,not_matched,,,not_matched,,,not_matched,,,not_matched,,,not_matched,,,not_matched,
tkpi_0300,"Kacang gude, rebus","kacang gude, rebus",TKPI,https://www.panganku.org/id-ID/view,Kacang-Kacangan,kacang-kacangan,61.5,147.0,9.0,0.5,27.5,3.4,1.5,50.0,175.0,2.0,14.0,1.126,0.8,2.7,1.36,12.0,15.029560000000002,,0.1,0.07,13.2,14.68,,per 100g,2026-07-01T04:14:08.471742Z,2026-07-01T04:14:08.471742Z,5,0.7826,,kacang gude,,not_matched,,,not_matched,,,not_matched,,,not_matched,,,not_matched,,,not_matched,
tkpi_0301,"kacang hijau, rebus","kacang hijau, rebus",TKPI,https://www.panganku.org/id-ID/view,Kacang-Kacangan,kacang-kacangan,71.3,109.0,8.7,0.5,18.3,1.5,1.2,95.0,149.0,1.5,447.0,657.8,1.4,2.8,52.74402,18.0,120.0,,0.12,0.04,0.4,3.0,,per 100g,2026-07-01T04:14:08.471742Z,2026-07-01T04:14:08.471742Z,3,0.8696,,kacang hijau,,not_matched,,,not_matched,,,not_matched,,,not_matched,,,not_matched,,,not_matched,
tkpi_0302,"Kacang kedelai, goreng","kacang kedelai, goreng",TKPI,https://www.panganku.org/id-ID/view,Kacang-Kacangan,kacang-kacangan,9.6,521.0,32.2,37.7,22.9,7.6,3.7,296.0,800.0,6.5,3.492,11.89,26.3,60.0,40.9949,54.083279999999995,20.0,,0.4,1.9,19.0,38.36,,per 100g,2026-07-01T04:14:08.471742Z,2026-07-01T04:14:08.471742Z,5,0.7826,,kacang kedelai,,not_matched,,,not_matched,,,not_matched,,,not_matched,,,not_matched,,,not_matched,
tkpi_0303,"Kacang kedelai, rebus","kacang kedelai, rebus",TKPI,https://www.panganku.org/id-ID/view,Kacang-Kacangan,kacang-kacangan,56.8,189.0,20.2,8.2,12.7,1.6,2.1,91.0,270.0,3.9,181.0,615.0,1.3,3.7,7.392060000000002,4.0,15.0,,0.2,0.04,0.5,0.0,,per 100g,2026-07-01T04:14:08.471742Z,2026-07-01T04:14:08.471742Z,3,0.8696,,kacang kedelai,,not_matched,,,not_matched,,,not_matched,,,not_matched,,,not_matched,,,not_matched,
tkpi_0304,"Kacang merah kering, rebus","kacang merah kering, rebus",TKPI,https://www.panganku.org/id-ID/view,Kacang-Kacangan,kacang-kacangan,59.6,158.0,10.3,0.9,28.2,2.6,1.0,160.0,149.0,3.7,6.0,311.0,0.27,1.5,6.78,0.1329,3.0694600000000003,,0.2,0.09,0.8,1.9,,per 100g,2026-07-01T04:14:08.471742Z,2026-07-01T04:14:08.471742Z,6,0.7391,,kacang merah,,not_matched,,,not_matched,,,not_matched,,,not_matched,,,not_matched,,,not_matched,
tkpi_0305,"Kacang merah segar, rebus","kacang merah segar, rebus",TKPI,https://www.panganku.org/id-ID/view,Kacang-Kacangan,kacang-kacangan,63.1,144.0,10.0,1.0,24.7,3.5,1.2,144.0,150.0,2.8,6.0,311.0,0.27,1.5,0.52,0.0,11.353720000000001,,0.1,0.08,0.7,10.18,,per 100g,2026-07-01T04:14:08.471742Z,2026-07-01T04:14:08.471742Z,5,0.7826,,kacang merah,,not_matched,,,not_matched,,,not_matched,,,not_matched,,,not_matched,,,not_matched,
tkpi_0306,"Kacang mete/biji jambu monyet, goreng","kacang mete/biji jambu monyet, goreng",TKPI,https://www.panganku.org/id-ID/view,Kacang-Kacangan,kacang-kacangan,1.0,629.0,20.4,56.3,19.8,1.1,2.5,502.0,493.0,8.0,13.0,641.7,4.7,5.4,1.07372,5.0,33.862899999999996,,0.37,0.22,1.8,1.78,,per 100g,2026-07-01T04:14:08.471742Z,2026-07-01T04:14:08.471742Z,5,0.7826,,kacang mete biji jambu monyet,,not_matched,,,not_matched,,,not_matched,,,not_matched,,,not_matched,,,not_matched,
tkpi_0307,Kacang tanah rebus dg kulit,kacang tanah rebus dg kulit,TKPI,https://www.panganku.org/id-ID/view,Kacang-Kacangan,kacang-kacangan,40.2,360.0,13.5,31.2,12.8,3.1200000000000006,2.3,42.0,177.0,1.4,32.0,483.0,1.6,2.0,0.0,1.9070799999999997,9.215000000000002,,0.44,0.13,9.0,5.0,,per 100g,2026-07-01T04:14:08.471742Z,2026-07-01T04:14:08.471742Z,5,0.7826,,kacang tanah kulit,,not_matched,,,not_matched,,,not_matched,,,not_matched,,,not_matched,,,not_matched,
tkpi_0308,"Kacang tanah, goreng","kacang tanah, goreng",TKPI,https://www.panganku.org/id-ID/view,Kacang-Kacangan,kacang-kacangan,2.5,564.0,25.5,44.4,25.5,2.8,2.8,106.0,390.0,4.1,36.067440000000005,452.1050399999997,1.5486000000000002,2.2079999999999997,0.49670000000000003,10.18,12.150260000000003,,0.4,0.29500000000000004,6.312000000000003,0.0,,per 100g,2026-07-01T04:14:08.471742Z,2026-07-01T04:14:08.471742Z,12,0.4783,,kacang tanah,,not_matched,,,not_matched,,,not_matched,,,not_matched,,,not_matched,,,not_matched,
tkpi_0309,"Kacang tanah, rebus","kacang tanah, rebus",TKPI,https://www.panganku.org/id-ID/view,Kacang-Kacangan,kacang-kacangan,62.1,220.0,10.6,18.0,8.0,1.0,1.3,89.0,273.0,1.9,36.0,536.2,1.78,2.2,0.86964,0.23548000000000002,4.4799799999999985,,0.1,0.22619999999999987,2.0060000000000007,0.0,,per 100g,2026-07-01T04:14:08.471742Z,2026-07-01T04:14:08.471742Z,7,0.6957,,kacang tanah,,not_matched,,,not_matched,,,not_matched,,,not_matched,,,not_matched,,,not_matched,
tkpi_0310,"Kacang tolo, rebus","kacang tolo, rebus",TKPI,https://www.panganku.org/id-ID/view,Kacang-Kacangan,kacang-kacangan,64.4,138.0,10.7,1.1,22.6,0.9,1.2,165.0,172.0,4.0,13.0,6.7,0.8,6.1,306.12,274.21798,599.47988,,0.01,0.17,3.2,35.62,,per 100g,2026-07-01T04:14:08.471742Z,2026-07-01T04:14:08.471742Z,6,0.7391,,kacang tolo,,not_matched,,,not_matched,,,not_matched,,,not_matched,,,not_matched,,,not_matched,
tkpi_0311,Ampas kacang hijau,ampas kacang hijau,TKPI,https://www.panganku.org/id-ID/view,Kacang-Kacangan,kacang-kacangan,70.6,96.0,3.7,0.6,19.1,2.7,0.6,133.0,150.0,1.3,10.78,286.546,0.23879999999999993,0.7100000000000003,0.0,1.0598599999999998,2.89022,,0.05,0.06920000000000001,0.442,10.2,,per 100g,2026-07-01T04:14:08.471742Z,2026-07-01T04:14:08.471742Z,12,0.4783,,ampas kacang hijau,,not_matched,,,not_matched,,,not_matched,,,not_matched,,,not_matched,,,not_matched,
tkpi_0312,"Ampas tahu, mentah","ampas tahu, mentah",TKPI,https://www.panganku.org/id-ID/view,Kacang-Kacangan,kacang-kacangan,84.1,67.0,5.0,2.1,8.1,4.1,0.6,460.0,88.0,1.0,8.0,184.5,0.17,0.5,2.28,0.0,12.025739999999999,,0.06,0.02,0.1,12.24,,per 100g,2026-07-01T04:14:08.471742Z,2026-07-01T04:14:08.471742Z,5,0.7826,,ampas tahu,,not_matched,,,not_matched,,,not_matched,,,not_matched,,,not_matched,,,not_matched,
tkpi_0313,Ampas tahu kukus,ampas tahu kukus,TKPI,https://www.panganku.org/id-ID/view,Kacang-Kacangan,kacang-kacangan,82.5,75.0,4.1,2.1,10.7,5.1,0.6,203.0,60.0,1.3,48.453140000000005,208.21146000000002,0.23439999999999997,0.72,0.0,0.0,10.96904,,0.07,0.0972,0.7060000000000001,20.28,,per 100g,2026-07-01T04:14:08.471742Z,2026-07-01T04:14:08.471742Z,11,0.5217,,ampas tahu kukus,,not_matched,,,not_matched,,,not_matched,,,not_matched,,,not_matched,,,not_matched,
tkpi_0314,"Ampas tahu, kering","ampas tahu, kering",TKPI,https://www.panganku.org/id-ID/view,Kacang-Kacangan,kacang-kacangan,9.0,414.0,26.6,18.3,41.3,0.0,5.8,19.0,29.0,4.0,45.0,1.055,0.99,2.8,0.0,24.0,65.1076,,0.2,0.1,0.5,0.0,,per 100g,2026-07-01T04:14:08.471742Z,2026-07-01T04:14:08.471742Z,3,0.8696,,ampas tahu,,not_matched,,,not_matched,,,not_matched,,,not_matched,,,not_matched,,,not_matched,
tkpi_0315,Pepea oncom ampas tahu,pepea oncom ampas tahu,TKPI,https://www.panganku.org/id-ID/view,Kacang-Kacangan,kacang-kacangan,80.9,76.0,5.2,1.8,10.6,2.2,1.5,215.0,66.0,12.5,235.28044000000003,253.58094,0.2965999999999999,0.7600000000000002,70.08,74.34536000000001,268.0,,0.11,0.11179999999999998,1.2140000000000004,11.26,,per 100g,2026-07-01T04:14:08.471742Z,2026-07-01T04:14:08.471742Z,11,0.5217,,pepea oncom ampas tahu,,not_matched,,,not_matched,,,not_matched,,,not_matched,,,not_matched,,,not_matched,
tkpi_0316,Bungkil biji karet,bungkil biji karet,TKPI,https://www.panganku.org/id-ID/view,Kacang-Kacangan,kacang-kacangan,12.0,333.0,29.3,3.3,50.0,5.047999999999999,29.4,102.0,660.0,12.0,104.66508,295.1868400000001,1.195,4.575999999999999,0.0,30.281640000000003,45.31643999999999,,0.1,0.19620000000000004,5.350000000000001,0.0,,per 100g,2026-07-01T04:14:08.471742Z,2026-07-01T04:14:08.471742Z,11,0.5217,,bungkil biji karet,,not_matched,,,not_matched,,,not_matched,,,not_matched,,,not_matched,,,not_matched,
tkpi_0317,Bungkil kacang tanah,bungkil kacang tanah,TKPI,https://www.panganku.org/id-ID/view,Kacang-Kacangan,kacang-kacangan,14.0,336.0,37.4,13.0,30.5,7.700000000000001,33.1,730.0,470.0,30.7,246.49648000000002,387.41847999999993,1.6074000000000002,5.7219999999999995,0.0,64.87100000000001,65.66162,,0.04,0.9498000000000001,16.911999999999995,50.72,,per 100g,2026-07-01T04:14:08.471742Z,2026-07-01T04:14:08.471742Z,12,0.4783,,bungkil kacang tanah,,not_matched,,,not_matched,,,not_matched,,,not_matched,,,not_matched,,,not_matched,
tkpi_0318,Bungkil kelapa,bungkil kelapa,TKPI,https://www.panganku.org/id-ID/view,Kacang-Kacangan,kacang-kacangan,16.0,368.0,23.0,15.0,40.0,7.7840000000000025,38.0,137.0,433.0,41.5,203.73648,367.81804000000005,1.5952000000000002,4.984,0.0,55.859480000000005,44.29748000000001,,0.0,0.46,8.9,8.08,,per 100g,2026-07-01T04:14:08.471742Z,2026-07-01T04:14:08.471742Z,10,0.5652,,bungkil kelapa,,not_matched,,,not_matched,,,not_matched,,,not_matched,,,not_matched,,,not_matched,
tkpi_0319,Dodol banjarmasin,dodol banjarmasin,TKPI,https://www.panganku.org/id-ID/view,Kacang-Kacangan,kacang-kacangan,17.3,368.0,2.6,8.6,70.0,0.5,1.5,51.0,180.0,3.3,48.0,96.0,0.4,2.6,0.0,0.0,0.0,,0.04,0.07,2.3,0.0,,per 100g,2026-07-01T04:14:08.471742Z,2026-07-01T04:14:08.471742Z,2,0.913,"Nama lainnya adalah Dodol kandangan. Bahan dasar terdiri dari Gula pasir, agar-agar, susu kental manis, santan, kacang tanah",dodol banjarmasin,,not_matched,,,not_matched,,,not_matched,,,not_matched,,,not_matched,,,not_matched,
tkpi_0320,Emping (kerupuk melinjo),emping (kerupuk melinjo),TKPI,https://www.panganku.org/id-ID/view,Kacang-Kacangan,kacang-kacangan,13.0,345.0,12.0,1.5,71.5,7.007999999999998,28.0,100.0,400.0,5.0,70.2151,184.28824000000003,0.8574,2.648,3.3247199999999997,0.754,7.652620000000001,,0.2,0.18939999999999999,5.332000000000001,0.0,,per 100g,2026-07-01T04:14:08.471742Z,2026-07-01T04:14:08.471742Z,12,0.4783,"Bahan dasar terdiri dari biji melinjo dihaluskan, dicetak, dijemur dan digoreng",emping kerupuk melinjo,,not_matched,,,not_matched,,,not_matched,,,not_matched,,,not_matched,,,not_matched,
tkpi_0321,Emping komak,emping komak,TKPI,https://www.panganku.org/id-ID/view,Kacang-Kacangan,kacang-kacangan,14.2,355.0,17.8,4.6,60.7,6.018000000000001,2.7,87.0,304.0,4.3,24.0,1.233,1.0,2.3,4.72,0.0,5.290179999999999,,0.20759999999999995,0.1482,0.6,0.78,,per 100g,2026-07-01T04:14:08.471742Z,2026-07-01T04:14:08.471742Z,8,0.6522,Seperti emping melinjo namun berbahan dasar kacang komak. Khas lombok.,emping komak,,not_matched,,,not_matched,,,not_matched,,,not_matched,,,not_matched,,,not_matched,
tkpi_0322,Enting-enting gepuk hello kity,enting-enting gepuk hello kity,TKPI,https://www.panganku.org/id-ID/view,Kacang-Kacangan,kacang-kacangan,2.4,538.0,13.6,30.3,52.6,0.2,1.0,81.0,248.0,1.6,95.94717999999999,433.04136,1.3740000000000003,2.8239999999999994,0.0,143.67334,202.0,,1.0,0.2517999999999999,4.661999999999998,0.0,,per 100g,2026-07-01T04:14:08.471742Z,2026-07-01T04:14:08.471742Z,9,0.6087,"Kacang tanah yang telah dipanaskan dalam cairan gula kental, digepuk di atas landasan batu. Berbentuk empat persegi panjang setebal 15 cm",enting enting gepuk hello kity,,not_matched,,,not_matched,,,not_matched,,,not_matched,,,not_matched,,,not_matched,
tkpi_0323,Enting-enting gepuk kacang tanah,enting-enting gepuk kacang tanah,TKPI,https://www.panganku.org/id-ID/view,Kacang-Kacangan,kacang-kacangan,4.2,524.0,13.3,29.2,52.0,0.2,1.4,76.0,248.0,1.4,99.02348,360.00118000000003,1.0324000000000002,2.392,0.0,130.1582,272.0,,0.62,0.25399999999999995,2.8239999999999994,0.0,,per 100g,2026-07-01T04:14:08.471742Z,2026-07-01T04:14:08.471742Z,9,0.6087,,enting enting gepuk kacang tanah,,not_matched,,,not_matched,,,not_matched,,,not_matched,,,not_matched,,,not_matched,
tkpi_0324,Enting-enting wijen,enting-enting wijen,TKPI,https://www.panganku.org/id-ID/view,Kacang-Kacangan,kacang-kacangan,3.7,565.0,18.2,38.4,36.8,1.9,3.0,251.0,502.0,10.9,106.0695,434.24172000000004,2.2030599999999994,4.002,0.0,180.64,240.0,,0.92,0.23379999999999992,4.559999999999999,0.0,,per 100g,2026-07-01T04:14:08.471742Z,2026-07-01T04:14:08.471742Z,9,0.6087,,enting enting wijen,,not_matched,,,not_matched,,,not_matched,,,not_matched,,,not_matched,,,not_matched,
tkpi_0325,Geplak,geplak,TKPI,https://www.panganku.org/id-ID/view,Kacang-Kacangan,kacang-kacangan,29.6,350.0,1.4,14.4,53.6,1.8,1.0,151.0,43.0,2.1,123.29656000000001,144.71988,0.20339999999999997,0.7319999999999999,0.0,76.14,120.0,,0.12,0.02,0.8,0.0,,per 100g,2026-07-01T04:14:08.471742Z,2026-07-01T04:14:08.471742Z,7,0.6957,Parutan kelapa kasar dengan gula pasir,geplak,,not_matched,,,not_matched,,,not_matched,,,not_matched,,,not_matched,,,not_matched,
tkpi_0326,Geplak jahe,geplak jahe,TKPI,https://www.panganku.org/id-ID/view,Kacang-Kacangan,kacang-kacangan,12.4,462.0,3.1,24.4,57.7,3.3,2.5,212.0,161.0,6.6,175.45006,219.65506000000002,0.5726,1.1139999999999999,0.0,142.94,272.0,,0.12,0.0,0.1,0.0,,per 100g,2026-07-01T04:14:08.471742Z,2026-07-01T04:14:08.471742Z,7,0.6957,Parutan kelapa kasar dengan gula pasir dan jahe,geplak jahe,,not_matched,,,not_matched,,,not_matched,,,not_matched,,,not_matched,,,not_matched,
tkpi_0327,Kacang atom,kacang atom,TKPI,https://www.panganku.org/id-ID/view,Kacang-Kacangan,kacang-kacangan,3.1,533.0,27.8,38.1,28.8,2.5,2.2,87.0,423.0,3.0,43.565439999999995,473.36825999999985,1.0240000000000002,2.733999999999999,0.6755800000000001,8.92,0.0,,0.06,0.21059999999999998,4.962,0.0,,per 100g,2026-07-01T04:14:08.471742Z,2026-07-01T04:14:08.471742Z,10,0.5652,Bahan dasar terdiri dari kacang tanah kupas yang dibalur telur dan terigu kemudian digoreng,kacang atom,,not_matched,,,not_matched,,,not_matched,,,not_matched,,,not_matched,,,not_matched,
tkpi_0328,Kacang goyang,kacang goyang,TKPI,https://www.panganku.org/id-ID/view,Kacang-Kacangan,kacang-kacangan,8.3,516.0,14.7,31.1,44.4,4.555999999999999,1.5,34.0,230.0,0.7,2.0,365.0,0.6,1.7,356.54,94.15332000000001,562.638,,0.40240000000000004,0.20379999999999995,2.606,2.18,,per 100g,2026-07-01T04:14:08.471742Z,2026-07-01T04:14:08.471742Z,10,0.5652,Bahan dasar terdiri dari Kacang tanah digoyang di bawah lelehan gula yang telah di beri pewarna untuk membuat kacang goyang menjadi berwarna warni.,kacang goyang,,not_matched,,,not_matched,,,not_matched,,,not_matched,,,not_matched,,,not_matched,
tkpi_0329,Kacang negara,kacang negara,TKPI,https://www.panganku.org/id-ID/view,Kacang-Kacangan,kacang-kacangan,3.1,480.0,18.4,19.1,58.5,11.7,0.9,34.0,404.0,10.3,1.01,385.0,2.5,7.1,649.72,159.93902000000003,547.9119999999999,,0.63,0.05,2.6,4.1,,per 100g,2026-07-01T04:14:08.471742Z,2026-07-01T04:14:08.471742Z,6,0.7391,,kacang negara,,not_matched,,,not_matched,,,not_matched,,,not_matched,,,not_matched,,,not_matched,
tkpi_0330,Kacang sukro,kacang sukro,TKPI,https://www.panganku.org/id-ID/view,Kacang-Kacangan,kacang-kacangan,4.7,484.0,8.8,26.1,57.7,1.8,2.7,49.0,194.0,2.5,65.08824,232.4404,0.5820000000000001,1.546,0.27974,0.27496000000000004,0.0,,0.06,0.1462,2.9899999999999993,0.0,,per 100g,2026-07-01T04:14:08.471742Z,2026-07-01T04:14:08.471742Z,10,0.5652,"Kacang atom dengan merk dagang ""sukro""",kacang sukro,,not_matched,,,not_matched,,,not_matched,,,not_matched,,,not_matched,,,not_matched,
tkpi_0331,Kacang tanah sari,kacang tanah sari,TKPI,https://www.panganku.org/id-ID/view,Kacang-Kacangan,kacang-kacangan,2.1,561.0,25.5,43.8,26.0,2.2,2.6,50.0,324.0,3.1,44.62608,456.258,1.0058,2.9539999999999997,0.5455200000000001,12.0,0.0,,0.08,0.20139999999999997,6.628000000000002,0.0,,per 100g,2026-07-01T04:14:08.471742Z,2026-07-01T04:14:08.471742Z,10,0.5652,,kacang tanah sari,,not_matched,,,not_matched,,,not_matched,,,not_matched,,,not_matched,,,not_matched,
tkpi_0332,Keju kacang tanah (peanut butter),keju kacang tanah (peanut butter),TKPI,https://www.panganku.org/id-ID/view,Kacang-Kacangan,kacang-kacangan,3.0,590.0,27.0,49.0,20.9,1.6,0.1,60.0,360.0,2.0,355.0,492.4,0.57,2.7,0.0,0.0,49.545339999999996,,0.3,0.2,16.2,0.0,,per 100g,2026-07-01T04:14:08.471742Z,2026-07-01T04:14:08.471742Z,3,0.8696,Nama lainnya adalah selai kacang atau pindakaas. Bahan dasar kacang tanah yang dihaluskan dicampur dengan gula,keju kacang tanah peanut butter,88.4015444015444,USDA_category_mean,0.367,4.053073170731707,USDA_category_mean,0.367,1.2080034602076124,USDA_category_mean,0.367,0.3204225352112676,USDA_category_mean,0.367,0.2409211618257261,USDA_category_mean,0.367,0.2477480916030534,USDA_category_mean,0.367
tkpi_0333,Kembang tahu,kembang tahu,TKPI,https://www.panganku.org/id-ID/view,Kacang-Kacangan,kacang-kacangan,10.8,380.0,48.9,13.8,23.3,0.0,3.2,378.0,781.0,2.1,55.0,455.3,0.68,4.2,13.410500000000003,0.0,96.58622,,0.15,0.08,0.7,4.16,,per 100g,2026-07-01T04:14:08.471742Z,2026-07-01T04:14:08.471742Z,5,0.7826,Produk sampingan proses perebusan kedelai yang diambil dari endapan yang terkumpul di permukaan air perebusan kedelai,kembang tahu,,not_matched,,,not_matched,,,not_matched,,,not_matched,,,not_matched,,,not_matched,
tkpi_0334,Kembang tahu rebus,kembang tahu rebus,TKPI,https://www.panganku.org/id-ID/view,Kacang-Kacangan,kacang-kacangan,79.8,90.0,10.7,4.0,4.7,0.03,0.8,85.0,130.88,1.71,327.33094,235.952,0.20779999999999993,0.79,29.68,3.09738,1.2871000000000001,,0.15999999999999992,0.09800000000000003,1.0380000000000003,0.0,,per 100g,2026-07-01T04:14:08.471742Z,2026-07-01T04:14:08.471742Z,16,0.3043,,kembang tahu,,not_matched,,,not_matched,,,not_matched,,,not_matched,,,not_matched,,,not_matched,
tkpi_0335,Keripik oncom,keripik oncom,TKPI,https://www.panganku.org/id-ID/view,Kacang-Kacangan,kacang-kacangan,3.0,598.0,8.3,43.8,42.6,3.3,2.2,85.0,153.0,27.0,567.99778,431.4567199999999,1.5565199999999997,2.5099999999999993,113.41364,62.15846,1.608,,1.13,0.5075999999999998,2.828000000000001,0.0,,per 100g,2026-07-01T04:14:08.471742Z,2026-07-01T04:14:08.471742Z,10,0.5652,,keripik oncom,,not_matched,,,not_matched,,,not_matched,,,not_matched,,,not_matched,,,not_matched,
tkpi_0336,Keripik tempe,keripik tempe,TKPI,https://www.panganku.org/id-ID/view,Kacang-Kacangan,kacang-kacangan,3.3,581.0,12.1,40.6,41.7,2.2,2.3,237.0,116.0,6.9,457.21532,399.98224000000005,1.0014000000000003,2.4360000000000004,174.38402000000002,75.83034,320.0,,0.35,0.3488,2.3339999999999996,0.0,,per 100g,2026-07-01T04:14:08.471742Z,2026-07-01T04:14:08.471742Z,10,0.5652,,keripik tempe,,not_matched,,,not_matched,,,not_matched,,,not_matched,,,not_matched,,,not_matched,
tkpi_0337,Keripik tempe abadi besar,keripik tempe abadi besar,TKPI,https://www.panganku.org/id-ID/view,Kacang-Kacangan,kacang-kacangan,4.5,556.0,15.8,37.1,39.8,3.5,2.8,112.0,215.0,5.4,731.78004,461.84503999999987,1.5239199999999995,2.2640000000000002,117.13966,94.36246,0.0,,0.63,0.3373999999999999,4.5299999999999985,0.0,,per 100g,2026-07-01T04:14:08.471742Z,2026-07-01T04:14:08.471742Z,10,0.5652,,keripik tempe abadi besar,,not_matched,,,not_matched,,,not_matched,,,not_matched,,,not_matched,,,not_matched,
tkpi_0338,Keripik tempe abadi murni,keripik tempe abadi murni,TKPI,https://www.panganku.org/id-ID/view,Kacang-Kacangan,kacang-kacangan,3.2,542.0,40.3,42.4,11.6,2.2,2.7,175.0,529.0,5.2,506.56004,470.7819599999999,1.5594,3.6499999999999995,96.48804,155.28,50.0,,0.1,0.3288,1.66,0.0,,per 100g,2026-07-01T04:14:08.471742Z,2026-07-01T04:14:08.471742Z,10,0.5652,,keripik tempe abadi murni,,not_matched,,,not_matched,,,not_matched,,,not_matched,,,not_matched,,,not_matched,
tkpi_0339,Keripik tempe abadi sedang,keripik tempe abadi sedang,TKPI,https://www.panganku.org/id-ID/view,Kacang-Kacangan,kacang-kacangan,4.4,510.0,12.3,27.9,52.4,3.6,3.1,122.0,211.0,8.4,51.86114,425.08001999999993,1.5815199999999996,2.548,0.17604,12.90242,0.0,,0.52,0.21420000000000003,4.941999999999998,0.0,,per 100g,2026-07-01T04:14:08.471742Z,2026-07-01T04:14:08.471742Z,10,0.5652,,keripik tempe abadi sedang,,not_matched,,,not_matched,,,not_matched,,,not_matched,,,not_matched,,,not_matched,
tkpi_0340,Keripik tempe abadi telur,keripik tempe abadi telur,TKPI,https://www.panganku.org/id-ID/view,Kacang-Kacangan,kacang-kacangan,4.5,529.0,20.8,31.7,40.2,3.0,2.9,124.0,222.0,5.4,732.00004,470.79923999999994,1.6266399999999992,2.51,127.65698,94.06245999999999,0.0,,0.86,0.34,4.691999999999998,0.0,,per 100g,2026-07-01T04:14:08.471742Z,2026-07-01T04:14:08.471742Z,10,0.5652,,keripik tempe abadi telur,,not_matched,,,not_matched,,,not_matched,,,not_matched,,,not_matched,,,not_matched,
tkpi_0341,Kerupik tempe abadi prima,kerupik tempe abadi prima,TKPI,https://www.panganku.org/id-ID/view,Kacang-Kacangan,kacang-kacangan,4.8,540.0,16.7,33.9,42.0,2.2,2.6,92.0,184.0,3.2,39.13328,429.88692,1.2834,2.3980000000000006,0.41948,9.28332,1.08,,0.38,0.2116,2.7239999999999984,0.0,,per 100g,2026-07-01T04:14:08.471742Z,2026-07-01T04:14:08.471742Z,10,0.5652,,kerupik tempe abadi prima,,not_matched,,,not_matched,,,not_matched,,,not_matched,,,not_matched,,,not_matched,
tkpi_0342,Kwaci,kwaci,TKPI,https://www.panganku.org/id-ID/view,Kacang-Kacangan,kacang-kacangan,9.9,515.0,30.6,42.1,13.8,13.6,3.7,54.0,312.0,6.2,124.0,448.6,0.65,9.7,0.0,22.802000000000003,53.456900000000005,,0.02,0.19,0.3,0.0,,per 100g,2026-07-01T04:14:08.471742Z,2026-07-01T04:14:08.471742Z,4,0.8261,,kwaci,,not_matched,,,not_matched,,,not_matched,,,not_matched,,,not_matched,,,not_matched,
tkpi_0343,Melinjo emping tebal goreng manis,melinjo emping tebal goreng manis,TKPI,https://www.panganku.org/id-ID/view,Kacang-Kacangan,kacang-kacangan,5.6,439.0,10.0,16.4,65.7,1.6519999999999997,2.3,66.0,225.0,3.2779999999999996,47.133680000000005,260.08238,0.5026,1.51,0.9997400000000001,0.19080000000000003,0.0,,0.1,0.1974,2.897999999999999,0.0,,per 100g,2026-07-01T04:14:08.471742Z,2026-07-01T04:14:08.471742Z,12,0.4783,,melinjo emping tebal manis,,not_matched,,,not_matched,,,not_matched,,,not_matched,,,not_matched,,,not_matched,
tkpi_0344,"Melinjo emping tebal, goreng asin","melinjo emping tebal, goreng asin",TKPI,https://www.panganku.org/id-ID/view,Kacang-Kacangan,kacang-kacangan,8.0,431.0,11.1,16.2,63.0,1.4039999999999997,1.6,77.0,201.48,3.3379999999999983,51.46152,255.59983999999997,0.47400000000000003,1.486,0.43974,0.13496000000000002,0.0,,0.08,0.16519999999999999,2.847999999999999,0.0,,per 100g,2026-07-01T04:14:08.471742Z,2026-07-01T04:14:08.471742Z,13,0.4348,,melinjo emping tebal asin,,not_matched,,,not_matched,,,not_matched,,,not_matched,,,not_matched,,,not_matched,
tkpi_0345,Melinjo emping tipis goreng,melinjo emping tipis goreng,TKPI,https://www.panganku.org/id-ID/view,Kacang-Kacangan,kacang-kacangan,3.3,485.0,11.5,24.5,59.1,1.5359999999999994,1.5,85.0,218.0,4.211999999999998,43.20784,325.8587200000001,0.6326000000000002,1.6739999999999995,0.27948,0.7,0.0,,0.11,0.21599999999999997,3.2839999999999994,0.0,,per 100g,2026-07-01T04:14:08.471742Z,2026-07-01T04:14:08.471742Z,12,0.4783,,melinjo emping tipis,,not_matched,,,not_matched,,,not_matched,,,not_matched,,,not_matched,,,not_matched,
tkpi_0346,Moon tahu,moon tahu,TKPI,https://www.panganku.org/id-ID/view,Kacang-Kacangan,kacang-kacangan,79.9,128.0,8.0,10.0,1.3,0.2,0.8,205.0,92.0,2.5,393.0,217.88114000000002,0.26819999999999994,1.126,131.0,12.84116,5.3,,0.46,0.18779999999999994,1.1400000000000001,0.0,,per 100g,2026-07-01T04:14:08.471742Z,2026-07-01T04:14:08.471742Z,8,0.6522,"Tumisan terdiri dari campuran tahu, telur, ayam, kaldu dan bahan-bahan lainnya dikentalkan dengan tepung sagu.",moon tahu,,not_matched,,,not_matched,,,not_matched,,,not_matched,,,not_matched,,,not_matched,
tkpi_0347,Oncom,oncom,TKPI,https://www.panganku.org/id-ID/view,Kacang-Kacangan,kacang-kacangan,57.0,187.0,13.0,6.0,22.6,2.5679999999999996,1.4,96.0,115.0,27.0,92.23495999999999,249.03924000000006,0.5352,2.09,0.0,11.127140000000002,4.15608,,0.09,0.0,1.6,0.0,,per 100g,2026-07-01T04:14:08.471742Z,2026-07-01T04:14:08.471742Z,9,0.6087,,oncom,,not_matched,,,not_matched,,,not_matched,,,not_matched,,,not_matched,,,not_matched,
tkpi_0348,Oncom ampas kacang hijau,oncom ampas kacang hijau,TKPI,https://www.panganku.org/id-ID/view,Kacang-Kacangan,kacang-kacangan,13.4,376.0,14.9,6.0,65.7,12.3,1.7,199.0,110.0,10.9,37.42826,255.10456000000002,0.7189999999999998,3.826,0.14604,29.898200000000003,46.82706,,0.03,0.27379999999999993,1.9820000000000002,1.6,,per 100g,2026-07-01T04:14:08.471742Z,2026-07-01T04:14:08.471742Z,12,0.4783,,oncom ampas kacang hijau,,not_matched,,,not_matched,,,not_matched,,,not_matched,,,not_matched,,,not_matched,
tkpi_0349,Oncom kacang hijau + singkong,oncom kacang hijau  singkong,TKPI,https://www.panganku.org/id-ID/view,Kacang-Kacangan,kacang-kacangan,16.5,351.0,11.0,5.3,65.9,9.0,1.3,164.0,113.0,7.8,48.248639999999995,244.39912000000004,0.7501999999999999,2.7560000000000002,0.3,2.5021999999999998,8.94646,,0.01,0.2152,1.9999999999999998,1.12,,per 100g,2026-07-01T04:14:08.471742Z,2026-07-01T04:14:08.471742Z,12,0.4783,,oncom kacang hijau singkong,,not_matched,,,not_matched,,,not_matched,,,not_matched,,,not_matched,,,not_matched,
tkpi_0350,Oncom kacang tanah pepes,oncom kacang tanah pepes,TKPI,https://www.panganku.org/id-ID/view,Kacang-Kacangan,kacang-kacangan,65.0,132.0,12.7,3.8,13.7,3.1,4.8,133.0,355.0,34.4,370.39531999999997,318.3144,0.5964000000000002,1.8459999999999996,38.96,10.624879999999997,10.0,,0.08,0.2,0.7,0.0,,per 100g,2026-07-01T04:14:08.471742Z,2026-07-01T04:14:08.471742Z,8,0.6522,,oncom kacang tanah pepes,,not_matched,,,not_matched,,,not_matched,,,not_matched,,,not_matched,,,not_matched,
tkpi_0351,Rempeyek kacang tanah,rempeyek kacang tanah,TKPI,https://www.panganku.org/id-ID/view,Kacang-Kacangan,kacang-kacangan,3.9,513.0,17.5,32.5,44.3,1.7,1.8,65.0,202.0,2.6,45.09456,347.10223999999994,1.014,2.4960000000000004,0.51948,9.05188,0.0,,0.1,0.16499999999999995,4.663999999999999,0.0,,per 100g,2026-07-01T04:14:08.471742Z,2026-07-01T04:14:08.471742Z,10,0.5652,Nama lainnya adalah peyek. Gorengan tipis renyah yang terdiri dari campuran  tepung beras dan kacang tanah,rempeyek kacang tanah,,not_matched,,,not_matched,,,not_matched,,,not_matched,,,not_matched,,,not_matched,
tkpi_0352,Rempeyek kacang tolo,rempeyek kacang tolo,TKPI,https://www.panganku.org/id-ID/view,Kacang-Kacangan,kacang-kacangan,6.1,451.0,11.2,20.2,59.7,1.8,2.8,156.0,221.0,4.6,60.446720000000006,271.37766000000005,0.6464000000000002,2.418,0.13577999999999998,0.13188,0.0,,0.02,0.223,3.075999999999999,0.0,,per 100g,2026-07-01T04:14:08.471742Z,2026-07-01T04:14:08.471742Z,10,0.5652,Nama lainnya adalah peyek. Gorengan tipis renyah yang terdiri dari campuran  tepung beras dan kacang tolo,rempeyek kacang tolo,,not_matched,,,not_matched,,,not_matched,,,not_matched,,,not_matched,,,not_matched,
tkpi_0353,Rempeyek kacang uci,rempeyek kacang uci,TKPI,https://www.panganku.org/id-ID/view,Kacang-Kacangan,kacang-kacangan,4.0,497.0,17.0,27.6,50.8,2.4,3.4,166.0,89.0,6.7,565.1,372.8870800000001,1.1519999999999997,2.376,127.85608,24.026480000000003,0.0,,0.05,0.40940000000000004,2.9739999999999984,0.0,,per 100g,2026-07-01T04:14:08.471742Z,2026-07-01T04:14:08.471742Z,10,0.5652,Nama lainnya adalah peyek. Gorengan tipis renyah  yang terdiri dari campuran  tepung beras dan kacang uci,rempeyek kacang uci,,not_matched,,,not_matched,,,not_matched,,,not_matched,,,not_matched,,,not_matched,
tkpi_0354,Sayur lebui,sayur lebui,TKPI,https://www.panganku.org/id-ID/view,Kacang-Kacangan,kacang-kacangan,83.9,64.0,2.1,0.6,12.5,5.7,0.9,21.0,2.0,1.0,124.0,146.0,0.2,0.7,8.67092,14.0,75.60164,,0.5869999999999999,0.0,0.1,13.36,,per 100g,2026-07-01T04:14:08.471742Z,2026-07-01T04:14:08.471742Z,6,0.7391,"Bahan dasar kedelai hitam yang direbus bersama labu kuning, belimbing wuluh, tomat, cabai dan santan.",sayur lebui,,not_matched,,,not_matched,,,not_matched,,,not_matched,,,not_matched,,,not_matched,
tkpi_0355,"Saridele, bubuk","saridele, bubuk",TKPI,https://www.panganku.org/id-ID/view,Kacang-Kacangan,kacang-kacangan,3.0,344.0,30.0,20.0,43.0,6.2,4.0,450.0,500.0,4.0,56.0,2.572,2.99,4.0,3.3376799999999998,0.0,2.0,,0.7,0.16,2.0,10.0,,per 100g,2026-07-01T04:14:08.471742Z,2026-07-01T04:14:08.471742Z,3,0.8696,,saridele bubuk,,not_matched,,,not_matched,,,not_matched,,,not_matched,,,not_matched,,,not_matched,
tkpi_0356,Susu kedelai,susu kedelai,TKPI,https://www.panganku.org/id-ID/view,Kacang-Kacangan,kacang-kacangan,87.0,41.0,3.5,2.5,5.0,0.2,2.0,50.0,45.0,0.7,128.0,287.9,0.12,1.0,8.34,117.25488000000001,200.0,,0.08,0.05,0.7,2.0,,per 100g,2026-07-01T04:14:08.471742Z,2026-07-01T04:14:08.471742Z,4,0.8261,,susu kedelai,,not_matched,,,not_matched,,,not_matched,,,not_matched,,,not_matched,,,not_matched,
tkpi_0357,"Tahu, mentah","tahu, mentah",TKPI,https://www.panganku.org/id-ID/view,Kacang-Kacangan,kacang-kacangan,82.2,80.0,10.9,4.7,0.8,0.1,1.4,223.0,183.0,3.4,2.0,50.6,0.19,0.8,421.72,118.0,509.55584000000005,,0.01,0.08,0.1,17.88,,per 100g,2026-07-01T04:14:08.471742Z,2026-07-01T04:14:08.471742Z,5,0.7826,,tahu,,not_matched,,,not_matched,,,not_matched,,,not_matched,,,not_matched,,,not_matched,
tkpi_0358,Tahu goreng,tahu goreng,TKPI,https://www.panganku.org/id-ID/view,Kacang-Kacangan,kacang-kacangan,77.3,115.0,9.7,8.5,2.5,0.1,2.0,229.0,200.0,4.1,7.0,68.2,0.09,1.3,9.96772,0.0,0.0,,0.01,0.24,0.0,0.0,,per 100g,2026-07-01T04:14:08.471742Z,2026-07-01T04:14:08.471742Z,3,0.8696,,tahu,,not_matched,,,not_matched,,,not_matched,,,not_matched,,,not_matched,,,not_matched,
tkpi_0359,Tahu telur,tahu telur,TKPI,https://www.panganku.org/id-ID/view,Kacang-Kacangan,kacang-kacangan,41.8,328.0,12.6,19.9,24.6,0.4,1.1,492.0,238.0,4.9,755.0,240.67190000000002,0.5518000000000002,1.9040000000000001,73.0,33.9,1.86,,0.42,0.25420000000000004,2.904,0.0,,per 100g,2026-07-01T04:14:08.471742Z,2026-07-01T04:14:08.471742Z,8,0.6522,,tahu telur,,not_matched,,,not_matched,,,not_matched,,,not_matched,,,not_matched,,,not_matched,
tkpi_0360,Takwa,takwa,TKPI,https://www.panganku.org/id-ID/view,Kacang-Kacangan,kacang-kacangan,72.2,148.0,13.8,8.5,4.0,0.0,1.6,140.0,214.0,8.5,3.0,79.0,0.3,1.3,174.06,415.54,920.0,,0.2,0.1,0.8,3.14,,per 100g,2026-07-01T04:14:08.471742Z,2026-07-01T04:14:08.471742Z,5,0.7826,,takwa,,not_matched,,,not_matched,,,not_matched,,,not_matched,,,not_matched,,,not_matched,
tkpi_0361,Tauco,tauco,TKPI,https://www.panganku.org/id-ID/view,Kacang-Kacangan,kacang-kacangan,54.0,184.0,11.4,5.5,22.2,1.9,6.9,72.0,463.0,6.0,1.766,233.0,0.39,1.0,430.74,0.0,664.0,,0.32,0.2,0.8,0.0,,per 100g,2026-07-01T04:14:08.471742Z,2026-07-01T04:14:08.471742Z,3,0.8696,"Biji kedelai  yang telah direbus, dihaluskan dan diaduk dengan tepung terigu kemudian difermentasi",tauco,,not_matched,,,not_matched,,,not_matched,,,not_matched,,,not_matched,,,not_matched,
tkpi_0362,"Tauco cap beruang, cake","tauco cap beruang, cake",TKPI,https://www.panganku.org/id-ID/view,Kacang-Kacangan,kacang-kacangan,11.4,347.0,7.4,5.2,67.6,3.2,8.4,63.0,106.0,6.2,447.78625999999997,178.34846000000005,0.5823600000000001,1.6039999999999999,114.3,255.4862,936.0,,0.35,0.27539999999999987,11.718000000000002,0.0,,per 100g,2026-07-01T04:14:08.471742Z,2026-07-01T04:14:08.471742Z,10,0.5652,,tauco cap beruang cake,,not_matched,,,not_matched,,,not_matched,,,not_matched,,,not_matched,,,not_matched,
tkpi_0363,"Tauco cap DAS, cake","tauco cap das, cake",TKPI,https://www.panganku.org/id-ID/view,Kacang-Kacangan,kacang-kacangan,10.2,358.0,7.5,4.3,70.4,3.1,7.6,94.0,94.0,4.5,491.60301999999996,266.20664,0.6988800000000004,1.5959999999999999,155.18,182.88144,504.0,,0.29,0.21619999999999995,9.706000000000001,0.0,,per 100g,2026-07-01T04:14:08.471742Z,2026-07-01T04:14:08.471742Z,10,0.5652,,tauco cap das cake,,not_matched,,,not_matched,,,not_matched,,,not_matched,,,not_matched,,,not_matched,
tkpi_0364,Tauco cap meong,tauco cap meong,TKPI,https://www.panganku.org/id-ID/view,Kacang-Kacangan,kacang-kacangan,59.7,159.0,7.4,4.9,21.3,1.6,6.7,183.0,84.0,10.1,1.547,204.1,0.34,0.9,234.82,0.0,472.0,,0.46,0.18,0.7,0.0,,per 100g,2026-07-01T04:14:08.471742Z,2026-07-01T04:14:08.471742Z,3,0.8696,,tauco cap meong,,not_matched,,,not_matched,,,not_matched,,,not_matched,,,not_matched,,,not_matched,
tkpi_0365,Tauji cap singa,tauji cap singa,TKPI,https://www.panganku.org/id-ID/view,Kacang-Kacangan,kacang-kacangan,30.4,277.0,9.1,4.7,49.6,1.2,6.2,68.0,106.0,3.0,326.74842,128.85502000000002,0.2825999999999999,1.824,34.68,314.3382,936.0,,0.15,0.1686,2.014,0.0,,per 100g,2026-07-01T04:14:08.471742Z,2026-07-01T04:14:08.471742Z,10,0.5652,,tauji cap singa,,not_matched,,,not_matched,,,not_matched,,,not_matched,,,not_matched,,,not_matched,
tkpi_0366,Tempe bongkrek,tempe bongkrek,TKPI,https://www.panganku.org/id-ID/view,Kacang-Kacangan,kacang-kacangan,72.5,119.0,4.4,3.5,18.3,2.3760000000000003,146.3,27.0,100.0,2.6,76.31824,301.45252,0.31439999999999996,1.3939999999999995,0.0,12.03962,3.28694,,0.08,0.13419999999999999,8.971999999999998,0.0,,per 100g,2026-07-01T04:14:08.471742Z,2026-07-01T04:14:08.471742Z,11,0.5217,Bahan dasar kacang kedelai dan ampas kelapa yang difermentasi,tempe bongkrek,,not_matched,,,not_matched,,,not_matched,,,not_matched,,,not_matched,,,not_matched,
tkpi_0367,Tempe gembus P3G,tempe gembus p3g,TKPI,https://www.panganku.org/id-ID/view,Kacang-Kacangan,kacang-kacangan,81.9,73.0,5.7,1.3,10.3,4.2,0.8,204.0,80.0,1.5,32.885259999999995,180.59799999999998,6.800599999999996,1.274,2.52,11.601319999999998,22.0,,0.09,0.1,0.9,22.46,,per 100g,2026-07-01T04:14:08.471742Z,2026-07-01T04:14:08.471742Z,9,0.6087,Bahan dasar ampas tahu difermentasi oleh kapang tempe,tempe gembus,,not_matched,,,not_matched,,,not_matched,,,not_matched,,,not_matched,,,not_matched,
tkpi_0368,Tempe gembus yogya,tempe gembus yogya,TKPI,https://www.panganku.org/id-ID/view,Kacang-Kacangan,kacang-kacangan,80.7,76.0,6.8,0.7,10.6,5.3,1.1,76.0,142.0,16.5,125.64,157.25714,1.1024000000000003,3.0700000000000007,482.0,359.13433999999995,488.24784,,0.79,0.01,0.1,22.6,,per 100g,2026-07-01T04:14:08.471742Z,2026-07-01T04:14:08.471742Z,10,0.5652,,tempe gembus yogya,,not_matched,,,not_matched,,,not_matched,,,not_matched,,,not_matched,,,not_matched,
tkpi_0369,Tempe kacang babi,tempe kacang babi,TKPI,https://www.panganku.org/id-ID/view,Kacang-Kacangan,kacang-kacangan,64.0,139.0,12.5,0.8,21.9,1.8,1.2,68.0,182.0,2.6,44.36114,296.08268,0.3074,1.274,3.25974,2.5265400000000002,20.0,,0.1,0.10039999999999999,2.3980000000000006,8.36,,per 100g,2026-07-01T04:14:08.471742Z,2026-07-01T04:14:08.471742Z,11,0.5217,,tempe kacang babi,,not_matched,,,not_matched,,,not_matched,,,not_matched,,,not_matched,,,not_matched,
tkpi_0370,Tempe kacang belimbing,tempe kacang belimbing,TKPI,https://www.panganku.org/id-ID/view,Kacang-Kacangan,kacang-kacangan,58.2,212.0,17.5,10.0,12.9,2.9,1.4,186.0,160.0,2.2,46.071000000000005,318.97378000000003,0.32059999999999994,1.6400000000000003,0.98198,0.15584,9.30988,,0.2,0.2707999999999998,1.6420000000000001,0.96,,per 100g,2026-07-01T04:14:08.471742Z,2026-07-01T04:14:08.471742Z,12,0.4783,,tempe kacang belimbing,,not_matched,,,not_matched,,,not_matched,,,not_matched,,,not_matched,,,not_matched,
tkpi_0371,Tempe kedelai + jagung,tempe kedelai  jagung,TKPI,https://www.panganku.org/id-ID/view,Kacang-Kacangan,kacang-kacangan,70.6,143.0,12.0,5.5,11.4,1.9,0.6,155.0,156.0,6.8,267.66,301.44199999999995,0.2934,1.0939999999999999,85.32781999999999,5.99082,1.32,,0.33,0.15,1.2,4.58,,per 100g,2026-07-01T04:14:08.471742Z,2026-07-01T04:14:08.471742Z,9,0.6087,,tempe kedelai jagung,,not_matched,,,not_matched,,,not_matched,,,not_matched,,,not_matched,,,not_matched,
tkpi_0372,"Tempe kedelai murni, goreng","tempe kedelai murni, goreng",TKPI,https://www.panganku.org/id-ID/view,Kacang-Kacangan,kacang-kacangan,36.8,350.0,24.5,26.6,10.4,4.2,1.8,202.0,296.0,4.9,22.0,626.7,0.8,2.5,0.32593999999999995,46.299339999999994,78.0,,0.24,0.6,3.3,0.0,,per 100g,2026-07-01T04:14:08.471742Z,2026-07-01T04:14:08.471742Z,4,0.8261,,tempe kedelai murni,,not_matched,,,not_matched,,,not_matched,,,not_matched,,,not_matched,,,not_matched,
tkpi_0373,"Tempe kedelai murni, mentah","tempe kedelai murni, mentah",TKPI,https://www.panganku.org/id-ID/view,Kacang-Kacangan,kacang-kacangan,55.3,201.0,20.8,8.8,13.5,1.4,1.6,155.0,326.0,4.0,9.0,234.0,0.57,1.7,0.96492,0.0,8.6345,,0.19,0.59,4.9,0.1,,per 100g,2026-07-01T04:14:08.471742Z,2026-07-01T04:14:08.471742Z,5,0.7826,,tempe kedelai murni,,not_matched,,,not_matched,,,not_matched,,,not_matched,,,not_matched,,,not_matched,
tkpi_0374,Tempe koro benguk,tempe koro benguk,TKPI,https://www.panganku.org/id-ID/view,Kacang-Kacangan,kacang-kacangan,64.0,141.0,10.2,1.3,23.2,1.608,1.3,42.0,15.0,2.6,64.37092,307.93760000000003,19.6708,2.3580000000000005,0.0,0.81274,13.00614,,0.09,0.08419999999999998,1.572,0.0,,per 100g,2026-07-01T04:14:08.471742Z,2026-07-01T04:14:08.471742Z,11,0.5217,,tempe koro benguk,,not_matched,,,not_matched,,,not_matched,,,not_matched,,,not_matched,,,not_matched,
tkpi_0375,Tempe lamtoro,tempe lamtoro,TKPI,https://www.panganku.org/id-ID/view,Kacang-Kacangan,kacang-kacangan,66.8,128.0,10.7,0.5,21.3,7.1,0.7,203.0,108.0,0.6,160.14078,307.98199999999997,0.31779999999999997,1.1740000000000002,19.44,55.88,121.0,,0.17,0.10080000000000001,1.0559999999999998,2.0,,per 100g,2026-07-01T04:14:08.471742Z,2026-07-01T04:14:08.471742Z,10,0.5652,,tempe lamtoro,,not_matched,,,not_matched,,,not_matched,,,not_matched,,,not_matched,,,not_matched,
tkpi_0376,Tempe lamtoro var. gung dengan kulit,tempe lamtoro var. gung dengan kulit,TKPI,https://www.panganku.org/id-ID/view,Kacang-Kacangan,kacang-kacangan,65.1,146.0,11.7,2.3,19.6,7.6,1.3,128.0,41.0,6.8,273.43094,346.7698599999999,0.442,1.5579999999999996,73.94134,6.336819999999998,1.37,,0.19,0.32899999999999996,1.4,11.48,,per 100g,2026-07-01T04:14:08.471742Z,2026-07-01T04:14:08.471742Z,10,0.5652,,tempe lamtoro var gung dengan kulit,,not_matched,,,not_matched,,,not_matched,,,not_matched,,,not_matched,,,not_matched,
tkpi_0377,Tempe lamtoro var. gung tanpa kulit,tempe lamtoro var. gung tanpa kulit,TKPI,https://www.panganku.org/id-ID/view,Kacang-Kacangan,kacang-kacangan,67.1,131.0,18.0,0.8,13.0,1.3,1.1,95.0,154.0,12.4,47.019239999999996,297.06266,0.6053999999999998,1.392,5.920419999999999,7.202139999999998,5.9,,0.2,0.02,2.6,6.84,,per 100g,2026-07-01T04:14:08.471742Z,2026-07-01T04:14:08.471742Z,9,0.6087,,tempe lamtoro var gung tanpa kulit,,not_matched,,,not_matched,,,not_matched,,,not_matched,,,not_matched,,,not_matched,
tkpi_0378,Tempe pasar,tempe pasar,TKPI,https://www.panganku.org/id-ID/view,Kacang-Kacangan,kacang-kacangan,68.3,150.0,14.0,7.7,9.1,1.4,0.9,517.0,202.0,1.5,7.0,165.9,0.4,1.2,5.84746,0.0,11.661479999999997,,0.17,0.44,3.6,3.3,,per 100g,2026-07-01T04:14:08.471742Z,2026-07-01T04:14:08.471742Z,5,0.7826,,tempe pasar,,not_matched,,,not_matched,,,not_matched,,,not_matched,,,not_matched,,,not_matched,
tkpi_0379,Tempe pasar goreng,tempe pasar goreng,TKPI,https://www.panganku.org/id-ID/view,Kacang-Kacangan,kacang-kacangan,42.9,336.0,20.0,28.0,7.8,3.4,1.3,156.0,350.0,3.0,20.0,566.2,0.8,2.2,1.6377599999999999,0.60246,10.0,,0.1,0.5,3.0,0.0,,per 100g,2026-07-01T04:14:08.471742Z,2026-07-01T04:14:08.471742Z,4,0.8261,,tempe pasar,,not_matched,,,not_matched,,,not_matched,,,not_matched,,,not_matched,,,not_matched,
tkpi_0380,Tepung hunkwe (pati kacang ijo),tepung hunkwe (pati kacang ijo),TKPI,https://www.panganku.org/id-ID/view,Kacang-Kacangan,kacang-kacangan,10.0,364.0,4.5,1.0,83.5,16.1,1.0,50.0,100.0,1.0,15.0,1.232,0.93,2.7,0.0,309.82,349.38894,,0.0,0.23,2.2,0.0,,per 100g,2026-07-01T04:14:08.471742Z,2026-07-01T04:14:08.471742Z,4,0.8261,,tepung hunkwe pati kacang ijo,,not_matched,,,not_matched,,,not_matched,,,not_matched,,,not_matched,,,not_matched,
tkpi_0381,Tepung Jalejo,tepung jalejo,TKPI,https://www.panganku.org/id-ID/view,Kacang-Kacangan,kacang-kacangan,10.0,388.0,19.0,7.5,61.2,5.8,2.3,101.0,663.0,2.0,3.0,712.0,0.6,1.9,4.327640000000001,1.0,0.0,,0.02,0.7,1.6,9.0,,per 100g,2026-07-01T04:14:08.471742Z,2026-07-01T04:14:08.471742Z,3,0.8696,"Bahan dasar terdiri dari jagung, kedelai, kacang hijau. Khas Jakarta",tepung jalejo,,not_matched,,,not_matched,,,not_matched,,,not_matched,,,not_matched,,,not_matched,
tkpi_0382,Tepung kacang kedelai,tepung kacang kedelai,TKPI,https://www.panganku.org/id-ID/view,Kacang-Kacangan,kacang-kacangan,9.0,347.0,35.9,20.6,29.9,5.8,4.0,195.0,544.0,8.4,52.0,2.522,4.303,2.6,2.5997399999999997,0.0,140.0,,0.77,0.32,2.1,0.0,,per 100g,2026-07-01T04:14:08.471742Z,2026-07-01T04:14:08.471742Z,3,0.8696,,tepung kacang kedelai,,not_matched,,,not_matched,,,not_matched,,,not_matched,,,not_matched,,,not_matched,
tkpi_0383,"Akar tonjong, segar (Lotus root, fresh)","akar tonjong, segar (lotus root, fresh)",TKPI,https://www.panganku.org/id-ID/view,Sayuran,sayuran,86.7,45.0,1.1,0.4,10.8,1.2,1.0,72.0,125.0,1.3,96.0,1.147,0.02,0.2,0.0,83.0,90.0,,0.02,0.03,1.9,2.0,,per 100g,2026-07-01T04:14:08.471742Z,2026-07-01T04:14:08.471742Z,2,0.913,,akar tonjong lotus root,23.0,USDA_direct_medium,0.6346,,USDA_direct_medium,0.6346,0.03,USDA_direct_medium,0.6346,0.0,USDA_direct_medium,0.6346,0.258,USDA_direct_medium,0.6346,0.0,USDA_direct_medium,0.6346
tkpi_0384,"Ale,toge, segar","ale,toge, segar",TKPI,https://www.panganku.org/id-ID/view,Sayuran,sayuran,90.6,37.0,4.4,0.5,3.8,1.7,0.7,50.0,248.0,2.0,2.0,105.0,0.16,0.4,0.0,0.0,35.0,,0.02,0.09,0.6,46.0,,per 100g,2026-07-01T04:14:08.471742Z,2026-07-01T04:14:08.471742Z,2,0.913,,ale toge,,not_matched,,,not_matched,,,not_matched,,,not_matched,,,not_matched,,,not_matched,
tkpi_0385,"Andaliman, segar","andaliman, segar",TKPI,https://www.panganku.org/id-ID/view,Sayuran,sayuran,74.2,99.0,4.6,1.0,18.0,8.5,2.2,383.0,107.0,2.9,43.44,341.29864000000003,0.5088000000000001,1.0780000000000003,0.0,13.686120000000006,6.3,,3.0,0.11819999999999999,2.0940000000000007,15.0,,per 100g,2026-07-01T04:14:08.471742Z,2026-07-01T04:14:08.471742Z,9,0.6087,,andaliman,,not_matched,,,not_matched,,,not_matched,,,not_matched,,,not_matched,,,not_matched,
tkpi_0386,"Andewi, segar (Endive, fresh)","andewi, segar (endive, fresh)",TKPI,https://www.panganku.org/id-ID/view,Sayuran,sayuran,91.8,226.0,1.6,0.2,5.3,4.1,1.1,33.0,66.0,1.0,29.0,414.6,0.13,1.0,1.8,1.717,10.228620000000001,,0.14,0.09,0.5,10.0,,per 100g,2026-07-01T04:14:08.471742Z,2026-07-01T04:14:08.471742Z,4,0.8261,,andewi endive,15.0,USDA_direct_high,0.6865,0.25,USDA_direct_high,0.6865,0.048,USDA_direct_high,0.6865,0.0,USDA_direct_high,0.6865,0.02,USDA_direct_high,0.6865,0.0,USDA_direct_high,0.6865
tkpi_0387,"Bakung, segar (Welsh onion, fresh)","bakung, segar (welsh onion, fresh)",TKPI,https://www.panganku.org/id-ID/view,Sayuran,sayuran,92.5,27.0,2.0,0.2,4.2,3.8,1.1,19.0,20.0,0.5,37.0,340.0,0.2,0.3,0.36,1.08,10.516519999999998,,0.2,0.1,0.3,42.0,,per 100g,2026-07-01T04:14:08.471742Z,2026-07-01T04:14:08.471742Z,4,0.8261,,bakung welsh onion,23.0,USDA_direct_medium,0.478,2.18,USDA_direct_medium,0.478,0.067,USDA_direct_medium,0.478,0.0,USDA_direct_medium,0.478,0.072,USDA_direct_medium,0.478,0.0,USDA_direct_medium,0.478
tkpi_0388,"Baligo, segar (Wax gourd)","baligo, segar (wax gourd)",TKPI,https://www.panganku.org/id-ID/view,Sayuran,sayuran,96.1,15.0,0.4,0.2,3.0,0.4,0.3,19.0,19.0,0.4,2.0,131.1,0.02,0.6,0.92,0.0,69.00316,,0.04,0.02,0.3,13.0,,per 100g,2026-07-01T04:14:08.471742Z,2026-07-01T04:14:08.471742Z,4,0.8261,,baligo wax gourd,31.708955223880597,USDA_category_mean,0.2164,3.343490054249548,USDA_category_mean,0.2164,0.2398865153538051,USDA_category_mean,0.2164,0.7215980024968789,USDA_category_mean,0.2164,0.175552070263488,USDA_category_mean,0.2164,0.0075409836065573,USDA_category_mean,0.2164
tkpi_0389,"Bawang bombay, segar (Onion, fresh)","bawang bombay, segar (onion, fresh)",TKPI,https://www.panganku.org/id-ID/view,Sayuran,sayuran,87.5,43.0,1.4,0.2,10.3,2.0,0.6,32.0,44.0,0.5,12.0,9.6,0.1,0.3,1.79604,788.0,50.0,,0.03,0.21,0.4,9.0,,per 100g,2026-07-01T04:14:08.471742Z,2026-07-01T04:14:08.471742Z,3,0.8696,,bawang bombay onion,31.708955223880597,USDA_category_mean,0.2383,3.343490054249548,USDA_category_mean,0.2383,0.2398865153538051,USDA_category_mean,0.2383,0.7215980024968789,USDA_category_mean,0.2383,0.175552070263488,USDA_category_mean,0.2383,0.0075409836065573,USDA_category_mean,0.2383
tkpi_0390,"Bayam, segar (Spinach, fresh)","bayam, segar (spinach, fresh)",TKPI,https://www.panganku.org/id-ID/view,Sayuran,sayuran,94.5,16.0,0.9,0.4,2.9,0.7,1.3,166.0,76.0,3.5,16.0,456.4,0.13,0.4,0.24,2.699,2.293,,0.04,0.1,1.0,41.0,,per 100g,2026-07-01T04:14:08.471742Z,2026-07-01T04:14:08.471742Z,3,0.8696,,bayam spinach,79.0,USDA_direct_medium,0.6364,0.42,USDA_direct_medium,0.6364,0.063,USDA_direct_medium,0.6364,0.0,USDA_direct_medium,0.6364,0.195,USDA_direct_medium,0.6364,0.0,USDA_direct_medium,0.6364
tkpi_0391,"Bayam merah, segar (Spinach, red, fresh)","bayam merah, segar (spinach, red, fresh)",TKPI,https://www.panganku.org/id-ID/view,Sayuran,sayuran,88.5,41.0,2.2,0.8,6.3,2.2,2.2,520.0,80.0,7.0,20.0,60.0,0.2,0.8,0.0,7.325,10.563279999999995,,0.2,0.1,0.1,62.0,,per 100g,2026-07-01T04:14:08.471742Z,2026-07-01T04:14:08.471742Z,3,0.8696,,bayam merah spinach red,79.0,USDA_direct_medium,0.4611,0.42,USDA_direct_medium,0.4611,0.063,USDA_direct_medium,0.4611,0.0,USDA_direct_medium,0.4611,0.195,USDA_direct_medium,0.4611,0.0,USDA_direct_medium,0.4611
tkpi_0392,"Bit, segar (Beet, fresh)","bit, segar (beet, fresh)",TKPI,https://www.panganku.org/id-ID/view,Sayuran,sayuran,87.6,41.0,1.6,0.1,9.6,2.6,1.1,27.0,43.0,1.0,29.0,404.9,0.2,0.7,0.0,0.0,20.0,,0.02,0.05,0.3,10.0,,per 100g,2026-07-01T04:14:08.471742Z,2026-07-01T04:14:08.471742Z,3,0.8696,,bit beet,70.0,USDA_direct_medium,0.5289,0.5,USDA_direct_medium,0.5289,0.02,USDA_direct_medium,0.5289,0.0,USDA_direct_medium,0.5289,0.106,USDA_direct_medium,0.5289,0.0,USDA_direct_medium,0.5289
tkpi_0393,"Buah kelor (West Indian bean, fruit)","buah kelor (west indian bean, fruit)",TKPI,https://www.panganku.org/id-ID/view,Sayuran,sayuran,89.5,38.0,1.5,0.2,7.5,3.2,1.3,30.0,54.0,0.0,48.0,216.0,0.0,0.2,0.66,31.0,26.15028,,0.1,0.1,4.1,25.0,,per 100g,2026-07-01T04:14:08.471742Z,2026-07-01T04:14:08.471742Z,4,0.8261,,buah kelor west indian bean fruit,31.708955223880597,USDA_category_mean,0.2761,3.343490054249548,USDA_category_mean,0.2761,0.2398865153538051,USDA_category_mean,0.2761,0.7215980024968789,USDA_category_mean,0.2761,0.175552070263488,USDA_category_mean,0.2761,0.0075409836065573,USDA_category_mean,0.2761
tkpi_0394,Buah merah (Red fruit),buah merah (red fruit),TKPI,https://www.panganku.org/id-ID/view,Sayuran,sayuran,81.2,87.0,2.6,2.7,13.1,4.0,0.4,30.0,1.0,1.1,110.0,140.0,0.1,0.3,0.0,0.0,35.19754,,1.5,0.1,0.2,15.0,,per 100g,2026-07-01T04:14:08.471742Z,2026-07-01T04:14:08.471742Z,3,0.8696,,buah merah red fruit,31.708955223880597,USDA_category_mean,0.3684,3.343490054249548,USDA_category_mean,0.3684,0.2398865153538051,USDA_category_mean,0.3684,0.7215980024968789,USDA_category_mean,0.3684,0.175552070263488,USDA_category_mean,0.3684,0.0075409836065573,USDA_category_mean,0.3684
tkpi_0395,"Buncis, segar (Green bean, fresh)","buncis, segar (green bean, fresh)",TKPI,https://www.panganku.org/id-ID/view,Sayuran,sayuran,89.6,34.0,2.4,0.3,7.2,1.9,0.5,101.0,42.0,0.7,8.0,250.0,0.07,0.3,0.0,772.0,550.0,,0.05,0.4,2.8,11.0,,per 100g,2026-07-01T04:14:08.471742Z,2026-07-01T04:14:08.471742Z,2,0.913,,buncis green bean,31.708955223880597,USDA_category_mean,0.3233,3.343490054249548,USDA_category_mean,0.3233,0.2398865153538051,USDA_category_mean,0.3233,0.7215980024968789,USDA_category_mean,0.3233,0.175552070263488,USDA_category_mean,0.3233,0.0075409836065573,USDA_category_mean,0.3233
tkpi_0396,"Bunga pepaya, segar (Papaya, flower, fresh)","bunga pepaya, segar (papaya, flower, fresh)",TKPI,https://www.panganku.org/id-ID/view,Sayuran,sayuran,87.3,45.0,2.6,0.3,8.1,1.6,1.7,290.0,113.0,4.2,2.0,478.3,0.08,0.8,0.96,2.792,5.0,,0.01,0.28,1.0,23.0,,per 100g,2026-07-01T04:14:08.471742Z,2026-07-01T04:14:08.471742Z,3,0.8696,,bunga pepaya papaya flower,31.708955223880597,USDA_category_mean,0.3114,3.343490054249548,USDA_category_mean,0.3114,0.2398865153538051,USDA_category_mean,0.3114,0.7215980024968789,USDA_category_mean,0.3114,0.175552070263488,USDA_category_mean,0.3114,0.0075409836065573,USDA_category_mean,0.3114
tkpi_0397,"Bunga turi, segar (Hummingbird tree)","bunga turi, segar (hummingbird tree)",TKPI,https://www.panganku.org/id-ID/view,Sayuran,sayuran,90.4,42.0,2.0,1.1,6.1,3.3,0.4,28.0,23.0,0.8,29.0,97.4,0.1,0.6,1.72,1.2,0.0,,0.5,0.02,0.4,1.0,,per 100g,2026-07-01T04:14:08.471742Z,2026-07-01T04:14:08.471742Z,3,0.8696,,bunga turi hummingbird tree,31.708955223880597,USDA_category_mean,0.322,3.343490054249548,USDA_category_mean,0.322,0.2398865153538051,USDA_category_mean,0.322,0.7215980024968789,USDA_category_mean,0.322,0.175552070263488,USDA_category_mean,0.322,0.0075409836065573,USDA_category_mean,0.322
tkpi_0398,"Caisin, segar (Caisin, fresh)","caisin, segar (caisin, fresh)",TKPI,https://www.panganku.org/id-ID/view,Sayuran,sayuran,93.6,20.0,1.7,0.4,3.4,1.2,0.9,123.0,40.0,1.9,18.0,358.2,0.05,1.4,0.48,1.675,4.188,,0.04,0.19,0.6,3.0,,per 100g,2026-07-01T04:14:08.471742Z,2026-07-01T04:14:08.471742Z,3,0.8696,,caisin caisin,,not_matched,,,not_matched,,,not_matched,,,not_matched,,,not_matched,,,not_matched,
tkpi_0399,"Daun bangun-bangun, segar","daun bangun-bangun, segar",TKPI,https://www.panganku.org/id-ID/view,Sayuran,sayuran,92.5,27.0,1.3,0.6,4.0,1.0,1.6,279.0,40.0,13.6,4.0,144.0,0.32919999999999994,0.898,0.18,1.489,13.288,,0.16,0.1,0.0,5.0,,per 100g,2026-07-01T04:14:08.471742Z,2026-07-01T04:14:08.471742Z,5,0.7826,,daun bangun bangun,,not_matched,,,not_matched,,,not_matched,,,not_matched,,,not_matched,,,not_matched,
tkpi_0400,"Daun bawang  merah, segar (Shallot, leaf, fresh)","daun bawang merah, segar (shallot, leaf, fresh)",TKPI,https://www.panganku.org/id-ID/view,Sayuran,sayuran,89.1,41.0,2.0,0.3,7.8,2.1,0.8,60.0,40.0,2.3,30.0,90.0,0.1,0.3,0.0,218.0,351.96166,,0.1,0.1,0.2,11.0,,per 100g,2026-07-01T04:14:08.471742Z,2026-07-01T04:14:08.471742Z,3,0.8696,,daun bawang merah shallot leaf,,not_matched,,,not_matched,,,not_matched,,,not_matched,,,not_matched,,,not_matched,
tkpi_0401,"Daun bebuas, segar","daun bebuas, segar",TKPI,https://www.panganku.org/id-ID/view,Sayuran,sayuran,87.9,41.0,2.7,1.0,7.3,2.1,1.1,29.0,245.0,1.5,19.64,244.19199999999998,0.20959999999999993,0.57,0.0,3.7122200000000003,3.099,,0.01,0.0978,0.588,3.0,,per 100g,2026-07-01T04:14:08.471742Z,2026-07-01T04:14:08.471742Z,9,0.6087,,daun bebuas,,not_matched,,,not_matched,,,not_matched,,,not_matched,,,not_matched,,,not_matched,
tkpi_0402,"Daun belem, segar","daun belem, segar",TKPI,https://www.panganku.org/id-ID/view,Sayuran,sayuran,84.6,50.0,4.4,1.4,7.8,1.9,1.8,698.0,151.0,7.5,48.18308,218.42400000000006,0.4127999999999999,0.8460000000000004,0.0,12.168439999999999,13.072,,0.05,0.1482,1.4940000000000004,21.0,,per 100g,2026-07-01T04:14:08.471742Z,2026-07-01T04:14:08.471742Z,9,0.6087,,daun belem,,not_matched,,,not_matched,,,not_matched,,,not_matched,,,not_matched,,,not_matched,
tkpi_0403,"Daun bluntas, segar","daun bluntas, segar",TKPI,https://www.panganku.org/id-ID/view,Sayuran,sayuran,86.0,44.0,1.8,0.5,9.4,2.502,2.3,256.0,49.0,5.6,23.34,351.9871,0.2703999999999999,0.8019999999999999,0.44,4.4398800000000005,3.98,,0.02,0.15439999999999995,0.8360000000000002,30.0,,per 100g,2026-07-01T04:14:08.471742Z,2026-07-01T04:14:08.471742Z,11,0.5217,,daun bluntas,,not_matched,,,not_matched,,,not_matched,,,not_matched,,,not_matched,,,not_matched,
tkpi_0404,"Daun gandaria, segar (Gandaria, leaf, fresh)","daun gandaria, segar (gandaria, leaf, fresh)",TKPI,https://www.panganku.org/id-ID/view,Sayuran,sayuran,81.0,63.0,3.1,0.3,14.0,2.1,1.6,40.0,45.0,4.7,3.0,127.7,5.4556000000000004,5.782,297.38,503.0,600.0,,0.04,0.04,0.2,61.0,,per 100g,2026-07-01T04:14:08.471742Z,2026-07-01T04:14:08.471742Z,5,0.7826,,daun gandaria gandaria leaf,,not_matched,,,not_matched,,,not_matched,,,not_matched,,,not_matched,,,not_matched,
tkpi_0405,"Daun gedi besar, segar (Aibika, sunset hibiscus, big, fresh)","daun gedi besar, segar (aibika, sunset hibiscus, big, fresh)",TKPI,https://www.panganku.org/id-ID/view,Sayuran,sayuran,84.0,58.0,2.9,0.7,10.0,3.3,2.4,440.0,100.0,1.9,30.0,40.0,0.2,2.1,210.0,596.0,664.07064,,0.4,0.5,2.8,11.0,,per 100g,2026-07-01T04:14:08.471742Z,2026-07-01T04:14:08.471742Z,4,0.8261,,daun gedi besar aibika sunset hibiscus big,,not_matched,,,not_matched,,,not_matched,,,not_matched,,,not_matched,,,not_matched,
tkpi_0406,"Daun gedi kecil, segar (Aibika, sunset hibiscus, small, fresh)","daun gedi kecil, segar (aibika, sunset hibiscus, small, fresh)",TKPI,https://www.panganku.org/id-ID/view,Sayuran,sayuran,83.7,61.0,3.2,0.7,10.4,3.4,2.0,420.0,70.0,1.7,20.0,50.0,0.1,1.4,189.76,607.0,655.43424,,0.4,0.3,2.9,11.0,,per 100g,2026-07-01T04:14:08.471742Z,2026-07-01T04:14:08.471742Z,4,0.8261,,daun gedi kecil aibika sunset hibiscus small,,not_matched,,,not_matched,,,not_matched,,,not_matched,,,not_matched,,,not_matched,
tkpi_0407,"Daun gelang, segar (Purslane, leaf, fresh)","daun gelang, segar (purslane, leaf, fresh)",TKPI,https://www.panganku.org/id-ID/view,Sayuran,sayuran,90.3,30.0,1.3,0.7,5.8,1.3,1.9,350.0,210.0,11.9,5.0,333.3,0.31,1.2,0.0,4.701,1.954,,0.01,0.14,0.7,1.0,,per 100g,2026-07-01T04:14:08.471742Z,2026-07-01T04:14:08.471742Z,2,0.913,,daun gelang purslane leaf,68.0,USDA_direct_medium,0.572,,USDA_direct_medium,0.572,,USDA_direct_medium,0.572,0.0,USDA_direct_medium,0.572,0.073,USDA_direct_medium,0.572,0.0,USDA_direct_medium,0.572
tkpi_0408,"Daun gunda bali, segar","daun gunda bali, segar",TKPI,https://www.panganku.org/id-ID/view,Sayuran,sayuran,86.4,50.0,4.6,0.9,7.0,1.4,1.1,167.0,62.0,0.5,23.74,231.84449999999998,0.19779999999999995,0.6800000000000002,0.0,2.5375199999999993,6.571,,0.05,0.147,0.9240000000000002,20.0,,per 100g,2026-07-01T04:14:08.471742Z,2026-07-01T04:14:08.471742Z,9,0.6087,,daun gunda bali,,not_matched,,,not_matched,,,not_matched,,,not_matched,,,not_matched,,,not_matched,
tkpi_0409,"Daun gunda serang, segar","daun gunda serang, segar",TKPI,https://www.panganku.org/id-ID/view,Sayuran,sayuran,84.6,62.0,4.2,0.9,9.2,1.3,1.1,171.0,64.0,0.6,21.02,247.15800000000002,0.21239999999999992,0.652,0.0,2.385519999999999,7.347,,0.02,0.12619999999999998,0.7020000000000001,20.0,,per 100g,2026-07-01T04:14:08.471742Z,2026-07-01T04:14:08.471742Z,9,0.6087,,daun gunda serang,,not_matched,,,not_matched,,,not_matched,,,not_matched,,,not_matched,,,not_matched,
tkpi_0410,"Daun jambu mete muda, segar (Cashew Leaf, young, fresh)","daun jambu mete muda, segar (cashew leaf, young, fresh)",TKPI,https://www.panganku.org/id-ID/view,Sayuran,sayuran,78.0,78.0,4.6,0.5,16.2,3.0,0.7,33.0,64.0,8.9,14.0,670.5,1.2886000000000002,4.178,11.615419999999999,4.484,2.689,,0.02,1.12,1.1,65.0,,per 100g,2026-07-01T04:14:08.471742Z,2026-07-01T04:14:08.471742Z,5,0.7826,,daun jambu mete muda cashew leaf young,31.708955223880597,USDA_category_mean,0.222,3.343490054249548,USDA_category_mean,0.222,0.2398865153538051,USDA_category_mean,0.222,0.7215980024968789,USDA_category_mean,0.222,0.175552070263488,USDA_category_mean,0.222,0.0075409836065573,USDA_category_mean,0.222
tkpi_0411,"Daun jampang, segar","daun jampang, segar",TKPI,https://www.panganku.org/id-ID/view,Sayuran,sayuran,88.9,34.0,3.8,0.5,5.3,1.4,1.5,21.0,245.0,1.0,38.52,281.37199999999996,0.14999999999999994,0.4759999999999999,0.0,3.10422,4.357,,0.03,0.0962,0.7460000000000002,3.0,,per 100g,2026-07-01T04:14:08.471742Z,2026-07-01T04:14:08.471742Z,9,0.6087,,daun jampang,,not_matched,,,not_matched,,,not_matched,,,not_matched,,,not_matched,,,not_matched,
tkpi_0412,"Daun jawaw seluang, segar","daun jawaw seluang, segar",TKPI,https://www.panganku.org/id-ID/view,Sayuran,sayuran,77.2,93.0,5.0,1.3,15.3,3.9,1.2,146.0,103.0,5.3,2.0,434.0,0.5,1.5,7.2336,42.28642,75.97542,,0.1,0.7,1.7460000000000004,9.0,,per 100g,2026-07-01T04:14:08.471742Z,2026-07-01T04:14:08.471742Z,6,0.7391,,daun jawaw seluang,,not_matched,,,not_matched,,,not_matched,,,not_matched,,,not_matched,,,not_matched,
tkpi_0413,"Daun jonghe, segar (Sow thistle, fresh)","daun jonghe, segar (sow thistle, fresh)",TKPI,https://www.panganku.org/id-ID/view,Sayuran,sayuran,91.4,27.0,2.1,0.7,4.4,2.0,1.4,253.0,192.0,9.5,15.14,302.9399999999999,0.2624,0.8999999999999999,0.0,7.6985,5.057,,0.01,0.1604,1.0560000000000003,1.0,,per 100g,2026-07-01T04:14:08.471742Z,2026-07-01T04:14:08.471742Z,9,0.6087,,daun jonghe sow thistle,,not_matched,,,not_matched,,,not_matched,,,not_matched,,,not_matched,,,not_matched,
tkpi_0414,"Daun kacang ma, segar","daun kacang ma, segar",TKPI,https://www.panganku.org/id-ID/view,Sayuran,sayuran,89.1,36.0,2.9,0.6,6.8,1.8,0.6,64.0,220.0,2.2,7.0,485.3,0.2,0.3,0.0,2.893,4.377,,0.04,0.18,1.2,4.0,,per 100g,2026-07-01T04:14:08.471742Z,2026-07-01T04:14:08.471742Z,3,0.8696,,daun kacang,,not_matched,,,not_matched,,,not_matched,,,not_matched,,,not_matched,,,not_matched,
tkpi_0415,"Daun kacang panjang, segar (Yard-long bean, leaf, fresh)","daun kacang panjang, segar (yard-long bean, leaf, fresh)",TKPI,https://www.panganku.org/id-ID/view,Sayuran,sayuran,89.7,30.0,3.1,0.3,5.8,1.7,1.1,200.0,66.0,4.5,7.0,458.6,0.2,0.3,0.0,2.734,4.592,,0.33,0.2,1.1,30.0,,per 100g,2026-07-01T04:14:08.471742Z,2026-07-01T04:14:08.471742Z,2,0.913,,daun kacang panjang yard long bean leaf,31.708955223880597,USDA_category_mean,0.2074,3.343490054249548,USDA_category_mean,0.2074,0.2398865153538051,USDA_category_mean,0.2074,0.7215980024968789,USDA_category_mean,0.2074,0.175552070263488,USDA_category_mean,0.2074,0.0075409836065573,USDA_category_mean,0.2074
tkpi_0416,"Daun kasbi/singkong karet, segar (Ceara rubber tree,fresh)","daun kasbi/singkong karet, segar (ceara rubber tree,fresh)",TKPI,https://www.panganku.org/id-ID/view,Sayuran,sayuran,80.3,92.0,4.0,3.6,10.9,5.8,1.2,140.0,70.0,1.6,70.0,90.0,0.3,1.1,0.78,9.999,15.303759999999997,,0.1,0.2,0.1,74.0,,per 100g,2026-07-01T04:14:08.471742Z,2026-07-01T04:14:08.471742Z,4,0.8261,,daun kasbi singkong karet ceara rubber tree,31.708955223880597,USDA_category_mean,0.2487,3.343490054249548,USDA_category_mean,0.2487,0.2398865153538051,USDA_category_mean,0.2487,0.7215980024968789,USDA_category_mean,0.2487,0.175552070263488,USDA_category_mean,0.2487,0.0075409836065573,USDA_category_mean,0.2487
tkpi_0417,"Daun katuk, segar (Star goose berry, leaf, fresh)","daun katuk, segar (star goose berry, leaf, fresh)",TKPI,https://www.panganku.org/id-ID/view,Sayuran,sayuran,81.0,59.0,6.4,1.0,9.9,1.5,1.7,233.0,98.0,3.5,21.0,478.8,0.3,1.3,2.02386,9.152,10.02,,0.0,0.31,2.3,164.0,,per 100g,2026-07-01T04:14:08.471742Z,2026-07-01T04:14:08.471742Z,3,0.8696,,daun katuk star goose berry leaf,,not_matched,,,not_matched,,,not_matched,,,not_matched,,,not_matched,,,not_matched,
tkpi_0418,"Daun kecipir, segar (Winged bean, leaf, fresh)","daun kecipir, segar (winged bean, leaf, fresh)",TKPI,https://www.panganku.org/id-ID/view,Sayuran,sayuran,85.0,52.0,5.0,0.5,8.5,3.164000000000001,1.0,134.0,81.0,6.2,6.0,114.0,0.3,0.8,0.0,3.981,5.24,,0.28,0.4,2.2,29.0,,per 100g,2026-07-01T04:14:08.471742Z,2026-07-01T04:14:08.471742Z,4,0.8261,,daun kecipir winged bean leaf,8.0,USDA_direct_medium,0.5603,,USDA_direct_medium,0.5603,0.272,USDA_direct_medium,0.5603,0.0,USDA_direct_medium,0.5603,0.232,USDA_direct_medium,0.5603,0.0,USDA_direct_medium,0.5603
tkpi_0419,"Daun kedondong, segar (Ambarella, leaf, fresh)","daun kedondong, segar (ambarella, leaf, fresh)",TKPI,https://www.panganku.org/id-ID/view,Sayuran,sayuran,81.0,59.0,3.5,0.3,13.4,10.7,1.8,540.0,82.0,6.2,12.0,579.0,0.5905999999999999,0.8240000000000005,0.5,1.624,2.9,,0.06,0.2,1.5,29.0,,per 100g,2026-07-01T04:14:08.471742Z,2026-07-01T04:14:08.471742Z,5,0.7826,,daun kedondong ambarella leaf,,not_matched,,,not_matched,,,not_matched,,,not_matched,,,not_matched,,,not_matched,
tkpi_0420,"Daun kelor, segar (Drumstick tree, leaf, fresh)","daun kelor, segar (drumstick tree, leaf, fresh)",TKPI,https://www.panganku.org/id-ID/view,Sayuran,sayuran,75.5,92.0,5.1,1.6,14.3,8.2,3.5,1.077,76.0,6.0,61.0,298.0,0.1,0.6,1.88,3.266,11.904279999999998,,0.3,0.1,4.2,22.0,,per 100g,2026-07-01T04:14:08.471742Z,2026-07-01T04:14:08.471742Z,4,0.8261,,daun kelor drumstick tree leaf,31.708955223880597,USDA_category_mean,0.3764,3.343490054249548,USDA_category_mean,0.3764,0.2398865153538051,USDA_category_mean,0.3764,0.7215980024968789,USDA_category_mean,0.3764,0.175552070263488,USDA_category_mean,0.3764,0.0075409836065573,USDA_category_mean,0.3764
tkpi_0421,"Daun kemang, segar (Kemang, leaf, fresh)","daun kemang, segar (kemang, leaf, fresh)",TKPI,https://www.panganku.org/id-ID/view,Sayuran,sayuran,85.0,43.0,5.5,0.3,7.5,8.4,1.7,35.0,106.0,1.0,10.0,457.1,0.24560000000000007,1.2700000000000002,1.24,1.282,1.017,,0.06,0.1,1.2,30.0,,per 100g,2026-07-01T04:14:08.471742Z,2026-07-01T04:14:08.471742Z,5,0.7826,,daun kemang kemang leaf,,not_matched,,,not_matched,,,not_matched,,,not_matched,,,not_matched,,,not_matched,
tkpi_0422,"Daun kenikir, segar (Cosmos, leaf, fresh)","daun kenikir, segar (cosmos, leaf, fresh)",TKPI,https://www.panganku.org/id-ID/view,Sayuran,sayuran,87.6,45.0,3.7,0.5,6.6,5.8,1.7,328.0,65.0,2.7,6.0,431.0,0.1,0.6,2.73604,30.2,12.0,,0.5,0.3,4.5,0.0,,per 100g,2026-07-01T04:14:08.471742Z,2026-07-01T04:14:08.471742Z,3,0.8696,,daun kenikir cosmos leaf,,not_matched,,,not_matched,,,not_matched,,,not_matched,,,not_matched,,,not_matched,
tkpi_0423,"Daun kesum, segar (Garlic, leaf, fresh)","daun kesum, segar (garlic, leaf, fresh)",TKPI,https://www.panganku.org/id-ID/view,Sayuran,sayuran,84.8,48.0,4.5,0.8,9.1,1.6,0.8,125.0,142.0,2.6,11.0,174.7,0.4,1.2,0.0,4.216,8.715,,0.01,0.1,1.6,4.0,,per 100g,2026-07-01T04:14:08.471742Z,2026-07-01T04:14:08.471742Z,2,0.913,,daun kesum garlic leaf,25.0,USDA_direct_medium,0.6018,1.0,USDA_direct_medium,0.6018,0.089,USDA_direct_medium,0.6018,0.0,USDA_direct_medium,0.6018,1.235,USDA_direct_medium,0.6018,0.0,USDA_direct_medium,0.6018
tkpi_0424,"Daun kol sawi, segar (Indian mustard, fresh)","daun kol sawi, segar (indian mustard, fresh)",TKPI,https://www.panganku.org/id-ID/view,Sayuran,sayuran,93.1,22.0,2.1,0.5,3.6,0.9,0.7,200.0,92.0,3.2,19.0,386.2,0.1,0.2,0.0,1.806,2.177,,0.03,0.2,0.6,3.0,,per 100g,2026-07-01T04:14:08.471742Z,2026-07-01T04:14:08.471742Z,2,0.913,,daun kol sawi indian mustard,31.708955223880597,USDA_category_mean,0.2974,3.343490054249548,USDA_category_mean,0.2974,0.2398865153538051,USDA_category_mean,0.2974,0.7215980024968789,USDA_category_mean,0.2974,0.175552070263488,USDA_category_mean,0.2974,0.0075409836065573,USDA_category_mean,0.2974
tkpi_0425,"Daun koro, segar","daun koro, segar",TKPI,https://www.panganku.org/id-ID/view,Sayuran,sayuran,91.0,23.0,3.0,0.3,3.7,1.742,2.0,134.0,81.0,6.2,4.0,68.4,0.2,0.5,0.0,2.386,5.24,,0.28,0.2,1.3,29.0,,per 100g,2026-07-01T04:14:08.471742Z,2026-07-01T04:14:08.471742Z,4,0.8261,,daun koro,,not_matched,,,not_matched,,,not_matched,,,not_matched,,,not_matched,,,not_matched,
tkpi_0426,"Daun kubis, segar (Cabbage, fresh)","daun kubis, segar (cabbage, fresh)",TKPI,https://www.panganku.org/id-ID/view,Sayuran,sayuran,86.2,51.0,2.5,1.1,8.0,3.4,2.2,100.0,50.0,3.4,50.0,100.0,0.9,0.6,0.88,9.999,9.381220000000003,,0.4,0.1,0.2,16.0,,per 100g,2026-07-01T04:14:08.471742Z,2026-07-01T04:14:08.471742Z,4,0.8261,,daun kubis cabbage,12.0,USDA_direct_medium,0.5036,3.2,USDA_direct_medium,0.5036,0.034,USDA_direct_medium,0.5036,0.0,USDA_direct_medium,0.5036,0.124,USDA_direct_medium,0.5036,0.0,USDA_direct_medium,0.5036
tkpi_0427,"Daun kumak, segar (hyacinthbean, leaf, fresh)","daun kumak, segar (hyacinthbean, leaf, fresh)",TKPI,https://www.panganku.org/id-ID/view,Sayuran,sayuran,95.2,14.0,1.3,0.3,2.3,0.9,0.9,90.0,59.0,2.7,2.0,36.5,0.1,0.3,0.12,1.274,2.961,,0.01,0.0,0.5,3.0,,per 100g,2026-07-01T04:14:08.471742Z,2026-07-01T04:14:08.471742Z,3,0.8696,,daun kumak hyacinthbean leaf,,not_matched,,,not_matched,,,not_matched,,,not_matched,,,not_matched,,,not_matched,
tkpi_0428,"Daun labu siam, segar (Chayote, fresh)","daun labu siam, segar (chayote, fresh)",TKPI,https://www.panganku.org/id-ID/view,Sayuran,sayuran,89.7,34.0,4.0,0.4,4.7,3.5,1.2,58.0,70.0,2.5,16.0,630.7,0.2,0.3,0.0,4.773,2.025,,0.08,0.4,1.7,16.0,,per 100g,2026-07-01T04:14:08.471742Z,2026-07-01T04:14:08.471742Z,3,0.8696,,daun labu siam chayote,31.708955223880597,USDA_category_mean,0.376,3.343490054249548,USDA_category_mean,0.376,0.2398865153538051,USDA_category_mean,0.376,0.7215980024968789,USDA_category_mean,0.376,0.175552070263488,USDA_category_mean,0.376,0.0075409836065573,USDA_category_mean,0.376
tkpi_0429,"Daun labu waluh/kuning, segar (Pumkin, fresh)","daun labu waluh/kuning, segar (pumkin, fresh)",TKPI,https://www.panganku.org/id-ID/view,Sayuran,sayuran,89.7,34.0,3.6,0.6,4.5,2.9,1.6,138.0,99.0,3.7,16.0,630.7,0.2,0.3,0.0,1.258,2.75,,0.14,0.2,1.3,36.0,,per 100g,2026-07-01T04:14:08.471742Z,2026-07-01T04:14:08.471742Z,3,0.8696,,daun labu waluh kuning pumkin,,not_matched,,,not_matched,,,not_matched,,,not_matched,,,not_matched,,,not_matched,
tkpi_0430,"Daun lamtoro, segar (Leucaena, leaf, fresh)","daun lamtoro, segar (leucaena, leaf, fresh)",TKPI,https://www.panganku.org/id-ID/view,Sayuran,sayuran,74.0,87.0,8.3,1.8,14.4,3.3,1.5,725.0,174.0,3.9,10.0,197.7,0.5,1.4,0.0,6.9,13.04,,0.0,0.1,2.3,32.0,,per 100g,2026-07-01T04:14:08.471742Z,2026-07-01T04:14:08.471742Z,2,0.913,,daun lamtoro leucaena leaf,,not_matched,,,not_matched,,,not_matched,,,not_matched,,,not_matched,,,not_matched,
tkpi_0431,"Daun leilem, segar","daun leilem, segar",TKPI,https://www.panganku.org/id-ID/view,Sayuran,sayuran,79.4,76.0,2.8,0.2,15.8,3.1,1.8,296.0,22.0,3.4,6.0,46.0,0.5,1.1,266.74,753.0,630.0332,,0.3,0.1,2.5,22.0,,per 100g,2026-07-01T04:14:08.471742Z,2026-07-01T04:14:08.471742Z,4,0.8261,,daun leilem,,not_matched,,,not_matched,,,not_matched,,,not_matched,,,not_matched,,,not_matched,
tkpi_0432,"Daun leunca, segar (Glossy nightshde, fresh)","daun leunca, segar (glossy nightshde, fresh)",TKPI,https://www.panganku.org/id-ID/view,Sayuran,sayuran,85.0,49.0,4.7,0.5,8.1,3.458000000000001,1.7,210.0,80.0,6.1,14.78,451.73850000000004,0.2752,0.8260000000000002,0.0,8.35296,1.9,,0.14,0.24479999999999996,1.6420000000000001,40.0,,per 100g,2026-07-01T04:14:08.471742Z,2026-07-01T04:14:08.471742Z,11,0.5217,,daun leunca glossy nightshde,,not_matched,,,not_matched,,,not_matched,,,not_matched,,,not_matched,,,not_matched,
tkpi_0433,"Daun lobak, segar (Radish, leaf, fresh)","daun lobak, segar (radish, leaf, fresh)",TKPI,https://www.panganku.org/id-ID/view,Sayuran,sayuran,90.0,30.0,2.3,0.4,5.8,3.2,1.4,140.0,33.0,3.7,16.0,747.4,0.2,0.2,11.361479999999998,5.039,1.0,,0.07,1.1,6.5,109.0,,per 100g,2026-07-01T04:14:08.471742Z,2026-07-01T04:14:08.471742Z,3,0.8696,,daun lobak radish leaf,44.0,USDA_direct_medium,0.5105,,USDA_direct_medium,0.5105,0.767,USDA_direct_medium,0.5105,0.0,USDA_direct_medium,0.5105,0.285,USDA_direct_medium,0.5105,0.0,USDA_direct_medium,0.5105
tkpi_0434,"Daun lompong talas, segar (Taro, leaf, fresh)","daun lompong talas, segar (taro, leaf, fresh)",TKPI,https://www.panganku.org/id-ID/view,Sayuran,sayuran,87.2,44.0,3.0,0.8,7.4,3.3,1.6,76.0,59.0,1.0,3.0,578.4,0.2,0.4,0.037320000000000006,2.584,2.0,,0.08,0.4,1.4,31.0,,per 100g,2026-07-01T04:14:08.471742Z,2026-07-01T04:14:08.471742Z,3,0.8696,,daun lompong talas taro leaf,33.0,USDA_direct_medium,0.4275,0.4,USDA_direct_medium,0.4275,0.041,USDA_direct_medium,0.4275,0.0,USDA_direct_medium,0.4275,0.283,USDA_direct_medium,0.4275,0.0,USDA_direct_medium,0.4275
tkpi_0435,"Daun mangkokan, segar","daun mangkokan, segar",TKPI,https://www.panganku.org/id-ID/view,Sayuran,sayuran,82.0,57.0,3.7,0.3,11.8,3.776,2.2,474.0,49.0,4.0,32.90608,414.91996,1.5696,5.298000000000001,0.66,7.5103800000000005,5.45,,0.06,0.2851999999999999,2.3000000000000003,83.0,,per 100g,2026-07-01T04:14:08.471742Z,2026-07-01T04:14:08.471742Z,11,0.5217,,daun mangkokan,,not_matched,,,not_matched,,,not_matched,,,not_matched,,,not_matched,,,not_matched,
tkpi_0436,"Daun matel ambon, segar","daun matel ambon, segar",TKPI,https://www.panganku.org/id-ID/view,Sayuran,sayuran,77.1,71.0,6.8,1.6,11.5,4.6,3.0,93.0,95.0,10.2,61.82784000000001,200.15399999999994,6.9902,1.4380000000000004,0.0,17.9395,49.0,,0.08,0.15519999999999998,1.5560000000000003,26.0,,per 100g,2026-07-01T04:14:08.471742Z,2026-07-01T04:14:08.471742Z,9,0.6087,,daun matel ambon,,not_matched,,,not_matched,,,not_matched,,,not_matched,,,not_matched,,,not_matched,
tkpi_0437,"Daun melinjo, segar (Spanish joint fir, leaf, fresh)","daun melinjo, segar (spanish joint fir, leaf, fresh)",TKPI,https://www.panganku.org/id-ID/view,Sayuran,sayuran,70.8,104.0,5.0,1.3,21.3,10.3,1.6,219.0,82.0,4.2,12.0,604.8,0.4,0.6,0.04,823.0,10.0,,0.09,0.36899999999999983,2.114,182.0,,per 100g,2026-07-01T04:14:08.471742Z,2026-07-01T04:14:08.471742Z,5,0.7826,,daun melinjo spanish joint fir leaf,31.708955223880597,USDA_category_mean,0.2473,3.343490054249548,USDA_category_mean,0.2473,0.2398865153538051,USDA_category_mean,0.2473,0.7215980024968789,USDA_category_mean,0.2473,0.175552070263488,USDA_category_mean,0.2473,0.0075409836065573,USDA_category_mean,0.2473
tkpi_0438,"Daun mengkudu, segar (Noni, leaf, fresh)","daun mengkudu, segar (noni, leaf, fresh)",TKPI,https://www.panganku.org/id-ID/view,Sayuran,sayuran,80.9,65.0,4.0,1.7,11.4,3.9,2.0,296.0,40.0,6.9,42.23853999999999,271.3,0.29860000000000003,0.9720000000000002,0.0,2.0,4.958,,0.01,0.1,5.7,35.0,,per 100g,2026-07-01T04:14:08.471742Z,2026-07-01T04:14:08.471742Z,6,0.7391,,daun mengkudu noni leaf,,not_matched,,,not_matched,,,not_matched,,,not_matched,,,not_matched,,,not_matched,
tkpi_0439,"Daun ndusuk, segar","daun ndusuk, segar",TKPI,https://www.panganku.org/id-ID/view,Sayuran,sayuran,56.0,166.0,1.7,0.5,38.8,10.7,3.0,40.0,20.0,1.8,40.0,310.0,0.2,0.7,0.0,14.457,28.0632,,0.4,0.1,0.1,30.0,,per 100g,2026-07-01T04:14:08.471742Z,2026-07-01T04:14:08.471742Z,4,0.8261,,daun ndusuk,,not_matched,,,not_matched,,,not_matched,,,not_matched,,,not_matched,,,not_matched,
tkpi_0440,"Daun oyong, segar (Angled loofah, leaf, fresh)","daun oyong, segar (angled loofah, leaf, fresh)",TKPI,https://www.panganku.org/id-ID/view,Sayuran,sayuran,93.0,22.0,1.0,0.1,5.3,2.0,0.6,21.0,44.0,2.0,40.0,295.5,0.1,0.2,0.08,855.0,1.0,,0.08,0.1,0.8,150.0,,per 100g,2026-07-01T04:14:08.471742Z,2026-07-01T04:14:08.471742Z,3,0.8696,,daun oyong angled loofah leaf,,not_matched,,,not_matched,,,not_matched,,,not_matched,,,not_matched,,,not_matched,
tkpi_0441,"Daun pakis, segar (Fern, leaf, fresh)","daun pakis, segar (fern, leaf, fresh)",TKPI,https://www.panganku.org/id-ID/view,Sayuran,sayuran,86.8,39.0,4.5,0.4,6.9,2.0,1.4,136.0,159.0,2.3,20.0,201.9,0.2,0.3,0.0,1.625,3.292,,0.02,0.1,0.5,3.0,,per 100g,2026-07-01T04:14:08.471742Z,2026-07-01T04:14:08.471742Z,2,0.913,,daun pakis fern leaf,31.708955223880597,USDA_category_mean,0.3959,3.343490054249548,USDA_category_mean,0.3959,0.2398865153538051,USDA_category_mean,0.3959,0.7215980024968789,USDA_category_mean,0.3959,0.175552070263488,USDA_category_mean,0.3959,0.0075409836065573,USDA_category_mean,0.3959
tkpi_0442,"Daun pakis longgiho, segar (Fern,longiho, leaf, fresh)","daun pakis longgiho, segar (fern,longiho, leaf, fresh)",TKPI,https://www.panganku.org/id-ID/view,Sayuran,sayuran,89.5,54.0,2.2,3.6,3.1,2.1,1.6,40.0,80.0,0.7,70.0,500.0,0.4,0.1,2.35604,168.0,183.07886,,0.4,0.3,0.2,8.0,,per 100g,2026-07-01T04:14:08.471742Z,2026-07-01T04:14:08.471742Z,4,0.8261,,daun pakis longgiho fern longiho leaf,31.708955223880597,USDA_category_mean,0.2805,3.343490054249548,USDA_category_mean,0.2805,0.2398865153538051,USDA_category_mean,0.2805,0.7215980024968789,USDA_category_mean,0.2805,0.175552070263488,USDA_category_mean,0.2805,0.0075409836065573,USDA_category_mean,0.2805
tkpi_0443,"Daun pakis wambateu, segar (Fern, wambateu, leaf fresh)","daun pakis wambateu, segar (fern, wambateu, leaf fresh)",TKPI,https://www.panganku.org/id-ID/view,Sayuran,sayuran,86.9,53.0,3.4,1.2,7.2,4.8,1.3,30.0,100.0,0.3,20.0,200.0,0.2,0.3,287.5,191.0,489.4415,,0.7,0.2,0.3,6.0,,per 100g,2026-07-01T04:14:08.471742Z,2026-07-01T04:14:08.471742Z,4,0.8261,,daun pakis wambateu fern wambateu leaf,31.708955223880597,USDA_category_mean,0.2292,3.343490054249548,USDA_category_mean,0.2292,0.2398865153538051,USDA_category_mean,0.2292,0.7215980024968789,USDA_category_mean,0.2292,0.175552070263488,USDA_category_mean,0.2292,0.0075409836065573,USDA_category_mean,0.2292
tkpi_0444,"Daun paku, segar (Fern, paku, leaf fresh)","daun paku, segar (fern, paku, leaf fresh)",TKPI,https://www.panganku.org/id-ID/view,Sayuran,sayuran,88.8,29.0,3.4,0.1,6.5,4.3,1.2,13.0,88.0,1.3,19.0,434.0,0.5,0.7,408.92,18.0,592.6921600000001,,0.2,0.1,11.7,10.0,,per 100g,2026-07-01T04:14:08.471742Z,2026-07-01T04:14:08.471742Z,4,0.8261,,daun paku fern paku leaf,31.708955223880597,USDA_category_mean,0.2561,3.343490054249548,USDA_category_mean,0.2561,0.2398865153538051,USDA_category_mean,0.2561,0.7215980024968789,USDA_category_mean,0.2561,0.175552070263488,USDA_category_mean,0.2561,0.0075409836065573,USDA_category_mean,0.2561
tkpi_0445,"Daun pangi,segar (Kepayang (Malay), leaf, fresh)","daun pangi,segar (kepayang (malay), leaf, fresh)",TKPI,https://www.panganku.org/id-ID/view,Sayuran,sayuran,76.1,104.0,3.9,0.6,17.9,8.3,1.5,256.0,22.0,1.8,4.0,266.0,1.7,0.5,0.27974,55.0,99.9462,,0.4,0.1,0.1,23.0,,per 100g,2026-07-01T04:14:08.471742Z,2026-07-01T04:14:08.471742Z,4,0.8261,,daun pangi kepayang malay leaf,,not_matched,,,not_matched,,,not_matched,,,not_matched,,,not_matched,,,not_matched,
tkpi_0446,"Daun pare, segar (Bitter guard, leaf, fresh)","daun pare, segar (bitter guard, leaf, fresh)",TKPI,https://www.panganku.org/id-ID/view,Sayuran,sayuran,87.3,49.0,2.7,1.0,8.4,3.0,1.6,217.0,70.0,3.3,7.0,498.0,0.4,1.2,0.0,1.8,4.1703,,0.4,0.2,0.6,7.0,,per 100g,2026-07-01T04:14:08.471742Z,2026-07-01T04:14:08.471742Z,4,0.8261,,daun pare bitter guard leaf,31.708955223880597,USDA_category_mean,0.2041,3.343490054249548,USDA_category_mean,0.2041,0.2398865153538051,USDA_category_mean,0.2041,0.7215980024968789,USDA_category_mean,0.2041,0.175552070263488,USDA_category_mean,0.2041,0.0075409836065573,USDA_category_mean,0.2041
tkpi_0447,"Daun pepaya, segar (Papaya, leaf, fresh)","daun pepaya, segar (papaya, leaf, fresh)",TKPI,https://www.panganku.org/id-ID/view,Sayuran,sayuran,75.4,87.0,8.0,2.0,11.9,1.5,2.7,353.0,63.0,0.8,4.0,926.6,0.2,1.5,2.06576,5.409,18.25,,0.15,0.5,1.9,140.0,,per 100g,2026-07-01T04:14:08.471742Z,2026-07-01T04:14:08.471742Z,3,0.8696,,daun pepaya papaya leaf,,not_matched,,,not_matched,,,not_matched,,,not_matched,,,not_matched,,,not_matched,
tkpi_0448,"Daun pohpohan, segar (Pilea, leaf, fresh)","daun pohpohan, segar (pilea, leaf, fresh)",TKPI,https://www.panganku.org/id-ID/view,Sayuran,sayuran,87.4,37.0,2.5,0.8,6.9,2.6,2.4,744.0,80.0,5.9,23.3,246.87200000000004,0.3238,0.9339999999999997,0.0,8.70504,7.378,,0.03,0.14799999999999994,0.8320000000000003,5.0,,per 100g,2026-07-01T04:14:08.471742Z,2026-07-01T04:14:08.471742Z,9,0.6087,,daun pohpohan pilea leaf,,not_matched,,,not_matched,,,not_matched,,,not_matched,,,not_matched,,,not_matched,
tkpi_0449,"Daun selasih, segar (Hoary basil, leaf, fresh)","daun selasih, segar (hoary basil, leaf, fresh)",TKPI,https://www.panganku.org/id-ID/view,Sayuran,sayuran,83.1,62.0,4.0,0.5,10.5,5.3,1.9,122.0,16.0,13.9,3.0,259.0,0.4,0.7,0.0,4.112,14.738540000000002,,0.5,0.1,0.2,24.0,,per 100g,2026-07-01T04:14:08.471742Z,2026-07-01T04:14:08.471742Z,3,0.8696,,daun selasih hoary basil leaf,,not_matched,,,not_matched,,,not_matched,,,not_matched,,,not_matched,,,not_matched,
tkpi_0450,"Daun semanggi, segar","daun semanggi, segar",TKPI,https://www.panganku.org/id-ID/view,Sayuran,sayuran,84.7,45.0,4.4,0.5,8.5,1.9,1.9,98.0,90.0,7.0,64.0,520.7,0.5,0.3,0.0,64.0,3.365,,0.01,0.5,0.7,6.0,,per 100g,2026-07-01T04:14:08.471742Z,2026-07-01T04:14:08.471742Z,2,0.913,,daun semanggi,,not_matched,,,not_matched,,,not_matched,,,not_matched,,,not_matched,,,not_matched,
tkpi_0451,"Daun simpur, segar","daun simpur, segar",TKPI,https://www.panganku.org/id-ID/view,Sayuran,sayuran,86.2,53.0,3.2,2.5,7.6,1.6,0.9,228.0,194.0,3.5,48.295159999999996,236.43400000000003,0.2708,0.818,0.0,5.01344,3.346,,0.02,0.1458,0.444,5.0,,per 100g,2026-07-01T04:14:08.471742Z,2026-07-01T04:14:08.471742Z,9,0.6087,,daun simpur,,not_matched,,,not_matched,,,not_matched,,,not_matched,,,not_matched,,,not_matched,
tkpi_0452,"Daun singkil, segar","daun singkil, segar",TKPI,https://www.panganku.org/id-ID/view,Sayuran,sayuran,80.9,68.0,2.0,1.0,15.2,3.3,0.9,178.0,86.0,2.1,10.96,259.834,0.21439999999999995,0.7619999999999999,0.0,2.08668,6.042,,0.02,0.09699999999999999,0.506,3.0,,per 100g,2026-07-01T04:14:08.471742Z,2026-07-01T04:14:08.471742Z,10,0.5652,,daun singkil,,not_matched,,,not_matched,,,not_matched,,,not_matched,,,not_matched,,,not_matched,
tkpi_0453,"Daun singkong, segar (Casava, leaf, fresh)","daun singkong, segar (casava, leaf, fresh)",TKPI,https://www.panganku.org/id-ID/view,Sayuran,sayuran,84.4,50.0,6.2,1.1,7.1,2.4,1.2,166.0,99.0,1.3,17.0,23.1,0.1,2.0,0.0,3.204,7.052,,0.04,0.1,1.8,103.0,,per 100g,2026-07-01T04:14:08.471742Z,2026-07-01T04:14:08.471742Z,2,0.913,,daun singkong casava leaf,,not_matched,,,not_matched,,,not_matched,,,not_matched,,,not_matched,,,not_matched,
tkpi_0454,"Daun singkong ambon, segar (Casava, ambon, leaf, fresh)","daun singkong ambon, segar (casava, ambon, leaf, fresh)",TKPI,https://www.panganku.org/id-ID/view,Sayuran,sayuran,58.0,144.0,12.7,1.2,25.2,10.2,2.9,165.0,54.0,3.9,44.0,62.2,0.2,5.4,10.05904,8.627,13.0,,0.21,1.0,4.2,220.0,,per 100g,2026-07-01T04:14:08.471742Z,2026-07-01T04:14:08.471742Z,3,0.8696,,daun singkong ambon casava ambon leaf,,not_matched,,,not_matched,,,not_matched,,,not_matched,,,not_matched,,,not_matched,
tkpi_0455,"Daun singkong ampenan, segar (Casava, ampenan, leaf, fresh)","daun singkong ampenan, segar (casava, ampenan, leaf, fresh)",TKPI,https://www.panganku.org/id-ID/view,Sayuran,sayuran,84.4,50.0,6.2,1.1,7.1,2.4,1.2,352.0,123.0,2.7,49.0,570.0,0.2,1.3,2.8876600000000003,7.917,9.061619999999998,,0.5,0.1,1.6,103.0,,per 100g,2026-07-01T04:14:08.471742Z,2026-07-01T04:14:08.471742Z,4,0.8261,,daun singkong ampenan casava ampenan leaf,,not_matched,,,not_matched,,,not_matched,,,not_matched,,,not_matched,,,not_matched,
tkpi_0456,"Daun singkong kopang, segar (Casava, kopang, leaf, fresh)","daun singkong kopang, segar (casava, kopang, leaf, fresh)",TKPI,https://www.panganku.org/id-ID/view,Sayuran,sayuran,81.1,74.0,6.3,0.7,10.7,4.6,1.2,142.0,115.0,1.7,32.0,382.0,0.2,1.5,1.96386,3.882,18.29938,,0.5,0.5,1.9,211.0,,per 100g,2026-07-01T04:14:08.471742Z,2026-07-01T04:14:08.471742Z,4,0.8261,,daun singkong kopang casava kopang leaf,,not_matched,,,not_matched,,,not_matched,,,not_matched,,,not_matched,,,not_matched,
tkpi_0457,"Daun sintrong, segar","daun sintrong, segar",TKPI,https://www.panganku.org/id-ID/view,Sayuran,sayuran,88.5,36.0,2.6,0.9,6.1,1.7,1.9,398.0,95.0,9.3,64.0,444.4,0.1,0.4,0.0,10.178,8.868,,0.03,0.2,0.9,3.0,,per 100g,2026-07-01T04:14:08.471742Z,2026-07-01T04:14:08.471742Z,2,0.913,,daun sintrong,,not_matched,,,not_matched,,,not_matched,,,not_matched,,,not_matched,,,not_matched,
tkpi_0458,"Daun talas, segar (Taro, leaf, fresh)","daun talas, segar (taro, leaf, fresh)",TKPI,https://www.panganku.org/id-ID/view,Sayuran,sayuran,81.1,59.0,3.0,0.4,13.5,3.0,2.0,236.0,50.0,2.4,4.0,854.1,0.4,0.5,0.0,3.816,5.74,,0.07,0.6,2.0,24.0,,per 100g,2026-07-01T04:14:08.471742Z,2026-07-01T04:14:08.471742Z,2,0.913,,daun talas taro leaf,33.0,USDA_direct_medium,0.5304,0.4,USDA_direct_medium,0.5304,0.041,USDA_direct_medium,0.5304,0.0,USDA_direct_medium,0.5304,0.283,USDA_direct_medium,0.5304,0.0,USDA_direct_medium,0.5304
tkpi_0459,"Daun tespong, segar (Water dropwort, fresh)","daun tespong, segar (water dropwort, fresh)",TKPI,https://www.panganku.org/id-ID/view,Sayuran,sayuran,81.0,70.0,2.9,0.3,13.9,2.3,1.9,155.0,65.0,2.5,72.0,448.1819999999999,0.15,0.9,7.196280000000001,171.0,2.5,,0.05,0.7,1.4,21.0,,per 100g,2026-07-01T04:14:08.471742Z,2026-07-01T04:14:08.471742Z,4,0.8261,,daun tespong water dropwort,31.708955223880597,USDA_category_mean,0.3003,3.343490054249548,USDA_category_mean,0.3003,0.2398865153538051,USDA_category_mean,0.3003,0.7215980024968789,USDA_category_mean,0.3003,0.175552070263488,USDA_category_mean,0.3003,0.0075409836065573,USDA_category_mean,0.3003
tkpi_0460,"Daun ubi kuning, segar (Sweet potato, yeallowish, leaf, fresh)","daun ubi kuning, segar (sweet potato, yeallowish, leaf, fresh)",TKPI,https://www.panganku.org/id-ID/view,Sayuran,sayuran,83.5,62.0,3.7,0.3,11.1,6.4,1.4,170.0,40.0,0.6,10.0,0.0,0.2,0.5,0.36,3.564,14.544199999999998,,0.3,0.3,1.2,4.0,,per 100g,2026-07-01T04:14:08.471742Z,2026-07-01T04:14:08.471742Z,4,0.8261,,daun ubi kuning sweet potato yeallowish leaf,31.708955223880597,USDA_category_mean,0.394,3.343490054249548,USDA_category_mean,0.394,0.2398865153538051,USDA_category_mean,0.394,0.7215980024968789,USDA_category_mean,0.394,0.175552070263488,USDA_category_mean,0.394,0.0075409836065573,USDA_category_mean,0.394
tkpi_0461,"Daun ubi merah, segar (Sweet potato, redish, leaf, freah)","daun ubi merah, segar (sweet potato, redish, leaf, freah)",TKPI,https://www.panganku.org/id-ID/view,Sayuran,sayuran,84.4,48.0,3.0,0.3,10.8,1.4,1.5,80.0,81.0,6.4,33.0,517.3,0.0,0.4,0.0,5.453,4.697,,0.1,0.2,1.2,27.0,,per 100g,2026-07-01T04:14:08.471742Z,2026-07-01T04:14:08.471742Z,2,0.913,,daun ubi merah sweet potato redish leaf freah,31.708955223880597,USDA_category_mean,0.356,3.343490054249548,USDA_category_mean,0.356,0.2398865153538051,USDA_category_mean,0.356,0.7215980024968789,USDA_category_mean,0.356,0.175552070263488,USDA_category_mean,0.356,0.0075409836065573,USDA_category_mean,0.356
tkpi_0462,"Daun ubi putih, segar (Sweet potato, whitish, leaf, fresh)","daun ubi putih, segar (sweet potato, whitish, leaf, fresh)",TKPI,https://www.panganku.org/id-ID/view,Sayuran,sayuran,87.5,46.0,2.8,0.2,8.2,4.8,1.3,120.0,50.0,0.8,10.0,0.0,0.2,0.5,0.0,103.0,119.28938,,0.3,0.3,0.9,8.0,,per 100g,2026-07-01T04:14:08.471742Z,2026-07-01T04:14:08.471742Z,4,0.8261,,daun ubi putih sweet potato whitish leaf,31.708955223880597,USDA_category_mean,0.3993,3.343490054249548,USDA_category_mean,0.3993,0.2398865153538051,USDA_category_mean,0.3993,0.7215980024968789,USDA_category_mean,0.3993,0.175552070263488,USDA_category_mean,0.3993,0.0075409836065573,USDA_category_mean,0.3993
tkpi_0463,"Daun ubi tinta, segar (Sweet potato, purpleish, leaf, fresh)","daun ubi tinta, segar (sweet potato, purpleish, leaf, fresh)",TKPI,https://www.panganku.org/id-ID/view,Sayuran,sayuran,85.1,55.0,1.7,0.1,11.9,7.6,1.2,120.0,40.0,0.6,10.0,0.0,0.2,0.5,294.02,516.0,572.01792,,0.2,0.0,0.0,7.0,,per 100g,2026-07-01T04:14:08.471742Z,2026-07-01T04:14:08.471742Z,4,0.8261,,daun ubi tinta sweet potato purpleish leaf,31.708955223880597,USDA_category_mean,0.3847,3.343490054249548,USDA_category_mean,0.3847,0.2398865153538051,USDA_category_mean,0.3847,0.7215980024968789,USDA_category_mean,0.3847,0.175552070263488,USDA_category_mean,0.3847,0.0075409836065573,USDA_category_mean,0.3847
tkpi_0464,"Eceng, segar","eceng, segar",TKPI,https://www.panganku.org/id-ID/view,Sayuran,sayuran,93.0,19.0,1.0,0.2,3.8,1.8,2.0,80.0,45.0,3.7,45.0,634.1,0.23159999999999992,0.71,0.0,7.0,1.0,,0.08,0.1,0.7,50.0,,per 100g,2026-07-01T04:14:08.471742Z,2026-07-01T04:14:08.471742Z,5,0.7826,,eceng,,not_matched,,,not_matched,,,not_matched,,,not_matched,,,not_matched,,,not_matched,
tkpi_0465,"Gambas (oyong), segar (Angled loofah, fresh)","gambas (oyong), segar (angled loofah, fresh)",TKPI,https://www.panganku.org/id-ID/view,Sayuran,sayuran,94.5,19.0,0.8,0.2,4.1,1.3,0.4,19.0,33.0,0.9,23.0,109.1,0.0,0.1,33.14,17.0,380.0,,0.03,0.0,0.4,8.0,,per 100g,2026-07-01T04:14:08.471742Z,2026-07-01T04:14:08.471742Z,3,0.8696,,gambas oyong angled loofah,,not_matched,,,not_matched,,,not_matched,,,not_matched,,,not_matched,,,not_matched,
tkpi_0466,"Genjer, segar (Sawah lettuce, fresh)","genjer, segar (sawah lettuce, fresh)",TKPI,https://www.panganku.org/id-ID/view,Sayuran,sayuran,90.0,35.0,1.7,0.2,7.7,2.5,0.4,62.0,33.0,2.1,64.0,905.8,21.243000000000002,2.3960000000000004,0.0,7.28014,3.8,,0.07,0.1,1.1,54.0,,per 100g,2026-07-01T04:14:08.471742Z,2026-07-01T04:14:08.471742Z,6,0.7391,,genjer sawah lettuce,31.708955223880597,USDA_category_mean,0.355,3.343490054249548,USDA_category_mean,0.355,0.2398865153538051,USDA_category_mean,0.355,0.7215980024968789,USDA_category_mean,0.355,0.175552070263488,USDA_category_mean,0.355,0.0075409836065573,USDA_category_mean,0.355
tkpi_0467,"Jagung muda / semi, segar (Baby corn, fresh)","jagung muda / semi, segar (baby corn, fresh)",TKPI,https://www.panganku.org/id-ID/view,Sayuran,sayuran,89.5,35.0,2.2,0.1,7.4,1.9,0.8,7.0,100.0,0.5,353.0,230.2,0.1,0.8,0.0,23.0,200.0,,0.08,0.16,0.9,8.0,,per 100g,2026-07-01T04:14:08.471742Z,2026-07-01T04:14:08.471742Z,2,0.913,,jagung muda semi baby corn,31.708955223880597,USDA_category_mean,0.3229,3.343490054249548,USDA_category_mean,0.3229,0.2398865153538051,USDA_category_mean,0.3229,0.7215980024968789,USDA_category_mean,0.3229,0.175552070263488,USDA_category_mean,0.3229,0.0075409836065573,USDA_category_mean,0.3229
tkpi_0468,Jamur encik,jamur encik,TKPI,https://www.panganku.org/id-ID/view,Sayuran,sayuran,24.8,296.0,9.4,1.1,62.0,15.632000000000005,2.7,5.0,277.0,5.3,2.0,0.0,0.2,3.1,372.7,193.1671,605.57896,,1.1,0.1,2.3319999999999994,2.02,,per 100g,2026-07-01T04:14:08.471742Z,2026-07-01T04:14:08.471742Z,8,0.6522,,jamur encik,,not_matched,,,not_matched,,,not_matched,,,not_matched,,,not_matched,,,not_matched,
tkpi_0469,"Jamur kuping, kering (fungus, earwood, dried)","jamur kuping, kering (fungus, earwood, dried)",TKPI,https://www.panganku.org/id-ID/view,Sayuran,sayuran,14.9,294.0,16.0,0.9,64.6,46.5,3.6,51.0,223.0,6.7,174.0,726.1,0.29,5.5,0.0,11.0,0.0,,0.11,0.6,2.7,0.0,,per 100g,2026-07-01T04:14:08.471742Z,2026-07-01T04:14:08.471742Z,2,0.913,,jamur kuping fungus earwood,,not_matched,,,not_matched,,,not_matched,,,not_matched,,,not_matched,,,not_matched,
tkpi_0470,"Jamur kuping, segar (fungus, earwod, fresh)","jamur kuping, segar (fungus, earwod, fresh)",TKPI,https://www.panganku.org/id-ID/view,Sayuran,sayuran,93.7,21.0,3.8,0.6,0.9,5.1,1.0,3.0,94.0,1.7,17.0,33.4,0.19,0.1,0.0,1.0,0.0,,0.1,0.09,0.1,5.0,,per 100g,2026-07-01T04:14:08.471742Z,2026-07-01T04:14:08.471742Z,2,0.913,,jamur kuping fungus earwod,,not_matched,,,not_matched,,,not_matched,,,not_matched,,,not_matched,,,not_matched,
tkpi_0471,"Jamur merang, segar (Straw mushroom)","jamur merang, segar (straw mushroom)",TKPI,https://www.panganku.org/id-ID/view,Sayuran,sayuran,91.5,30.0,3.5,0.2,4.0,2.4,0.8,14.0,117.0,1.0,6.0,300.0,0.3,0.8,0.36,0.0,0.0,,0.02,0.2,0.5,0.0,,per 100g,2026-07-01T04:14:08.471742Z,2026-07-01T04:14:08.471742Z,3,0.8696,,jamur merang straw mushroom,31.708955223880597,USDA_category_mean,0.3729,3.343490054249548,USDA_category_mean,0.3729,0.2398865153538051,USDA_category_mean,0.3729,0.7215980024968789,USDA_category_mean,0.3729,0.175552070263488,USDA_category_mean,0.3729,0.0075409836065573,USDA_category_mean,0.3729
tkpi_0472,"Jamur tiram, segar (Oyster mushroom)","jamur tiram, segar (oyster mushroom)",TKPI,https://www.panganku.org/id-ID/view,Sayuran,sayuran,92.5,30.0,1.9,0.1,5.5,3.6,0.6,9.0,83.0,0.7,22.0,226.0,0.0,0.8,0.8,0.0,0.0,,0.3,0.2,1.0,0.0,,per 100g,2026-07-01T04:14:08.471742Z,2026-07-01T04:14:08.471742Z,3,0.8696,,jamur tiram oyster mushroom,18.0,USDA_direct_medium,0.4027,1.11,USDA_direct_medium,0.4027,0.062,USDA_direct_medium,0.4027,0.0,USDA_direct_medium,0.4027,0.11,USDA_direct_medium,0.4027,0.0,USDA_direct_medium,0.4027
tkpi_0473,Jamur sagu,jamur sagu,TKPI,https://www.panganku.org/id-ID/view,Sayuran,sayuran,91.3,48.0,1.9,3.2,2.8,1.0,0.8,10.0,90.0,0.6,100.0,440.0,0.6,0.6,4.6419,0.0,32.20696,,0.2,0.2,6.5,12.22,,per 100g,2026-07-01T04:14:08.471742Z,2026-07-01T04:14:08.471742Z,5,0.7826,,jamur sagu,,not_matched,,,not_matched,,,not_matched,,,not_matched,,,not_matched,,,not_matched,
tkpi_0474,"Jantung pisang, segar (Banana, flower, fresh)","jantung pisang, segar (banana, flower, fresh)",TKPI,https://www.panganku.org/id-ID/view,Sayuran,sayuran,90.2,32.0,1.2,0.3,7.1,3.2,1.2,30.0,50.0,0.1,3.0,524.0,0.09,0.3,0.0,201.0,170.0,,0.05,0.03,0.8,10.0,,per 100g,2026-07-01T04:14:08.471742Z,2026-07-01T04:14:08.471742Z,2,0.913,,jantung pisang banana flower,31.708955223880597,USDA_category_mean,0.3442,3.343490054249548,USDA_category_mean,0.3442,0.2398865153538051,USDA_category_mean,0.3442,0.7215980024968789,USDA_category_mean,0.3442,0.175552070263488,USDA_category_mean,0.3442,0.0075409836065573,USDA_category_mean,0.3442
tkpi_0475,"Jengkol, segar (Dogfruit, fresh)","jengkol, segar (dogfruit, fresh)",TKPI,https://www.panganku.org/id-ID/view,Sayuran,sayuran,52.7,192.0,5.4,0.3,40.7,1.5,0.9,4.0,150.0,0.7,60.0,241.0,0.3,0.6,0.66,43.94780000000001,98.27184,,0.05,0.2,0.5,31.0,,per 100g,2026-07-01T04:14:08.471742Z,2026-07-01T04:14:08.471742Z,5,0.7826,,jengkol dogfruit,,not_matched,,,not_matched,,,not_matched,,,not_matched,,,not_matched,,,not_matched,
tkpi_0476,"Jotang, segar","jotang, segar",TKPI,https://www.panganku.org/id-ID/view,Sayuran,sayuran,89.0,34.0,1.9,0.3,7.1,3.5,1.7,162.0,41.0,4.0,59.0,388.5,0.3,1.2,0.0,2.0,3.918,,0.03,0.18259999999999998,0.4,20.0,,per 100g,2026-07-01T04:14:08.471742Z,2026-07-01T04:14:08.471742Z,4,0.8261,,jotang,,not_matched,,,not_matched,,,not_matched,,,not_matched,,,not_matched,,,not_matched,
tkpi_0477,"Kabau, segar","kabau, segar",TKPI,https://www.panganku.org/id-ID/view,Sayuran,sayuran,67.2,130.0,6.7,0.3,25.2,2.9,0.6,4.0,204.0,0.5,1.0,397.8,0.2,0.5,381.06,165.0,514.386,,0.8,0.1,0.3,16.0,,per 100g,2026-07-01T04:14:08.471742Z,2026-07-01T04:14:08.471742Z,4,0.8261,,kabau,,not_matched,,,not_matched,,,not_matched,,,not_matched,,,not_matched,,,not_matched,
tkpi_0478,"Kacang mekah, polong, segar (Sword bean, fresh)","kacang mekah, polong, segar (sword bean, fresh)",TKPI,https://www.panganku.org/id-ID/view,Sayuran,sayuran,93.6,22.0,1.1,1.0,3.4,1.1,0.9,63.0,296.0,1.0,2.0,69.2,0.3,0.7319999999999999,0.0,197.0,116.0,,0.02,0.0758,0.4,0.0,,per 100g,2026-07-01T04:14:08.471742Z,2026-07-01T04:14:08.471742Z,4,0.8261,,kacang mekah polong sword bean,31.708955223880597,USDA_category_mean,0.2139,3.343490054249548,USDA_category_mean,0.2139,0.2398865153538051,USDA_category_mean,0.2139,0.7215980024968789,USDA_category_mean,0.2139,0.175552070263488,USDA_category_mean,0.2139,0.0075409836065573,USDA_category_mean,0.2139
tkpi_0479,"Kacang panjang, segar (Yard-long bean, fresh)","kacang panjang, segar (yard-long bean, fresh)",TKPI,https://www.panganku.org/id-ID/view,Sayuran,sayuran,91.8,31.0,2.3,0.1,5.3,2.7,0.5,60.0,64.0,0.6,30.0,213.0,0.1,0.5,0.0,125.0,165.64606,,0.7,0.1,0.3,46.0,,per 100g,2026-07-01T04:14:08.471742Z,2026-07-01T04:14:08.471742Z,3,0.8696,,kacang panjang yard long bean,31.708955223880597,USDA_category_mean,0.2236,3.343490054249548,USDA_category_mean,0.2236,0.2398865153538051,USDA_category_mean,0.2236,0.7215980024968789,USDA_category_mean,0.2236,0.175552070263488,USDA_category_mean,0.2236,0.0075409836065573,USDA_category_mean,0.2236
tkpi_0480,Kacang ranti polong,kacang ranti polong,TKPI,https://www.panganku.org/id-ID/view,Sayuran,sayuran,88.5,37.0,3.1,0.2,7.9,2.5,0.3,103.0,126.0,0.8,23.58,380.69064000000003,6.764200000000003,0.608,0.0,10.7935,2.312,,0.02,0.22259999999999983,1.4100000000000006,6.0,,per 100g,2026-07-01T04:14:08.471742Z,2026-07-01T04:14:08.471742Z,10,0.5652,,kacang ranti polong,,not_matched,,,not_matched,,,not_matched,,,not_matched,,,not_matched,,,not_matched,
tkpi_0481,"Kalakai, segar","kalakai, segar",TKPI,https://www.panganku.org/id-ID/view,Sayuran,sayuran,89.9,38.0,2.4,0.2,6.6,5.8,0.9,18.0,90.0,1.1,7.0,443.0,0.4,0.9,1.12,44.0,102.7665,,0.3,0.1,1.7999999999999998,8.0,,per 100g,2026-07-01T04:14:08.471742Z,2026-07-01T04:14:08.471742Z,5,0.7826,,kalakai,,not_matched,,,not_matched,,,not_matched,,,not_matched,,,not_matched,,,not_matched,
tkpi_0482,"Kangkung, segar (Kangkong, fresh)","kangkung, segar (kangkong, fresh)",TKPI,https://www.panganku.org/id-ID/view,Sayuran,sayuran,91.0,28.0,3.4,0.7,3.9,2.0,1.0,67.0,54.0,2.3,65.0,250.1,0.13,0.4,0.0,2.868,5.542,,0.07,0.36,2.0,17.0,,per 100g,2026-07-01T04:14:08.471742Z,2026-07-01T04:14:08.471742Z,3,0.8696,,kangkung kangkong,,not_matched,,,not_matched,,,not_matched,,,not_matched,,,not_matched,,,not_matched,
tkpi_0483,"Kangkung tondano (Kangkong, (tondano), fresh)","kangkung tondano (kangkong, (tondano), fresh)",TKPI,https://www.panganku.org/id-ID/view,Sayuran,sayuran,88.5,43.0,1.8,0.2,8.4,4.3,1.1,72.0,9.0,0.7,30.0,361.0,0.3,0.4,2.36,2.741,22.851699999999997,,0.8,0.1,1.1,23.0,,per 100g,2026-07-01T04:14:08.471742Z,2026-07-01T04:14:08.471742Z,4,0.8261,,kangkung tondano kangkong tondano,,not_matched,,,not_matched,,,not_matched,,,not_matched,,,not_matched,,,not_matched,
tkpi_0484,"Kapri muda, segar (Pease, fresh)","kapri muda, segar (pease, fresh)",TKPI,https://www.panganku.org/id-ID/view,Sayuran,sayuran,86.8,45.0,3.3,0.2,9.0,1.8,0.7,51.0,85.0,1.0,2.0,118.4,0.09,0.7,266.5,72.0,440.0,,0.2,0.1,0.9,49.0,,per 100g,2026-07-01T04:14:08.471742Z,2026-07-01T04:14:08.471742Z,3,0.8696,,kapri muda pease,,not_matched,,,not_matched,,,not_matched,,,not_matched,,,not_matched,,,not_matched,
tkpi_0485,Karawila,karawila,TKPI,https://www.panganku.org/id-ID/view,Sayuran,sayuran,93.7,25.0,2.3,0.2,3.5,2.1,0.3,25.0,67.0,0.3,8.0,88.4,0.08,0.3,0.0,21.0,62.01209999999999,,0.1,0.1,0.4,39.0,,per 100g,2026-07-01T04:14:08.471742Z,2026-07-01T04:14:08.471742Z,4,0.8261,,karawila,,not_matched,,,not_matched,,,not_matched,,,not_matched,,,not_matched,,,not_matched,
tkpi_0486,"Kecipir muda, segar (Winged bean, fresh)","kecipir muda, segar (winged bean, fresh)",TKPI,https://www.panganku.org/id-ID/view,Sayuran,sayuran,90.4,32.0,2.9,0.2,5.8,5.5,0.7,63.0,37.0,0.3,3.0,103.8,0.18,0.4,187.78,261.0,595.0,,0.24,0.11,0.7,19.0,,per 100g,2026-07-01T04:14:08.471742Z,2026-07-01T04:14:08.471742Z,3,0.8696,,kecipir muda winged bean,8.0,USDA_direct_medium,0.554,,USDA_direct_medium,0.554,0.272,USDA_direct_medium,0.554,0.0,USDA_direct_medium,0.554,0.232,USDA_direct_medium,0.554,0.0,USDA_direct_medium,0.554
tkpi_0487,"Kecombrang, segar (Red ginger lily, fresh)","kecombrang, segar (red ginger lily, fresh)",TKPI,https://www.panganku.org/id-ID/view,Sayuran,sayuran,90.0,34.0,0.9,1.0,6.7,2.6,1.4,60.0,16.0,1.0,47.0,650.6,28.703199999999985,0.514,0.0,0.0,73.0,,0.0,0.02,0.8,0.0,,per 100g,2026-07-01T04:14:08.471742Z,2026-07-01T04:14:08.471742Z,4,0.8261,,kecombrang red ginger lily,31.708955223880597,USDA_category_mean,0.3857,3.343490054249548,USDA_category_mean,0.3857,0.2398865153538051,USDA_category_mean,0.3857,0.7215980024968789,USDA_category_mean,0.3857,0.175552070263488,USDA_category_mean,0.3857,0.0075409836065573,USDA_category_mean,0.3857
tkpi_0488,"Kelawi,kluwih, segar (Breadfruit, fresh)","kelawi,kluwih, segar (breadfruit, fresh)",TKPI,https://www.panganku.org/id-ID/view,Sayuran,sayuran,70.0,118.0,1.5,0.3,27.2,5.0,1.0,28.0,32.0,0.9,2.0,500.9,0.09,0.1,0.0,0.0,20.0,,0.1,0.03,0.9,19.0,,per 100g,2026-07-01T04:14:08.471742Z,2026-07-01T04:14:08.471742Z,3,0.8696,,kelawi kluwih breadfruit,,not_matched,,,not_matched,,,not_matched,,,not_matched,,,not_matched,,,not_matched,
tkpi_0489,"Kembang turi, segar","kembang turi, segar",TKPI,https://www.panganku.org/id-ID/view,Sayuran,sayuran,87.4,51.0,1.8,0.6,9.6,5.0,0.6,23.0,29.0,0.9,22.0,275.3,0.15,0.9,0.05604,201.0,105.0,,0.13,0.12,0.6,41.0,,per 100g,2026-07-01T04:14:08.471742Z,2026-07-01T04:14:08.471742Z,3,0.8696,,kembang turi,,not_matched,,,not_matched,,,not_matched,,,not_matched,,,not_matched,,,not_matched,
tkpi_0490,"Kerokot, segar","kerokot, segar",TKPI,https://www.panganku.org/id-ID/view,Sayuran,sayuran,93.0,26.0,1.7,0.4,3.8,1.0,1.1,103.0,39.0,3.6,4.0,240.5,0.23,0.9,0.0,0.0,2.55,,0.03,0.09,0.2,25.0,,per 100g,2026-07-01T04:14:08.471742Z,2026-07-01T04:14:08.471742Z,3,0.8696,,kerokot,,not_matched,,,not_matched,,,not_matched,,,not_matched,,,not_matched,,,not_matched,
tkpi_0491,"Ketimun, segar (Cucumber, fresh)","ketimun, segar (cucumber, fresh)",TKPI,https://www.panganku.org/id-ID/view,Sayuran,sayuran,97.9,8.0,0.2,0.2,1.4,0.3,0.3,29.0,95.0,0.8,2.0,57.1,0.02,0.1,0.0,18.0,314.0,,0.01,0.02,0.1,1.0,,per 100g,2026-07-01T04:14:08.471742Z,2026-07-01T04:14:08.471742Z,2,0.913,,ketimun cucumber,31.708955223880597,USDA_category_mean,0.399,3.343490054249548,USDA_category_mean,0.399,0.2398865153538051,USDA_category_mean,0.399,0.7215980024968789,USDA_category_mean,0.399,0.175552070263488,USDA_category_mean,0.399,0.0075409836065573,USDA_category_mean,0.399
tkpi_0492,"Ketimun krai, segar (Cucumber (krai), fresh)","ketimun krai, segar (cucumber (krai), fresh)",TKPI,https://www.panganku.org/id-ID/view,Sayuran,sayuran,96.8,10.0,0.5,0.2,2.0,0.6,0.5,20.0,98.0,1.0,10.0,82.1,0.03,0.1,0.0,19.0,21.0,,0.02,0.03,0.1,3.0,,per 100g,2026-07-01T04:14:08.471742Z,2026-07-01T04:14:08.471742Z,2,0.913,,ketimun krai cucumber krai,31.708955223880597,USDA_category_mean,0.2024,3.343490054249548,USDA_category_mean,0.2024,0.2398865153538051,USDA_category_mean,0.2024,0.7215980024968789,USDA_category_mean,0.2024,0.175552070263488,USDA_category_mean,0.2024,0.0075409836065573,USDA_category_mean,0.2024
tkpi_0493,"Ketimun madura, segar (Cucumber (madura), fresh)","ketimun madura, segar (cucumber (madura), fresh)",TKPI,https://www.panganku.org/id-ID/view,Sayuran,sayuran,97.1,9.0,0.5,0.1,1.9,0.7,0.4,15.0,102.0,0.6,2.0,78.9,0.02,0.1,0.0,25.0,0.0,,0.02,0.02,0.1,5.0,,per 100g,2026-07-01T04:14:08.471742Z,2026-07-01T04:14:08.471742Z,2,0.913,,ketimun madura cucumber madura,31.708955223880597,USDA_category_mean,0.2024,3.343490054249548,USDA_category_mean,0.2024,0.2398865153538051,USDA_category_mean,0.2024,0.7215980024968789,USDA_category_mean,0.2024,0.175552070263488,USDA_category_mean,0.2024,0.0075409836065573,USDA_category_mean,0.2024
tkpi_0494,"Komak, segar (Hyacinth bean, fresh)","komak, segar (hyacinth bean, fresh)",TKPI,https://www.panganku.org/id-ID/view,Sayuran,sayuran,74.3,99.0,3.3,0.1,21.2,10.3,1.1,50.0,99.0,13.1,15.0,567.0,0.2,0.6,0.0,5.0,85.30491999999998,,0.2,0.19,0.1,25.46,,per 100g,2026-07-01T04:14:08.471742Z,2026-07-01T04:14:08.471742Z,5,0.7826,,komak hyacinth bean,40.0,USDA_direct_medium,0.4138,4.08,USDA_direct_medium,0.4138,0.088,USDA_direct_medium,0.4138,0.0,USDA_direct_medium,0.4138,0.024,USDA_direct_medium,0.4138,0.0,USDA_direct_medium,0.4138
tkpi_0495,"Kool kembang (Cauliflower, fresh/white headed cabbage, fresh)","kool kembang (cauliflower, fresh/white headed cabbage, fresh)",TKPI,https://www.panganku.org/id-ID/view,Sayuran,sayuran,91.7,25.0,2.4,0.2,4.9,1.6,0.8,22.0,72.0,1.1,47.0,187.0,0.04,0.3,0.0,24.0,90.0,,0.11,0.09,0.6,69.0,,per 100g,2026-07-01T04:14:08.471742Z,2026-07-01T04:14:08.471742Z,3,0.8696,,kool kembang cauliflower white headed cabbage,31.708955223880597,USDA_category_mean,0.3689,3.343490054249548,USDA_category_mean,0.3689,0.2398865153538051,USDA_category_mean,0.3689,0.7215980024968789,USDA_category_mean,0.3689,0.175552070263488,USDA_category_mean,0.3689,0.0075409836065573,USDA_category_mean,0.3689
tkpi_0496,"Kool merah,kool putih (Cabbage, fresh)","kool merah,kool putih (cabbage, fresh)",TKPI,https://www.panganku.org/id-ID/view,Sayuran,sayuran,92.4,29.0,1.4,0.2,5.3,1.9,0.9,46.0,31.0,0.5,28.0,236.8,0.29,0.3,0.0,46.0,80.0,,0.06,0.07,0.3,50.0,,per 100g,2026-07-01T04:14:08.471742Z,2026-07-01T04:14:08.471742Z,3,0.8696,,kool merah kool putih cabbage,31.708955223880597,USDA_category_mean,0.2814,3.343490054249548,USDA_category_mean,0.2814,0.2398865153538051,USDA_category_mean,0.2814,0.7215980024968789,USDA_category_mean,0.2814,0.175552070263488,USDA_category_mean,0.2814,0.0075409836065573,USDA_category_mean,0.2814
tkpi_0497,"Koro kerupuk, polong (Lablab, hyacinth bean)","koro kerupuk, polong (lablab, hyacinth bean)",TKPI,https://www.panganku.org/id-ID/view,Sayuran,sayuran,67.2,128.0,8.3,0.7,22.1,3.2239999999999998,1.7,17.0,12.0,2.7,18.64826,253.8322199999999,0.39500000000000013,3.464,0.68,24.47594,80.0,,0.11,0.12980000000000003,1.8239999999999994,31.0,,per 100g,2026-07-01T04:14:08.471742Z,2026-07-01T04:14:08.471742Z,11,0.5217,,koro kerupuk polong lablab hyacinth bean,31.708955223880597,USDA_category_mean,0.2806,3.343490054249548,USDA_category_mean,0.2806,0.2398865153538051,USDA_category_mean,0.2806,0.7215980024968789,USDA_category_mean,0.2806,0.175552070263488,USDA_category_mean,0.2806,0.0075409836065573,USDA_category_mean,0.2806
tkpi_0498,"Koro wedus, polong","koro wedus, polong",TKPI,https://www.panganku.org/id-ID/view,Sayuran,sayuran,88.0,46.0,3.0,0.3,7.9,3.3,0.8,56.0,47.0,1.1,2.0,249.3,0.09,0.4,180.64,66.0,870.0,,0.09,0.09,0.5,17.0,,per 100g,2026-07-01T04:14:08.471742Z,2026-07-01T04:14:08.471742Z,3,0.8696,,koro wedus polong,,not_matched,,,not_matched,,,not_matched,,,not_matched,,,not_matched,,,not_matched,
tkpi_0499,"Kucai, segar (Chinese chives, fresh)","kucai, segar (chinese chives, fresh)",TKPI,https://www.panganku.org/id-ID/view,Sayuran,sayuran,86.3,45.0,2.2,0.3,10.3,4.8,0.9,52.0,50.0,1.1,21.0,439.5,0.11,0.5,1.72,2.685,40.0,,0.11,0.2,1.8,17.0,,per 100g,2026-07-01T04:14:08.471742Z,2026-07-01T04:14:08.471742Z,3,0.8696,,kucai chinese chives,42.0,USDA_direct_medium,0.6073,1.85,USDA_direct_medium,0.6073,0.146,USDA_direct_medium,0.6073,0.0,USDA_direct_medium,0.6073,0.138,USDA_direct_medium,0.6073,0.0,USDA_direct_medium,0.6073
tkpi_0500,"Kucai muda (Lokio), segar (Rakkyo, fresh)","kucai muda (lokio), segar (rakkyo, fresh)",TKPI,https://www.panganku.org/id-ID/view,Sayuran,sayuran,86.0,42.0,3.8,0.6,7.8,4.9,1.8,76.0,91.0,2.5,22.0,449.1,0.11,0.5,399.24,2.744,500.0,,0.11,0.2,1.8,59.0,,per 100g,2026-07-01T04:14:08.471742Z,2026-07-01T04:14:08.471742Z,3,0.8696,,kucai muda lokio rakkyo,,not_matched,,,not_matched,,,not_matched,,,not_matched,,,not_matched,,,not_matched,
tkpi_0501,"Kulit melinjo (spanish joint fir, peel, fresh )","kulit melinjo (spanish joint fir, peel, fresh )",TKPI,https://www.panganku.org/id-ID/view,Sayuran,sayuran,71.9,111.0,4.5,1.1,20.7,5.0,1.8,117.0,179.0,2.6,18.68,324.608,0.222,0.818,0.0,3.8265000000000002,1.267,,0.07,0.10459999999999997,0.7879999999999999,7.0,,per 100g,2026-07-01T04:14:08.471742Z,2026-07-01T04:14:08.471742Z,9,0.6087,,kulit melinjo spanish joint fir peel,31.708955223880597,USDA_category_mean,0.3334,3.343490054249548,USDA_category_mean,0.3334,0.2398865153538051,USDA_category_mean,0.3334,0.7215980024968789,USDA_category_mean,0.3334,0.175552070263488,USDA_category_mean,0.3334,0.0075409836065573,USDA_category_mean,0.3334
tkpi_0502,"Kundur, segar (Wax gourd, fresh)","kundur, segar (wax gourd, fresh)",TKPI,https://www.panganku.org/id-ID/view,Sayuran,sayuran,94.0,22.0,0.4,0.2,4.7,1.3,0.7,3.0,54.0,0.5,2.0,200.0,0.1,0.3,0.72,7.0,17.5543,,0.1,0.03,0.4,1.0,,per 100g,2026-07-01T04:14:08.471742Z,2026-07-01T04:14:08.471742Z,4,0.8261,,kundur wax gourd,31.708955223880597,USDA_category_mean,0.2164,3.343490054249548,USDA_category_mean,0.2164,0.2398865153538051,USDA_category_mean,0.2164,0.7215980024968789,USDA_category_mean,0.2164,0.175552070263488,USDA_category_mean,0.2164,0.0075409836065573,USDA_category_mean,0.2164
tkpi_0503,"Labu air, segar (Bottle gourd, fresh)","labu air, segar (bottle gourd, fresh)",TKPI,https://www.panganku.org/id-ID/view,Sayuran,sayuran,95.0,19.0,0.6,0.2,3.8,0.6,0.4,12.0,18.0,0.6,2.0,168.2,0.03,0.8,0.8,11.0,70.0,,0.04,0.02,0.4,10.0,,per 100g,2026-07-01T04:14:08.471742Z,2026-07-01T04:14:08.471742Z,3,0.8696,,labu air bottle gourd,,not_matched,,,not_matched,,,not_matched,,,not_matched,,,not_matched,,,not_matched,
tkpi_0504,"Labu kuning, segar (Pumpkin, fresh)","labu kuning, segar (pumpkin, fresh)",TKPI,https://www.panganku.org/id-ID/view,Sayuran,sayuran,86.6,51.0,1.7,0.5,10.0,2.7,1.2,40.0,180.0,0.7,280.0,220.0,0.35,1.5,50.52412,1.569,9.098499999999998,,0.2,0.0,0.1,2.0,,per 100g,2026-07-01T04:14:08.471742Z,2026-07-01T04:14:08.471742Z,4,0.8261,,labu kuning pumpkin,12.0,USDA_direct_medium,0.5077,2.76,USDA_direct_medium,0.5077,0.052,USDA_direct_medium,0.5077,0.0,USDA_direct_medium,0.5077,0.061,USDA_direct_medium,0.5077,0.0,USDA_direct_medium,0.5077
tkpi_0505,"Labu siam, segar (Chayote, fresh)","labu siam, segar (chayote, fresh)",TKPI,https://www.panganku.org/id-ID/view,Sayuran,sayuran,92.3,30.0,0.6,0.1,6.7,6.2,0.3,14.0,25.0,0.5,3.0,167.1,0.16,1.0,0.36,48.0,20.0,,0.02,0.0,0.6,18.0,,per 100g,2026-07-01T04:14:08.471742Z,2026-07-01T04:14:08.471742Z,3,0.8696,,labu siam chayote,31.708955223880597,USDA_category_mean,0.396,3.343490054249548,USDA_category_mean,0.396,0.2398865153538051,USDA_category_mean,0.396,0.7215980024968789,USDA_category_mean,0.396,0.175552070263488,USDA_category_mean,0.396,0.0075409836065573,USDA_category_mean,0.396
tkpi_0506,"Labu waluh, segar (Pumpkin, fresh)","labu waluh, segar (pumpkin, fresh)",TKPI,https://www.panganku.org/id-ID/view,Sayuran,sayuran,91.2,32.0,1.1,0.1,6.6,0.5,1.0,45.0,64.0,1.4,1.0,356.2,0.13,0.3,0.8038599999999999,712.0,180.0,,0.08,0.12,0.6,52.0,,per 100g,2026-07-01T04:14:08.471742Z,2026-07-01T04:14:08.471742Z,3,0.8696,,labu waluh pumpkin,12.0,USDA_direct_medium,0.5077,2.76,USDA_direct_medium,0.5077,0.052,USDA_direct_medium,0.5077,0.0,USDA_direct_medium,0.5077,0.061,USDA_direct_medium,0.5077,0.0,USDA_direct_medium,0.5077
tkpi_0507,"Lantar, segar","lantar, segar",TKPI,https://www.panganku.org/id-ID/view,Sayuran,sayuran,91.2,34.0,2.2,0.3,5.5,2.9,0.8,10.0,58.0,0.4,3.0,155.0,0.2,0.4,0.36,38.0,87.43686,,0.3,0.07,0.4,4.0,,per 100g,2026-07-01T04:14:08.471742Z,2026-07-01T04:14:08.471742Z,4,0.8261,,lantar,,not_matched,,,not_matched,,,not_matched,,,not_matched,,,not_matched,,,not_matched,
tkpi_0508,"Lobak, segar (Turnip, fresh)","lobak, segar (turnip, fresh)",TKPI,https://www.panganku.org/id-ID/view,Sayuran,sayuran,94.1,21.0,0.9,0.1,4.2,1.4,0.7,35.0,26.0,0.6,49.0,109.3,0.03,0.2,0.44,0.0,10.0,,0.03,0.04,0.3,32.0,,per 100g,2026-07-01T04:14:08.471742Z,2026-07-01T04:14:08.471742Z,3,0.8696,,lobak turnip,31.0,USDA_direct_medium,0.4659,0.81,USDA_direct_medium,0.4659,0.07,USDA_direct_medium,0.4659,0.0,USDA_direct_medium,0.4659,0.263,USDA_direct_medium,0.4659,0.0,USDA_direct_medium,0.4659
tkpi_0509,"Lumai/Leunca, segar (Glossy nightshade, fresh)","lumai/leunca, segar (glossy nightshade, fresh)",TKPI,https://www.panganku.org/id-ID/view,Sayuran,sayuran,90.5,38.0,1.1,0.3,7.6,2.0,0.5,7.0,55.0,1.0,2.0,194.22799999999998,0.1,0.3,0.0,25.0,89.79242,,0.2,0.1,0.6,17.0,,per 100g,2026-07-01T04:14:08.471742Z,2026-07-01T04:14:08.471742Z,5,0.7826,,lumai leunca glossy nightshade,,not_matched,,,not_matched,,,not_matched,,,not_matched,,,not_matched,,,not_matched,
tkpi_0510,"Melinjo, segar (spanish joint fir, fresh)","melinjo, segar (spanish joint fir, fresh)",TKPI,https://www.panganku.org/id-ID/view,Sayuran,sayuran,80.0,66.0,5.0,0.7,13.3,3.6179999999999994,1.0,163.0,75.0,2.8,25.02,394.34244,1.5652000000000001,3.739999999999999,0.0,12.927520000000001,1.0,,0.1,0.25739999999999996,1.7940000000000003,100.0,,per 100g,2026-07-01T04:14:08.471742Z,2026-07-01T04:14:08.471742Z,11,0.5217,,melinjo spanish joint fir,31.708955223880597,USDA_category_mean,0.2697,3.343490054249548,USDA_category_mean,0.2697,0.2398865153538051,USDA_category_mean,0.2697,0.7215980024968789,USDA_category_mean,0.2697,0.175552070263488,USDA_category_mean,0.2697,0.0075409836065573,USDA_category_mean,0.2697
tkpi_0511,"Mostarda metan -sawi (Indian mustard, fresh)","mostarda metan -sawi (indian mustard, fresh)",TKPI,https://www.panganku.org/id-ID/view,Sayuran,sayuran,91.4,33.0,2.3,0.5,4.7,1.8,1.1,60.0,30.0,3.1,20.0,100.0,0.1,0.4,0.0,1.575,7.238199999999999,,0.2,0.1,0.1,12.0,,per 100g,2026-07-01T04:14:08.471742Z,2026-07-01T04:14:08.471742Z,4,0.8261,"Sawi: pinggiran daun beregi-regi, tidak lebar, agak panjang / mirip selada",mostarda metan sawi indian mustard,31.708955223880597,USDA_category_mean,0.2683,3.343490054249548,USDA_category_mean,0.2683,0.2398865153538051,USDA_category_mean,0.2683,0.7215980024968789,USDA_category_mean,0.2683,0.175552070263488,USDA_category_mean,0.2683,0.0075409836065573,USDA_category_mean,0.2683
tkpi_0512,"Nangka muda, segar (Jackfruit, young, fresh)","nangka muda, segar (jackfruit, young, fresh)",TKPI,https://www.panganku.org/id-ID/view,Sayuran,sayuran,85.4,57.0,2.0,0.4,11.3,8.3,0.9,45.0,29.0,0.5,1.0,246.5,0.04,0.1,0.0,21.0,25.0,,0.07,0.06,0.7,9.0,,per 100g,2026-07-01T04:14:08.471742Z,2026-07-01T04:14:08.471742Z,3,0.8696,,nangka muda jackfruit young,31.708955223880597,USDA_category_mean,0.2699,3.343490054249548,USDA_category_mean,0.2699,0.2398865153538051,USDA_category_mean,0.2699,0.7215980024968789,USDA_category_mean,0.2699,0.175552070263488,USDA_category_mean,0.2699,0.0075409836065573,USDA_category_mean,0.2699
tkpi_0513,"Paria putih, segar (Bitter guard, fresh)","paria putih, segar (bitter guard, fresh)",TKPI,https://www.panganku.org/id-ID/view,Sayuran,sayuran,94.4,19.0,1.0,0.4,3.6,1.3,0.6,31.0,65.0,0.9,5.0,277.7,0.03,0.8,0.0,197.0,80.0,,0.18,0.04,0.4,58.0,,per 100g,2026-07-01T04:14:08.471742Z,2026-07-01T04:14:08.471742Z,2,0.913,,paria putih bitter guard,31.708955223880597,USDA_category_mean,0.2027,3.343490054249548,USDA_category_mean,0.2027,0.2398865153538051,USDA_category_mean,0.2027,0.7215980024968789,USDA_category_mean,0.2027,0.175552070263488,USDA_category_mean,0.2027,0.0075409836065573,USDA_category_mean,0.2027
tkpi_0514,"Pepare ular, segar (Snake gourd, fresh)","pepare ular, segar (snake gourd, fresh)",TKPI,https://www.panganku.org/id-ID/view,Sayuran,sayuran,95.1,19.0,0.6,0.1,3.9,1.0,0.3,20.0,10.0,0.4,130.0,30.0,0.1,0.1,28.14,69.0,139.04718,,0.1,0.1,0.1,9.0,,per 100g,2026-07-01T04:14:08.471742Z,2026-07-01T04:14:08.471742Z,4,0.8261,,pepare ular snake gourd,,not_matched,,,not_matched,,,not_matched,,,not_matched,,,not_matched,,,not_matched,
tkpi_0515,"Pepaya muda, segar (Papaya, unripe, fresh)","pepaya muda, segar (papaya, unripe, fresh)",TKPI,https://www.panganku.org/id-ID/view,Sayuran,sayuran,92.3,29.0,2.1,0.1,4.9,2.1,0.6,50.0,16.0,0.4,22.0,211.2,0.01,0.0,0.44,0.0,50.0,,0.02,0.03,0.3,19.0,,per 100g,2026-07-01T04:14:08.471742Z,2026-07-01T04:14:08.471742Z,3,0.8696,,pepaya muda papaya unripe,,not_matched,,,not_matched,,,not_matched,,,not_matched,,,not_matched,,,not_matched,
tkpi_0516,"Petai, segar (Stinky bean, fresh)","petai, segar (stinky bean, fresh)",TKPI,https://www.panganku.org/id-ID/view,Sayuran,sayuran,77.2,92.0,5.4,1.1,15.2,2.0,1.1,14.0,170.0,1.6,55.0,221.0,0.2,0.8,2.63448,114.0,201.2634,,0.8,0.1,6.1,34.0,,per 100g,2026-07-01T04:14:08.471742Z,2026-07-01T04:14:08.471742Z,4,0.8261,,petai stinky bean,31.708955223880597,USDA_category_mean,0.2658,3.343490054249548,USDA_category_mean,0.2658,0.2398865153538051,USDA_category_mean,0.2658,0.7215980024968789,USDA_category_mean,0.2658,0.175552070263488,USDA_category_mean,0.2658,0.0075409836065573,USDA_category_mean,0.2658
tkpi_0517,"Peterseli, segar (Parsley, fresh)","peterseli, segar (parsley, fresh)",TKPI,https://www.panganku.org/id-ID/view,Sayuran,sayuran,83.9,53.0,3.7,1.0,9.0,0.0,2.4,193.0,84.0,4.3,18.0,1.125,0.2,1.4,15.521880000000001,2.94,8.23,,0.11,0.29,0.7,193.0,,per 100g,2026-07-01T04:14:08.471742Z,2026-07-01T04:14:08.471742Z,3,0.8696,,peterseli parsley,50.0,USDA_direct_high,0.6708,0.85,USDA_direct_high,0.6708,0.132,USDA_direct_high,0.6708,0.0,USDA_direct_high,0.6708,0.09,USDA_direct_high,0.6708,0.0,USDA_direct_high,0.6708
tkpi_0518,"Pucuk lumai/daun leunca, segar (Glossy nightshade, fresh)","pucuk lumai/daun leunca, segar (glossy nightshade, fresh)",TKPI,https://www.panganku.org/id-ID/view,Sayuran,sayuran,91.0,33.0,4.5,0.4,2.8,9.146,1.3,13.0,75.0,2.9,2.0,0.0,0.2,0.6,296.92,275.46116,617.59896,,0.5,0.1,3.8199999999999994,41.0,,per 100g,2026-07-01T04:14:08.471742Z,2026-07-01T04:14:08.471742Z,7,0.6957,,pucuk lumai daun leunca glossy nightshade,,not_matched,,,not_matched,,,not_matched,,,not_matched,,,not_matched,,,not_matched,
tkpi_0519,"Putri malu, segar","putri malu, segar",TKPI,https://www.panganku.org/id-ID/view,Sayuran,sayuran,80.2,76.0,3.6,0.3,14.6,7.1,1.3,119.0,84.0,3.3,1.0,631.0,0.6,1.4,381.52,4.762,532.3735200000001,,0.6,0.6,1.9240000000000006,6.0,,per 100g,2026-07-01T04:14:08.471742Z,2026-07-01T04:14:08.471742Z,5,0.7826,,putri malu,,not_matched,,,not_matched,,,not_matched,,,not_matched,,,not_matched,,,not_matched,
tkpi_0520,"Rebung, segar (Bamboo shoot, fresh)","rebung, segar (bamboo shoot, fresh)",TKPI,https://www.panganku.org/id-ID/view,Sayuran,sayuran,93.3,25.0,0.8,0.1,5.3,9.7,0.5,3.0,5.0,0.5,3.0,206.0,0.1,0.4,0.36,10.0,22.36934,,0.2,0.07,0.5,0.0,,per 100g,2026-07-01T04:14:08.471742Z,2026-07-01T04:14:08.471742Z,4,0.8261,,rebung bamboo shoot,31.708955223880597,USDA_category_mean,0.3984,3.343490054249548,USDA_category_mean,0.3984,0.2398865153538051,USDA_category_mean,0.3984,0.7215980024968789,USDA_category_mean,0.3984,0.175552070263488,USDA_category_mean,0.3984,0.0075409836065573,USDA_category_mean,0.3984
tkpi_0521,"Rimbang, segar (Devil�ss fig, plate brush)","rimbang, segar (devilss fig, plate brush)",TKPI,https://www.panganku.org/id-ID/view,Sayuran,sayuran,80.8,75.0,1.6,0.6,15.8,10.0,1.2,55.0,97.0,0.6,20.0,234.0,0.4,0.4,0.05654,51.0,97.06,,0.4,0.1,1.3,38.0,,per 100g,2026-07-01T04:14:08.471742Z,2026-07-01T04:14:08.471742Z,4,0.8261,,rimbang devilss fig plate brush,,not_matched,,,not_matched,,,not_matched,,,not_matched,,,not_matched,,,not_matched,
tkpi_0522,Rumput laut (Seaweed),rumput laut (seaweed),TKPI,https://www.panganku.org/id-ID/view,Sayuran,sayuran,87.0,41.0,1.4,0.3,8.1,2.2,3.2,80.0,20.0,1.6,250.0,380.0,0.2,0.4,45.389480000000006,1.958,14.018539999999998,,0.2,0.0,0.1,7.0,,per 100g,2026-07-01T04:14:08.471742Z,2026-07-01T04:14:08.471742Z,4,0.8261,,rumput laut seaweed,31.708955223880597,USDA_category_mean,0.2931,3.343490054249548,USDA_category_mean,0.2931,0.2398865153538051,USDA_category_mean,0.2931,0.7215980024968789,USDA_category_mean,0.2931,0.175552070263488,USDA_category_mean,0.2931,0.0075409836065573,USDA_category_mean,0.2931
tkpi_0523,"Sawi, segar (Chinese mustard, fresh)","sawi, segar (chinese mustard, fresh)",TKPI,https://www.panganku.org/id-ID/view,Sayuran,sayuran,92.2,28.0,2.3,0.3,4.0,2.5,1.2,220.0,38.0,2.9,22.0,436.5,0.12,0.2,0.0,2.042,6.46,,0.09,0.23,0.7,102.0,,per 100g,2026-07-01T04:14:08.471742Z,2026-07-01T04:14:08.471742Z,3,0.8696,,sawi chinese mustard,32.0,USDA_direct_medium,0.411,1.32,USDA_direct_medium,0.411,0.01,USDA_direct_medium,0.411,0.0,USDA_direct_medium,0.411,0.18,USDA_direct_medium,0.411,0.0,USDA_direct_medium,0.411
tkpi_0524,"Sawi putih / pecai, segar (Pak choi, fresh)","sawi putih / pecai, segar (pak choi, fresh)",TKPI,https://www.panganku.org/id-ID/view,Sayuran,sayuran,96.6,9.0,1.0,0.1,1.7,0.8,0.6,56.0,42.0,1.1,5.0,193.1,0.05,0.1,0.0,862.0,832.0,,0.05,0.18,0.4,3.0,,per 100g,2026-07-01T04:14:08.471742Z,2026-07-01T04:14:08.471742Z,2,0.913,,sawi putih pecai pak choi,19.0,USDA_direct_medium,0.4909,1.18,USDA_direct_medium,0.4909,0.027,USDA_direct_medium,0.4909,0.0,USDA_direct_medium,0.4909,0.194,USDA_direct_medium,0.4909,0.0,USDA_direct_medium,0.4909
tkpi_0525,"Sawi taiwan, segar","sawi taiwan, segar",TKPI,https://www.panganku.org/id-ID/view,Sayuran,sayuran,91.8,30.0,1.9,0.5,4.4,2.7,1.4,100.0,58.0,1.6,27.0,217.0,0.1,0.7,0.0,1.34,7.806579999999999,,0.2,0.1,0.6,33.0,,per 100g,2026-07-01T04:14:08.471742Z,2026-07-01T04:14:08.471742Z,4,0.8261,,sawi taiwan,,not_matched,,,not_matched,,,not_matched,,,not_matched,,,not_matched,,,not_matched,
tkpi_0526,"Sawi tanah, segar","sawi tanah, segar",TKPI,https://www.panganku.org/id-ID/view,Sayuran,sayuran,94.9,19.0,1.3,0.2,2.9,2.2,1.0,92.0,45.0,1.2,17.0,145.0,0.1,0.4,0.31604,815.0,210.90498000000002,,0.2,0.1,0.1,36.0,,per 100g,2026-07-01T04:14:08.471742Z,2026-07-01T04:14:08.471742Z,4,0.8261,,sawi tanah,,not_matched,,,not_matched,,,not_matched,,,not_matched,,,not_matched,,,not_matched,
tkpi_0527,"Selada, segar (Lettuce)","selada, segar (lettuce)",TKPI,https://www.panganku.org/id-ID/view,Sayuran,sayuran,94.8,18.0,1.2,0.2,2.9,1.8,0.9,22.0,25.0,0.5,19.0,186.4,0.03,0.2,340.14,1.526,540.0,,0.04,0.13,0.4,8.0,,per 100g,2026-07-01T04:14:08.471742Z,2026-07-01T04:14:08.471742Z,3,0.8696,,selada lettuce,13.0,USDA_direct_medium,0.4767,0.78,USDA_direct_medium,0.4767,0.02,USDA_direct_medium,0.4767,0.0,USDA_direct_medium,0.4767,0.09,USDA_direct_medium,0.4767,0.0,USDA_direct_medium,0.4767
tkpi_0528,"Selada air, segar (Watercress, fresh)","selada air, segar (watercress, fresh)",TKPI,https://www.panganku.org/id-ID/view,Sayuran,sayuran,93.3,17.0,3.1,0.2,2.2,0.7,1.2,95.0,152.0,2.4,65.0,260.7,0.11,0.2,0.0,1.23,3.727,,0.09,0.14,0.7,56.0,,per 100g,2026-07-01T04:14:08.471742Z,2026-07-01T04:14:08.471742Z,2,0.913,,selada air watercress,21.0,USDA_direct_medium,0.5939,0.2,USDA_direct_medium,0.5939,0.027,USDA_direct_medium,0.5939,0.0,USDA_direct_medium,0.5939,0.129,USDA_direct_medium,0.5939,0.0,USDA_direct_medium,0.5939
tkpi_0529,"Seledri, segar (Celery, fresh)","seledri, segar (celery, fresh)",TKPI,https://www.panganku.org/id-ID/view,Sayuran,sayuran,93.0,23.0,1.0,0.1,4.6,2.0,1.3,50.0,40.0,1.0,64.0,258.8,0.08,0.4,0.0,63.0,130.0,,0.03,0.07,0.4,11.0,,per 100g,2026-07-01T04:14:08.471742Z,2026-07-01T04:14:08.471742Z,3,0.8696,,seledri celery,11.0,USDA_direct_medium,0.647,1.34,USDA_direct_medium,0.647,0.042,USDA_direct_medium,0.647,0.0,USDA_direct_medium,0.647,0.074,USDA_direct_medium,0.647,0.0,USDA_direct_medium,0.647
tkpi_0530,"Taoge, segar (Mung bean, sprout, fresh)","taoge, segar (mung bean, sprout, fresh)",TKPI,https://www.panganku.org/id-ID/view,Sayuran,sayuran,90.4,34.0,3.7,1.2,4.3,1.1,0.4,166.0,74.0,0.8,19.0,93.3,0.16,0.4,2.0,41.0,20.0,,0.09,0.15,1.1,5.0,,per 100g,2026-07-01T04:14:08.471742Z,2026-07-01T04:14:08.471742Z,3,0.8696,,taoge mung bean sprout,31.708955223880597,USDA_category_mean,0.3511,3.343490054249548,USDA_category_mean,0.3511,0.2398865153538051,USDA_category_mean,0.3511,0.7215980024968789,USDA_category_mean,0.3511,0.175552070263488,USDA_category_mean,0.3511,0.0075409836065573,USDA_category_mean,0.3511
tkpi_0531,"Taoge kacang kedelai, segar (Soya bean, sprout, fresh)","taoge kacang kedelai, segar (soya bean, sprout, fresh)",TKPI,https://www.panganku.org/id-ID/view,Sayuran,sayuran,81.0,76.0,9.0,2.6,6.4,0.7,1.0,50.0,65.0,1.0,5.0,212.4,0.26,0.7,4.80418,0.0,110.0,,0.23,0.19,1.2,15.0,,per 100g,2026-07-01T04:14:08.471742Z,2026-07-01T04:14:08.471742Z,3,0.8696,,taoge kacang kedelai soya bean sprout,,not_matched,,,not_matched,,,not_matched,,,not_matched,,,not_matched,,,not_matched,
tkpi_0532,"Taoge kacang tunggak, segar (southern pea, fresh)","taoge kacang tunggak, segar (southern pea, fresh)",TKPI,https://www.panganku.org/id-ID/view,Sayuran,sayuran,88.0,40.0,5.0,0.2,5.8,2.6,1.0,57.0,88.0,1.0,2.0,226.8,0.07,0.5,0.83604,299.0,0.0,,0.07,0.08,0.8,15.0,,per 100g,2026-07-01T04:14:08.471742Z,2026-07-01T04:14:08.471742Z,3,0.8696,,taoge kacang tunggak southern pea,,not_matched,,,not_matched,,,not_matched,,,not_matched,,,not_matched,,,not_matched,
tkpi_0533,"Tebu terubuk (lilin), segar","tebu terubuk (lilin), segar",TKPI,https://www.panganku.org/id-ID/view,Sayuran,sayuran,91.0,30.0,4.6,0.4,3.0,0.8,1.0,40.0,80.0,2.0,699.0,360.8300000000001,0.2,1.1,113.18,12.0,0.0,,0.08,0.2,1.2,50.0,,per 100g,2026-07-01T04:14:08.471742Z,2026-07-01T04:14:08.471742Z,4,0.8261,,tebu terubuk lilin,,not_matched,,,not_matched,,,not_matched,,,not_matched,,,not_matched,,,not_matched,
tkpi_0534,"Tekokak, segar (Devil�s fig,fresh)","tekokak, segar (devils fig,fresh)",TKPI,https://www.panganku.org/id-ID/view,Sayuran,sayuran,89.0,34.0,2.0,0.1,7.9,4.9,1.0,50.0,30.0,2.0,3.0,333.3,0.12,0.2,352.66,23.0,750.0,,0.08,0.05,0.9,8.0,,per 100g,2026-07-01T04:14:08.471742Z,2026-07-01T04:14:08.471742Z,3,0.8696,,tekokak devils fig,,not_matched,,,not_matched,,,not_matched,,,not_matched,,,not_matched,,,not_matched,
tkpi_0535,"Tekokak, kering (Devil�s fig, dried)","tekokak, kering (devils fig, dried)",TKPI,https://www.panganku.org/id-ID/view,Sayuran,sayuran,12.3,302.0,8.3,1.7,72.6,21.2,8.1,370.0,180.0,22.2,9.0,0.0,1.044,1.0,335.62,187.0,750.0,,0.4,0.17,5.1,0.0,,per 100g,2026-07-01T04:14:08.471742Z,2026-07-01T04:14:08.471742Z,3,0.8696,,tekokak devils fig,,not_matched,,,not_matched,,,not_matched,,,not_matched,,,not_matched,,,not_matched,
tkpi_0536,"Terong, segar (Eggplant, fresh)","terong, segar (eggplant, fresh)",TKPI,https://www.panganku.org/id-ID/view,Sayuran,sayuran,92.7,28.0,1.1,0.2,5.5,2.1,0.5,15.0,37.0,0.4,9.0,187.0,0.1,0.1,0.36,46.0,30.0,,0.04,0.03,0.5,5.0,,per 100g,2026-07-01T04:14:08.471742Z,2026-07-01T04:14:08.471742Z,3,0.8696,,terong eggplant,14.0,USDA_direct_high,0.6749,3.53,USDA_direct_high,0.6749,0.034,USDA_direct_high,0.6749,0.0,USDA_direct_high,0.6749,0.084,USDA_direct_high,0.6749,0.0,USDA_direct_high,0.6749
tkpi_0537,"Terong asam, segar","terong asam, segar",TKPI,https://www.panganku.org/id-ID/view,Sayuran,sayuran,90.5,37.0,2.0,0.4,6.3,3.2,0.8,13.0,59.0,1.5,3.0,155.0,0.3,0.3,0.36,97.0,193.19682,,0.2,0.1,0.8,4.0,,per 100g,2026-07-01T04:14:08.471742Z,2026-07-01T04:14:08.471742Z,4,0.8261,,terong asam,,not_matched,,,not_matched,,,not_matched,,,not_matched,,,not_matched,,,not_matched,
tkpi_0538,"Terung belanda, segar (Tamarillo, fresh)","terung belanda, segar (tamarillo, fresh)",TKPI,https://www.panganku.org/id-ID/view,Sayuran,sayuran,87.3,52.0,2.1,1.1,8.6,1.4,1.0,16.0,40.0,1.1,20.9,237.88815999999994,0.21039999999999992,0.6679999999999998,0.0,2.9763399999999995,8.048,,0.42,0.06,0.0,12.0,,per 100g,2026-07-01T04:14:08.471742Z,2026-07-01T04:14:08.471742Z,7,0.6957,,terung belanda tamarillo,,not_matched,,,not_matched,,,not_matched,,,not_matched,,,not_matched,,,not_matched,
tkpi_0539,"Terung bengkulu, segar","terung bengkulu, segar",TKPI,https://www.panganku.org/id-ID/view,Sayuran,sayuran,86.6,52.0,1.1,0.4,11.2,3.2,0.8,19.0,39.0,1.1,14.0,225.04816000000005,0.16,1.0,0.0,85.0,600.0,,0.23,0.04,0.0,6.0,,per 100g,2026-07-01T04:14:08.471742Z,2026-07-01T04:14:08.471742Z,3,0.8696,,terung bengkulu,,not_matched,,,not_matched,,,not_matched,,,not_matched,,,not_matched,,,not_matched,
tkpi_0540,"Terong hintalo, segar","terong hintalo, segar",TKPI,https://www.panganku.org/id-ID/view,Sayuran,sayuran,89.2,45.0,1.9,0.8,7.5,5.1,0.6,19.0,268.0,1.0,167.0,142.0,0.6,0.2,173.88,552.0,585.4616599999999,,0.2,0.4,2.6740000000000004,4.0,,per 100g,2026-07-01T04:14:08.471742Z,2026-07-01T04:14:08.471742Z,5,0.7826,,terong hintalo,,not_matched,,,not_matched,,,not_matched,,,not_matched,,,not_matched,,,not_matched,
tkpi_0541,"Terung panjang (Eggplant, fresh)","terung panjang (eggplant, fresh)",TKPI,https://www.panganku.org/id-ID/view,Sayuran,sayuran,91.8,25.0,2.1,0.1,5.3,0.5,0.7,38.0,24.0,0.7,9.0,53.7,0.09,0.2,0.0,83.0,24.0,,0.15,0.06,0.7,8.0,,per 100g,2026-07-01T04:14:08.471742Z,2026-07-01T04:14:08.471742Z,2,0.913,,terung panjang eggplant,14.0,USDA_direct_medium,0.5706,3.53,USDA_direct_medium,0.5706,0.034,USDA_direct_medium,0.5706,0.0,USDA_direct_medium,0.5706,0.084,USDA_direct_medium,0.5706,0.0,USDA_direct_medium,0.5706
tkpi_0542,"Tomat, air (sari), segar (Tomato, juice, fresh)","tomat, air (sari), segar (tomato, juice, fresh)",TKPI,https://www.panganku.org/id-ID/view,Sayuran,sayuran,94.0,20.0,1.0,0.2,3.5,0.4,1.3,7.0,15.0,0.4,10.0,225.2,0.06,0.1,162.04,266.0,600.0,,0.05,0.03,0.7,10.0,,per 100g,2026-07-01T04:14:08.471742Z,2026-07-01T04:14:08.471742Z,3,0.8696,,tomat air sari tomato juice,11.0,USDA_direct_medium,0.4573,2.58,USDA_direct_medium,0.4573,0.019,USDA_direct_medium,0.4573,0.0,USDA_direct_medium,0.4573,0.07,USDA_direct_medium,0.4573,0.0,USDA_direct_medium,0.4573
tkpi_0543,"Tomat merah, segar (Tomato, red, fresh)","tomat merah, segar (tomato, red, fresh)",TKPI,https://www.panganku.org/id-ID/view,Sayuran,sayuran,92.9,24.0,1.3,0.5,4.7,1.5,0.6,8.0,77.0,0.6,10.0,164.9,0.14,0.2,0.41603999999999997,575.0,2.083,,0.06,0.07,0.4,34.0,,per 100g,2026-07-01T04:14:08.471742Z,2026-07-01T04:14:08.471742Z,3,0.8696,,tomat merah tomato red,31.708955223880597,USDA_category_mean,0.325,3.343490054249548,USDA_category_mean,0.325,0.2398865153538051,USDA_category_mean,0.325,0.7215980024968789,USDA_category_mean,0.325,0.175552070263488,USDA_category_mean,0.325,0.0075409836065573,USDA_category_mean,0.325
tkpi_0544,"Tomat muda, segar (Tomato, green, fresh)","tomat muda, segar (tomato, green, fresh)",TKPI,https://www.panganku.org/id-ID/view,Sayuran,sayuran,93.0,24.0,2.0,0.7,3.3,1.8,2.0,5.0,27.0,0.5,10.0,210.0,0.07,0.2,6.3821,384.0,320.0,,0.07,0.04,0.7,30.0,,per 100g,2026-07-01T04:14:08.471742Z,2026-07-01T04:14:08.471742Z,3,0.8696,,tomat muda tomato green,31.708955223880597,USDA_category_mean,0.3327,3.343490054249548,USDA_category_mean,0.3327,0.2398865153538051,USDA_category_mean,0.3327,0.7215980024968789,USDA_category_mean,0.3327,0.175552070263488,USDA_category_mean,0.3327,0.0075409836065573,USDA_category_mean,0.3327
tkpi_0545,"Uceng/ bunga melinjo, segar (Spanish joint fir, flower, fresh)","uceng/ bunga melinjo, segar (spanish joint fir, flower, fresh)",TKPI,https://www.panganku.org/id-ID/view,Sayuran,sayuran,79.5,82.0,5.8,1.3,11.7,4.8,1.7,70.0,266.0,2.4,47.5201,269.4560800000001,0.3554,1.3900000000000006,1.52,24.9137,58.0,,0.11,0.15,1.4140000000000001,3.0,,per 100g,2026-07-01T04:14:08.471742Z,2026-07-01T04:14:08.471742Z,9,0.6087,,uceng bunga melinjo spanish joint fir flower,31.708955223880597,USDA_category_mean,0.2315,3.343490054249548,USDA_category_mean,0.2315,0.2398865153538051,USDA_category_mean,0.2315,0.7215980024968789,USDA_category_mean,0.2315,0.175552070263488,USDA_category_mean,0.2315,0.0075409836065573,USDA_category_mean,0.2315
tkpi_0546,"Umbut kelapa, segar","umbut kelapa, segar",TKPI,https://www.panganku.org/id-ID/view,Sayuran,sayuran,89.3,39.0,2.0,0.2,7.2,2.5,1.3,57.0,49.0,1.694,4.0,447.0,0.2,1.4,0.0,16.0,42.0545,,0.1,0.1,1.0760000000000003,8.0,,per 100g,2026-07-01T04:14:08.471742Z,2026-07-01T04:14:08.471742Z,6,0.7391,,umbut kelapa,,not_matched,,,not_matched,,,not_matched,,,not_matched,,,not_matched,,,not_matched,
tkpi_0547,"Umbut rotan (Rattan, young shoot)","umbut rotan (rattan, young shoot)",TKPI,https://www.panganku.org/id-ID/view,Sayuran,sayuran,90.5,34.0,2.4,0.3,5.5,2.2,1.3,89.0,79.0,1.3,8.0,552.0,0.2,1.9,0.0,14.0,30.42346,,0.2,0.2425999999999999,1.3540000000000005,9.0,,per 100g,2026-07-01T04:14:08.471742Z,2026-07-01T04:14:08.471742Z,6,0.7391,,umbut rotan rattan young shoot,31.708955223880597,USDA_category_mean,0.2386,3.343490054249548,USDA_category_mean,0.2386,0.2398865153538051,USDA_category_mean,0.2386,0.7215980024968789,USDA_category_mean,0.2386,0.175552070263488,USDA_category_mean,0.2386,0.0075409836065573,USDA_category_mean,0.2386
tkpi_0548,"Wortel, segar (Carrot, fresh)","wortel, segar (carrot, fresh)",TKPI,https://www.panganku.org/id-ID/view,Sayuran,sayuran,89.9,36.0,1.0,0.6,7.9,1.0,0.6,45.0,74.0,1.0,70.0,245.0,0.06,0.3,0.0,3.784,7.125,,0.04,0.04,1.0,18.0,,per 100g,2026-07-01T04:14:08.471742Z,2026-07-01T04:14:08.471742Z,3,0.8696,,wortel carrot,14.0,USDA_direct_medium,0.5399,3.91,USDA_direct_medium,0.5399,0.027,USDA_direct_medium,0.5399,0.0,USDA_direct_medium,0.5399,0.217,USDA_direct_medium,0.5399,0.0,USDA_direct_medium,0.5399
tkpi_0549,"Bayam, kukus","bayam, kukus",TKPI,https://www.panganku.org/id-ID/view,Sayuran,sayuran,90.7,30.0,1.3,0.7,5.8,1.2,1.6,239.0,35.0,5.7,15.0,431.0,0.1,0.3,0.0,2.699,3.75,,0.02,0.1,0.9,32.0,,per 100g,2026-07-01T04:14:08.471742Z,2026-07-01T04:14:08.471742Z,2,0.913,,bayam kukus,,not_matched,,,not_matched,,,not_matched,,,not_matched,,,not_matched,,,not_matched,
tkpi_0550,"Bayam ,rebus","bayam ,rebus",TKPI,https://www.panganku.org/id-ID/view,Sayuran,sayuran,93.5,23.0,1.2,0.6,3.7,1.1,1.0,150.0,35.0,0.5,16.0,308.4,0.2,0.3,0.0,3.282,2.864,,0.02,0.1,0.9,19.0,,per 100g,2026-07-01T04:14:08.471742Z,2026-07-01T04:14:08.471742Z,2,0.913,,bayam,,not_matched,,,not_matched,,,not_matched,,,not_matched,,,not_matched,,,not_matched,
tkpi_0551,"Buncis, rebus","buncis, rebus",TKPI,https://www.panganku.org/id-ID/view,Sayuran,sayuran,90.6,30.0,2.2,0.2,6.4,1.5,0.6,107.0,47.0,0.5,7.0,138.9,0.1,0.3,80.5,1.0,402.0,,0.01,0.29,2.0,8.0,,per 100g,2026-07-01T04:14:08.471742Z,2026-07-01T04:14:08.471742Z,3,0.8696,,buncis,,not_matched,,,not_matched,,,not_matched,,,not_matched,,,not_matched,,,not_matched,
tkpi_0552,"Daun kacang panjang, kukus","daun kacang panjang, kukus",TKPI,https://www.panganku.org/id-ID/view,Sayuran,sayuran,87.2,40.0,3.7,0.3,8.0,1.8,0.8,111.0,66.0,3.7,6.0,419.5,0.2,0.3,0.0,2.645,5.781,,0.15,0.2,0.9,11.0,,per 100g,2026-07-01T04:14:08.471742Z,2026-07-01T04:14:08.471742Z,2,0.913,,daun kacang panjang kukus,,not_matched,,,not_matched,,,not_matched,,,not_matched,,,not_matched,,,not_matched,
tkpi_0553,"Daun katuk, rebus","daun katuk, rebus",TKPI,https://www.panganku.org/id-ID/view,Sayuran,sayuran,83.3,53.0,5.3,0.9,9.1,1.2,1.4,185.0,102.0,3.1,16.0,291.3,0.3,1.3,0.0,11.131,9.0,,0.0,0.3,2.2,66.0,,per 100g,2026-07-01T04:14:08.471742Z,2026-07-01T04:14:08.471742Z,2,0.913,,daun katuk,,not_matched,,,not_matched,,,not_matched,,,not_matched,,,not_matched,,,not_matched,
tkpi_0554,"Daun kelor, rebus","daun kelor, rebus",TKPI,https://www.panganku.org/id-ID/view,Sayuran,sayuran,80.3,61.0,6.1,0.9,10.0,0.9,2.6,255.0,36.0,2.1,45.0,181.2,0.1,0.6,2.42386,3.972,6.071,,0.1,0.1,4.0,13.0,,per 100g,2026-07-01T04:14:08.471742Z,2026-07-01T04:14:08.471742Z,3,0.8696,,daun kelor,,not_matched,,,not_matched,,,not_matched,,,not_matched,,,not_matched,,,not_matched,
tkpi_0555,"Daun mengkudu, kukus","daun mengkudu, kukus",TKPI,https://www.panganku.org/id-ID/view,Sayuran,sayuran,81.6,63.0,3.8,1.5,11.5,2.4,1.6,300.0,43.0,6.0,69.47636,263.2860000000001,0.33159999999999995,0.95,0.3,2.0,4.9,,0.08,0.1,5.2,11.0,,per 100g,2026-07-01T04:14:08.471742Z,2026-07-01T04:14:08.471742Z,7,0.6957,,daun mengkudu kukus,,not_matched,,,not_matched,,,not_matched,,,not_matched,,,not_matched,,,not_matched,
tkpi_0556,"Daun singkong, rebus","daun singkong, rebus",TKPI,https://www.panganku.org/id-ID/view,Sayuran,sayuran,90.5,31.0,3.7,0.6,4.8,1.6,0.4,160.0,50.0,2.6,13.0,14.0,0.1,2.0,0.0,3.897,4.15,,0.02,0.1,1.7,34.0,,per 100g,2026-07-01T04:14:08.471742Z,2026-07-01T04:14:08.471742Z,3,0.8696,,daun singkong,,not_matched,,,not_matched,,,not_matched,,,not_matched,,,not_matched,,,not_matched,
tkpi_0557,"Daun talas, rebus","daun talas, rebus",TKPI,https://www.panganku.org/id-ID/view,Sayuran,sayuran,91.6,27.0,1.3,0.2,5.9,1.6,1.0,119.0,41.0,1.4,3.0,519.4,0.5,0.5,0.0,4.641,2.682,,0.0,0.6,1.9,7.0,,per 100g,2026-07-01T04:14:08.471742Z,2026-07-01T04:14:08.471742Z,2,0.913,,daun talas,,not_matched,,,not_matched,,,not_matched,,,not_matched,,,not_matched,,,not_matched,
tkpi_0558,"Daun ubi merah, kukus","daun ubi merah, kukus",TKPI,https://www.panganku.org/id-ID/view,Sayuran,sayuran,82.5,56.0,3.1,0.3,13.0,1.5,1.1,78.0,52.0,4.3,28.0,472.8,0.1,0.4,0.02,5.277,5.397,,0.0,0.2,1.1,14.0,,per 100g,2026-07-01T04:14:08.471742Z,2026-07-01T04:14:08.471742Z,3,0.8696,,daun ubi merah kukus,,not_matched,,,not_matched,,,not_matched,,,not_matched,,,not_matched,,,not_matched,
tkpi_0559,"Kacang panjang ,kukus","kacang panjang ,kukus",TKPI,https://www.panganku.org/id-ID/view,Sayuran,sayuran,88.2,39.0,3.0,0.6,7.6,1.7,0.6,100.0,91.0,1.2,28.0,199.0,0.11,0.5,0.0,131.0,205.0,,0.02,0.1,0.3,20.0,,per 100g,2026-07-01T04:14:08.471742Z,2026-07-01T04:14:08.471742Z,2,0.913,,kacang panjang kukus,,not_matched,,,not_matched,,,not_matched,,,not_matched,,,not_matched,,,not_matched,
tkpi_0560,"Kacang panjang, rebus","kacang panjang, rebus",TKPI,https://www.panganku.org/id-ID/view,Sayuran,sayuran,90.9,30.0,2.3,0.4,5.8,1.4,0.6,71.0,68.0,0.8,24.0,114.5,0.1,0.4,0.0,128.0,162.0,,0.0,0.07,0.2,15.0,,per 100g,2026-07-01T04:14:08.471742Z,2026-07-01T04:14:08.471742Z,2,0.913,,kacang panjang,,not_matched,,,not_matched,,,not_matched,,,not_matched,,,not_matched,,,not_matched,
tkpi_0561,"Kangkung, kukus","kangkung, kukus",TKPI,https://www.panganku.org/id-ID/view,Sayuran,sayuran,90.4,30.0,3.2,0.7,4.7,1.8,1.0,70.0,49.0,4.4,45.0,184.9,0.1,0.3,0.0,2.37,5.837,,0.03,0.28,1.4,11.0,,per 100g,2026-07-01T04:14:08.471742Z,2026-07-01T04:14:08.471742Z,2,0.913,,kangkung kukus,,not_matched,,,not_matched,,,not_matched,,,not_matched,,,not_matched,,,not_matched,
tkpi_0562,"Kangkung, rebus","kangkung, rebus",TKPI,https://www.panganku.org/id-ID/view,Sayuran,sayuran,93.0,22.0,2.5,0.6,3.1,1.2,0.8,50.0,51.0,3.5,31.0,98.0,0.1,0.3,0.0,2.37,4.325,,0.01,0.22,1.2,13.0,,per 100g,2026-07-01T04:14:08.471742Z,2026-07-01T04:14:08.471742Z,2,0.913,,kangkung,,not_matched,,,not_matched,,,not_matched,,,not_matched,,,not_matched,,,not_matched,
tkpi_0563,"Paria putih, kukus","paria putih, kukus",TKPI,https://www.panganku.org/id-ID/view,Sayuran,sayuran,95.0,16.0,0.8,0.2,3.4,1.2,0.6,16.0,33.0,0.5,4.0,236.0,0.0,0.7,0.94,187.0,65.0,,0.15,0.04,0.3,35.0,,per 100g,2026-07-01T04:14:08.471742Z,2026-07-01T04:14:08.471742Z,3,0.8696,,paria putih kukus,,not_matched,,,not_matched,,,not_matched,,,not_matched,,,not_matched,,,not_matched,
tkpi_0564,"Selada, rebus","selada, rebus",TKPI,https://www.panganku.org/id-ID/view,Sayuran,sayuran,93.5,19.0,2.7,0.2,2.9,0.7,0.7,83.0,74.0,1.4,24.0,160.7,0.05,0.2,0.24,2.499,3.7,,0.08,0.2,0.6,27.0,,per 100g,2026-07-01T04:14:08.471742Z,2026-07-01T04:14:08.471742Z,3,0.8696,,selada,,not_matched,,,not_matched,,,not_matched,,,not_matched,,,not_matched,,,not_matched,
tkpi_0565,"Taoge, goreng","taoge, goreng",TKPI,https://www.panganku.org/id-ID/view,Sayuran,sayuran,79.2,88.0,3.2,2.1,14.0,0.7,1.5,168.0,50.0,5.7,207.96608,116.83846,0.27019999999999994,0.9760000000000002,2.0,413.0,613.0,,0.05,0.14319999999999997,1.064,0.0,,per 100g,2026-07-01T04:14:08.471742Z,2026-07-01T04:14:08.471742Z,9,0.6087,,taoge,,not_matched,,,not_matched,,,not_matched,,,not_matched,,,not_matched,,,not_matched,
tkpi_0566,"Taoge, seduh","taoge, seduh",TKPI,https://www.panganku.org/id-ID/view,Sayuran,sayuran,91.9,28.0,3.0,0.8,4.0,1.0,0.3,52.0,73.0,0.5,18.0,58.3,0.19,0.4,0.36,46.0,18.0,,0.1,0.0,0.9,2.0,,per 100g,2026-07-01T04:14:08.471742Z,2026-07-01T04:14:08.471742Z,3,0.8696,,taoge seduh,,not_matched,,,not_matched,,,not_matched,,,not_matched,,,not_matched,,,not_matched,
tkpi_0567,"Terung panjang, kukus","terung panjang, kukus",TKPI,https://www.panganku.org/id-ID/view,Sayuran,sayuran,92.7,23.0,1.8,0.1,4.9,0.4,0.5,40.0,13.0,0.5,9.0,57.0,67.1,0.2,0.0,99.0,20.0,,0.0,0.07,0.7,1.0,,per 100g,2026-07-01T04:14:08.471742Z,2026-07-01T04:14:08.471742Z,2,0.913,,terung panjang kukus,,not_matched,,,not_matched,,,not_matched,,,not_matched,,,not_matched,,,not_matched,
tkpi_0568,"Wortel, rebus","wortel, rebus",TKPI,https://www.panganku.org/id-ID/view,Sayuran,sayuran,92.1,28.0,0.7,0.5,6.3,0.8,0.4,46.0,28.0,0.6,41.0,117.3,0.1,0.2,0.0,3.824,5.396,,0.01,0.03,0.7,12.0,,per 100g,2026-07-01T04:14:08.471742Z,2026-07-01T04:14:08.471742Z,2,0.913,,wortel,,not_matched,,,not_matched,,,not_matched,,,not_matched,,,not_matched,,,not_matched,
tkpi_0569,"Wortel, kukus","wortel, kukus",TKPI,https://www.panganku.org/id-ID/view,Sayuran,sayuran,89.5,37.0,1.0,0.6,8.3,1.1,0.6,44.0,30.0,0.6,43.0,122.5,0.11,0.3,0.0,3.994,7.15,,0.02,0.03,0.8,14.0,,per 100g,2026-07-01T04:14:08.471742Z,2026-07-01T04:14:08.471742Z,2,0.913,,wortel kukus,,not_matched,,,not_matched,,,not_matched,,,not_matched,,,not_matched,,,not_matched,
tkpi_0570,"Asinan Bogor, sayuran","asinan bogor, sayuran",TKPI,https://www.panganku.org/id-ID/view,Sayuran,sayuran,78.0,98.0,3.9,2.6,14.8,0.5,0.7,314.0,17.0,1.2,483.0,246.97594,1.7138000000000013,0.7900000000000001,10.0,54.26,146.0,,0.28,0.08399999999999999,0.7420000000000002,5.0,,per 100g,2026-07-01T04:14:08.471742Z,2026-07-01T04:14:08.471742Z,8,0.6522,,asinan bogor sayuran,,not_matched,,,not_matched,,,not_matched,,,not_matched,,,not_matched,,,not_matched,
tkpi_0571,"Anyang, sayur","anyang, sayur",TKPI,https://www.panganku.org/id-ID/view,Sayuran,sayuran,76.9,126.0,3.4,7.9,10.3,5.4,1.5,180.0,1.0,2.9,290.0,181.0,0.3,1.2,106.67608,3.263,22.6362,,0.2,0.13299999999999995,0.982,9.28,,per 100g,2026-07-01T04:14:08.471742Z,2026-07-01T04:14:08.471742Z,7,0.6957,"Seperti urap sayuran, biasanya terdiri dari daun pakis, tauge, daun pepaya, kacang panjang, kangkung dan kelapa parut",anyang sayur,,not_matched,,,not_matched,,,not_matched,,,not_matched,,,not_matched,,,not_matched,
tkpi_0572,"Ares, sayur","ares, sayur",TKPI,https://www.panganku.org/id-ID/view,Sayuran,sayuran,77.7,113.0,0.9,7.2,11.2,4.7,3.0,63.0,5.0,1.5,1.413,1.03,0.7,3.8,0.4,6.0,31.276000000000003,,0.1,0.22739999999999994,0.5,27.98,,per 100g,2026-07-01T04:14:08.471742Z,2026-07-01T04:14:08.471742Z,6,0.7391,Masakan dari umbut / hati batang pisang dimasak dengan santan dan bumbu (gulai),ares sayur,,not_matched,,,not_matched,,,not_matched,,,not_matched,,,not_matched,,,not_matched,
tkpi_0573,Arwan sirsir,arwan sirsir,TKPI,https://www.panganku.org/id-ID/view,Sayuran,sayuran,59.0,277.0,2.4,25.0,10.7,4.6,2.9,120.0,40.0,2.4,240.0,320.0,0.2,0.9,19.10938,1.578,10.06094,,0.1,0.2,0.0,11.0,,per 100g,2026-07-01T04:14:08.471742Z,2026-07-01T04:14:08.471742Z,4,0.8261,"Bahan dasar terdiri dari daun kasbi, daun pepaya, bunga pepaya dimasak dengan santan",arwan sirsir,,not_matched,,,not_matched,,,not_matched,,,not_matched,,,not_matched,,,not_matched,
tkpi_0574,Beberuk,beberuk,TKPI,https://www.panganku.org/id-ID/view,Sayuran,sayuran,89.1,65.0,1.1,5.2,3.5,3.1,1.1,179.0,72.0,8.3,53.0,427.0,0.4,0.2,2.8419,44.0,37.984500000000004,,0.3,0.2657999999999999,4.4,28.46,,per 100g,2026-07-01T04:14:08.471742Z,2026-07-01T04:14:08.471742Z,6,0.7391,"Sayuran mentah (kacang panjang dan terong ungu kecil diiris halus), ditambah bumbu / saos : cabe merah, cabe rawit merah, tomat, terasi, dan garam",beberuk,,not_matched,,,not_matched,,,not_matched,,,not_matched,,,not_matched,,,not_matched,
tkpi_0575,Botok lamtoro,botok lamtoro,TKPI,https://www.panganku.org/id-ID/view,Sayuran,sayuran,63.9,186.0,11.7,9.7,13.0,2.1,2.2,771.0,322.0,26.0,233.31448,221.37836000000004,0.5586000000000003,1.8639999999999999,18.0,170.96,179.0,,0.27,0.18540000000000004,1.7959999999999992,2.0,,per 100g,2026-07-01T04:14:08.471742Z,2026-07-01T04:14:08.471742Z,9,0.6087,"Bahan dasar terdiri dari lamtoro dan kelapa parut, dikukus dengan dibungkus daun pisang.",botok lamtoro,,not_matched,,,not_matched,,,not_matched,,,not_matched,,,not_matched,,,not_matched,
tkpi_0576,Buntil daun talas,buntil daun talas,TKPI,https://www.panganku.org/id-ID/view,Sayuran,sayuran,74.5,141.0,4.4,10.2,8.0,1.8,3.0,149.0,121.0,14.5,246.937,288.4972,0.327,0.89,13.0,3.5441799999999994,8.61,,0.25,0.17660000000000003,1.3980000000000004,1.0,,per 100g,2026-07-01T04:14:08.471742Z,2026-07-01T04:14:08.471742Z,9,0.6087,"Bahan dasar terdiri dari daun talas, kelapa parut, dan ikan teri. Direbus dengan santan.",buntil daun talas,,not_matched,,,not_matched,,,not_matched,,,not_matched,,,not_matched,,,not_matched,
tkpi_0577,Cammetutu,cammetutu,TKPI,https://www.panganku.org/id-ID/view,Sayuran,sayuran,79.6,102.0,3.2,6.0,8.7,4.3,2.5,41.0,93.0,0.5,443.0,518.0,0.3,0.7,154.99628,1.123,53.67035999999999,,0.3,0.4,0.4,19.0,,per 100g,2026-07-01T04:14:08.471742Z,2026-07-01T04:14:08.471742Z,4,0.8261,"Sayur daun singkong ditumbuk dan dimasak bersama kacang panjang, terong, dan labu siam.",cammetutu,,not_matched,,,not_matched,,,not_matched,,,not_matched,,,not_matched,,,not_matched,
tkpi_0578,"Cap cai, sayur","cap cai, sayur",TKPI,https://www.panganku.org/id-ID/view,Sayuran,sayuran,82.7,97.0,5.8,6.3,4.2,0.6,1.0,287.0,89.0,1.8,405.0,234.80000000000004,0.19159999999999988,0.8360000000000001,45.0,5.20958,1.64,,0.21,0.18859999999999988,1.332,1.0,,per 100g,2026-07-01T04:14:08.471742Z,2026-07-01T04:14:08.471742Z,8,0.6522,,cap cai sayur,,not_matched,,,not_matched,,,not_matched,,,not_matched,,,not_matched,,,not_matched,
tkpi_0579,Gado-gado,gado-gado,TKPI,https://www.panganku.org/id-ID/view,Sayuran,sayuran,68.5,137.0,6.1,3.2,21.0,1.1,1.5,301.0,135.0,7.5,43.31548,301.35764,0.33940000000000003,1.298,3.0,7.34262,5.929,,0.1,0.10080000000000004,1.6519999999999997,1.0,,per 100g,2026-07-01T04:14:08.471742Z,2026-07-01T04:14:08.471742Z,9,0.6087,,gado gado,,not_matched,,,not_matched,,,not_matched,,,not_matched,,,not_matched,,,not_matched,
tkpi_0580,"Gudeg, sayur","gudeg, sayur",TKPI,https://www.panganku.org/id-ID/view,Sayuran,sayuran,69.2,160.0,3.3,9.2,16.0,2.3,2.1,62.0,55.0,12.8,134.15468,217.5009,0.3175999999999999,0.848,0.0,128.74978,166.0,,0.15,0.09119999999999996,0.608,0.0,,per 100g,2026-07-01T04:14:08.471742Z,2026-07-01T04:14:08.471742Z,9,0.6087,Bahan dasar terdiri dari nangka muda dan santan. Direbus dalam waktu yang lama,gudeg sayur,,not_matched,,,not_matched,,,not_matched,,,not_matched,,,not_matched,,,not_matched,
tkpi_0581,Gulai pakis,gulai pakis,TKPI,https://www.panganku.org/id-ID/view,Sayuran,sayuran,76.1,143.0,4.0,11.4,6.0,1.4,2.6,548.0,124.0,1.7,139.508,254.4885,0.29739999999999994,0.8460000000000001,11.0,2.55758,9.802,,0.35,0.1044,1.0860000000000003,1.0,,per 100g,2026-07-01T04:14:08.471742Z,2026-07-01T04:14:08.471742Z,9,0.6087,,gulai pakis,,not_matched,,,not_matched,,,not_matched,,,not_matched,,,not_matched,,,not_matched,
tkpi_0582,Gulai pliek,gulai pliek,TKPI,https://www.panganku.org/id-ID/view,Sayuran,sayuran,71.9,176.0,7.3,14.9,3.2,0.10400000000000002,2.7,39.0,54.0,1.4,257.0,285.0,0.3,0.6,30.51364,0.34378,4.32402,,0.1855999999999999,0.10119999999999994,1.4480000000000002,0.82,,per 100g,2026-07-01T04:14:08.471742Z,2026-07-01T04:14:08.471742Z,10,0.5652,"Bahan dasar terdiri dari nangka muda, daun melinjo, buah melinjo, jantung pisang, kacang panjang. Direbus dengan santan.",gulai pliek,,not_matched,,,not_matched,,,not_matched,,,not_matched,,,not_matched,,,not_matched,
tkpi_0583,Kadada katembe,kadada katembe,TKPI,https://www.panganku.org/id-ID/view,Sayuran,sayuran,80.0,110.0,4.5,6.9,7.1,3.9,1.5,26.0,77.0,0.0,178.0,131.0,0.2,0.7,13.08,46.0,99.02718,,0.1,0.10479999999999999,3.7,23.0,,per 100g,2026-07-01T04:14:08.471742Z,2026-07-01T04:14:08.471742Z,5,0.7826,,kadada katembe,,not_matched,,,not_matched,,,not_matched,,,not_matched,,,not_matched,,,not_matched,
tkpi_0584,"Kaparende, sayur","kaparende, sayur",TKPI,https://www.panganku.org/id-ID/view,Sayuran,sayuran,91.7,38.0,2.4,2.0,2.6,1.5,1.3,126.0,68.0,0.0,170.0,43.0,0.0,0.3,46.52402,40.0,51.45546,,0.1,0.17739999999999997,3.7,22.0,,per 100g,2026-07-01T04:14:08.471742Z,2026-07-01T04:14:08.471742Z,5,0.7826,sayur bening daun kelor + pepaya muda + ikan teri,kaparende sayur,,not_matched,,,not_matched,,,not_matched,,,not_matched,,,not_matched,,,not_matched,
tkpi_0585,"Karedok, sayur","karedok, sayur",TKPI,https://www.panganku.org/id-ID/view,Sayuran,sayuran,79.0,92.0,2.2,3.3,14.1,1.4,1.4,174.0,85.0,2.4,92.88,251.72200000000004,0.2647999999999999,0.7680000000000001,0.0,2.31884,1.0,,0.08,0.0902,0.42999999999999994,3.0,,per 100g,2026-07-01T04:14:08.471742Z,2026-07-01T04:14:08.471742Z,9,0.6087,,karedok sayur,,not_matched,,,not_matched,,,not_matched,,,not_matched,,,not_matched,,,not_matched,
tkpi_0586,Keripik bayam,keripik bayam,TKPI,https://www.panganku.org/id-ID/view,Sayuran,sayuran,2.3,586.0,4.9,40.6,50.2,0.5,1.9,236.0,117.0,3.6,57.122820000000004,406.05864,0.6799999999999998,1.8339999999999999,0.0,12.94,4.544,,0.16,0.32559999999999995,1.6279999999999994,0.0,,per 100g,2026-07-01T04:14:08.471742Z,2026-07-01T04:14:08.471742Z,9,0.6087,,keripik bayam,,not_matched,,,not_matched,,,not_matched,,,not_matched,,,not_matched,,,not_matched,
tkpi_0587,Kotiu hinela tawang nggole,kotiu hinela tawang nggole,TKPI,https://www.panganku.org/id-ID/view,Sayuran,sayuran,88.4,46.0,2.2,1.5,6.0,3.8,1.9,64.0,44.0,0.0,316.0,103.0,1.6,0.8,133.16624,75.0,155.22526000000005,,0.3,0.1664,9.7,7.0,,per 100g,2026-07-01T04:14:08.471742Z,2026-07-01T04:14:08.471742Z,5,0.7826,Sayur campur jantung pisang + daun singkong dan tekokak bumbu garam dan terasi,kotiu hinela tawang nggole,,not_matched,,,not_matched,,,not_matched,,,not_matched,,,not_matched,,,not_matched,
tkpi_0588,Lema/ Rebung asam,lema/ rebung asam,TKPI,https://www.panganku.org/id-ID/view,Sayuran,sayuran,96.3,15.0,1.0,0.4,1.9,1.5499999999999994,0.4,17.0,230.0,2.9,3.0,156.0,0.1,0.7,406.02,264.53156000000007,497.78,,0.3,0.0,1.074,30.06,,per 100g,2026-07-01T04:14:08.471742Z,2026-07-01T04:14:08.471742Z,8,0.6522,"Bahan dasar : rebung dan ikan, diolah dengan cara direbus dan difermentasi, dengan rasa asam pedas",lema rebung asam,,not_matched,,,not_matched,,,not_matched,,,not_matched,,,not_matched,,,not_matched,
tkpi_0589,Lilin bungkus gedi,lilin bungkus gedi,TKPI,https://www.panganku.org/id-ID/view,Sayuran,sayuran,84.8,79.0,2.3,5.2,5.8,2.5,1.9,170.0,70.0,0.9,170.0,50.0,0.2,0.8,248.54,328.77488,609.3864,,0.2,0.1,0.0,18.0,,per 100g,2026-07-01T04:14:08.471742Z,2026-07-01T04:14:08.471742Z,5,0.7826,,lilin bungkus gedi,,not_matched,,,not_matched,,,not_matched,,,not_matched,,,not_matched,,,not_matched,
tkpi_0590,Olah-olah,olah-olah,TKPI,https://www.panganku.org/id-ID/view,Sayuran,sayuran,83.9,9.0,2.1,6.0,7.1,4.4,0.9,26.0,3.0,1.2,289.0,266.0,0.3,0.6,78.4601,36.0,142.94616,,0.2,0.1,0.4,11.14,,per 100g,2026-07-01T04:14:08.471742Z,2026-07-01T04:14:08.471742Z,5,0.7826,"Masakan sayur: Kacang panjang dan toge direbus diberi saos santan kental yang dimasak dengan bumb bawang merah + bawang putih, cabe merah, terasi dan garam.",olah olah,,not_matched,,,not_matched,,,not_matched,,,not_matched,,,not_matched,,,not_matched,
tkpi_0591,Paku hinela wulelenggapaya,paku hinela wulelenggapaya,TKPI,https://www.panganku.org/id-ID/view,Sayuran,sayuran,83.4,77.0,3.5,4.6,5.4,3.6,3.1,63.0,85.0,0.0,469.0,37.0,0.3,0.7,139.95924,55.0,161.3524,,0.8,0.1,0.2,4.0,,per 100g,2026-07-01T04:14:08.471742Z,2026-07-01T04:14:08.471742Z,4,0.8261,Sayur paku dan  bunga pepaya,paku hinela wulelenggapaya,,not_matched,,,not_matched,,,not_matched,,,not_matched,,,not_matched,,,not_matched,
tkpi_0592,Pelecing kangkung,pelecing kangkung,TKPI,https://www.panganku.org/id-ID/view,Sayuran,sayuran,83.8,75.0,2.5,2.8,10.0,5.4,0.9,36.0,3.0,2.1,408.0,381.0,0.1,0.4,337.34,870.0,430.36,,0.7,0.16299999999999998,0.2,12.0,,per 100g,2026-07-01T04:14:08.471742Z,2026-07-01T04:14:08.471742Z,5,0.7826,"Kangkung dan toge direbus ditaburi kelapa parut (disangan) dan sambal (garam, cabe, terasi, dan tomat ) disiram air jeruk.",pelecing kangkung,,not_matched,,,not_matched,,,not_matched,,,not_matched,,,not_matched,,,not_matched,
tkpi_0593,Purundawa,purundawa,TKPI,https://www.panganku.org/id-ID/view,Sayuran,sayuran,91.8,25.0,1.5,0.5,3.6,1.7,2.6,147.0,39.0,0.0,239.0,201.0,0.1,0.6,33.528040000000004,55.0,106.78484000000002,,0.1,0.1,11.6,2.0,,per 100g,2026-07-01T04:14:08.471742Z,2026-07-01T04:14:08.471742Z,4,0.8261,Sayur bening bayam + terong kecil bumbu garam + terasi,purundawa,,not_matched,,,not_matched,,,not_matched,,,not_matched,,,not_matched,,,not_matched,
tkpi_0594,Rujak cingur,rujak cingur,TKPI,https://www.panganku.org/id-ID/view,Sayuran,sayuran,70.1,153.0,11.3,8.4,8.0,1.4,1.4,256.0,143.0,4.4,234.097,276.9305,0.33199999999999996,1.2879999999999998,18.0,0.49118,2.88,,0.16,0.13499999999999998,1.6600000000000006,2.0,,per 100g,2026-07-01T04:14:08.471742Z,2026-07-01T04:14:08.471742Z,9,0.6087,"Seperti gado-gado, ditambah cingur sapi.",rujak cingur,,not_matched,,,not_matched,,,not_matched,,,not_matched,,,not_matched,,,not_matched,
tkpi_0595,Sayur asem,sayur asem,TKPI,https://www.panganku.org/id-ID/view,Sayuran,sayuran,93.2,29.0,0.7,0.6,5.0,0.6,0.8,40.0,61.0,3.1,394.48,299.70164000000005,0.2506,0.524,14.0,129.17469999999994,2.075,,0.1,0.20259999999999997,1.3160000000000003,0.0,,per 100g,2026-07-01T04:14:08.471742Z,2026-07-01T04:14:08.471742Z,9,0.6087,,sayur asem,,not_matched,,,not_matched,,,not_matched,,,not_matched,,,not_matched,,,not_matched,
tkpi_0596,Sayur bunga pepaya,sayur bunga pepaya,TKPI,https://www.panganku.org/id-ID/view,Sayuran,sayuran,83.4,49.0,1.7,0.3,9.8,2.7,2.1,220.0,220.0,1.3,90.0,350.0,0.1,0.1,19.74662,372.0,375.48166,,0.2826000000000001,0.1,0.0,0.0,,per 100g,2026-07-01T04:14:08.471742Z,2026-07-01T04:14:08.471742Z,5,0.7826,,sayur bunga pepaya,,not_matched,,,not_matched,,,not_matched,,,not_matched,,,not_matched,,,not_matched,
tkpi_0597,Sayur garu,sayur garu,TKPI,https://www.panganku.org/id-ID/view,Sayuran,sayuran,70.8,178.0,2.6,13.9,10.6,8.4,2.1,30.0,130.0,0.9,20.0,120.0,0.1,0.3,159.92,407.35154,596.592,,0.2,0.1,0.6839999999999999,9.0,,per 100g,2026-07-01T04:14:08.471742Z,2026-07-01T04:14:08.471742Z,6,0.7391,"Bahan dasar terdiri dari jantung pisang, daun ubi, daun pepaya. Ditumis",sayur garu,,not_matched,,,not_matched,,,not_matched,,,not_matched,,,not_matched,,,not_matched,
tkpi_0598,Sayur kohu-kohu,sayur kohu-kohu,TKPI,https://www.panganku.org/id-ID/view,Sayuran,sayuran,72.8,133.0,7.3,6.6,11.2,1.2,2.1,40.0,120.0,0.2,20.0,50.0,0.1,0.3,145.04,944.0,724.6,,0.2,0.2,2.178,9.0,,per 100g,2026-07-01T04:14:08.471742Z,2026-07-01T04:14:08.471742Z,5,0.7826,"Seperti urap. Bahan dasar terdiri dari bayam, ketimun, daun kemangi, kacang panjang, taoge, dan kelapa.",sayur kohu kohu,,not_matched,,,not_matched,,,not_matched,,,not_matched,,,not_matched,,,not_matched,
tkpi_0599,Sayur lilin-terubuk,sayur lilin-terubuk,TKPI,https://www.panganku.org/id-ID/view,Sayuran,sayuran,90.4,36.0,2.7,0.7,4.8,1.4,1.4,10.0,90.0,0.1,30.0,44.0,0.2,1.0,291.3,252.468,540.10062,,0.3,0.2,1.3800000000000003,18.0,,per 100g,2026-07-01T04:14:08.471742Z,2026-07-01T04:14:08.471742Z,6,0.7391,Bahan dasar terdiri dari lilin/terubuk. Direbus dengan santan.,sayur lilin terubuk,,not_matched,,,not_matched,,,not_matched,,,not_matched,,,not_matched,,,not_matched,
tkpi_0600,Sayur ndusuk,sayur ndusuk,TKPI,https://www.panganku.org/id-ID/view,Sayuran,sayuran,87.5,49.0,3.1,2.5,3.6,2.4019999999999992,3.1,11.0,6.0,0.5,1.011,88.0,0.0962,0.2,207.94,192.53293999999997,582.8464,,0.2,0.1,1.4320000000000002,15.0,,per 100g,2026-07-01T04:14:08.471742Z,2026-07-01T04:14:08.471742Z,8,0.6522,,sayur ndusuk,,not_matched,,,not_matched,,,not_matched,,,not_matched,,,not_matched,,,not_matched,
tkpi_0601,Sayur sop,sayur sop,TKPI,https://www.panganku.org/id-ID/view,Sayuran,sayuran,92.7,27.0,1.3,2.0,1.0,0.3,2.7,168.0,57.0,1.8,403.74,321.5645,10.1534,0.8400000000000002,20.0,69.69362,2.569,,0.1,0.18699999999999994,1.8379999999999999,0.0,,per 100g,2026-07-01T04:14:08.471742Z,2026-07-01T04:14:08.471742Z,9,0.6087,,sayur sop,,not_matched,,,not_matched,,,not_matched,,,not_matched,,,not_matched,,,not_matched,
tkpi_0602,Sayur umbut kelapa,sayur umbut kelapa,TKPI,https://www.panganku.org/id-ID/view,Sayuran,sayuran,85.5,67.0,5.2,2.9,5.1,1.4,1.3,48.0,81.0,3.2,313.0,108.0,0.2,1.1,56.99608,21.0,39.92696,,0.2,0.09600000000000002,1.7900000000000005,5.0,,per 100g,2026-07-01T04:14:08.471742Z,2026-07-01T04:14:08.471742Z,6,0.7391,"Bahan dasar terdiri dari umbut kelapa, labu kuning, dan iga sapi. Direbus dengan santan",sayur umbut kelapa,,not_matched,,,not_matched,,,not_matched,,,not_matched,,,not_matched,,,not_matched,
tkpi_0603,Sayur umbut rotan,sayur umbut rotan,TKPI,https://www.panganku.org/id-ID/view,Sayuran,sayuran,87.6,57.0,5.4,2.6,3.1,1.6,1.3,184.0,135.0,1.2,256.0,81.0,0.2,0.9,50.19608,18.0,0.0,,0.2,0.18919999999999992,1.7060000000000002,6.0,,per 100g,2026-07-01T04:14:08.471742Z,2026-07-01T04:14:08.471742Z,5,0.7826,Umbut rotan masak tumis,sayur umbut rotan,,not_matched,,,not_matched,,,not_matched,,,not_matched,,,not_matched,,,not_matched,
tkpi_0604,Shabu-shabu,shabu-shabu,TKPI,https://www.panganku.org/id-ID/view,Sayuran,sayuran,87.1,88.0,3.2,8.0,0.8,0.9,0.9,217.0,48.0,2.9,514.0,241.7665,0.19699999999999993,0.9479999999999998,82.0,22.579020000000003,2.0,,0.2,0.17299999999999996,0.44,0.0,,per 100g,2026-07-01T04:14:08.471742Z,2026-07-01T04:14:08.471742Z,8,0.6522,,shabu shabu,,not_matched,,,not_matched,,,not_matched,,,not_matched,,,not_matched,,,not_matched,
tkpi_0605,Semur jengkol,semur jengkol,TKPI,https://www.panganku.org/id-ID/view,Sayuran,sayuran,52.7,212.0,6.0,10.0,29.1,2.4339999999999993,2.2,77.0,99.0,1.0,190.97093999999998,261.60412,0.3034,1.3559999999999999,22.04402,33.24,81.0,,0.14,0.12339999999999997,1.0320000000000003,4.0,,per 100g,2026-07-01T04:14:08.471742Z,2026-07-01T04:14:08.471742Z,11,0.5217,,semur jengkol,,not_matched,,,not_matched,,,not_matched,,,not_matched,,,not_matched,,,not_matched,
tkpi_0606,Tinira ninahu nggaluku,tinira ninahu nggaluku,TKPI,https://www.panganku.org/id-ID/view,Sayuran,sayuran,91.8,33.0,1.2,1.3,4.1,3.1,1.5,35.0,35.0,0.0,161.0,119.0,0.2,0.7,25.901680000000002,6.0,0.0,,0.3,0.0,3.5,10.0,,per 100g,2026-07-01T04:14:08.471742Z,2026-07-01T04:14:08.471742Z,3,0.8696,Bahan dasar terdiri dari daun melinjo,tinira ninahu nggaluku,,not_matched,,,not_matched,,,not_matched,,,not_matched,,,not_matched,,,not_matched,
tkpi_0607,Tumis bayam bersantan,tumis bayam bersantan,TKPI,https://www.panganku.org/id-ID/view,Sayuran,sayuran,91.2,48.0,1.4,4.2,2.6,0.5,0.6,129.0,27.0,0.8,85.93434,354.68249999999995,48.418,0.382,0.0,37.18898,2.988,,0.01,0.2347999999999999,1.6559999999999997,22.0,,per 100g,2026-07-01T04:14:08.471742Z,2026-07-01T04:14:08.471742Z,9,0.6087,,tumis bayam bersantan,,not_matched,,,not_matched,,,not_matched,,,not_matched,,,not_matched,,,not_matched,
tkpi_0608,Waluh balamak,waluh balamak,TKPI,https://www.panganku.org/id-ID/view,Sayuran,sayuran,89.4,45.0,0.8,0.9,8.1,7.9,1.0,25.0,25.0,0.5,61.0,15.0,2.668399999999998,0.2,0.0,1.241,0.0,,0.2,0.0,0.1,2.0,,per 100g,2026-07-01T04:14:08.471742Z,2026-07-01T04:14:08.471742Z,4,0.8261,,waluh balamak,,not_matched,,,not_matched,,,not_matched,,,not_matched,,,not_matched,,,not_matched,
tkpi_0609,Woku ubi,woku ubi,TKPI,https://www.panganku.org/id-ID/view,Sayuran,sayuran,73.0,143.0,3.1,7.8,15.0,7.0,1.1,195.0,91.0,2.8,353.0,256.0,0.3,1.0,76.54,1.519,0.0,,0.1,0.11960000000000004,0.7540000000000002,15.0,,per 100g,2026-07-01T04:14:08.471742Z,2026-07-01T04:14:08.471742Z,5,0.7826,,woku ubi,,not_matched,,,not_matched,,,not_matched,,,not_matched,,,not_matched,,,not_matched,
tkpi_0610,"Alpukat, segar (Avocado, fresh)","alpukat, segar (avocado, fresh)",TKPI,https://www.panganku.org/id-ID/view,Buah,buah,84.3,85.0,0.9,6.5,7.7,3.0980000000000003,0.6,10.0,20.0,0.9,2.0,278.0,0.2,0.4,0.21974,189.0,180.0,,0.05,0.08,1.0,13.0,,per 100g,2026-07-01T04:14:08.471742Z,2026-07-01T04:14:08.471742Z,4,0.8261,,alpukat avocado,,not_matched,,,not_matched,,,not_matched,,,not_matched,,,not_matched,,,not_matched,
tkpi_0611,"Anggur hutan, segar","anggur hutan, segar",TKPI,https://www.panganku.org/id-ID/view,Buah,buah,92.3,30.0,0.5,0.2,6.8,1.2,0.2,39.0,12.0,1.1,26.54,213.202,9.694400000000003,0.25799999999999995,0.0,24.765240000000002,1.0,,0.01,0.05580000000000001,0.7860000000000003,3.0,,per 100g,2026-07-01T04:14:08.471742Z,2026-07-01T04:14:08.471742Z,9,0.6087,,anggur hutan,,not_matched,,,not_matched,,,not_matched,,,not_matched,,,not_matched,,,not_matched,
tkpi_0612,"Apel malang, segar (Apel, green, fresh)","apel malang, segar (apel, green, fresh)",TKPI,https://www.panganku.org/id-ID/view,Buah,buah,85.9,57.0,0.5,0.4,12.8,0.8,0.3,9.0,18.0,0.6,4.0,175.4,110.16,0.0,0.0,26.0,2.24,,0.05,0.03,0.1,5.0,,per 100g,2026-07-01T04:14:08.471742Z,2026-07-01T04:14:08.471742Z,3,0.8696,,apel malang apel green,14.53757225433526,USDA_category_mean,0.2211,16.17869888475836,USDA_category_mean,0.2211,0.0952971246006389,USDA_category_mean,0.2211,0.0031055900621118,USDA_category_mean,0.2211,0.087833836858006,USDA_category_mean,0.2211,0.0147468354430379,USDA_category_mean,0.2211
tkpi_0613,"Apel, segar","apel, segar",TKPI,https://www.panganku.org/id-ID/view,Buah,buah,84.1,58.0,0.3,0.4,14.9,2.6,0.3,6.0,10.0,0.3,2.0,130.0,124.2,0.3,0.0,30.0,90.0,,0.04,0.03,0.1,5.0,,per 100g,2026-07-01T04:14:08.471742Z,2026-07-01T04:14:08.471742Z,3,0.8696,,apel,,not_matched,,,not_matched,,,not_matched,,,not_matched,,,not_matched,,,not_matched,
tkpi_0614,"Arbai, segar (Arbein, fresh)","arbai, segar (arbein, fresh)",TKPI,https://www.panganku.org/id-ID/view,Buah,buah,89.9,37.0,0.8,0.5,8.3,3.1140000000000003,0.5,28.0,27.0,0.8,2.0,43.0,63.52,18.9,11.4,2.0,60.0,,0.03,0.0,0.1,60.0,,per 100g,2026-07-01T04:14:08.471742Z,2026-07-01T04:14:08.471742Z,4,0.8261,,arbai arbein,,not_matched,,,not_matched,,,not_matched,,,not_matched,,,not_matched,,,not_matched,
tkpi_0615,"Belimbing, segar (Starfruit, fresh)","belimbing, segar (starfruit, fresh)",TKPI,https://www.panganku.org/id-ID/view,Buah,buah,90.0,36.0,0.4,0.4,8.8,3.2,0.4,4.0,12.0,1.1,4.0,130.0,38.33439999999998,0.1,0.0,29.0,170.0,,0.03,0.09419999999999998,1.11,35.0,,per 100g,2026-07-01T04:14:08.471742Z,2026-07-01T04:14:08.471742Z,6,0.7391,,belimbing starfruit,10.0,USDA_direct_medium,0.4678,3.98,USDA_direct_medium,0.4678,0.019,USDA_direct_medium,0.4678,0.0,USDA_direct_medium,0.4678,0.017,USDA_direct_medium,0.4678,0.0,USDA_direct_medium,0.4678
tkpi_0616,"Biwah, segar (Loquat, fresh)","biwah, segar (loquat, fresh)",TKPI,https://www.panganku.org/id-ID/view,Buah,buah,87.1,51.0,0.3,0.1,12.1,0.7,0.5,220.0,14.0,0.8,1.0,258.6,0.04,0.0,0.0,36.1876,12.256,,0.1,0.02,0.0,4.0,,per 100g,2026-07-01T04:14:08.471742Z,2026-07-01T04:14:08.471742Z,3,0.8696,,biwah loquat,,not_matched,,,not_matched,,,not_matched,,,not_matched,,,not_matched,,,not_matched,
tkpi_0617,"Buah atung, segar","buah atung, segar",TKPI,https://www.panganku.org/id-ID/view,Buah,buah,92.0,23.0,0.8,0.2,5.2,3.0480000000000005,1.8,30.0,50.0,4.6,32.84,461.0454399999999,24.073400000000003,0.6940000000000001,0.0,84.59342000000001,0.0,,0.29,0.13319999999999993,1.0200000000000002,38.0,,per 100g,2026-07-01T04:14:08.471742Z,2026-07-01T04:14:08.471742Z,11,0.5217,,buah atung,,not_matched,,,not_matched,,,not_matched,,,not_matched,,,not_matched,,,not_matched,
tkpi_0618,"Buah kelenting, segar","buah kelenting, segar",TKPI,https://www.panganku.org/id-ID/view,Buah,buah,73.9,110.0,1.4,2.1,21.4,4.544,1.2,8.0,102.0,1.1,2.0,0.0,0.3,0.9,182.5,205.10237999999998,543.61942,,0.2,0.1,1.146,6.0,,per 100g,2026-07-01T04:14:08.471742Z,2026-07-01T04:14:08.471742Z,7,0.6957,,buah kelenting,,not_matched,,,not_matched,,,not_matched,,,not_matched,,,not_matched,,,not_matched,
tkpi_0619,"Buah kom, segar","buah kom, segar",TKPI,https://www.panganku.org/id-ID/view,Buah,buah,33.7,264.0,4.0,1.1,59.6,9.0,1.7,306.0,92.0,0.8,27.54,101.38428000000002,0.33039999999999997,0.7600000000000001,0.0,240.77523999999997,400.0,,0.11,0.07940000000000001,0.0,9.0,,per 100g,2026-07-01T04:14:08.471742Z,2026-07-01T04:14:08.471742Z,8,0.6522,,buah kom,,not_matched,,,not_matched,,,not_matched,,,not_matched,,,not_matched,,,not_matched,
tkpi_0620,"Buah mentega (Bisbul), segar (Persimmons, japanese, fresh)","buah mentega (bisbul), segar (persimmons, japanese, fresh)",TKPI,https://www.panganku.org/id-ID/view,Buah,buah,89.0,39.0,0.7,0.2,9.7,2.0,0.4,43.0,17.0,0.8,1.0,90.0,0.06,0.1,0.0,141.0,55.0,,0.02,0.01,0.1,33.0,,per 100g,2026-07-01T04:14:08.471742Z,2026-07-01T04:14:08.471742Z,3,0.8696,,buah mentega bisbul persimmons japanese,31.0,USDA_direct_medium,0.6103,,USDA_direct_medium,0.6103,,USDA_direct_medium,0.6103,0.0,USDA_direct_medium,0.6103,,USDA_direct_medium,0.6103,0.0,USDA_direct_medium,0.6103
tkpi_0621,"Buah Naga Merah, segar","buah naga merah, segar",TKPI,https://www.panganku.org/id-ID/view,Buah,buah,85.7,71.0,1.7,3.1,9.1,3.2,0.4,13.0,14.0,0.4,10.0,128.0,0.0,0.4,2.5,0.0,0.0,,0.5,0.3,0.5,1.0,,per 100g,2026-07-01T04:14:08.471742Z,2026-07-01T04:14:08.471742Z,3,0.8696,,buah naga merah,,not_matched,,,not_matched,,,not_matched,,,not_matched,,,not_matched,,,not_matched,
tkpi_0622,"Buah Naga Putih, segar","buah naga putih, segar",TKPI,https://www.panganku.org/id-ID/view,Buah,buah,86.6,56.0,0.8,1.0,10.9,3.2,0.6,13.0,27.0,0.5,7.0,231.0,0.0,0.4,0.0,0.0,0.0,,0.02,0.5,0.9,1.0,,per 100g,2026-07-01T04:14:08.471742Z,2026-07-01T04:14:08.471742Z,3,0.8696,,buah naga putih,,not_matched,,,not_matched,,,not_matched,,,not_matched,,,not_matched,,,not_matched,
tkpi_0623,"Buah negri, segar (Passion-fruit (granadilla), fresh)","buah negri, segar (passion-fruit (granadilla), fresh)",TKPI,https://www.panganku.org/id-ID/view,Buah,buah,85.7,55.0,1.2,0.1,12.2,5.2,0.8,30.0,40.0,0.2,10.0,0.0,0.1,0.3,335.54,460.0,469.05854,,0.33,0.03,0.1,9.0,,per 100g,2026-07-01T04:14:08.471742Z,2026-07-01T04:14:08.471742Z,4,0.8261,,buah negri passion fruit granadilla,29.0,USDA_direct_medium,0.6302,11.2,USDA_direct_medium,0.6302,0.059,USDA_direct_medium,0.6302,0.0,USDA_direct_medium,0.6302,0.1,USDA_direct_medium,0.6302,0.0,USDA_direct_medium,0.6302
tkpi_0624,"Buah nona, segar (Sugarapple, fresh)","buah nona, segar (sugarapple, fresh)",TKPI,https://www.panganku.org/id-ID/view,Buah,buah,71.5,101.0,1.7,0.6,25.2,2.8,1.0,27.0,20.0,0.8,5.0,312.5,325.7,0.1,0.0,49.0,82.02069999999999,,0.08,0.16,0.9,22.0,,per 100g,2026-07-01T04:14:08.471742Z,2026-07-01T04:14:08.471742Z,4,0.8261,,buah nona sugarapple,,not_matched,,,not_matched,,,not_matched,,,not_matched,,,not_matched,,,not_matched,
tkpi_0625,"Buah rotan, segar","buah rotan, segar",TKPI,https://www.panganku.org/id-ID/view,Buah,buah,79.4,78.0,0.6,0.3,18.2,3.8339999999999996,1.5,1.0,7.0,3.4,7.0,495.0,0.3,0.7,0.0,54.18,105.19099999999999,,0.12,0.0,0.5299999999999999,5.0,,per 100g,2026-07-01T04:14:08.471742Z,2026-07-01T04:14:08.471742Z,7,0.6957,,buah rotan,,not_matched,,,not_matched,,,not_matched,,,not_matched,,,not_matched,,,not_matched,
tkpi_0626,"Buah rukam, segar (Rukam, fresh)","buah rukam, segar (rukam, fresh)",TKPI,https://www.panganku.org/id-ID/view,Buah,buah,71.3,113.0,0.8,0.3,26.8,7.7,0.8,108.0,52.0,1.2,2.0,219.0,0.3,0.9,0.0,17.0,63.246539999999996,,0.06,0.01,0.43200000000000016,20.0,,per 100g,2026-07-01T04:14:08.471742Z,2026-07-01T04:14:08.471742Z,5,0.7826,,buah rukam rukam,,not_matched,,,not_matched,,,not_matched,,,not_matched,,,not_matched,,,not_matched,
tkpi_0627,"Buah ruruhi, segar","buah ruruhi, segar",TKPI,https://www.panganku.org/id-ID/view,Buah,buah,93.0,29.0,2.1,0.7,3.6,2.6,0.3,6.0,7.0,0.0,36.0,45.0,0.0,0.1,349.04,7.0,575.14,,0.06,0.01,1.7140000000000004,10.0,,per 100g,2026-07-01T04:14:08.471742Z,2026-07-01T04:14:08.471742Z,5,0.7826,,buah ruruhi,,not_matched,,,not_matched,,,not_matched,,,not_matched,,,not_matched,,,not_matched,
tkpi_0628,"Buah tuppa, segar","buah tuppa, segar",TKPI,https://www.panganku.org/id-ID/view,Buah,buah,82.5,67.0,0.4,0.2,15.9,3.816,1.0,12.0,139.0,0.5,2.0,0.0,0.2,0.5,0.0,135.87383999999997,64.8954,,0.04,0.01,0.5559999999999998,5.0,,per 100g,2026-07-01T04:14:08.471742Z,2026-07-01T04:14:08.471742Z,7,0.6957,,buah tuppa,,not_matched,,,not_matched,,,not_matched,,,not_matched,,,not_matched,,,not_matched,
tkpi_0629,"Carica papaya, segar (Papaya)","carica papaya, segar (papaya)",TKPI,https://www.panganku.org/id-ID/view,Buah,buah,93.4,24.0,1.9,0.2,3.7,1.0,0.9,51.0,33.0,1.8,35.7,430.86599999999976,1.8265999999999998,6.68,0.0,0.0,1.0,,0.32,0.07,0.0,85.0,,per 100g,2026-07-01T04:14:08.471742Z,2026-07-01T04:14:08.471742Z,6,0.7391,,carica papaya papaya,3.0,USDA_direct_medium,0.6459,13.91,USDA_direct_medium,0.6459,0.047,USDA_direct_medium,0.6459,0.0,USDA_direct_medium,0.6459,0.009,USDA_direct_medium,0.6459,0.0,USDA_direct_medium,0.6459
tkpi_0630,"Cempedak, segar (Chempedak)","cempedak, segar (chempedak)",TKPI,https://www.panganku.org/id-ID/view,Buah,buah,67.0,116.0,3.0,0.4,28.6,3.4,1.0,20.0,30.0,1.5,25.0,243.7,0.21499999999999997,0.6820000000000003,0.0,79.0,200.0,,0.0,0.0964,0.5,15.0,,per 100g,2026-07-01T04:14:08.471742Z,2026-07-01T04:14:08.471742Z,6,0.7391,,cempedak chempedak,,not_matched,,,not_matched,,,not_matched,,,not_matched,,,not_matched,,,not_matched,
tkpi_0631,"Duku, segar","duku, segar",TKPI,https://www.panganku.org/id-ID/view,Buah,buah,82.0,63.0,1.0,0.2,16.1,4.3,0.7,18.0,9.0,0.9,2.0,149.0,0.09,0.2,0.0,0.0,0.0,,0.05,0.15,1.5,9.0,,per 100g,2026-07-01T04:14:08.471742Z,2026-07-01T04:14:08.471742Z,3,0.8696,,duku,,not_matched,,,not_matched,,,not_matched,,,not_matched,,,not_matched,,,not_matched,
tkpi_0632,"Durian, segar (Durian, fresh)","durian, segar (durian, fresh)",TKPI,https://www.panganku.org/id-ID/view,Buah,buah,65.0,134.0,2.5,3.0,28.0,3.5,8.0,7.0,44.0,1.3,1.0,601.0,0.12,0.3,3.7247199999999996,146.0,175.0,,0.1,0.19,136.5,53.0,,per 100g,2026-07-01T04:14:08.471742Z,2026-07-01T04:14:08.471742Z,3,0.8696,,durian durian,30.0,USDA_direct_high,1.0,,USDA_direct_high,1.0,,USDA_direct_high,1.0,0.0,USDA_direct_high,1.0,0.316,USDA_direct_high,1.0,0.0,USDA_direct_high,1.0
tkpi_0633,"Duwet, segar (Jambolan, fresh)","duwet, segar (jambolan, fresh)",TKPI,https://www.panganku.org/id-ID/view,Buah,buah,80.2,80.0,0.5,0.6,18.2,0.9,0.5,33.0,138.0,1.3,16.0,92.7,191.28,0.3,0.0,329.0,0.0,,0.02,0.01,2.5,130.0,,per 100g,2026-07-01T04:14:08.471742Z,2026-07-01T04:14:08.471742Z,2,0.913,,duwet jambolan,14.53757225433526,USDA_category_mean,0.3861,16.17869888475836,USDA_category_mean,0.3861,0.0952971246006389,USDA_category_mean,0.3861,0.0031055900621118,USDA_category_mean,0.3861,0.087833836858006,USDA_category_mean,0.3861,0.0147468354430379,USDA_category_mean,0.3861
tkpi_0634,"Embacang, segar (Kuwini, fresh)","embacang, segar (kuwini, fresh)",TKPI,https://www.panganku.org/id-ID/view,Buah,buah,72.5,98.0,1.4,0.2,25.4,1.9,0.5,21.0,15.0,0.5,3.0,250.9,0.13,0.1,0.0,2.533,1.218,,0.03,0.09,0.7,56.0,,per 100g,2026-07-01T04:14:08.471742Z,2026-07-01T04:14:08.471742Z,3,0.8696,,embacang kuwini,,not_matched,,,not_matched,,,not_matched,,,not_matched,,,not_matched,,,not_matched,
tkpi_0635,"Encung asam, segar (Tamarillo, fresh)","encung asam, segar (tamarillo, fresh)",TKPI,https://www.panganku.org/id-ID/view,Buah,buah,73.0,122.0,3.5,4.5,17.5,9.3,1.5,63.0,69.0,3.2,70.55028,306.842,0.38580000000000003,0.9179999999999999,0.0,4.03678,2.357,,0.02,0.0978,0.9119999999999999,0.0,,per 100g,2026-07-01T04:14:08.471742Z,2026-07-01T04:14:08.471742Z,9,0.6087,,encung asam tamarillo,,not_matched,,,not_matched,,,not_matched,,,not_matched,,,not_matched,,,not_matched,
tkpi_0636,"Erbis, segar (Passion-fruit (granadilla), fresh)","erbis, segar (passion-fruit (granadilla), fresh)",TKPI,https://www.panganku.org/id-ID/view,Buah,buah,80.0,70.0,0.6,0.0,18.9,7.7,0.5,11.0,50.0,1.1,21.0,257.1,0.06,0.1,0.02,549.0,10.0,,0.0,0.1,1.1,16.0,,per 100g,2026-07-01T04:14:08.471742Z,2026-07-01T04:14:08.471742Z,3,0.8696,,erbis passion fruit granadilla,29.0,USDA_direct_high,0.6857,11.2,USDA_direct_high,0.6857,0.059,USDA_direct_high,0.6857,0.0,USDA_direct_high,0.6857,0.1,USDA_direct_high,0.6857,0.0,USDA_direct_high,0.6857
tkpi_0637,Gandaria masak (Kundang),gandaria masak (kundang),TKPI,https://www.panganku.org/id-ID/view,Buah,buah,80.8,68.0,0.7,0.1,18.0,2.2,0.4,9.0,20.0,1.0,3.0,129.0,31.65939999999999,4.820000000000002,0.0,329.0,1.02,,0.03,0.07,0.7,111.0,,per 100g,2026-07-01T04:14:08.471742Z,2026-07-01T04:14:08.471742Z,5,0.7826,,gandaria kundang,,not_matched,,,not_matched,,,not_matched,,,not_matched,,,not_matched,,,not_matched,
tkpi_0638,"Gatep, segar (Chestnut, fresh)","gatep, segar (chestnut, fresh)",TKPI,https://www.panganku.org/id-ID/view,Buah,buah,52.7,191.0,4.5,1.5,39.7,13.4,1.6,186.0,69.0,3.2,17.0,403.3,0.69,1.3,0.0,51.0,40.40636,,0.05,0.2,1.8,8.8,,per 100g,2026-07-01T04:14:08.471742Z,2026-07-01T04:14:08.471742Z,5,0.7826,,gatep chestnut,,not_matched,,,not_matched,,,not_matched,,,not_matched,,,not_matched,,,not_matched,
tkpi_0639,"Jambu air, segar (Roseapple, fresh)","jambu air, segar (roseapple, fresh)",TKPI,https://www.panganku.org/id-ID/view,Buah,buah,87.0,46.0,0.6,0.2,11.8,2.1,0.8,8.0,9.0,1.1,11.0,321.2,75.59159999999999,0.1,0.36,92.0,39.752480000000006,,0.02,0.38,4.6,5.0,,per 100g,2026-07-01T04:14:08.471742Z,2026-07-01T04:14:08.471742Z,5,0.7826,,jambu air roseapple,,not_matched,,,not_matched,,,not_matched,,,not_matched,,,not_matched,,,not_matched,
tkpi_0640,"Jambu biji (Guava, fresh)","jambu biji (guava, fresh)",TKPI,https://www.panganku.org/id-ID/view,Buah,buah,86.0,49.0,0.9,0.3,12.2,2.4,0.6,14.0,28.0,1.1,10.0,52.8,0.02,0.3,0.0,27.0,25.0,,0.02,0.03,0.8,87.0,,per 100g,2026-07-01T04:14:08.471742Z,2026-07-01T04:14:08.471742Z,3,0.8696,,jambu biji guava,14.53757225433526,USDA_category_mean,0.3611,16.17869888475836,USDA_category_mean,0.3611,0.0952971246006389,USDA_category_mean,0.3611,0.0031055900621118,USDA_category_mean,0.3611,0.087833836858006,USDA_category_mean,0.3611,0.0147468354430379,USDA_category_mean,0.3611
tkpi_0641,"Jambu bj putih tdk brbj (Guava, white, seedles, fresh)","jambu bj putih tdk brbj (guava, white, seedles, fresh)",TKPI,https://www.panganku.org/id-ID/view,Buah,buah,82.8,61.0,0.9,0.3,15.4,4.5,0.6,31.0,41.0,0.2,20.0,103.0,0.04,0.5,1.69654,53.0,18.0,,1.02,0.06,1.3,116.0,,per 100g,2026-07-01T04:14:08.471742Z,2026-07-01T04:14:08.471742Z,3,0.8696,,jambu putih tdk brbj guava white seedles,14.53757225433526,USDA_category_mean,0.2309,16.17869888475836,USDA_category_mean,0.2309,0.0952971246006389,USDA_category_mean,0.2309,0.0031055900621118,USDA_category_mean,0.2309,0.087833836858006,USDA_category_mean,0.2309,0.0147468354430379,USDA_category_mean,0.2309
tkpi_0642,"Jambu bol, segar (Malay Apple, fresh)","jambu bol, segar (malay apple, fresh)",TKPI,https://www.panganku.org/id-ID/view,Buah,buah,87.1,49.0,2.3,0.2,9.6,3.5,0.8,8.0,8.0,0.3,1.0,14.0,0.0,0.0,276.24,92.0,614.76,,0.13,0.01,0.5,22.0,,per 100g,2026-07-01T04:14:08.471742Z,2026-07-01T04:14:08.471742Z,4,0.8261,,jambu bol malay apple,,not_matched,,,not_matched,,,not_matched,,,not_matched,,,not_matched,,,not_matched,
tkpi_0643,"Jambu monyet, segar (Cashew apple, fresh)","jambu monyet, segar (cashew apple, fresh)",TKPI,https://www.panganku.org/id-ID/view,Buah,buah,82.6,64.0,0.7,0.6,15.8,1.2,0.3,4.0,13.0,0.5,12.0,107.8,87.45680000000002,6.618,0.0,1.604,25.0,,0.02,0.0,2.0,197.0,,per 100g,2026-07-01T04:14:08.471742Z,2026-07-01T04:14:08.471742Z,5,0.7826,,jambu monyet cashew apple,,not_matched,,,not_matched,,,not_matched,,,not_matched,,,not_matched,,,not_matched,
tkpi_0644,"Jeruk bali, segar (Pummelo, fresh)","jeruk bali, segar (pummelo, fresh)",TKPI,https://www.panganku.org/id-ID/view,Buah,buah,86.3,48.0,0.6,0.2,12.4,0.8,0.5,23.0,27.0,0.5,21.0,366.1,171.25,0.1,0.0,33.0,20.0,,0.04,0.0,0.4,43.0,,per 100g,2026-07-01T04:14:08.471742Z,2026-07-01T04:14:08.471742Z,3,0.8696,,jeruk bali pummelo,6.0,USDA_direct_medium,0.6271,,USDA_direct_medium,0.6271,,USDA_direct_medium,0.6271,0.0,USDA_direct_medium,0.6271,0.036,USDA_direct_medium,0.6271,0.0,USDA_direct_medium,0.6271
tkpi_0645,"Jeruk banjar, segar (Orange (banjar), fresh)","jeruk banjar, segar (orange (banjar), fresh)",TKPI,https://www.panganku.org/id-ID/view,Buah,buah,84.5,61.0,0.8,0.2,14.1,5.4,0.4,9.0,13.0,0.2,3.0,79.0,0.1,0.1,0.0,9.0,36.16846,,0.12,0.03,0.3,31.0,,per 100g,2026-07-01T04:14:08.471742Z,2026-07-01T04:14:08.471742Z,4,0.8261,,jeruk banjar orange banjar,14.53757225433526,USDA_category_mean,0.2069,16.17869888475836,USDA_category_mean,0.2069,0.0952971246006389,USDA_category_mean,0.2069,0.0031055900621118,USDA_category_mean,0.2069,0.087833836858006,USDA_category_mean,0.2069,0.0147468354430379,USDA_category_mean,0.2069
tkpi_0646,Jeruk garut-keprok (Mandarin),jeruk garut-keprok (mandarin),TKPI,https://www.panganku.org/id-ID/view,Buah,buah,87.3,44.0,0.8,0.3,10.9,1.6,0.7,33.0,23.0,0.4,5.0,518.1,169.3,0.2,358.34,0.0,420.0,,0.07,0.03,0.2,31.0,,per 100g,2026-07-01T04:14:08.471742Z,2026-07-01T04:14:08.471742Z,3,0.8696,,jeruk garut keprok mandarin,14.53757225433526,USDA_category_mean,0.2687,16.17869888475836,USDA_category_mean,0.2687,0.0952971246006389,USDA_category_mean,0.2687,0.0031055900621118,USDA_category_mean,0.2687,0.087833836858006,USDA_category_mean,0.2687,0.0147468354430379,USDA_category_mean,0.2687
tkpi_0647,"Jeruk Kalamansi, segar","jeruk kalamansi, segar",TKPI,https://www.panganku.org/id-ID/view,Buah,buah,90.2,39.0,0.3,0.3,8.9,2.3,0.4,42.0,85.0,0.5,3.0,82.0,0.3,0.1,0.0,1.0,0.0,,0.02,0.1,0.0,30.0,,per 100g,2026-07-01T04:14:08.471742Z,2026-07-01T04:14:08.471742Z,3,0.8696,,jeruk kalamansi,,not_matched,,,not_matched,,,not_matched,,,not_matched,,,not_matched,,,not_matched,
tkpi_0648,"Jeruk manis, segar (orange, fresh)","jeruk manis, segar (orange, fresh)",TKPI,https://www.panganku.org/id-ID/view,Buah,buah,87.2,45.0,0.9,0.2,11.2,1.4,0.5,33.0,23.0,0.4,4.0,472.1,160.0,0.2,0.0,0.0,190.0,,0.08,0.03,0.2,49.0,,per 100g,2026-07-01T04:14:08.471742Z,2026-07-01T04:14:08.471742Z,3,0.8696,,jeruk manis orange,14.53757225433526,USDA_category_mean,0.3239,16.17869888475836,USDA_category_mean,0.3239,0.0952971246006389,USDA_category_mean,0.3239,0.0031055900621118,USDA_category_mean,0.3239,0.087833836858006,USDA_category_mean,0.3239,0.0147468354430379,USDA_category_mean,0.3239
tkpi_0649,"Jeruk nipis, segar (Lime, fresh)","jeruk nipis, segar (lime, fresh)",TKPI,https://www.panganku.org/id-ID/view,Buah,buah,88.9,44.0,0.5,0.2,10.0,0.4,0.4,18.0,22.0,0.2,3.0,108.9,0.06,0.1,1.78,23.0,4.0,,0.01,0.03,0.2,20.0,,per 100g,2026-07-01T04:14:08.471742Z,2026-07-01T04:14:08.471742Z,3,0.8696,,jeruk nipis lime,8.0,USDA_direct_medium,0.4986,1.69,USDA_direct_medium,0.4986,0.008,USDA_direct_medium,0.4986,0.0,USDA_direct_medium,0.4986,0.038,USDA_direct_medium,0.4986,0.0,USDA_direct_medium,0.4986
tkpi_0650,"Jeruk ragi, segar","jeruk ragi, segar",TKPI,https://www.panganku.org/id-ID/view,Buah,buah,87.6,49.0,0.7,0.2,11.1,0.5,0.4,36.0,67.0,0.7,4.0,457.3,155.0,0.2,0.0,0.0,68.0,,0.03,0.03,0.2,30.0,,per 100g,2026-07-01T04:14:08.471742Z,2026-07-01T04:14:08.471742Z,3,0.8696,,jeruk ragi,,not_matched,,,not_matched,,,not_matched,,,not_matched,,,not_matched,,,not_matched,
tkpi_0651,"Kawista, segar (Wood apple, fresh)","kawista, segar (wood apple, fresh)",TKPI,https://www.panganku.org/id-ID/view,Buah,buah,71.8,120.0,3.5,2.5,20.8,4.6,1.4,190.0,230.0,1.6,9.0,1.015,308.43,0.4,20.22,99.0,336.21259999999995,,0.07,0.07,0.4,3.0,,per 100g,2026-07-01T04:14:08.471742Z,2026-07-01T04:14:08.471742Z,4,0.8261,,kawista wood apple,,not_matched,,,not_matched,,,not_matched,,,not_matched,,,not_matched,,,not_matched,
tkpi_0652,"Kedondong masak, segar (Ambarella, fresh)","kedondong masak, segar (ambarella, fresh)",TKPI,https://www.panganku.org/id-ID/view,Buah,buah,88.0,46.0,1.0,0.1,10.3,2.6,0.6,15.0,22.0,2.8,2.0,216.2,0.03,0.1,5.0,164.0,233.0,,0.08,0.23,0.3,30.0,,per 100g,2026-07-01T04:14:08.471742Z,2026-07-01T04:14:08.471742Z,3,0.8696,,kedondong ambarella,,not_matched,,,not_matched,,,not_matched,,,not_matched,,,not_matched,,,not_matched,
tkpi_0653,"Kedondong, segar  (Ambarella, fresh)","kedondong, segar (ambarella, fresh)",TKPI,https://www.panganku.org/id-ID/view,Buah,buah,87.8,47.0,0.5,0.2,10.4,2.7,0.6,7.0,58.0,0.8,2.0,0.0,20.989399999999996,0.2,0.0,167.0,92.95178000000001,,0.07,0.04,0.4,32.0,,per 100g,2026-07-01T04:14:08.471742Z,2026-07-01T04:14:08.471742Z,5,0.7826,,kedondong ambarella,,not_matched,,,not_matched,,,not_matched,,,not_matched,,,not_matched,,,not_matched,
tkpi_0654,"Kelapa hutan, kering","kelapa hutan, kering",TKPI,https://www.panganku.org/id-ID/view,Buah,buah,6.0,623.0,2.0,52.1,36.5,15.3,3.4,120.0,280.0,3.8,100.0,460.0,1.7,1.9,28.79604,184.4582,342.76,,0.3194,0.2578,0.2,4.06,,per 100g,2026-07-01T04:14:08.471742Z,2026-07-01T04:14:08.471742Z,8,0.6522,,kelapa hutan,,not_matched,,,not_matched,,,not_matched,,,not_matched,,,not_matched,,,not_matched,
tkpi_0655,"Kelapa muda, daging, segar (Coconut, flesh, Young, fresh )","kelapa muda, daging, segar (coconut, flesh, young, fresh )",TKPI,https://www.panganku.org/id-ID/view,Buah,buah,83.3,68.0,1.0,0.9,14.0,0.0,0.8,7.0,30.0,1.0,18.0,564.6,0.14,0.3,0.0,0.0,5.71636,,0.06,0.02,0.6,4.0,,per 100g,2026-07-01T04:14:08.471742Z,2026-07-01T04:14:08.471742Z,3,0.8696,,kelapa muda daging coconut flesh young,,not_matched,,,not_matched,,,not_matched,,,not_matched,,,not_matched,,,not_matched,
tkpi_0656,"Kemang, segar (Kemang, fresh)","kemang, segar (kemang, fresh)",TKPI,https://www.panganku.org/id-ID/view,Buah,buah,86.5,48.0,1.0,0.2,11.9,1.7,0.4,10.0,24.0,0.1,2.0,88.6,0.04,0.1,0.05604,318.0,6.0,,0.08,0.01,0.3,58.0,,per 100g,2026-07-01T04:14:08.471742Z,2026-07-01T04:14:08.471742Z,3,0.8696,,kemang kemang,,not_matched,,,not_matched,,,not_matched,,,not_matched,,,not_matched,,,not_matched,
tkpi_0657,"Kesemek, segar (Persimmons, fresh)","kesemek, segar (persimmons, fresh)",TKPI,https://www.panganku.org/id-ID/view,Buah,buah,78.2,78.0,0.8,0.4,20.0,0.6,0.6,6.0,26.0,0.3,0.0,34.5,0.13,0.1,0.0,109.0,2.71,,0.05,0.0,0.1,11.0,,per 100g,2026-07-01T04:14:08.471742Z,2026-07-01T04:14:08.471742Z,3,0.8696,,kesemek persimmons,31.0,USDA_direct_medium,0.4516,,USDA_direct_medium,0.4516,,USDA_direct_medium,0.4516,0.0,USDA_direct_medium,0.4516,,USDA_direct_medium,0.4516,0.0,USDA_direct_medium,0.4516
tkpi_0658,"Kokosan, segar (Langsat, fresh)","kokosan, segar (langsat, fresh)",TKPI,https://www.panganku.org/id-ID/view,Buah,buah,85.0,86.0,1.6,0.2,13.0,1.4,0.2,22.0,38.0,1.3,2.0,118.3,0.08,0.2,0.0,0.0,20.0,,0.04,0.04,1.5,3.0,,per 100g,2026-07-01T04:14:08.471742Z,2026-07-01T04:14:08.471742Z,3,0.8696,,kokosan langsat,,not_matched,,,not_matched,,,not_matched,,,not_matched,,,not_matched,,,not_matched,
tkpi_0659,"Kranji, segar (Sweet inga, fresh)","kranji, segar (sweet inga, fresh)",TKPI,https://www.panganku.org/id-ID/view,Buah,buah,20.1,315.0,2.1,1.4,73.5,3.6,2.9,160.0,120.0,3.7,33.4009,226.79368000000002,0.2945999999999999,0.8760000000000001,0.14,0.19904,1.8028799999999998,,0.02,0.06600000000000002,0.5559999999999999,0.94,,per 100g,2026-07-01T04:14:08.471742Z,2026-07-01T04:14:08.471742Z,12,0.4783,,kranji sweet inga,14.53757225433526,USDA_category_mean,0.3505,16.17869888475836,USDA_category_mean,0.3505,0.0952971246006389,USDA_category_mean,0.3505,0.0031055900621118,USDA_category_mean,0.3505,0.087833836858006,USDA_category_mean,0.3505,0.0147468354430379,USDA_category_mean,0.3505
tkpi_0660,"Langsat, segar (Langsat, fresh)","langsat, segar (langsat, fresh)",TKPI,https://www.panganku.org/id-ID/view,Buah,buah,84.1,56.0,0.9,0.2,14.3,1.4,0.5,17.0,24.0,1.1,1.0,232.0,0.09,0.2,0.0,25.27078,0.0,,0.07,0.0,0.8,9.0,,per 100g,2026-07-01T04:14:08.471742Z,2026-07-01T04:14:08.471742Z,4,0.8261,,langsat langsat,,not_matched,,,not_matched,,,not_matched,,,not_matched,,,not_matched,,,not_matched,
tkpi_0661,"Lemon, segar (Lemon, fresh)","lemon, segar (lemon, fresh)",TKPI,https://www.panganku.org/id-ID/view,Buah,buah,92.2,34.0,0.5,0.8,6.2,0.1,0.3,23.0,20.0,0.3,31.0,140.0,0.1,0.2,1.3638599999999999,0.0,12.099579999999998,,0.09,0.12,0.3,50.0,,per 100g,2026-07-01T04:14:08.471742Z,2026-07-01T04:14:08.471742Z,4,0.8261,,lemon lemon,6.0,USDA_direct_high,0.8792,2.52,USDA_direct_high,0.8792,0.04,USDA_direct_high,0.8792,0.0,USDA_direct_high,0.8792,0.046,USDA_direct_high,0.8792,0.0,USDA_direct_high,0.8792
tkpi_0662,"Lontar, segar (Palmyra palm, fresh)","lontar, segar (palmyra palm, fresh)",TKPI,https://www.panganku.org/id-ID/view,Buah,buah,93.0,27.0,0.4,0.2,6.0,1.6,0.4,91.0,243.0,0.5,17.74,270.256,10.1674,0.5259999999999999,0.78,170.9,65.25489999999999,,0.03,0.16839999999999997,1.2619999999999998,33.88,,per 100g,2026-07-01T04:14:08.471742Z,2026-07-01T04:14:08.471742Z,12,0.4783,,lontar palmyra palm,,not_matched,,,not_matched,,,not_matched,,,not_matched,,,not_matched,,,not_matched,
tkpi_0663,"Mangga, segar (Mango, fresh)","mangga, segar (mango, fresh)",TKPI,https://www.panganku.org/id-ID/view,Buah,buah,86.6,52.0,0.7,0.0,12.3,1.6,0.2,20.0,16.0,1.0,3.0,140.0,0.33,0.0,0.05604,316.0,144.42642000000004,,0.03,0.01,0.3,12.0,,per 100g,2026-07-01T04:14:08.471742Z,2026-07-01T04:14:08.471742Z,4,0.8261,,mangga mango,20.0,USDA_direct_medium,0.4941,66.27,USDA_direct_medium,0.4941,0.287,USDA_direct_medium,0.4941,0.0,USDA_direct_medium,0.4941,0.334,USDA_direct_medium,0.4941,0.0,USDA_direct_medium,0.4941
tkpi_0664,"Mangga benggala, segar (Mango, benggala, fresh)","mangga benggala, segar (mango, benggala, fresh)",TKPI,https://www.panganku.org/id-ID/view,Buah,buah,84.4,63.0,2.4,0.4,12.4,5.8,0.4,9.0,13.0,0.2,3.0,79.0,0.1,0.1,0.0,10.0,32.36384,,0.18,0.01,0.4,43.0,,per 100g,2026-07-01T04:14:08.471742Z,2026-07-01T04:14:08.471742Z,4,0.8261,,mangga benggala mango benggala,14.53757225433526,USDA_category_mean,0.2239,16.17869888475836,USDA_category_mean,0.2239,0.0952971246006389,USDA_category_mean,0.2239,0.0031055900621118,USDA_category_mean,0.2239,0.087833836858006,USDA_category_mean,0.2239,0.0147468354430379,USDA_category_mean,0.2239
tkpi_0665,"Mangga gedung, segar (Mango, gedung, fresh)","mangga gedung, segar (mango, gedung, fresh)",TKPI,https://www.panganku.org/id-ID/view,Buah,buah,87.4,44.0,0.7,0.2,11.2,1.6,0.5,13.0,10.0,0.2,2.0,83.6,0.04,0.1,0.36,113.0,16.4,,0.08,0.01,0.3,30.0,,per 100g,2026-07-01T04:14:08.471742Z,2026-07-01T04:14:08.471742Z,3,0.8696,,mangga gedung mango gedung,14.53757225433526,USDA_category_mean,0.2239,16.17869888475836,USDA_category_mean,0.2239,0.0952971246006389,USDA_category_mean,0.2239,0.0031055900621118,USDA_category_mean,0.2239,0.087833836858006,USDA_category_mean,0.2239,0.0147468354430379,USDA_category_mean,0.2239
tkpi_0666,"Mangga golek, segar (Mango, golek, fresh)","mangga golek, segar (mango, golek, fresh)",TKPI,https://www.panganku.org/id-ID/view,Buah,buah,82.2,63.0,0.5,0.2,16.7,2.3,0.4,14.0,10.0,0.7,3.0,118.1,0.05,0.1,0.0,160.0,3.715,,0.08,0.02,0.4,65.0,,per 100g,2026-07-01T04:14:08.471742Z,2026-07-01T04:14:08.471742Z,3,0.8696,,mangga golek mango golek,14.53757225433526,USDA_category_mean,0.2239,16.17869888475836,USDA_category_mean,0.2239,0.0952971246006389,USDA_category_mean,0.2239,0.0031055900621118,USDA_category_mean,0.2239,0.087833836858006,USDA_category_mean,0.2239,0.0147468354430379,USDA_category_mean,0.2239
tkpi_0667,"Mangga harumanis, segar (Mango, harumanis, fresh)","mangga harumanis, segar (mango, harumanis, fresh)",TKPI,https://www.panganku.org/id-ID/view,Buah,buah,86.6,46.0,0.4,0.2,11.9,1.7,0.8,15.0,9.0,0.2,2.0,88.9,0.04,0.1,0.0,120.0,1.2,,0.08,0.01,0.3,6.0,,per 100g,2026-07-01T04:14:08.471742Z,2026-07-01T04:14:08.471742Z,3,0.8696,,mangga harumanis mango harumanis,14.53757225433526,USDA_category_mean,0.2239,16.17869888475836,USDA_category_mean,0.2239,0.0952971246006389,USDA_category_mean,0.2239,0.0031055900621118,USDA_category_mean,0.2239,0.087833836858006,USDA_category_mean,0.2239,0.0147468354430379,USDA_category_mean,0.2239
tkpi_0668,"Mangga indramayu, segar (Mango, indramayu, fresh)","mangga indramayu, segar (mango, indramayu, fresh)",TKPI,https://www.panganku.org/id-ID/view,Buah,buah,80.2,72.0,0.8,0.2,18.7,2.5,0.1,13.0,10.0,1.9,3.0,131.4,0.06,0.1,0.14,178.0,2.9,,0.06,0.02,0.5,16.0,,per 100g,2026-07-01T04:14:08.471742Z,2026-07-01T04:14:08.471742Z,3,0.8696,,mangga indramayu mango indramayu,14.53757225433526,USDA_category_mean,0.2239,16.17869888475836,USDA_category_mean,0.2239,0.0952971246006389,USDA_category_mean,0.2239,0.0031055900621118,USDA_category_mean,0.2239,0.087833836858006,USDA_category_mean,0.2239,0.0147468354430379,USDA_category_mean,0.2239
tkpi_0669,"Mangga kopek, segar (Mango, kopek, fresh)","mangga kopek, segar (mango, kopek, fresh)",TKPI,https://www.panganku.org/id-ID/view,Buah,buah,84.5,56.0,0.4,0.2,14.6,2.0,0.3,16.0,10.0,1.7,2.0,102.9,0.04,0.1,0.0,139.0,6.52,,0.03,0.01,0.4,27.0,,per 100g,2026-07-01T04:14:08.471742Z,2026-07-01T04:14:08.471742Z,3,0.8696,,mangga kopek mango kopek,14.53757225433526,USDA_category_mean,0.2239,16.17869888475836,USDA_category_mean,0.2239,0.0952971246006389,USDA_category_mean,0.2239,0.0031055900621118,USDA_category_mean,0.2239,0.087833836858006,USDA_category_mean,0.2239,0.0147468354430379,USDA_category_mean,0.2239
tkpi_0670,"Mangga kwini, segar (Mango, kwini, fresh)","mangga kwini, segar (mango, kwini, fresh)",TKPI,https://www.panganku.org/id-ID/view,Buah,buah,78.6,86.0,0.7,0.5,19.8,6.5,0.4,11.0,11.0,0.2,1.0,16.0,0.1,0.1,34.88,932.0,406.59392,,0.15,0.02,0.5,18.0,,per 100g,2026-07-01T04:14:08.471742Z,2026-07-01T04:14:08.471742Z,4,0.8261,,mangga kwini mango kwini,14.53757225433526,USDA_category_mean,0.2239,16.17869888475836,USDA_category_mean,0.2239,0.0952971246006389,USDA_category_mean,0.2239,0.0031055900621118,USDA_category_mean,0.2239,0.087833836858006,USDA_category_mean,0.2239,0.0147468354430379,USDA_category_mean,0.2239
tkpi_0671,"Mangga manalagi, segar (Mango, manalagi, fresh)","mangga manalagi, segar (mango, manalagi, fresh)",TKPI,https://www.panganku.org/id-ID/view,Buah,buah,66.5,133.0,1.0,0.1,32.1,11.8,0.3,20.0,23.0,1.0,70.0,161.0,0.0,0.0,0.0,4.0,28.843779999999995,,0.07,0.0,0.6,61.0,,per 100g,2026-07-01T04:14:08.471742Z,2026-07-01T04:14:08.471742Z,3,0.8696,,mangga manalagi mango manalagi,14.53757225433526,USDA_category_mean,0.2239,16.17869888475836,USDA_category_mean,0.2239,0.0952971246006389,USDA_category_mean,0.2239,0.0031055900621118,USDA_category_mean,0.2239,0.087833836858006,USDA_category_mean,0.2239,0.0147468354430379,USDA_category_mean,0.2239
tkpi_0672,"Mangga muda, segar (Mango, unripe, fresh)","mangga muda, segar (mango, unripe, fresh)",TKPI,https://www.panganku.org/id-ID/view,Buah,buah,83.7,59.0,0.5,0.4,15.1,2.0140000000000002,0.3,12.0,11.0,0.4,2.0,108.2,0.05,0.1,0.0,146.0,85.0,,0.06,0.02,0.4,2.0,,per 100g,2026-07-01T04:14:08.471742Z,2026-07-01T04:14:08.471742Z,4,0.8261,,mangga muda mango unripe,14.53757225433526,USDA_category_mean,0.2986,16.17869888475836,USDA_category_mean,0.2986,0.0952971246006389,USDA_category_mean,0.2986,0.0031055900621118,USDA_category_mean,0.2986,0.087833836858006,USDA_category_mean,0.2986,0.0147468354430379,USDA_category_mean,0.2986
tkpi_0673,"Manggis, segar (Mangosteen, fresh)","manggis, segar (mangosteen, fresh)",TKPI,https://www.panganku.org/id-ID/view,Buah,buah,83.0,63.0,0.6,0.6,15.6,1.5,0.2,8.0,12.0,0.8,10.0,61.9,0.1,0.1,0.0,0.0,0.0,,0.03,0.03,0.3,5.0,,per 100g,2026-07-01T04:14:08.471742Z,2026-07-01T04:14:08.471742Z,3,0.8696,,manggis mangosteen,13.0,USDA_direct_medium,0.5581,,USDA_direct_medium,0.5581,,USDA_direct_medium,0.5581,0.0,USDA_direct_medium,0.5581,0.018,USDA_direct_medium,0.5581,0.0,USDA_direct_medium,0.5581
tkpi_0674,"Markisa, segar (Giant Granadilla, fresh)","markisa, segar (giant granadilla, fresh)",TKPI,https://www.panganku.org/id-ID/view,Buah,buah,64.7,144.0,3.5,1.2,29.8,11.4,0.8,27.0,203.0,1.4,37.0,453.8,0.11,0.1,0.0,969.0,691.0,,0.02,0.17,2.0,10.0,,per 100g,2026-07-01T04:14:08.471742Z,2026-07-01T04:14:08.471742Z,2,0.913,,markisa giant granadilla,14.53757225433526,USDA_category_mean,0.2896,16.17869888475836,USDA_category_mean,0.2896,0.0952971246006389,USDA_category_mean,0.2896,0.0031055900621118,USDA_category_mean,0.2896,0.087833836858006,USDA_category_mean,0.2896,0.0147468354430379,USDA_category_mean,0.2896
tkpi_0675,"Matoa, segar (Matoa, fresh)","matoa, segar (matoa, fresh)",TKPI,https://www.panganku.org/id-ID/view,Buah,buah,76.5,90.0,1.2,0.1,21.1,0.5,1.1,20.0,40.0,0.6,10.0,190.0,0.3,0.6,0.0,2.0,15.601700000000001,,0.18,0.09,0.5,54.0,,per 100g,2026-07-01T04:14:08.471742Z,2026-07-01T04:14:08.471742Z,4,0.8261,,matoa matoa,,not_matched,,,not_matched,,,not_matched,,,not_matched,,,not_matched,,,not_matched,
tkpi_0676,"Melon, segar","melon, segar",TKPI,https://www.panganku.org/id-ID/view,Buah,buah,90.8,37.0,0.6,0.4,7.8,1.0,0.5,12.0,14.0,0.4,27.0,167.0,0.3,0.1,0.0,1.0,0.0,,0.02,0.1,0.0,0.0,,per 100g,2026-07-01T04:14:08.471742Z,2026-07-01T04:14:08.471742Z,3,0.8696,,melon,14.0,USDA_direct_high,0.6515,,USDA_direct_high,0.6515,0.064,USDA_direct_high,0.6515,0.0,USDA_direct_high,0.6515,0.106,USDA_direct_high,0.6515,0.0,USDA_direct_high,0.6515
tkpi_0677,"Menteng, segar (Kepundung, fresh)","menteng, segar (kepundung, fresh)",TKPI,https://www.panganku.org/id-ID/view,Buah,buah,79.0,65.0,1.7,0.3,16.1,3.1700000000000004,2.9,13.0,20.0,0.8,23.546080000000003,323.55804,46.58799999999999,1.008,0.0,16.52454,0.0,,0.0,0.13139999999999996,2.3299999999999996,17.28,,per 100g,2026-07-01T04:14:08.471742Z,2026-07-01T04:14:08.471742Z,12,0.4783,,menteng kepundung,,not_matched,,,not_matched,,,not_matched,,,not_matched,,,not_matched,,,not_matched,
tkpi_0678,"Nanas palembang, segar (Pineapple,palembang,  fresh)","nanas palembang, segar (pineapple,palembang, fresh)",TKPI,https://www.panganku.org/id-ID/view,Buah,buah,85.5,58.0,0.7,0.2,13.3,1.6,0.3,29.0,15.0,0.6,7.0,117.0,0.03,0.1,0.0,17.0,71.21279999999999,,0.26,0.03,0.2,11.0,,per 100g,2026-07-01T04:14:08.471742Z,2026-07-01T04:14:08.471742Z,4,0.8261,,nanas palembang pineapple palembang,,not_matched,,,not_matched,,,not_matched,,,not_matched,,,not_matched,,,not_matched,
tkpi_0679,"Nanas, segar (Pineapple, fresh)","nanas, segar (pineapple, fresh)",TKPI,https://www.panganku.org/id-ID/view,Buah,buah,88.9,40.0,0.6,0.3,9.9,0.6,0.3,22.0,14.0,0.9,18.0,111.0,0.03,0.1,0.0,17.0,90.0,,0.02,0.04,0.2,22.0,,per 100g,2026-07-01T04:14:08.471742Z,2026-07-01T04:14:08.471742Z,2,0.913,,nanas pineapple,14.53757225433526,USDA_category_mean,0.2947,16.17869888475836,USDA_category_mean,0.2947,0.0952971246006389,USDA_category_mean,0.2947,0.0031055900621118,USDA_category_mean,0.2947,0.087833836858006,USDA_category_mean,0.2947,0.0147468354430379,USDA_category_mean,0.2947
tkpi_0680,"Nangka masak pohon, segar (Jack fruit, fresh)","nangka masak pohon, segar (jack fruit, fresh)",TKPI,https://www.panganku.org/id-ID/view,Buah,buah,70.0,106.0,1.2,0.3,27.6,3.7,2.7,20.0,19.0,0.9,2.0,407.0,246.58,1.4,8.0,149.0,330.0,,0.07,0.1,1.0,7.0,,per 100g,2026-07-01T04:14:08.471742Z,2026-07-01T04:14:08.471742Z,3,0.8696,,nangka pohon jack fruit,,not_matched,,,not_matched,,,not_matched,,,not_matched,,,not_matched,,,not_matched,
tkpi_0681,"Pala, daging, segar (Nutmeg, flesh, fresh)","pala, daging, segar (nutmeg, flesh, fresh)",TKPI,https://www.panganku.org/id-ID/view,Buah,buah,88.1,42.0,0.3,0.2,10.9,0.5,0.5,32.0,24.0,1.5,17.82,247.2566,8.801599999999997,0.5339999999999998,0.0,30.45498,29.0,,0.035200000000000016,0.05860000000000001,0.6359999999999999,22.0,,per 100g,2026-07-01T04:14:08.471742Z,2026-07-01T04:14:08.471742Z,11,0.5217,,pala daging nutmeg flesh,,not_matched,,,not_matched,,,not_matched,,,not_matched,,,not_matched,,,not_matched,
tkpi_0682,"Pepaya, segar (Papaya, fresh)","pepaya, segar (papaya, fresh)",TKPI,https://www.panganku.org/id-ID/view,Buah,buah,86.7,46.0,0.5,0.1,12.2,1.6,0.6,23.0,12.0,1.7,4.0,221.0,0.02,0.3,24.9,1.038,365.0,,0.04,0.06,0.4,78.0,,per 100g,2026-07-01T04:14:08.471742Z,2026-07-01T04:14:08.471742Z,3,0.8696,,pepaya papaya,3.0,USDA_direct_medium,0.4817,13.91,USDA_direct_medium,0.4817,0.047,USDA_direct_medium,0.4817,0.0,USDA_direct_medium,0.4817,0.009,USDA_direct_medium,0.4817,0.0,USDA_direct_medium,0.4817
tkpi_0683,"Pisang ambon, segar (Banana, fresh)","pisang ambon, segar (banana, fresh)",TKPI,https://www.panganku.org/id-ID/view,Buah,buah,72.9,108.0,1.0,0.8,24.3,1.9,1.0,20.0,30.0,0.2,10.0,0.0,0.2,0.2,0.0,37.0,135.1742,,0.05,0.11,0.1,9.0,,per 100g,2026-07-01T04:14:08.471742Z,2026-07-01T04:14:08.471742Z,4,0.8261,,pisang ambon banana,,not_matched,,,not_matched,,,not_matched,,,not_matched,,,not_matched,,,not_matched,
tkpi_0684,"Pisang angleng (pisang ampyang), segar (Banana, ampyang, fresh)","pisang angleng (pisang ampyang), segar (banana, ampyang, fresh)",TKPI,https://www.panganku.org/id-ID/view,Buah,buah,80.3,68.0,1.3,0.2,17.2,0.8,1.0,10.0,26.0,0.6,23.0,215.7,0.04,0.0,0.0,9.0,76.0,,0.08,0.05,2.5,6.0,,per 100g,2026-07-01T04:14:08.471742Z,2026-07-01T04:14:08.471742Z,3,0.8696,,pisang angleng pisang ampyang banana ampyang,,not_matched,,,not_matched,,,not_matched,,,not_matched,,,not_matched,,,not_matched,
tkpi_0685,"Pisang ayam, segar (Banana, ayam, fresh)","pisang ayam, segar (banana, ayam, fresh)",TKPI,https://www.panganku.org/id-ID/view,Buah,buah,71.2,120.0,1.1,0.2,26.8,4.1,0.7,20.0,61.0,0.4,6.0,392.0,0.1,0.3,0.0,24.0,56.877919999999996,,0.1,0.02,1.0,26.0,,per 100g,2026-07-01T04:14:08.471742Z,2026-07-01T04:14:08.471742Z,4,0.8261,,pisang ayam banana ayam,,not_matched,,,not_matched,,,not_matched,,,not_matched,,,not_matched,,,not_matched,
tkpi_0686,"Pisang gapi, segar  (Banana, gapi, fresh)","pisang gapi, segar (banana, gapi, fresh)",TKPI,https://www.panganku.org/id-ID/view,Buah,buah,66.3,131.0,1.6,0.1,31.1,11.7,1.0,58.0,40.0,0.3,6.0,392.0,0.13,0.3,0.0,13.0,103.45819999999999,,0.18,0.02,0.3,13.0,,per 100g,2026-07-01T04:14:08.471742Z,2026-07-01T04:14:08.471742Z,4,0.8261,,pisang gapi banana gapi,,not_matched,,,not_matched,,,not_matched,,,not_matched,,,not_matched,,,not_matched,
tkpi_0687,"Pisang goroho, segar (Banana, goroho, fresh)","pisang goroho, segar (banana, goroho, fresh)",TKPI,https://www.panganku.org/id-ID/view,Buah,buah,69.4,119.0,1.5,0.2,27.9,4.6,1.0,2.0,30.0,0.2,36.0,359.0,0.13,0.3,0.36,11.0,12.655660000000003,,0.15,0.02,1.1,10.0,,per 100g,2026-07-01T04:14:08.471742Z,2026-07-01T04:14:08.471742Z,4,0.8261,,pisang goroho banana goroho,,not_matched,,,not_matched,,,not_matched,,,not_matched,,,not_matched,,,not_matched,
tkpi_0688,"Pisang hijau, segar (Banana, hijau, fresh)","pisang hijau, segar (banana, hijau, fresh)",TKPI,https://www.panganku.org/id-ID/view,Buah,buah,68.9,121.0,1.0,0.1,28.9,0.4,1.1,9.0,37.0,0.9,31.0,529.4,0.28,0.6,0.06,48.0,1.0,,0.13,0.06,0.0,13.0,,per 100g,2026-07-01T04:14:08.471742Z,2026-07-01T04:14:08.471742Z,3,0.8696,,pisang hijau banana hijau,,not_matched,,,not_matched,,,not_matched,,,not_matched,,,not_matched,,,not_matched,
tkpi_0689,"Pisang kayu, segar (Banana, kayu, fresh)","pisang kayu, segar (banana, kayu, fresh)",TKPI,https://www.panganku.org/id-ID/view,Buah,buah,74.4,100.0,1.4,0.5,23.6,2.6,0.6,15.0,0.0,0.1,1.0,493.0,0.08,0.3,0.0,3.0,21.46588,,0.1,0.0,0.6,11.0,,per 100g,2026-07-01T04:14:08.471742Z,2026-07-01T04:14:08.471742Z,4,0.8261,,pisang kayu banana kayu,,not_matched,,,not_matched,,,not_matched,,,not_matched,,,not_matched,,,not_matched,
tkpi_0690,"Pisang kepok, segar (Banana, kepok, fresh)","pisang kepok, segar (banana, kepok, fresh)",TKPI,https://www.panganku.org/id-ID/view,Buah,buah,71.9,109.0,0.8,0.5,26.3,5.7,1.0,10.0,30.0,0.5,10.0,300.0,0.1,0.2,0.0,0.0,6.2483,,0.1,0.0,0.1,9.0,,per 100g,2026-07-01T04:14:08.471742Z,2026-07-01T04:14:08.471742Z,4,0.8261,,pisang kepok banana kepok,,not_matched,,,not_matched,,,not_matched,,,not_matched,,,not_matched,,,not_matched,
tkpi_0691,"Pisang ketip, segar (Banana, ketip, fresh)","pisang ketip, segar (banana, ketip, fresh)",TKPI,https://www.panganku.org/id-ID/view,Buah,buah,63.4,145.0,1.1,0.3,34.5,6.6,0.7,5.0,54.0,0.1,4.0,726.0,0.15,0.5,0.0,3.0,10.668680000000004,,0.13,0.02,0.8,95.0,,per 100g,2026-07-01T04:14:08.471742Z,2026-07-01T04:14:08.471742Z,4,0.8261,,pisang ketip banana ketip,,not_matched,,,not_matched,,,not_matched,,,not_matched,,,not_matched,,,not_matched,
tkpi_0692,"Pisang kidang, segar (Banana, kidang, fresh)","pisang kidang, segar (banana, kidang, fresh)",TKPI,https://www.panganku.org/id-ID/view,Buah,buah,75.4,96.0,1.0,0.2,22.5,0.6,0.9,87.0,173.0,0.6,6.0,418.8,0.22,0.5,0.0,38.0,58.0,,0.04,0.1,0.9,2.0,,per 100g,2026-07-01T04:14:08.471742Z,2026-07-01T04:14:08.471742Z,3,0.8696,,pisang kidang banana kidang,,not_matched,,,not_matched,,,not_matched,,,not_matched,,,not_matched,,,not_matched,
tkpi_0693,"Pisang lampung, segar (Banana, lamoung, fresh)","pisang lampung, segar (banana, lamoung, fresh)",TKPI,https://www.panganku.org/id-ID/view,Buah,buah,72.1,99.0,1.3,0.2,25.6,4.3,0.8,10.0,19.0,0.9,28.0,475.0,0.25,0.5,289.2,43.0,618.0,,0.07,0.12,1.0,4.0,,per 100g,2026-07-01T04:14:08.471742Z,2026-07-01T04:14:08.471742Z,3,0.8696,,pisang lampung banana lamoung,,not_matched,,,not_matched,,,not_matched,,,not_matched,,,not_matched,,,not_matched,
tkpi_0694,"Pisang mas bali ampenan, segar  (Banana, mas bali ampenan, fresh)","pisang mas bali ampenan, segar (banana, mas bali ampenan, fresh)",TKPI,https://www.panganku.org/id-ID/view,Buah,buah,76.8,92.0,1.4,0.2,21.0,3.7,0.5,7.0,29.0,1.2,32.0,272.0,0.18,0.4,0.0,14.0,40.964620000000004,,0.09,0.03,0.6,11.0,,per 100g,2026-07-01T04:14:08.471742Z,2026-07-01T04:14:08.471742Z,4,0.8261,,pisang mas bali ampenan banana mas bali ampenan,,not_matched,,,not_matched,,,not_matched,,,not_matched,,,not_matched,,,not_matched,
tkpi_0695,"Pisang mas bali kopang, segar (Banana, mas bali, fresh)","pisang mas bali kopang, segar (banana, mas bali, fresh)",TKPI,https://www.panganku.org/id-ID/view,Buah,buah,64.2,127.0,1.4,0.2,31.8,3.7,2.4,10.0,0.0,0.1,43.0,616.0,0.12,0.4,0.44,21.0,94.10271999999999,,0.21,0.05,0.9,17.0,,per 100g,2026-07-01T04:14:08.471742Z,2026-07-01T04:14:08.471742Z,4,0.8261,,pisang mas bali kopang banana mas bali,,not_matched,,,not_matched,,,not_matched,,,not_matched,,,not_matched,,,not_matched,
tkpi_0696,"Pisang mas, segar (Banana, mas, fresh)","pisang mas, segar (banana, mas, fresh)",TKPI,https://www.panganku.org/id-ID/view,Buah,buah,64.2,127.0,1.4,0.2,33.6,1.4,0.6,7.0,25.0,0.8,42.0,392.0,195.78,0.5,0.0,17.0,79.0,,0.09,0.08,4.5,2.0,,per 100g,2026-07-01T04:14:08.471742Z,2026-07-01T04:14:08.471742Z,3,0.8696,,pisang mas banana mas,,not_matched,,,not_matched,,,not_matched,,,not_matched,,,not_matched,,,not_matched,
tkpi_0697,"Pisang raja sereh, segar (Banana raja sereh, fresh)","pisang raja sereh, segar (banana raja sereh, fresh)",TKPI,https://www.panganku.org/id-ID/view,Buah,buah,69.3,108.0,1.3,0.3,28.2,0.7,1.0,16.0,38.0,0.1,31.0,522.6,0.27,0.6,346.98,48.0,480.0,,0.02,0.08,1.1,2.0,,per 100g,2026-07-01T04:14:08.471742Z,2026-07-01T04:14:08.471742Z,3,0.8696,,pisang raja sereh banana raja sereh,,not_matched,,,not_matched,,,not_matched,,,not_matched,,,not_matched,,,not_matched,
tkpi_0698,"Pisang raja, segar (Banana raja, fresh)","pisang raja, segar (banana raja, fresh)",TKPI,https://www.panganku.org/id-ID/view,Buah,buah,65.8,120.0,1.2,0.2,31.8,5.3,1.0,10.0,22.0,0.8,35.0,582.2,0.31,0.7,333.8,53.0,950.0,,0.06,0.14,1.2,10.0,,per 100g,2026-07-01T04:14:08.471742Z,2026-07-01T04:14:08.471742Z,3,0.8696,,pisang raja banana raja,,not_matched,,,not_matched,,,not_matched,,,not_matched,,,not_matched,,,not_matched,
tkpi_0699,"Pisang rotan, segar (Banana, rotan, fresh)","pisang rotan, segar (banana, rotan, fresh)",TKPI,https://www.panganku.org/id-ID/view,Buah,buah,76.1,98.0,1.3,1.2,20.5,1.0,0.9,17.0,51.0,1.1,24.0,406.9,0.21,0.5,268.58,37.0,697.0,,0.01,0.1,0.9,2.0,,per 100g,2026-07-01T04:14:08.471742Z,2026-07-01T04:14:08.471742Z,3,0.8696,,pisang rotan banana rotan,,not_matched,,,not_matched,,,not_matched,,,not_matched,,,not_matched,,,not_matched,
tkpi_0700,"Pisang talas, segar (Banana, talas, fresh)","pisang talas, segar (banana, talas, fresh)",TKPI,https://www.panganku.org/id-ID/view,Buah,buah,71.0,113.0,1.2,0.2,26.7,4.4,0.9,22.0,22.0,0.6,29.0,48.0,0.26,0.1,0.0,159.0,173.1753,,0.12,0.03,1.0,9.0,,per 100g,2026-07-01T04:14:08.471742Z,2026-07-01T04:14:08.471742Z,4,0.8261,,pisang talas banana talas,,not_matched,,,not_matched,,,not_matched,,,not_matched,,,not_matched,,,not_matched,
tkpi_0701,Pisang tujuh bulan (Banana),pisang tujuh bulan (banana),TKPI,https://www.panganku.org/id-ID/view,Buah,buah,75.9,94.0,0.6,0.2,22.5,3.7,0.8,50.0,20.0,0.2,0.0,4.0,0.1,0.4,0.0,72.0,64.43836,,0.03,0.03,0.3,6.0,,per 100g,2026-07-01T04:14:08.471742Z,2026-07-01T04:14:08.471742Z,3,0.8696,,pisang tujuh bulan banana,,not_matched,,,not_matched,,,not_matched,,,not_matched,,,not_matched,,,not_matched,
tkpi_0702,"Pisang ua, segar (Banana, ua. Fresh)","pisang ua, segar (banana, ua. fresh)",TKPI,https://www.panganku.org/id-ID/view,Buah,buah,67.8,128.0,0.8,0.5,30.2,8.1,0.7,12.0,28.0,0.7,33.0,382.0,0.2,0.3,0.0,5.0,3.7669199999999994,,0.09,0.01,1.2,4.0,,per 100g,2026-07-01T04:14:08.471742Z,2026-07-01T04:14:08.471742Z,4,0.8261,,pisang banana,14.53757225433526,USDA_category_mean,0.2586,16.17869888475836,USDA_category_mean,0.2586,0.0952971246006389,USDA_category_mean,0.2586,0.0031055900621118,USDA_category_mean,0.2586,0.087833836858006,USDA_category_mean,0.2586,0.0147468354430379,USDA_category_mean,0.2586
tkpi_0703,"Pisang uli, segar (Banana, uli, fresh)","pisang uli, segar (banana, uli, fresh)",TKPI,https://www.panganku.org/id-ID/view,Buah,buah,61.8,134.0,1.1,0.5,35.5,1.4,1.1,31.0,53.0,0.9,39.0,650.3,0.34,0.7,0.0,59.0,113.0,,0.11,0.16,1.4,3.0,,per 100g,2026-07-01T04:14:08.471742Z,2026-07-01T04:14:08.471742Z,3,0.8696,,pisang uli banana uli,,not_matched,,,not_matched,,,not_matched,,,not_matched,,,not_matched,,,not_matched,
tkpi_0704,"Purut, segar (Lime, wild (Purut))","purut, segar (lime, wild (purut))",TKPI,https://www.panganku.org/id-ID/view,Buah,buah,81.1,76.0,4.1,1.1,15.2,1.7,1.4,30.0,76.0,0.6,10.0,285.2,0.18079999999999996,0.5799999999999997,0.0,27.0,93.0,,0.01,0.11,0.0,0.0,,per 100g,2026-07-01T04:14:08.471742Z,2026-07-01T04:14:08.471742Z,5,0.7826,,purut lime wild purut,14.53757225433526,USDA_category_mean,0.3253,16.17869888475836,USDA_category_mean,0.3253,0.0952971246006389,USDA_category_mean,0.3253,0.0031055900621118,USDA_category_mean,0.3253,0.087833836858006,USDA_category_mean,0.3253,0.0147468354430379,USDA_category_mean,0.3253
tkpi_0705,"Rambutan binjai, segar (Rambutan)","rambutan binjai, segar (rambutan)",TKPI,https://www.panganku.org/id-ID/view,Buah,buah,81.0,76.0,0.5,0.2,18.0,3.8,0.3,15.0,22.0,1.2,22.0,120.0,0.2,0.2,0.0,0.0,6.324,,0.19,0.01,0.4,13.0,,per 100g,2026-07-01T04:14:08.471742Z,2026-07-01T04:14:08.471742Z,4,0.8261,,rambutan binjai rambutan,7.0,USDA_direct_high,0.7002,,USDA_direct_high,0.7002,,USDA_direct_high,0.7002,0.0,USDA_direct_high,0.7002,0.02,USDA_direct_high,0.7002,0.0,USDA_direct_high,0.7002
tkpi_0706,"Rambutan, segar (Rambutan)","rambutan, segar (rambutan)",TKPI,https://www.panganku.org/id-ID/view,Buah,buah,80.5,69.0,0.9,0.1,18.1,0.8,0.4,16.0,16.0,0.5,16.0,104.2,0.17,0.1,0.0,0.0,0.0,,0.0,0.07,0.5,58.0,,per 100g,2026-07-01T04:14:08.471742Z,2026-07-01T04:14:08.471742Z,3,0.8696,,rambutan rambutan,7.0,USDA_direct_high,0.8024,,USDA_direct_high,0.8024,,USDA_direct_high,0.8024,0.0,USDA_direct_high,0.8024,0.02,USDA_direct_high,0.8024,0.0,USDA_direct_high,0.8024
tkpi_0707,"Salak bali, segar (snake fruit, bali,fresh)","salak bali, segar (snake fruit, bali,fresh)",TKPI,https://www.panganku.org/id-ID/view,Buah,buah,85.1,57.0,0.5,0.1,13.6,1.3,0.7,94.0,25.0,2.1,16.56,171.66094,0.08,0.2,0.0,3.0,37.0,,0.0,0.07640000000000002,0.37800000000000006,0.0,,per 100g,2026-07-01T04:14:08.471742Z,2026-07-01T04:14:08.471742Z,6,0.7391,,salak bali snake fruit bali,,not_matched,,,not_matched,,,not_matched,,,not_matched,,,not_matched,,,not_matched,
tkpi_0708,"Salak medan, segar (snake fruit, medan, fresh)","salak medan, segar (snake fruit, medan, fresh)",TKPI,https://www.panganku.org/id-ID/view,Buah,buah,78.1,55.0,0.4,0.2,12.8,3.2,8.5,6.0,46.0,0.5,39.0,113.0,0.2,0.3,0.0,4.0,22.413159999999998,,0.04,0.03,43.15,58.0,,per 100g,2026-07-01T04:14:08.471742Z,2026-07-01T04:14:08.471742Z,4,0.8261,,salak medan snake fruit medan,,not_matched,,,not_matched,,,not_matched,,,not_matched,,,not_matched,,,not_matched,
tkpi_0709,"Salak pondoh, segar (snake fruit, pondoh, fresh)","salak pondoh, segar (snake fruit, pondoh, fresh)",TKPI,https://www.panganku.org/id-ID/view,Buah,buah,77.9,87.0,0.8,0.4,20.1,0.0,0.8,38.0,31.0,3.9,17.86,131.61944,0.08,0.2,0.0,33.76442,40.0,,0.0,0.12,0.1,8.0,,per 100g,2026-07-01T04:14:08.471742Z,2026-07-01T04:14:08.471742Z,5,0.7826,,salak pondoh snake fruit pondoh,,not_matched,,,not_matched,,,not_matched,,,not_matched,,,not_matched,,,not_matched,
tkpi_0710,"Salak, segar (snake fruit, fresh)","salak, segar (snake fruit, fresh)",TKPI,https://www.panganku.org/id-ID/view,Buah,buah,78.0,77.0,0.4,0.31199999999999994,20.9,2.1020000000000003,0.7,28.0,18.0,4.2,10.34,157.53294,0.08,0.2,0.0,4.0,0.0,,0.04,0.07980000000000001,0.44,2.0,,per 100g,2026-07-01T04:14:08.471742Z,2026-07-01T04:14:08.471742Z,9,0.6087,,salak snake fruit,14.53757225433526,USDA_category_mean,0.2092,16.17869888475836,USDA_category_mean,0.2092,0.0952971246006389,USDA_category_mean,0.2092,0.0031055900621118,USDA_category_mean,0.2092,0.087833836858006,USDA_category_mean,0.2092,0.0147468354430379,USDA_category_mean,0.2092
tkpi_0711,"Sawo duren, segar (Sapodilla, fresh)","sawo duren, segar (sapodilla, fresh)",TKPI,https://www.panganku.org/id-ID/view,Buah,buah,87.3,64.0,1.0,3.1,8.0,0.8,0.6,18.0,45.0,0.8,13.0,111.4,0.02,0.1,0.0,0.0,0.0,,0.01,0.02,0.1,1.0,,per 100g,2026-07-01T04:14:08.471742Z,2026-07-01T04:14:08.471742Z,2,0.913,,sawo duren sapodilla,12.0,USDA_direct_medium,0.5394,,USDA_direct_medium,0.5394,0.194,USDA_direct_medium,0.5394,0.0,USDA_direct_medium,0.5394,0.037,USDA_direct_medium,0.5394,0.0,USDA_direct_medium,0.5394
tkpi_0712,"Sawo kecik, segar (Sapodilla, fresh)","sawo kecik, segar (sapodilla, fresh)",TKPI,https://www.panganku.org/id-ID/view,Buah,buah,73.8,111.0,0.9,2.3,21.6,1.0,1.4,20.0,185.0,0.7,28.0,117.8,0.04,0.1,0.0,119.0,12.0,,0.0,0.04,1.5,19.0,,per 100g,2026-07-01T04:14:08.471742Z,2026-07-01T04:14:08.471742Z,2,0.913,,sawo kecik sapodilla,12.0,USDA_direct_medium,0.5394,,USDA_direct_medium,0.5394,0.194,USDA_direct_medium,0.5394,0.0,USDA_direct_medium,0.5394,0.037,USDA_direct_medium,0.5394,0.0,USDA_direct_medium,0.5394
tkpi_0713,"Sawo Manila, segar (Sapodilla, manila, fresh)","sawo manila, segar (sapodilla, manila, fresh)",TKPI,https://www.panganku.org/id-ID/view,Buah,buah,75.5,92.0,0.5,1.1,22.4,9.5,0.5,25.0,12.0,1.0,26.0,110.2,0.04,0.1,0.0,111.0,60.0,,0.01,0.04,1.4,21.0,,per 100g,2026-07-01T04:14:08.471742Z,2026-07-01T04:14:08.471742Z,2,0.913,,sawo manila sapodilla manila,14.53757225433526,USDA_category_mean,0.365,16.17869888475836,USDA_category_mean,0.365,0.0952971246006389,USDA_category_mean,0.365,0.0031055900621118,USDA_category_mean,0.365,0.087833836858006,USDA_category_mean,0.365,0.0147468354430379,USDA_category_mean,0.365
tkpi_0714,"Semangka, segar (Water melon, fresh)","semangka, segar (water melon, fresh)",TKPI,https://www.panganku.org/id-ID/view,Buah,buah,92.1,28.0,0.5,0.2,6.9,0.4,0.3,7.0,12.0,0.2,7.0,93.8,0.04,0.1,214.44,315.0,590.0,,0.05,0.05,0.3,6.0,,per 100g,2026-07-01T04:14:08.471742Z,2026-07-01T04:14:08.471742Z,3,0.8696,,semangka water melon,14.53757225433526,USDA_category_mean,0.3829,16.17869888475836,USDA_category_mean,0.3829,0.0952971246006389,USDA_category_mean,0.3829,0.0031055900621118,USDA_category_mean,0.3829,0.087833836858006,USDA_category_mean,0.3829,0.0147468354430379,USDA_category_mean,0.3829
tkpi_0715,"Sirsak, segar (Soursop, fresh)","sirsak, segar (soursop, fresh)",TKPI,https://www.panganku.org/id-ID/view,Buah,buah,81.7,65.0,1.0,0.3,16.3,3.2,0.7,14.0,27.0,0.6,2.0,298.9,0.08,1.0,0.0,8.0,10.0,,0.07,0.08,0.7,20.0,,per 100g,2026-07-01T04:14:08.471742Z,2026-07-01T04:14:08.471742Z,3,0.8696,,sirsak soursop,21.0,USDA_direct_high,0.6839,13.54,USDA_direct_high,0.6839,0.051,USDA_direct_high,0.6839,0.0,USDA_direct_high,0.6839,0.059,USDA_direct_high,0.6839,0.0,USDA_direct_high,0.6839
tkpi_0716,"Sowa, segar","sowa, segar",TKPI,https://www.panganku.org/id-ID/view,Buah,buah,87.7,48.0,1.6,0.6,9.1,45.0,10.0,50.0,40.0,0.3,9.0,0.0,0.1,1.5,0.0,364.0,274.64457999999996,,0.15,0.23,0.2,4.0,,per 100g,2026-07-01T04:14:08.471742Z,2026-07-01T04:14:08.471742Z,3,0.8696,,sowa,,not_matched,,,not_matched,,,not_matched,,,not_matched,,,not_matched,,,not_matched,
tkpi_0717,"Srikaya, segar (Sugar apple,fresh)","srikaya, segar (sugar apple,fresh)",TKPI,https://www.panganku.org/id-ID/view,Buah,buah,83.4,63.0,1.1,0.5,13.9,2.1,1.1,127.0,30.0,2.7,10.04,268.8466,0.21479999999999996,0.5839999999999997,0.0,25.5245,31.0,,0.08,0.08840000000000002,0.5759999999999998,28.0,,per 100g,2026-07-01T04:14:08.471742Z,2026-07-01T04:14:08.471742Z,9,0.6087,,srikaya sugar apple,14.53757225433526,USDA_category_mean,0.3101,16.17869888475836,USDA_category_mean,0.3101,0.0952971246006389,USDA_category_mean,0.3101,0.0031055900621118,USDA_category_mean,0.3101,0.087833836858006,USDA_category_mean,0.3101,0.0147468354430379,USDA_category_mean,0.3101
tkpi_0718,"Sukun muda, segar (Breadfruit, young, fresh)","sukun muda, segar (breadfruit, young, fresh)",TKPI,https://www.panganku.org/id-ID/view,Buah,buah,69.4,119.0,1.4,0.2,28.1,1.4,1.0,24.0,44.0,1.4,24.0,414.4,0.09,0.1,0.0,28.0,4.896,,0.17,0.17,3.7,52.0,,per 100g,2026-07-01T04:14:08.471742Z,2026-07-01T04:14:08.471742Z,3,0.8696,,sukun muda breadfruit young,25.0,USDA_direct_medium,0.4938,11.0,USDA_direct_medium,0.4938,0.048,USDA_direct_medium,0.4938,0.0,USDA_direct_medium,0.4938,0.1,USDA_direct_medium,0.4938,0.0,USDA_direct_medium,0.4938
tkpi_0719,"Sukun tua, segar (Breadfruit, fresh)","sukun tua, segar (breadfruit, fresh)",TKPI,https://www.panganku.org/id-ID/view,Buah,buah,67.8,126.0,1.6,0.2,24.5,1.5,1.0,37.0,47.0,1.6,25.0,436.0,0.09,0.1,0.0,30.0,2.0,,0.18,0.17,3.9,58.0,,per 100g,2026-07-01T04:14:08.471742Z,2026-07-01T04:14:08.471742Z,3,0.8696,,sukun tua breadfruit,25.0,USDA_direct_medium,0.5544,11.0,USDA_direct_medium,0.5544,0.048,USDA_direct_medium,0.5544,0.0,USDA_direct_medium,0.5544,0.1,USDA_direct_medium,0.5544,0.0,USDA_direct_medium,0.5544
tkpi_0720,"Vigus, segar","vigus, segar",TKPI,https://www.panganku.org/id-ID/view,Buah,buah,88.0,44.0,2.4,0.1,8.3,4.158,1.2,30.0,20.0,0.3,2.0,180.0,0.1,0.2,0.14,169.88,216.29301999999998,,0.26,0.01,0.5120000000000001,43.0,,per 100g,2026-07-01T04:14:08.471742Z,2026-07-01T04:14:08.471742Z,7,0.6957,,vigus,,not_matched,,,not_matched,,,not_matched,,,not_matched,,,not_matched,,,not_matched,
tkpi_0721,"Wani, segar","wani, segar",TKPI,https://www.panganku.org/id-ID/view,Buah,buah,81.2,74.0,0.8,0.3,17.1,3.1,0.6,66.0,29.0,1.2,19.12,376.38421999999997,14.923000000000002,4.554000000000001,0.0,61.51035999999999,32.0,,0.08,0.2226,1.29,80.0,,per 100g,2026-07-01T04:14:08.471742Z,2026-07-01T04:14:08.471742Z,10,0.5652,,wani,,not_matched,,,not_matched,,,not_matched,,,not_matched,,,not_matched,,,not_matched,
tkpi_0722,Barongko,barongko,TKPI,https://www.panganku.org/id-ID/view,Buah,buah,66.7,159.0,3.1,5.8,23.5,1.8739999999999997,0.7,35.0,65.0,1.2,46.0,78.0,0.3,0.6,0.0,29.42,62.62,,0.08440000000000002,0.06820000000000001,0.4439999999999999,0.78,,per 100g,2026-07-01T04:14:08.471742Z,2026-07-01T04:14:08.471742Z,10,0.5652,Bahan dasar terdiri dari pisang dihaluskan ditambah santan dan gula pasir kemudian dibungkus daun pisang dan dikukus,barongko,,not_matched,,,not_matched,,,not_matched,,,not_matched,,,not_matched,,,not_matched,
tkpi_0723,Dodol nanas,dodol nanas,TKPI,https://www.panganku.org/id-ID/view,Buah,buah,16.1,338.0,1.5,1.2,80.3,5.338000000000001,0.9,86.32,57.36,3.9979999999999984,30.39054,216.30488000000003,0.29159999999999986,0.7359999999999998,0.0,1.0473000000000001,2.35318,,0.3,0.07740000000000001,0.5219999999999999,8.0,,per 100g,2026-07-01T04:14:08.471742Z,2026-07-01T04:14:08.471742Z,15,0.3478,,dodol nanas,,not_matched,,,not_matched,,,not_matched,,,not_matched,,,not_matched,,,not_matched,
tkpi_0724,Getuk pisang,getuk pisang,TKPI,https://www.panganku.org/id-ID/view,Buah,buah,63.7,144.0,1.1,0.4,34.1,0.4,0.7,48.0,32.0,1.0,23.74,394.46024000000006,0.21160000000000004,0.5779999999999998,0.64,1.56564,1.24,,0.55,0.0852,0.894,0.0,,per 100g,2026-07-01T04:14:08.471742Z,2026-07-01T04:14:08.471742Z,10,0.5652,,getuk pisang,,not_matched,,,not_matched,,,not_matched,,,not_matched,,,not_matched,,,not_matched,
tkpi_0725,Keripik lampung,keripik lampung,TKPI,https://www.panganku.org/id-ID/view,Buah,buah,5.0,485.0,1.7,22.2,69.7,0.6,1.5,43.0,65.0,0.8,81.84,124.82771999999999,0.27520000000000006,0.6180000000000001,1.44,0.10439999999999999,1.464,,0.34,0.08840000000000002,0.6200000000000001,0.0,,per 100g,2026-07-01T04:14:08.471742Z,2026-07-01T04:14:08.471742Z,10,0.5652,,keripik lampung,,not_matched,,,not_matched,,,not_matched,,,not_matched,,,not_matched,,,not_matched,
tkpi_0726,Ledre pisang,ledre pisang,TKPI,https://www.panganku.org/id-ID/view,Buah,buah,3.6,405.0,4.8,5.1,84.9,0.4,1.6,59.0,124.0,2.6,50.76136,316.4121,0.7654000000000001,1.8219999999999996,0.94,4.0,7.33,,0.41,0.19559999999999989,1.722,0.0,,per 100g,2026-07-01T04:14:08.471742Z,2026-07-01T04:14:08.471742Z,9,0.6087,"Bahan dasar terdiri dari tepung terigu, gula, tepung beras, pidang raja",ledre pisang,,not_matched,,,not_matched,,,not_matched,,,not_matched,,,not_matched,,,not_matched,
tkpi_0727,Lempog durian,lempog durian,TKPI,https://www.panganku.org/id-ID/view,Buah,buah,25.2,320.0,3.5,5.7,63.7,4.9,1.9,190.0,93.0,2.5,46.897,187.11088,0.33880000000000005,0.9479999999999995,0.0,0.26534,0.45918,,0.05,0.04,0.6859999999999999,1.42,,per 100g,2026-07-01T04:14:08.471742Z,2026-07-01T04:14:08.471742Z,11,0.5217,Dodol duren,lempog durian,30.0,USDA_direct_high,0.6661,,USDA_direct_high,0.6661,,USDA_direct_high,0.6661,0.0,USDA_direct_high,0.6661,0.316,USDA_direct_high,0.6661,0.0,USDA_direct_high,0.6661
tkpi_0728,Loka anjoro,loka anjoro,TKPI,https://www.panganku.org/id-ID/view,Buah,buah,63.3,163.0,1.1,4.3,30.0,1.7200000000000002,1.3,96.88,58.64,2.1119999999999997,46.10826,432.05600000000004,0.34339999999999987,0.714,0.0,1.46,0.26796,,0.10999999999999999,0.0892,0.9279999999999998,1.56,,per 100g,2026-07-01T04:14:08.471742Z,2026-07-01T04:14:08.471742Z,17,0.2609,Pisang kepok/raja direbus dengan santan sampai kental,loka anjoro,,not_matched,,,not_matched,,,not_matched,,,not_matched,,,not_matched,,,not_matched,
tkpi_0729,Rica-rica taipa,rica-rica taipa,TKPI,https://www.panganku.org/id-ID/view,Buah,buah,86.7,49.0,1.6,0.3,10.0,4.1579999999999995,1.4,11.0,48.0,3.0,426.0,42.0,0.5,0.5,64.32,13.0,38.8096,,0.18,0.13619999999999993,1.3580000000000003,15.0,,per 100g,2026-07-01T04:14:08.471742Z,2026-07-01T04:14:08.471742Z,7,0.6957,"Mangga muda diiris dicampur dengan cabai, udang kering dan terasi (Acar mangga muda)",rica rica taipa,,not_matched,,,not_matched,,,not_matched,,,not_matched,,,not_matched,,,not_matched,
tkpi_0730,Rujak aceh,rujak aceh,TKPI,https://www.panganku.org/id-ID/view,Buah,buah,78.7,82.0,0.4,0.3,19.7,2.4,0.9,77.74,47.48,1.9379999999999997,16.66,358.552,33.055400000000006,0.616,0.0,10.0,36.202839999999995,,0.22,0.03,0.4099999999999999,42.0,,per 100g,2026-07-01T04:14:08.471742Z,2026-07-01T04:14:08.471742Z,12,0.4783,"Seperti Asinan. Bahan dasar terdiri dari buah batok, mangga, ketimun dan bengkuang.",rujak aceh,,not_matched,,,not_matched,,,not_matched,,,not_matched,,,not_matched,,,not_matched,
tkpi_0731,Sale kesemek,sale kesemek,TKPI,https://www.panganku.org/id-ID/view,Buah,buah,25.0,296.0,1.1,0.6,71.4,3.5019999999999993,1.8,101.08,70.1,2.9719999999999986,9.94,285.46052,0.2315999999999999,0.6440000000000002,0.0,1.56526,0.9916600000000002,,0.10540000000000001,0.05660000000000001,0.5840000000000001,3.0,,per 100g,2026-07-01T04:14:08.471742Z,2026-07-01T04:14:08.471742Z,16,0.3043,,sale kesemek,,not_matched,,,not_matched,,,not_matched,,,not_matched,,,not_matched,,,not_matched,
tkpi_0732,Sale pisang siam,sale pisang siam,TKPI,https://www.panganku.org/id-ID/view,Buah,buah,28.9,281.0,2.4,0.7,66.1,1.0,2.0,41.0,64.0,1.2,10.92,147.06738,0.19999999999999984,0.5559999999999999,0.02,136.42,272.0,,0.1,0.053200000000000004,0.36,0.0,,per 100g,2026-07-01T04:14:08.471742Z,2026-07-01T04:14:08.471742Z,10,0.5652,,sale pisang siam,,not_matched,,,not_matched,,,not_matched,,,not_matched,,,not_matched,,,not_matched,
tkpi_0733,"Sale pisang, cilacap","sale pisang, cilacap",TKPI,https://www.panganku.org/id-ID/view,Buah,buah,27.1,295.0,2.3,2.1,66.9,1.3,1.7,47.0,97.0,2.8,263.03094,227.29818000000003,0.23679999999999995,0.5579999999999999,53.06402,86.98,296.0,,0.14,0.0866,0.6780000000000002,0.08,,per 100g,2026-07-01T04:14:08.471742Z,2026-07-01T04:14:08.471742Z,11,0.5217,,sale pisang cilacap,,not_matched,,,not_matched,,,not_matched,,,not_matched,,,not_matched,,,not_matched,
tkpi_0734,Sanggara belanda,sanggara belanda,TKPI,https://www.panganku.org/id-ID/view,Buah,buah,47.1,242.0,6.4,7.1,38.2,1.3400000000000005,1.2,110.14,113.02,2.9220000000000006,92.65527999999999,164.23868,0.3645999999999999,1.2159999999999997,0.12,0.0,0.7416999999999999,,0.12359999999999996,0.14960000000000004,1.436,0.16,,per 100g,2026-07-01T04:14:08.471742Z,2026-07-01T04:14:08.471742Z,17,0.2609,"Snack: Pisang raja dicelupkan kedalam kocokan telur, digoreng, dibelah diisi mentega, keju, dan gula yang telah dikocok bersama.",sanggara belanda,,not_matched,,,not_matched,,,not_matched,,,not_matched,,,not_matched,,,not_matched,
tkpi_0735,Tepung Pisang,tepung pisang,TKPI,https://www.panganku.org/id-ID/view,Buah,buah,13.8,338.0,2.9,0.4,80.6,5.3,2.1,23.0,62.0,4.0,18.0,734.0,0.1,0.5,0.0,13.0,1.0,,0.02,0.02,1.0,2.0,,per 100g,2026-07-01T04:14:08.471742Z,2026-07-01T04:14:08.471742Z,3,0.8696,Pangan tunggal terolah/ produk yang berbahan baku pisang,tepung pisang,,not_matched,,,not_matched,,,not_matched,,,not_matched,,,not_matched,,,not_matched,
tkpi_0736,Tepung Sukun,tepung sukun,TKPI,https://www.panganku.org/id-ID/view,Buah,buah,10.1,353.0,2.9,0.5,84.4,3.7,2.1,100.0,85.0,4.6,9.0,2.008,0.1,0.6,0.9,0.0,0.0,,0.4,0.02,0.1,3.0,,per 100g,2026-07-01T04:14:08.471742Z,2026-07-01T04:14:08.471742Z,3,0.8696,Pangan tunggal terolah/ produk yang berbahan baku sukun,tepung sukun,,not_matched,,,not_matched,,,not_matched,,,not_matched,,,not_matched,,,not_matched,
tkpi_0737,Abon haruwan,abon haruwan,TKPI,https://www.panganku.org/id-ID/view,Buah,buah,11.6,513.0,23.7,37.0,21.3,3.4139999999999993,6.4,25.0,25.0,0.5,61.0,15.0,0.0,0.2,213.1,254.93671999999998,559.9388,,0.30939999999999995,0.39000000000000007,4.979999999999999,0.84,,per 100g,2026-07-01T04:14:08.471742Z,2026-07-01T04:14:08.471742Z,10,0.5652,Abon dari ikan gabus,abon haruwan,,not_matched,,,not_matched,,,not_matched,,,not_matched,,,not_matched,,,not_matched,
tkpi_0738,"Anak sapi, daging, gemuk, segar (Veal, meat, high fat, fresh)","anak sapi, daging, gemuk, segar (veal, meat, high fat, fresh)",TKPI,https://www.panganku.org/id-ID/view,Daging,daging,62.0,184.0,18.8,14.0,0.0,0.0,5.2,10.0,200.0,2.2,118.0,490.1,0.17,3.3,12.0,37.0,118.8539,,0.13,0.17,7.0,0.04,,per 100g,2026-07-01T04:14:08.471742Z,2026-07-01T04:14:08.471742Z,4,0.8261,,anak sapi daging gemuk veal meat high fat,22.76274944567627,USDA_category_mean,0.214,0.0051351351351351,USDA_category_mean,0.214,5.494476086956522,USDA_category_mean,0.214,144.55458515283843,USDA_category_mean,0.214,0.2635512528473804,USDA_category_mean,0.214,4.791118721461187,USDA_category_mean,0.214
tkpi_0739,"Anak sapi, daging, kurus, segar (Veal, meat, high fat, fresh)","anak sapi, daging, kurus, segar (veal, meat, high fat, fresh)",TKPI,https://www.panganku.org/id-ID/view,Daging,daging,69.0,174.0,19.6,10.0,0.0,0.0,1.4,11.0,201.0,2.9,96.0,399.8,0.14,2.7,6.0,30.0,31.142000000000003,,0.08,0.14,5.7,0.0,,per 100g,2026-07-01T04:14:08.471742Z,2026-07-01T04:14:08.471742Z,3,0.8696,,anak sapi daging kurus veal meat high fat,22.76274944567627,USDA_category_mean,0.214,0.0051351351351351,USDA_category_mean,0.214,5.494476086956522,USDA_category_mean,0.214,144.55458515283843,USDA_category_mean,0.214,0.2635512528473804,USDA_category_mean,0.214,4.791118721461187,USDA_category_mean,0.214
tkpi_0740,"Anak sapi, daging, sedang, segar (Veal, meat, fresh)","anak sapi, daging, sedang, segar (veal, meat, fresh)",TKPI,https://www.panganku.org/id-ID/view,Daging,daging,68.0,190.0,19.1,12.0,0.0,0.0,0.9,11.0,193.0,2.9,99.0,412.7,0.14,2.8,12.0,83.0,87.88206,,0.14,0.15,5.9,0.0,,per 100g,2026-07-01T04:14:08.471742Z,2026-07-01T04:14:08.471742Z,3,0.8696,,anak sapi daging sedang veal meat,22.76274944567627,USDA_category_mean,0.2058,0.0051351351351351,USDA_category_mean,0.2058,5.494476086956522,USDA_category_mean,0.2058,144.55458515283843,USDA_category_mean,0.2058,0.2635512528473804,USDA_category_mean,0.2058,4.791118721461187,USDA_category_mean,0.2058
tkpi_0741,"Angsa, daging, segar (Goose, meat, fresh)","angsa, daging, segar (goose, meat, fresh)",TKPI,https://www.panganku.org/id-ID/view,Daging,daging,51.1,349.0,16.4,31.5,0.0,0.0,1.0,15.0,188.0,1.8,71.0,299.2,0.26,1.7,273.0,0.0,451.82919999999996,,0.1,0.24,7.1,0.0,,per 100g,2026-07-01T04:14:08.471742Z,2026-07-01T04:14:08.471742Z,3,0.8696,,angsa daging goose meat,24.0,USDA_direct_medium,0.4392,,USDA_direct_medium,0.4392,2.79,USDA_direct_medium,0.4392,84.0,USDA_direct_medium,0.4392,0.64,USDA_direct_medium,0.4392,0.49,USDA_direct_medium,0.4392
tkpi_0742,"Ayam, daging, segar (Chicken, meat, fresh)","ayam, daging, segar (chicken, meat, fresh)",TKPI,https://www.panganku.org/id-ID/view,Daging,daging,55.9,298.0,18.2,25.0,0.0,0.0,0.9,14.0,200.0,1.5,109.0,385.9,0.11,0.6,245.0,0.0,397.2084,,0.08,0.14,10.4,0.0,,per 100g,2026-07-01T04:14:08.471742Z,2026-07-01T04:14:08.471742Z,3,0.8696,,ayam daging chicken meat,22.408970976253297,USDA_category_mean,0.2963,0.0405263157894736,USDA_category_mean,0.2963,2.9890916230366495,USDA_category_mean,0.2963,110.23237597911228,USDA_category_mean,0.2963,0.4341873350923482,USDA_category_mean,0.2963,2.028786279683377,USDA_category_mean,0.2963
tkpi_0743,"Ayam, dideh/darah, segar (Black puding (chicken blood), fresh)","ayam, dideh/darah, segar (black puding (chicken blood), fresh)",TKPI,https://www.panganku.org/id-ID/view,Daging,daging,82.0,75.0,13.8,1.9,0.7,0.0,1.6,15.0,9.0,1.3,337.0,234.0,0.31439999999999996,2.5819999999999994,15.0,29.0737,69.02,,0.02,0.17819999999999994,0.6,0.0,,per 100g,2026-07-01T04:14:08.471742Z,2026-07-01T04:14:08.471742Z,7,0.6957,,ayam dideh darah black puding chicken blood,16.713414634146343,USDA_category_mean,0.3365,1.0278321678321678,USDA_category_mean,0.3365,6.931493902439025,USDA_category_mean,0.3365,72.32335329341318,USDA_category_mean,0.3365,0.2424276729559748,USDA_category_mean,0.3365,1.8149375,USDA_category_mean,0.3365
tkpi_0744,"Ayam, hati, segar (Chicken liver, raw)","ayam, hati, segar (chicken liver, raw)",TKPI,https://www.panganku.org/id-ID/view,Daging,daging,53.4,261.0,27.4,16.1,1.6,0.0,1.5,118.0,373.0,15.8,1.068,22.9,0.84,0.0,4.957,169.0,28.0,,0.64,4.38,4.1,0.0,,per 100g,2026-07-01T04:14:08.471742Z,2026-07-01T04:14:08.471742Z,2,0.913,,ayam hati chicken liver,22.408970976253297,USDA_category_mean,0.3837,0.0405263157894736,USDA_category_mean,0.3837,2.9890916230366495,USDA_category_mean,0.3837,110.23237597911228,USDA_category_mean,0.3837,0.4341873350923482,USDA_category_mean,0.3837,2.028786279683377,USDA_category_mean,0.3837
tkpi_0745,"Babi, daging, gemuk,segar (Pork, medium fat, fresh)","babi, daging, gemuk,segar (pork, medium fat, fresh)",TKPI,https://www.panganku.org/id-ID/view,Daging,daging,42.0,453.0,11.9,45.0,0.0,0.0,1.1,7.0,117.0,1.8,112.0,819.3,0.22,0.4,0.0,0.0,20.12318,,0.58,0.59,5.9,0.0,,per 100g,2026-07-01T04:14:08.471742Z,2026-07-01T04:14:08.471742Z,3,0.8696,,babi daging gemuk pork medium fat,20.276785714285715,USDA_category_mean,0.2066,0.2981849315068493,USDA_category_mean,0.2066,4.425709580838323,USDA_category_mean,0.2066,96.79701492537312,USDA_category_mean,0.2066,0.4316189024390244,USDA_category_mean,0.2066,0.979756838905775,USDA_category_mean,0.2066
tkpi_0746,"Babi, daging, kurus, segar (Pork, lean, fresh)","babi, daging, kurus, segar (pork, lean, fresh)",TKPI,https://www.panganku.org/id-ID/view,Daging,daging,50.0,371.0,14.1,35.0,0.0,0.0,0.9,8.0,151.0,2.1,97.0,706.3,0.19,0.4,0.0,0.0,13.820619999999998,,0.67,0.33,5.4,0.0,,per 100g,2026-07-01T04:14:08.471742Z,2026-07-01T04:14:08.471742Z,3,0.8696,,babi daging kurus pork lean,,not_matched,,,not_matched,,,not_matched,,,not_matched,,,not_matched,,,not_matched,
tkpi_0747,"Babi, ginjal, segar (Kidney, pork, fresh)","babi, ginjal, segar (kidney, pork, fresh)",TKPI,https://www.panganku.org/id-ID/view,Daging,daging,77.1,110.0,16.3,4.6,0.8,0.0,1.2,11.0,246.0,8.0,139.0,390.0,0.71,3.2,39.0,10.0,45.84442000000001,,0.58,1.59,9.1,13.0,,per 100g,2026-07-01T04:14:08.471742Z,2026-07-01T04:14:08.471742Z,3,0.8696,,babi ginjal kidney pork,22.76274944567627,USDA_category_mean,0.3821,0.0051351351351351,USDA_category_mean,0.3821,5.494476086956522,USDA_category_mean,0.3821,144.55458515283843,USDA_category_mean,0.3821,0.2635512528473804,USDA_category_mean,0.3821,4.791118721461187,USDA_category_mean,0.3821
tkpi_0748,"Babi, hati, segar (Liver, pork, fresh)","babi, hati, segar (liver, pork, fresh)",TKPI,https://www.panganku.org/id-ID/view,Daging,daging,72.3,129.0,19.7,4.8,1.7,0.0,1.5,10.0,362.0,18.0,110.0,447.0,0.58,0.1,4.303,6.0,79.14936000000002,,0.4,1.16,5.7,23.0,,per 100g,2026-07-01T04:14:08.471742Z,2026-07-01T04:14:08.471742Z,3,0.8696,,babi hati liver pork,20.276785714285715,USDA_category_mean,0.3613,0.2981849315068493,USDA_category_mean,0.3613,4.425709580838323,USDA_category_mean,0.3613,96.79701492537312,USDA_category_mean,0.3613,0.4316189024390244,USDA_category_mean,0.3613,0.979756838905775,USDA_category_mean,0.3613
tkpi_0749,"Bebek (itik), daging, segar (Duck, meat, fresh)","bebek (itik), daging, segar (duck, meat, fresh)",TKPI,https://www.panganku.org/id-ID/view,Daging,daging,54.3,321.0,16.0,28.6,0.0,0.0,1.1,15.0,188.0,1.8,54.0,199.0,0.21,1.2,273.0,0.0,458.30839999999995,,0.1,0.28,4.3,0.0,,per 100g,2026-07-01T04:14:08.471742Z,2026-07-01T04:14:08.471742Z,3,0.8696,,bebek itik daging duck meat,22.408970976253297,USDA_category_mean,0.3559,0.0405263157894736,USDA_category_mean,0.3559,2.9890916230366495,USDA_category_mean,0.3559,110.23237597911228,USDA_category_mean,0.3559,0.4341873350923482,USDA_category_mean,0.3559,2.028786279683377,USDA_category_mean,0.3559
tkpi_0750,"Bebek alabio, daging, segar (Duck, alabio, meat, fresh)","bebek alabio, daging, segar (duck, alabio, meat, fresh)",TKPI,https://www.panganku.org/id-ID/view,Daging,daging,57.0,303.0,11.3,27.0,3.7,0.0,1.0,20.0,293.0,4.8,50.0,260.0,0.7,2.0,1.16636,0.0,12.25634,,0.36,0.04,4.1,0.0,,per 100g,2026-07-01T04:14:08.471742Z,2026-07-01T04:14:08.471742Z,5,0.7826,,bebek alabio daging duck alabio meat,22.408970976253297,USDA_category_mean,0.255,0.0405263157894736,USDA_category_mean,0.255,2.9890916230366495,USDA_category_mean,0.255,110.23237597911228,USDA_category_mean,0.255,0.4341873350923482,USDA_category_mean,0.255,2.028786279683377,USDA_category_mean,0.255
tkpi_0751,"Belibis, daging, segar (Whistling duck, meat, fresh)","belibis, daging, segar (whistling duck, meat, fresh)",TKPI,https://www.panganku.org/id-ID/view,Daging,daging,71.3,131.0,20.2,4.3,2.8,0.0,1.4,8.0,192.0,9.6,46.0,104.0,1.2,1.6,11.20606,0.0,17.80934,,0.37,0.08,2.7,1.36,,per 100g,2026-07-01T04:14:08.471742Z,2026-07-01T04:14:08.471742Z,5,0.7826,,belibis daging whistling duck meat,22.408970976253297,USDA_category_mean,0.3407,0.0405263157894736,USDA_category_mean,0.3407,2.9890916230366495,USDA_category_mean,0.3407,110.23237597911228,USDA_category_mean,0.3407,0.4341873350923482,USDA_category_mean,0.3407,2.028786279683377,USDA_category_mean,0.3407
tkpi_0752,"Burung, sarang, segar","burung, sarang, segar",TKPI,https://www.panganku.org/id-ID/view,Daging,daging,24.8,281.0,37.5,0.3,32.1,1.0019999999999998,5.3,485.0,18.0,3.0,68.23818000000001,304.91388000000006,26.87906,2.908,0.0,24.285259999999997,32.07655999999999,,0.2773999999999999,0.2889999999999999,4.14,0.0,,per 100g,2026-07-01T04:14:08.471742Z,2026-07-01T04:14:08.471742Z,12,0.4783,,burung sarang,,not_matched,,,not_matched,,,not_matched,,,not_matched,,,not_matched,,,not_matched,
tkpi_0753,"Domba, daging, gemuk, segar (Lamb, meat, high fat, fresh)","domba, daging, gemuk, segar (lamb, meat, high fat, fresh)",TKPI,https://www.panganku.org/id-ID/view,Daging,daging,55.8,317.0,15.7,27.7,0.0,0.0,0.8,9.0,157.0,2.4,64.0,242.1,0.11,3.7,0.0,0.0,6.791040000000001,,0.14,0.23,6.5,0.0,,per 100g,2026-07-01T04:14:08.471742Z,2026-07-01T04:14:08.471742Z,3,0.8696,,domba daging gemuk lamb meat high fat,,not_matched,,,not_matched,,,not_matched,,,not_matched,,,not_matched,,,not_matched,
tkpi_0754,"Domba, daging, kurus,  segar (Lamb, meat, low fat, fresh)","domba, daging, kurus, segar (lamb, meat, low fat, fresh)",TKPI,https://www.panganku.org/id-ID/view,Daging,daging,66.3,202.0,17.1,14.8,0.0,0.0,1.8,10.0,191.0,2.6,90.0,355.0,0.08,2.8,0.0,0.0,3.78642,,0.15,0.26,5.7,0.0,,per 100g,2026-07-01T04:14:08.471742Z,2026-07-01T04:14:08.471742Z,3,0.8696,,domba daging kurus lamb meat low fat,16.713414634146343,USDA_category_mean,0.317,1.0278321678321678,USDA_category_mean,0.317,6.931493902439025,USDA_category_mean,0.317,72.32335329341318,USDA_category_mean,0.317,0.2424276729559748,USDA_category_mean,0.317,1.8149375,USDA_category_mean,0.317
tkpi_0755,"Domba, ginjal, segar (Kidney, lamb, fresh)","domba, ginjal, segar (kidney, lamb, fresh)",TKPI,https://www.panganku.org/id-ID/view,Daging,daging,77.8,100.0,16.6,3.3,1.0,0.0,1.3,13.0,237.0,9.2,155.0,276.0,0.48,2.4,348.0,515.0,488.3,,0.51,2.35,7.5,13.0,,per 100g,2026-07-01T04:14:08.471742Z,2026-07-01T04:14:08.471742Z,3,0.8696,,domba ginjal kidney lamb,16.0,USDA_direct_medium,0.4491,0.0,USDA_direct_medium,0.4491,0.768,USDA_direct_medium,0.4491,369.0,USDA_direct_medium,0.4491,0.173,USDA_direct_medium,0.4491,50.37,USDA_direct_medium,0.4491
tkpi_0756,"Kambing, daging, segar (Goat, meat, fresh)","kambing, daging, segar (goat, meat, fresh)",TKPI,https://www.panganku.org/id-ID/view,Daging,daging,70.3,149.0,16.6,9.2,0.0,0.0,3.9,11.0,124.0,1.0,96.0,268.7,0.31,4.9,0.0,0.0,11.792919999999999,,0.09,0.23,5.0,0.0,,per 100g,2026-07-01T04:14:08.471742Z,2026-07-01T04:14:08.471742Z,3,0.8696,,kambing daging goat meat,,USDA_direct_medium,0.5656,,USDA_direct_medium,0.5656,0.71,USDA_direct_medium,0.5656,57.0,USDA_direct_medium,0.5656,,USDA_direct_medium,0.5656,1.13,USDA_direct_medium,0.5656
tkpi_0757,"Kelinci, daging, segar (Rabbit, meat, fresh)","kelinci, daging, segar (rabbit, meat, fresh)",TKPI,https://www.panganku.org/id-ID/view,Daging,daging,74.3,142.0,16.9,7.8,0.0,0.0,1.0,7.0,350.0,1.0,49.0,371.1,0.811,1.9860000000000009,0.0,0.0,0.0,,0.11,0.11,6.8,2.74,,per 100g,2026-07-01T04:14:08.471742Z,2026-07-01T04:14:08.471742Z,5,0.7826,,kelinci daging rabbit meat,29.0,USDA_direct_medium,0.4044,,USDA_direct_medium,0.4044,0.69,USDA_direct_medium,0.4044,81.0,USDA_direct_medium,0.4044,,USDA_direct_medium,0.4044,,USDA_direct_medium,0.4044
tkpi_0758,"Kerbau, daging, segar (Buffalo, meat, fresh)","kerbau, daging, segar (buffalo, meat, fresh)",TKPI,https://www.panganku.org/id-ID/view,Daging,daging,80.0,79.0,18.7,0.5,0.0,0.0,0.8,14.0,221.0,3.3,91.0,273.0,0.13,1.6,3.96,6.93334,0.9959399999999999,,0.06,0.17,5.0,0.0,,per 100g,2026-07-01T04:14:08.471742Z,2026-07-01T04:14:08.471742Z,5,0.7826,,kerbau daging buffalo meat,32.0,USDA_direct_medium,0.477,,USDA_direct_medium,0.477,0.46,USDA_direct_medium,0.477,46.0,USDA_direct_medium,0.477,0.53,USDA_direct_medium,0.477,1.66,USDA_direct_medium,0.477
tkpi_0759,"Kuda, daging, segar (Horse, meat, fresh)","kuda, daging, segar (horse, meat, fresh)",TKPI,https://www.panganku.org/id-ID/view,Daging,daging,76.0,113.0,18.1,4.1,0.9,0.0,0.9,10.0,150.0,2.7,46.0,315.7,0.13,2.5,0.0,1.6037599999999999,1.514,,0.07,0.07,3.0,0.0,,per 100g,2026-07-01T04:14:08.471742Z,2026-07-01T04:14:08.471742Z,4,0.8261,,kuda daging horse meat,25.0,USDA_direct_medium,0.5573,,USDA_direct_medium,0.5573,1.9,USDA_direct_medium,0.5573,68.0,USDA_direct_medium,0.5573,0.33,USDA_direct_medium,0.5573,3.16,USDA_direct_medium,0.5573
tkpi_0760,"Sapi, babat, segar (Tripe, fresh)","sapi, babat, segar (tripe, fresh)",TKPI,https://www.panganku.org/id-ID/view,Daging,daging,76.7,108.0,17.6,4.2,0.0,0.0,1.5,12.0,144.0,1.0,147.0,101.4,0.11,2.2,0.0,49.0,51.80838,,0.15,0.17,1.7,0.0,,per 100g,2026-07-01T04:14:08.471742Z,2026-07-01T04:14:08.471742Z,3,0.8696,,sapi babat tripe,13.0,USDA_direct_medium,0.427,0.0,USDA_direct_medium,0.427,1.291,USDA_direct_medium,0.427,122.0,USDA_direct_medium,0.427,0.014,USDA_direct_medium,0.427,1.39,USDA_direct_medium,0.427
tkpi_0761,"Sapi, daging, gemuk, segar (Beef, high fat, fresh)","sapi, daging, gemuk, segar (beef, high fat, fresh)",TKPI,https://www.panganku.org/id-ID/view,Daging,daging,60.0,273.0,17.5,22.0,0.0,0.0,0.5,10.0,150.0,2.6,93.0,267.0,0.17,6.4,12.0,0.0,11.918160000000002,,0.08,0.18,7.3,0.0,,per 100g,2026-07-01T04:14:08.471742Z,2026-07-01T04:14:08.471742Z,3,0.8696,,sapi daging gemuk beef high fat,,not_matched,,,not_matched,,,not_matched,,,not_matched,,,not_matched,,,not_matched,
tkpi_0762,"Sapi, daging, kurus, segar (Beef, low fat, fresh)","sapi, daging, kurus, segar (beef, low fat, fresh)",TKPI,https://www.panganku.org/id-ID/view,Daging,daging,69.0,174.0,19.6,10.0,0.0,0.0,1.4,11.0,181.0,2.9,83.0,489.0,0.07,4.9,6.0,181.0,251.84,,0.07,0.51,1.2,0.0,,per 100g,2026-07-01T04:14:08.471742Z,2026-07-01T04:14:08.471742Z,3,0.8696,,sapi daging kurus beef low fat,16.713414634146343,USDA_category_mean,0.3873,1.0278321678321678,USDA_category_mean,0.3873,6.931493902439025,USDA_category_mean,0.3873,72.32335329341318,USDA_category_mean,0.3873,0.2424276729559748,USDA_category_mean,0.3873,1.8149375,USDA_category_mean,0.3873
tkpi_0763,"Sapi, daging, lemak sedang, segar (Beef, medium fat, fresh)","sapi, daging, lemak sedang, segar (beef, medium fat, fresh)",TKPI,https://www.panganku.org/id-ID/view,Daging,daging,66.0,201.0,18.8,14.0,0.0,0.0,1.2,11.0,170.0,2.8,105.0,378.0,4.58,5.2,9.0,198.0,257.978,,0.08,0.56,1.3,0.0,,per 100g,2026-07-01T04:14:08.471742Z,2026-07-01T04:14:08.471742Z,3,0.8696,,sapi daging lemak sedang beef medium fat,,not_matched,,,not_matched,,,not_matched,,,not_matched,,,not_matched,,,not_matched,
tkpi_0764,"Sapi, daleman, segar (Offal, beef, fresh)","sapi, daleman, segar (offal, beef, fresh)",TKPI,https://www.panganku.org/id-ID/view,Daging,daging,70.1,183.0,12.0,14.4,1.4,0.0,2.1,43.0,319.0,1.8,277.0,160.0,0.1,0.8,148.17628000000002,104.0,236.83200000000005,,0.31,0.22,8.4,1.36,,per 100g,2026-07-01T04:14:08.471742Z,2026-07-01T04:14:08.471742Z,5,0.7826,,sapi daleman offal beef,,not_matched,,,not_matched,,,not_matched,,,not_matched,,,not_matched,,,not_matched,
tkpi_0765,"Sapi, dideh/darah (Black puding (cow's blood), fresh)","sapi, dideh/darah (black puding (cows blood), fresh)",TKPI,https://www.panganku.org/id-ID/view,Daging,daging,75.6,98.0,21.9,1.1,0.0,0.0,1.4,7.0,24.0,1.3,150.0,170.0,0.08199999999999999,0.2,15.0,214.0,496.7604,,0.01,0.03,0.9,0.0,,per 100g,2026-07-01T04:14:08.471742Z,2026-07-01T04:14:08.471742Z,4,0.8261,,sapi dideh darah black puding cows blood,16.713414634146343,USDA_category_mean,0.3137,1.0278321678321678,USDA_category_mean,0.3137,6.931493902439025,USDA_category_mean,0.3137,72.32335329341318,USDA_category_mean,0.3137,0.2424276729559748,USDA_category_mean,0.3137,1.8149375,USDA_category_mean,0.3137
tkpi_0766,"Sapi, ginjal, segar (Kidney, beef, fresh)","sapi, ginjal, segar (kidney, beef, fresh)",TKPI,https://www.panganku.org/id-ID/view,Daging,daging,74.9,137.0,15.0,8.1,0.9,0.0,1.1,9.0,221.0,7.9,200.0,230.2,0.45960000000000006,3.5120000000000005,348.0,583.0,523.04,,0.37,1.22,6.1,13.0,,per 100g,2026-07-01T04:14:08.471742Z,2026-07-01T04:14:08.471742Z,5,0.7826,,sapi ginjal kidney beef,16.0,USDA_direct_medium,0.4121,0.0,USDA_direct_medium,0.4121,0.768,USDA_direct_medium,0.4121,369.0,USDA_direct_medium,0.4121,0.173,USDA_direct_medium,0.4121,50.37,USDA_direct_medium,0.4121
tkpi_0767,"Sapi, keleponan, segar (Tripe, beef, fresh)","sapi, keleponan, segar (tripe, beef, fresh)",TKPI,https://www.panganku.org/id-ID/view,Daging,daging,83.8,84.0,10.5,4.6,0.2,0.0,0.9,20.0,13.0,2.1,73.0,318.0,0.2,1.7,857.0,34.0,567.9816000000001,,0.1,0.14,0.3,6.02,,per 100g,2026-07-01T04:14:08.471742Z,2026-07-01T04:14:08.471742Z,4,0.8261,,sapi keleponan tripe beef,13.0,USDA_direct_medium,0.453,0.0,USDA_direct_medium,0.453,1.291,USDA_direct_medium,0.453,122.0,USDA_direct_medium,0.453,0.014,USDA_direct_medium,0.453,1.39,USDA_direct_medium,0.453
tkpi_0768,"Sapi, liver, segar (Liver, beef, fresh)","sapi, liver, segar (liver, beef, fresh)",TKPI,https://www.panganku.org/id-ID/view,Daging,daging,69.7,132.0,19.7,3.2,6.0,0.0,1.4,7.0,358.0,6.6,110.0,213.0,0.51,2.3,13.303,355.0,300.03,,0.26,1.52,11.4,31.0,,per 100g,2026-07-01T04:14:08.471742Z,2026-07-01T04:14:08.471742Z,3,0.8696,,sapi liver liver beef,18.0,USDA_direct_medium,0.6058,0.0,USDA_direct_medium,0.6058,1.233,USDA_direct_medium,0.6058,275.0,USDA_direct_medium,0.6058,1.083,USDA_direct_medium,0.6058,59.3,USDA_direct_medium,0.6058
tkpi_0769,"Sapi, otak, segar (Brain, beef, fresh)","sapi, otak, segar (brain, beef, fresh)",TKPI,https://www.panganku.org/id-ID/view,Daging,daging,78.9,123.0,10.4,8.6,0.8,0.0,1.3,16.0,330.0,3.6,112.0,243.8,0.26,0.9,0.0,0.0,48.48254,,0.23,0.19,3.9,18.0,,per 100g,2026-07-01T04:14:08.471742Z,2026-07-01T04:14:08.471742Z,3,0.8696,,sapi otak brain beef,13.0,USDA_direct_medium,0.4212,0.0,USDA_direct_medium,0.4212,2.3,USDA_direct_medium,0.4212,3010.0,USDA_direct_medium,0.4212,0.226,USDA_direct_medium,0.4212,9.51,USDA_direct_medium,0.4212
tkpi_0770,"Sapi, usus, segar","sapi, usus, segar",TKPI,https://www.panganku.org/id-ID/view,Daging,daging,76.7,126.0,14.0,7.2,1.5,0.0,0.6,14.0,115.0,4.0,244.36,211.18264000000002,0.30919999999999986,1.54,61.0,0.0,15.124020000000003,,0.08,0.33,0.2,0.0,,per 100g,2026-07-01T04:14:08.471742Z,2026-07-01T04:14:08.471742Z,7,0.6957,,sapi usus,,not_matched,,,not_matched,,,not_matched,,,not_matched,,,not_matched,,,not_matched,
tkpi_0771,"Ulat sagu segar (Caterpillar, sago palm, fresh)","ulat sagu segar (caterpillar, sago palm, fresh)",TKPI,https://www.panganku.org/id-ID/view,Daging,daging,65.9,241.0,5.8,21.6,5.8,2.8,0.9,20.0,70.0,0.5,210.0,210.0,1.0,7.7,147.55356,0.0,175.55696,,0.17,1.45,0.1,27.04,,per 100g,2026-07-01T04:14:08.471742Z,2026-07-01T04:14:08.471742Z,5,0.7826,,ulat sagu caterpillar sago palm,,not_matched,,,not_matched,,,not_matched,,,not_matched,,,not_matched,,,not_matched,
tkpi_0772,"Ayam, ampela, goreng","ayam, ampela, goreng",TKPI,https://www.panganku.org/id-ID/view,Daging,daging,4.8,270.0,32.3,11.2,9.9,0.0,1.8,129.0,314.0,4.9,980.0,271.9151,0.12,3.3,56.0,35.71038,0.0,,0.21,0.3226,4.7,0.0,,per 100g,2026-07-01T04:14:08.471742Z,2026-07-01T04:14:08.471742Z,5,0.7826,,ayam ampela,,not_matched,,,not_matched,,,not_matched,,,not_matched,,,not_matched,,,not_matched,
tkpi_0773,"Ayam, usus, goreng","ayam, usus, goreng",TKPI,https://www.panganku.org/id-ID/view,Daging,daging,4.6,473.0,45.2,26.3,13.9,0.0,10.1,1.407,458.0,8.4,113.28702000000001,484.8727599999999,2.1236600000000005,5.184,6.0,208.34324,224.0,,0.57,0.2532,0.0,0.04,,per 100g,2026-07-01T04:14:08.471742Z,2026-07-01T04:14:08.471742Z,9,0.6087,,ayam usus,,not_matched,,,not_matched,,,not_matched,,,not_matched,,,not_matched,,,not_matched,
tkpi_0774,"Bebek, daging, goreng","bebek, daging, goreng",TKPI,https://www.panganku.org/id-ID/view,Daging,daging,48.8,300.0,24.0,20.7,4.5,0.0,2.0,170.0,170.0,4.1,34.0,6.0,0.4,3.0,12.02414,0.0,16.99962,,0.1,0.4,10.6,0.12,,per 100g,2026-07-01T04:14:08.471742Z,2026-07-01T04:14:08.471742Z,5,0.7826,,bebek daging,,not_matched,,,not_matched,,,not_matched,,,not_matched,,,not_matched,,,not_matched,
tkpi_0775,"Buaya, daging, dendeng, mentah","buaya, daging, dendeng, mentah",TKPI,https://www.panganku.org/id-ID/view,Daging,daging,12.3,365.0,49.6,4.8,30.8,14.453999999999999,2.5,60.0,130.0,4.3,500.0,680.0,0.2,11.6,467.01095999999995,0.0,233.00015999999997,,0.47300000000000003,1.4036000000000004,0.2,50.16,,per 100g,2026-07-01T04:14:08.471742Z,2026-07-01T04:14:08.471742Z,8,0.6522,,buaya daging dendeng,,not_matched,,,not_matched,,,not_matched,,,not_matched,,,not_matched,,,not_matched,
tkpi_0776,Ham,ham,TKPI,https://www.panganku.org/id-ID/view,Daging,daging,42.0,384.0,16.9,35.0,0.3,0.0,5.8,10.0,136.0,2.5,112.0,819.3,0.11,0.4,0.0,41.02,64.75556,,0.7,0.95,9.7,0.0,,per 100g,2026-07-01T04:14:08.471742Z,2026-07-01T04:14:08.471742Z,4,0.8261,,ham,22.0,USDA_direct_medium,0.5832,0.0,USDA_direct_medium,0.5832,6.47,USDA_direct_medium,0.5832,94.0,USDA_direct_medium,0.5832,0.402,USDA_direct_medium,0.5832,0.68,USDA_direct_medium,0.5832
tkpi_0777,"Itik alabio, daging, dendeng, mentah","itik alabio, daging, dendeng, mentah",TKPI,https://www.panganku.org/id-ID/view,Daging,daging,12.7,496.0,30.3,33.5,18.4,13.882,5.1,135.0,370.0,12.5,1.081,478.0,0.7,0.3,589.88,0.0,506.958,,0.48499999999999993,0.9189999999999999,4.1819999999999995,51.54,,per 100g,2026-07-01T04:14:08.471742Z,2026-07-01T04:14:08.471742Z,9,0.6087,,itik alabio daging dendeng,,not_matched,,,not_matched,,,not_matched,,,not_matched,,,not_matched,,,not_matched,
tkpi_0778,Kerupuk urat,kerupuk urat,TKPI,https://www.panganku.org/id-ID/view,Daging,daging,3.6,588.0,53.7,40.9,1.2,0.106,0.6,36.0,15.0,1.3,1.024,37.0,0.1,0.2,2.802,272.3,388.5015,,0.49479999999999996,0.6232000000000001,3.7,0.1,,per 100g,2026-07-01T04:14:08.471742Z,2026-07-01T04:14:08.471742Z,9,0.6087,,kerupuk urat,,not_matched,,,not_matched,,,not_matched,,,not_matched,,,not_matched,,,not_matched,
tkpi_0779,"Menjangan, daging, dendeng, mentah","menjangan, daging, dendeng, mentah",TKPI,https://www.panganku.org/id-ID/view,Daging,daging,14.3,322.0,55.8,2.0,22.7,4.053999999999999,5.3,55.0,310.0,2.1,765.0,1.282,1.7,3.2,3.391,26.0,39.689359999999986,,0.3558,0.22519999999999996,5.490000000000001,1.06,,per 100g,2026-07-01T04:14:08.471742Z,2026-07-01T04:14:08.471742Z,8,0.6522,,menjangan daging dendeng,,not_matched,,,not_matched,,,not_matched,,,not_matched,,,not_matched,,,not_matched,
tkpi_0780,"Punai, daging, goreng","punai, daging, goreng",TKPI,https://www.panganku.org/id-ID/view,Daging,daging,54.5,224.0,26.2,11.3,4.4,0.022,3.6,362.0,362.0,3.1,2.0,19.0,0.3,1.6,125.24326,138.81758,403.3464,,0.23139999999999994,0.2519999999999999,2.484,0.1,,per 100g,2026-07-01T04:14:08.471742Z,2026-07-01T04:14:08.471742Z,10,0.5652,,punai daging,,not_matched,,,not_matched,,,not_matched,,,not_matched,,,not_matched,,,not_matched,
tkpi_0781,"Rusa, daging, dendeng, mentah","rusa, daging, dendeng, mentah",TKPI,https://www.panganku.org/id-ID/view,Daging,daging,18.3,536.0,40.5,41.5,0.0,3.7060000000000004,2.5,90.0,420.0,13.4,130.0,690.0,0.3,10.7,285.0,109.81524000000002,396.11743999999993,,0.47920000000000007,1.1396000000000004,0.2,16.22,,per 100g,2026-07-01T04:14:08.471742Z,2026-07-01T04:14:08.471742Z,8,0.6522,,rusa daging dendeng,,not_matched,,,not_matched,,,not_matched,,,not_matched,,,not_matched,,,not_matched,
tkpi_0782,"Sapi, abon","sapi, abon",TKPI,https://www.panganku.org/id-ID/view,Daging,daging,7.1,212.0,18.0,10.6,59.3,7.5,4.7,150.0,209.0,12.3,123.77268,373.04356,1.42346,3.327999999999999,0.0,240.0,138.0,,0.17,0.22579999999999995,3.0500000000000007,0.0,,per 100g,2026-07-01T04:14:08.471742Z,2026-07-01T04:14:08.471742Z,8,0.6522,,sapi abon,,not_matched,,,not_matched,,,not_matched,,,not_matched,,,not_matched,,,not_matched,
tkpi_0783,"Sapi, abon, asli","sapi, abon, asli",TKPI,https://www.panganku.org/id-ID/view,Daging,daging,24.8,358.0,14.6,16.1,38.6,2.5,5.8,165.0,136.0,14.6,75.56866000000002,244.87483999999998,0.605,2.7799999999999994,3.0,194.0,144.0,,0.13,0.20939999999999998,1.7720000000000005,0.0,,per 100g,2026-07-01T04:14:08.471742Z,2026-07-01T04:14:08.471742Z,8,0.6522,,sapi abon asli,,not_matched,,,not_matched,,,not_matched,,,not_matched,,,not_matched,,,not_matched,
tkpi_0784,"Sapi, daging, asap","sapi, daging, asap",TKPI,https://www.panganku.org/id-ID/view,Daging,daging,60.0,182.0,32.0,6.0,0.0,0.0,2.0,15.0,300.0,5.0,1.62,485.4,0.03,5.1,6.0,236.50906000000003,269.14,,0.12,0.23,5.9,0.0,,per 100g,2026-07-01T04:14:08.471742Z,2026-07-01T04:14:08.471742Z,4,0.8261,,sapi daging asap,,not_matched,,,not_matched,,,not_matched,,,not_matched,,,not_matched,,,not_matched,
tkpi_0785,"Sapi, daging, dendeng, mentah","sapi, daging, dendeng, mentah",TKPI,https://www.panganku.org/id-ID/view,Daging,daging,25.0,301.0,55.0,9.0,0.0,0.012,11.0,30.0,370.0,5.1,372.99984000000006,268.20637999999997,0.54586,3.036,0.0,27.248,44.317919999999994,,0.1,0.1972,4.24,0.0,,per 100g,2026-07-01T04:14:08.471742Z,2026-07-01T04:14:08.471742Z,11,0.5217,,sapi daging dendeng,,not_matched,,,not_matched,,,not_matched,,,not_matched,,,not_matched,,,not_matched,
tkpi_0786,"Sapi, daging, kornet","sapi, daging, kornet",TKPI,https://www.panganku.org/id-ID/view,Daging,daging,53.0,289.0,16.0,25.0,0.0,0.0,6.0,10.0,170.0,4.0,794.0,94.4,0.07,4.0,0.0,52.0,57.965599999999995,,0.01,0.16,2.7,0.0,,per 100g,2026-07-01T04:14:08.471742Z,2026-07-01T04:14:08.471742Z,3,0.8696,,sapi daging kornet,,not_matched,,,not_matched,,,not_matched,,,not_matched,,,not_matched,,,not_matched,
tkpi_0787,"Sapi, daging, sosis (Worst)","sapi, daging, sosis (worst)",TKPI,https://www.panganku.org/id-ID/view,Daging,daging,37.6,448.0,14.5,42.3,2.3,0.126,3.3,28.0,61.0,1.1,765.0,284.5,0.06,1.7,0.0,433.12,432.84,,0.1,0.18,4.9,0.0,,per 100g,2026-07-01T04:14:08.471742Z,2026-07-01T04:14:08.471742Z,5,0.7826,,sapi daging sosis worst,,not_matched,,,not_matched,,,not_matched,,,not_matched,,,not_matched,,,not_matched,
tkpi_0788,"Sapi, hati, sosis (liverworst)","sapi, hati, sosis (liverworst)",TKPI,https://www.panganku.org/id-ID/view,Daging,daging,56.6,274.0,16.0,22.0,3.0,2.3,2.4,20.0,150.0,4.0,654.0,158.8,0.22,2.2,1.201,70.25399999999999,49.32003999999999,,0.2,0.96,4.0,0.0,,per 100g,2026-07-01T04:14:08.471742Z,2026-07-01T04:14:08.471742Z,4,0.8261,,sapi hati sosis liverworst,,not_matched,,,not_matched,,,not_matched,,,not_matched,,,not_matched,,,not_matched,
tkpi_0789,"Sapi, paru, dendeng, mentah","sapi, paru, dendeng, mentah",TKPI,https://www.panganku.org/id-ID/view,Daging,daging,9.7,360.0,57.3,6.0,19.2,22.862,7.8,126.0,903.0,21.1,1.483,864.0,1.2,6.1,2.827,85.59895999999999,161.23056,,0.48419999999999996,0.9306,27.453999999999994,67.26,,per 100g,2026-07-01T04:14:08.471742Z,2026-07-01T04:14:08.471742Z,9,0.6087,,sapi paru dendeng,,not_matched,,,not_matched,,,not_matched,,,not_matched,,,not_matched,,,not_matched,
tkpi_0790,"Sapi, paru, goreng","sapi, paru, goreng",TKPI,https://www.panganku.org/id-ID/view,Daging,daging,45.5,268.0,23.9,12.7,14.5,11.45,3.1,102.0,315.0,8.8,923.0,299.0,0.0,1.5,790.0,143.89918,228.06327999999996,,0.595,0.7888000000000003,6.047999999999999,38.66,,per 100g,2026-07-01T04:14:08.471742Z,2026-07-01T04:14:08.471742Z,9,0.6087,,sapi paru,,not_matched,,,not_matched,,,not_matched,,,not_matched,,,not_matched,,,not_matched,
tkpi_0791,"Ulat sagu, panggang","ulat sagu, panggang",TKPI,https://www.panganku.org/id-ID/view,Daging,daging,41.3,380.0,11.9,30.3,14.9,4.8,1.6,30.0,120.0,1.5,260.0,550.0,3.1,14.2,220.57599999999994,0.0,162.67528000000001,,0.5,2.5,0.1,34.0,,per 100g,2026-07-01T04:14:08.471742Z,2026-07-01T04:14:08.471742Z,5,0.7826,,ulat sagu,,not_matched,,,not_matched,,,not_matched,,,not_matched,,,not_matched,,,not_matched,
tkpi_0792,"Ayam goreng church texas, dada","ayam goreng church texas, dada",TKPI,https://www.panganku.org/id-ID/view,Daging,daging,42.2,338.0,35.2,20.6,0.4,0.0,1.5,79.0,221.0,5.6,800.0,369.5,0.16,1.1,16.0,42.32,80.0,,0.52,0.16,12.1,0.0,,per 100g,2026-07-01T04:14:08.471742Z,2026-07-01T04:14:08.471742Z,3,0.8696,,ayam church texas dada,,not_matched,,,not_matched,,,not_matched,,,not_matched,,,not_matched,,,not_matched,
tkpi_0793,"Ayam goreng church,texas paha","ayam goreng church,texas paha",TKPI,https://www.panganku.org/id-ID/view,Daging,daging,50.3,287.0,31.0,15.7,1.7,0.0,1.3,99.0,176.0,4.1,723.0,257.0,0.17,1.5,22.0,41.26,30.0,,0.66,0.2,5.3,0.0,,per 100g,2026-07-01T04:14:08.471742Z,2026-07-01T04:14:08.471742Z,3,0.8696,,ayam church texas paha,,not_matched,,,not_matched,,,not_matched,,,not_matched,,,not_matched,,,not_matched,
tkpi_0794,"Ayam goreng church texas, sayap","ayam goreng church texas, sayap",TKPI,https://www.panganku.org/id-ID/view,Daging,daging,47.2,295.0,34.0,16.0,1.5,0.0,1.3,81.0,179.0,3.0,771.0,237.2,0.16,1.2,13.0,57.94,50.0,,0.44,0.13,6.2,0.0,,per 100g,2026-07-01T04:14:08.471742Z,2026-07-01T04:14:08.471742Z,3,0.8696,,ayam church texas sayap,,not_matched,,,not_matched,,,not_matched,,,not_matched,,,not_matched,,,not_matched,
tkpi_0795,"Ayam goreng kalasan, paha","ayam goreng kalasan, paha",TKPI,https://www.panganku.org/id-ID/view,Daging,daging,46.2,275.0,37.4,12.2,1.3,0.0,2.9,116.0,237.0,5.8,176.0,321.9,0.16,1.5,10.0,0.0,50.0,,0.1,0.16499999999999992,1.6599999999999997,0.0,,per 100g,2026-07-01T04:14:08.471742Z,2026-07-01T04:14:08.471742Z,4,0.8261,,ayam kalasan paha,,not_matched,,,not_matched,,,not_matched,,,not_matched,,,not_matched,,,not_matched,
tkpi_0796,"Ayam goreng kentucky, dada","ayam goreng kentucky, dada",TKPI,https://www.panganku.org/id-ID/view,Daging,daging,46.5,298.0,34.2,16.8,0.1,0.0,2.5,90.0,284.0,5.5,741.0,342.0,0.07,1.0,36.0,65.94906,50.0,,0.19,0.0,0.0,0.0,,per 100g,2026-07-01T04:14:08.471742Z,2026-07-01T04:14:08.471742Z,3,0.8696,,ayam kentucky dada,,not_matched,,,not_matched,,,not_matched,,,not_matched,,,not_matched,,,not_matched,
tkpi_0797,"Ayam goreng Kentucky, paha","ayam goreng kentucky, paha",TKPI,https://www.panganku.org/id-ID/view,Daging,daging,48.7,286.0,32.1,16.1,1.1,0.0,2.0,89.0,248.0,6.9,746.0,265.2,0.09,2.3,31.0,40.778980000000004,20.0,,0.5,0.21,5.5,0.0,,per 100g,2026-07-01T04:14:08.471742Z,2026-07-01T04:14:08.471742Z,3,0.8696,,ayam kentucky paha,,not_matched,,,not_matched,,,not_matched,,,not_matched,,,not_matched,,,not_matched,
tkpi_0798,"Ayam  goreng Kentucky,sayap","ayam goreng kentucky,sayap",TKPI,https://www.panganku.org/id-ID/view,Daging,daging,44.7,297.0,35.9,15.2,1.6,0.0,2.6,103.0,227.0,4.4,807.0,248.4,0.06,1.4,22.0,36.23346,70.0,,0.73,0.14,6.5,0.0,,per 100g,2026-07-01T04:14:08.471742Z,2026-07-01T04:14:08.471742Z,3,0.8696,,ayam kentucky sayap,,not_matched,,,not_matched,,,not_matched,,,not_matched,,,not_matched,,,not_matched,
tkpi_0799,Ayam goreng mbok berek dada,ayam goreng mbok berek dada,TKPI,https://www.panganku.org/id-ID/view,Daging,daging,43.4,295.0,39.2,13.6,1.0,0.0,2.8,114.0,278.0,5.4,104.16405999999999,287.142,0.46866,2.0420000000000003,8.0,47.82,50.0,,0.19,0.1638,1.4359999999999997,0.0,,per 100g,2026-07-01T04:14:08.471742Z,2026-07-01T04:14:08.471742Z,9,0.6087,,ayam mbok berek dada,,not_matched,,,not_matched,,,not_matched,,,not_matched,,,not_matched,,,not_matched,
tkpi_0800,"Ayam goreng pasundan, dada","ayam goreng pasundan, dada",TKPI,https://www.panganku.org/id-ID/view,Daging,daging,50.1,246.0,37.9,9.0,0.7,0.0,2.3,90.0,260.0,7.5,144.74734,261.61799999999994,0.5459200000000001,2.1439999999999997,6.0,19.42,70.0,,0.16,0.20439999999999994,0.0,0.0,,per 100g,2026-07-01T04:14:08.471742Z,2026-07-01T04:14:08.471742Z,9,0.6087,,ayam pasundan dada,,not_matched,,,not_matched,,,not_matched,,,not_matched,,,not_matched,,,not_matched,
tkpi_0801,"Ayam goreng pasundan, paha","ayam goreng pasundan, paha",TKPI,https://www.panganku.org/id-ID/view,Daging,daging,52.8,245.0,33.1,11.4,0.3,0.0,2.5,90.0,283.0,7.3,148.46144,264.36812000000003,0.59646,2.3259999999999996,8.0,15.663400000000001,40.0,,0.37,0.24699999999999997,0.0,0.08,,per 100g,2026-07-01T04:14:08.471742Z,2026-07-01T04:14:08.471742Z,9,0.6087,,ayam pasundan paha,,not_matched,,,not_matched,,,not_matched,,,not_matched,,,not_matched,,,not_matched,
tkpi_0802,"Ayam goreng pioneer, dada","ayam goreng pioneer, dada",TKPI,https://www.panganku.org/id-ID/view,Daging,daging,44.5,295.0,37.4,14.7,0.6,0.0,2.7,108.0,236.0,6.8,464.6,281.25460000000004,0.51712,2.1300000000000003,16.0,19.1,80.0,,0.1,0.22399999999999995,0.0,0.08,,per 100g,2026-07-01T04:14:08.471742Z,2026-07-01T04:14:08.471742Z,9,0.6087,,ayam pioneer dada,,not_matched,,,not_matched,,,not_matched,,,not_matched,,,not_matched,,,not_matched,
tkpi_0803,"Ayam goreng sukabumi, dada","ayam goreng sukabumi, dada",TKPI,https://www.panganku.org/id-ID/view,Daging,daging,49.8,244.0,36.7,9.2,1.0,0.0,3.4,81.0,154.0,6.1,540.74,300.12120000000004,0.34259999999999996,1.8159999999999998,20.0,24.98,80.0,,0.66,0.21479999999999996,0.0,0.08,,per 100g,2026-07-01T04:14:08.471742Z,2026-07-01T04:14:08.471742Z,9,0.6087,,ayam sukabumi dada,,not_matched,,,not_matched,,,not_matched,,,not_matched,,,not_matched,,,not_matched,
tkpi_0804,"Ayam goreng sukabumi, paha","ayam goreng sukabumi, paha",TKPI,https://www.panganku.org/id-ID/view,Daging,daging,46.0,283.0,35.7,14.3,0.5,0.0,3.6,68.0,106.0,5.4,181.0,294.4118399999999,0.2842,1.756,11.0,17.06914,60.0,,0.36,0.16519999999999996,0.0,0.08,,per 100g,2026-07-01T04:14:08.471742Z,2026-07-01T04:14:08.471742Z,9,0.6087,,ayam sukabumi paha,,not_matched,,,not_matched,,,not_matched,,,not_matched,,,not_matched,,,not_matched,
tkpi_0805,"Ayam taliwang, masakan","ayam taliwang, masakan",TKPI,https://www.panganku.org/id-ID/view,Daging,daging,57.5,264.0,18.2,20.1,2.7,0.6680000000000001,1.5,94.0,164.0,2.0,507.0,408.0,0.4,12.3,1.067,28.522100000000005,51.72348,,0.2703999999999999,1.0704000000000002,2.514,13.68,,per 100g,2026-07-01T04:14:08.471742Z,2026-07-01T04:14:08.471742Z,9,0.6087,,ayam taliwang masakan,,not_matched,,,not_matched,,,not_matched,,,not_matched,,,not_matched,,,not_matched,
tkpi_0806,"Babi hutan masak rica, masakan","babi hutan masak rica, masakan",TKPI,https://www.panganku.org/id-ID/view,Daging,daging,56.2,491.0,24.6,16.3,0.2,0.006000000000000001,2.7,18.0,144.0,1.2,1.415,327.0,0.2,2.6,2.193,199.1,233.82,,0.61,0.47,3.494,0.0,,per 100g,2026-07-01T04:14:08.471742Z,2026-07-01T04:14:08.471742Z,6,0.7391,,babi hutan rica masakan,,not_matched,,,not_matched,,,not_matched,,,not_matched,,,not_matched,,,not_matched,
tkpi_0807,Beef burger,beef burger,TKPI,https://www.panganku.org/id-ID/view,Daging,daging,45.5,258.0,10.6,9.5,32.5,0.4,2.2,210.0,157.0,2.6,572.0,189.1,0.34199999999999986,1.71,218.0,5.935759999999999,7.58,,0.95,0.3029999999999999,1.4460000000000006,0.0,,per 100g,2026-07-01T04:14:08.471742Z,2026-07-01T04:14:08.471742Z,7,0.6957,,beef burger,,not_matched,,,not_matched,,,not_matched,,,not_matched,,,not_matched,,,not_matched,
tkpi_0808,"Beef teriyaki, masakan","beef teriyaki, masakan",TKPI,https://www.panganku.org/id-ID/view,Daging,daging,65.1,151.0,8.6,3.1,22.3,0.3,0.9,142.0,62.0,2.3,377.0,196.22124,0.22819999999999996,1.2459999999999998,22.0,180.08,400.0,,0.53,0.11819999999999994,1.0360000000000007,0.0,,per 100g,2026-07-01T04:14:08.471742Z,2026-07-01T04:14:08.471742Z,8,0.6522,Daging sapi bumbu teriyaki (rasa manis).,beef teriyaki masakan,20.276785714285715,USDA_category_mean,0.3851,0.2981849315068493,USDA_category_mean,0.3851,4.425709580838323,USDA_category_mean,0.3851,96.79701492537312,USDA_category_mean,0.3851,0.4316189024390244,USDA_category_mean,0.3851,0.979756838905775,USDA_category_mean,0.3851
tkpi_0809,"Beef yakiniku, masakan","beef yakiniku, masakan",TKPI,https://www.panganku.org/id-ID/view,Daging,daging,67.7,132.0,9.8,1.1,20.7,0.3,0.8,302.0,67.0,2.0,409.0,169.73557999999997,1.0952000000000002,3.4260000000000006,78.0,367.19910000000004,700.0,,0.62,0.22039999999999987,1.5060000000000004,0.0,,per 100g,2026-07-01T04:14:08.471742Z,2026-07-01T04:14:08.471742Z,8,0.6522,Daging sapi panggang (rasa gurih),beef yakiniku masakan,,not_matched,,,not_matched,,,not_matched,,,not_matched,,,not_matched,,,not_matched,
tkpi_0810,Brongkos,brongkos,TKPI,https://www.panganku.org/id-ID/view,Daging,daging,76.4,141.0,15.3,3.3,12.6,1.0,2.4,87.0,97.0,5.1,115.09544000000001,279.0457,0.32380000000000003,1.1480000000000001,4.0,175.67523999999997,356.0,,0.4,0.10679999999999998,1.4480000000000004,0.0,,per 100g,2026-07-01T04:14:08.471742Z,2026-07-01T04:14:08.471742Z,9,0.6087,Masakan daging sapi berkuah hitam yang berasal dari kluwek dan ditambah santan,brongkos,,not_matched,,,not_matched,,,not_matched,,,not_matched,,,not_matched,,,not_matched,
tkpi_0811,"Bulgogi, masakan","bulgogi, masakan",TKPI,https://www.panganku.org/id-ID/view,Daging,daging,84.2,72.0,11.4,4.9,1.4,1.7,0.7,214.0,86.0,2.5,509.0,159.93178,0.21599999999999994,1.4380000000000002,17.0,442.88,650.20332,,1.08,0.30739999999999995,3.2779999999999996,0.0,,per 100g,2026-07-01T04:14:08.471742Z,2026-07-01T04:14:08.471742Z,9,0.6087,Daging sapi (sirloin) ditambah kecap asin dan gula.,bulgogi masakan,,not_matched,,,not_matched,,,not_matched,,,not_matched,,,not_matched,,,not_matched,
tkpi_0812,"Chicken teriyaki, masakan","chicken teriyaki, masakan",TKPI,https://www.panganku.org/id-ID/view,Daging,daging,68.2,168.0,13.0,9.6,7.5,0.8,1.7,137.0,106.0,3.1,959.0,266.12464,0.32819999999999994,1.4139999999999995,68.0,33.884,2.2,,0.65,0.3049999999999999,3.836,0.0,,per 100g,2026-07-01T04:14:08.471742Z,2026-07-01T04:14:08.471742Z,8,0.6522,Daging ayam bumbu teriyaki (rasa lebih manis).,chicken teriyaki masakan,20.276785714285715,USDA_category_mean,0.3677,0.2981849315068493,USDA_category_mean,0.3677,4.425709580838323,USDA_category_mean,0.3677,96.79701492537312,USDA_category_mean,0.3677,0.4316189024390244,USDA_category_mean,0.3677,0.979756838905775,USDA_category_mean,0.3677
tkpi_0813,"Chikiniku, masakan","chikiniku, masakan",TKPI,https://www.panganku.org/id-ID/view,Daging,daging,65.4,143.0,9.8,1.4,22.8,0.4,0.6,301.0,63.0,2.0,531.0,258.2224,0.2995999999999999,0.9960000000000001,27.0,1.1471999999999998,1.28,,0.73,0.13879999999999995,1.8840000000000006,0.0,,per 100g,2026-07-01T04:14:08.471742Z,2026-07-01T04:14:08.471742Z,8,0.6522,,chikiniku masakan,,not_matched,,,not_matched,,,not_matched,,,not_matched,,,not_matched,,,not_matched,
tkpi_0814,"Coto mangkasara, kuda, masakan","coto mangkasara, kuda, masakan",TKPI,https://www.panganku.org/id-ID/view,Daging,daging,83.5,96.0,6.8,5.9,3.8,0.7340000000000001,0.9,11.0,106.0,2.3,96.0,31.0,0.1,1.0,6.89066,25.183980000000002,24.09828,,0.23,0.14,4.2,4.16,,per 100g,2026-07-01T04:14:08.471742Z,2026-07-01T04:14:08.471742Z,7,0.6957,,coto mangkasara kuda masakan,,not_matched,,,not_matched,,,not_matched,,,not_matched,,,not_matched,,,not_matched,
tkpi_0815,"Coto mangkasara, sapi, masakan","coto mangkasara, sapi, masakan",TKPI,https://www.panganku.org/id-ID/view,Daging,daging,85.9,84.0,6.0,6.0,1.4,0.9280000000000002,0.7,8.0,104.0,4.0,90.0,25.0,0.3,0.6,292.98,376.47051999999996,655.5864,,0.16,0.14,10.3,8.52,,per 100g,2026-07-01T04:14:08.471742Z,2026-07-01T04:14:08.471742Z,7,0.6957,,coto mangkasara sapi masakan,,not_matched,,,not_matched,,,not_matched,,,not_matched,,,not_matched,,,not_matched,
tkpi_0816,"Djibokum, masakan","djibokum, masakan",TKPI,https://www.panganku.org/id-ID/view,Daging,daging,43.4,248.0,10.0,2.3,40.9,0.1,3.4,116.0,110.0,2.8,401.0,236.65873999999997,0.44500000000000006,1.3919999999999997,52.0,0.5287999999999999,1.92,,0.75,0.1704,1.2600000000000002,0.0,,per 100g,2026-07-01T04:14:08.471742Z,2026-07-01T04:14:08.471742Z,8,0.6522,Ji-Bo-Kum. Gurita/seafood goreng pedas dengan sayuran.,djibokum masakan,,not_matched,,,not_matched,,,not_matched,,,not_matched,,,not_matched,,,not_matched,
tkpi_0817,"Empal (daging) Goreng, masakan","empal (daging) goreng, masakan",TKPI,https://www.panganku.org/id-ID/view,Daging,daging,43.9,248.0,36.2,6.9,10.1,1.054,2.0,131.0,235.0,6.4,848.0,198.63434,0.5644600000000001,2.1960000000000006,112.0,347.28,620.0,,0.55,0.36939999999999995,7.933999999999998,0.0,,per 100g,2026-07-01T04:14:08.471742Z,2026-07-01T04:14:08.471742Z,9,0.6087,,empal daging masakan,,not_matched,,,not_matched,,,not_matched,,,not_matched,,,not_matched,,,not_matched,
tkpi_0818,Gulai kambing,gulai kambing,TKPI,https://www.panganku.org/id-ID/view,Daging,daging,78.4,126.0,4.2,9.4,6.2,1.3460000000000003,1.8,45.0,73.0,1.3,302.0,138.0,0.2,1.1,151.0,112.79665999999999,239.6044,,0.13,0.01,0.66,3.32,,per 100g,2026-07-01T04:14:08.471742Z,2026-07-01T04:14:08.471742Z,7,0.6957,,gulai kambing,,not_matched,,,not_matched,,,not_matched,,,not_matched,,,not_matched,,,not_matched,
tkpi_0819,"Jangang bintatoeng, masakan","jangang bintatoeng, masakan",TKPI,https://www.panganku.org/id-ID/view,Daging,daging,73.6,107.0,5.3,2.2,16.5,4.384,2.4,64.0,61.0,2.5,482.0,406.0,0.2,0.8,90.12938,24.81482,61.603699999999996,,0.18,0.02,3.4,15.46,,per 100g,2026-07-01T04:14:08.471742Z,2026-07-01T04:14:08.471742Z,7,0.6957,Masakan ayam dengan kacang hitam,jangang bintatoeng masakan,,not_matched,,,not_matched,,,not_matched,,,not_matched,,,not_matched,,,not_matched,
tkpi_0820,"Kalio ayam, masakan","kalio ayam, masakan",TKPI,https://www.panganku.org/id-ID/view,Daging,daging,64.7,203.0,16.0,13.5,4.4,0.08800000000000001,1.4,278.0,177.0,4.2,534.0,205.13996000000003,0.49526000000000003,1.8099999999999996,105.0,5.293380000000001,3.78,,0.35,0.3102,2.508,0.0,,per 100g,2026-07-01T04:14:08.471742Z,2026-07-01T04:14:08.471742Z,9,0.6087,,kalio ayam masakan,,not_matched,,,not_matched,,,not_matched,,,not_matched,,,not_matched,,,not_matched,
tkpi_0821,"Kalio jeroan, masakan","kalio jeroan, masakan",TKPI,https://www.panganku.org/id-ID/view,Daging,daging,68.9,163.0,16.5,9.0,4.1,0.08,1.5,102.0,268.0,7.1,570.0,250.29800000000003,0.3626,1.452,298.0,15.761820000000002,1.96,,0.7,0.24139999999999995,2.5840000000000005,0.0,,per 100g,2026-07-01T04:14:08.471742Z,2026-07-01T04:14:08.471742Z,9,0.6087,,kalio jeroan masakan,,not_matched,,,not_matched,,,not_matched,,,not_matched,,,not_matched,,,not_matched,
tkpi_0822,"Kalio kikil (tunjang), masakan","kalio kikil (tunjang), masakan",TKPI,https://www.panganku.org/id-ID/view,Daging,daging,75.3,122.0,13.8,5.7,3.9,0.07400000000000001,1.3,154.0,59.0,3.4,519.0,229.04064,0.3227999999999999,1.1179999999999999,36.0,4.03088,1.44,,0.38,0.10899999999999999,1.7180000000000002,0.0,,per 100g,2026-07-01T04:14:08.471742Z,2026-07-01T04:14:08.471742Z,9,0.6087,,kalio kikil tunjang masakan,,not_matched,,,not_matched,,,not_matched,,,not_matched,,,not_matched,,,not_matched,
tkpi_0823,"Kalio otak, masakan","kalio otak, masakan",TKPI,https://www.panganku.org/id-ID/view,Daging,daging,70.3,157.0,8.1,8.8,11.4,1.2679999999999998,1.4,212.0,69.0,3.3,604.0,272.19314,0.3238,1.1420000000000001,32.0,2.30198,1.04,,0.45,0.15100000000000005,1.3079999999999998,0.0,,per 100g,2026-07-01T04:14:08.471742Z,2026-07-01T04:14:08.471742Z,9,0.6087,,kalio otak masakan,,not_matched,,,not_matched,,,not_matched,,,not_matched,,,not_matched,,,not_matched,
tkpi_0824,"Lawar babi, masakan","lawar babi, masakan",TKPI,https://www.panganku.org/id-ID/view,Daging,daging,68.8,174.0,17.0,10.0,3.0,0.0,1.2,61.0,141.0,3.0,159.43995999999999,239.47595999999993,2.3537999999999992,0.0,34.14934,0.0,19.042540000000002,,0.1,0.5706,0.0,0.12,,per 100g,2026-07-01T04:14:08.471742Z,2026-07-01T04:14:08.471742Z,9,0.6087,Seperti urap. Daging babi dicampur dengan kelapa parut yang sudah berbumbu.,lawar babi masakan,,not_matched,,,not_matched,,,not_matched,,,not_matched,,,not_matched,,,not_matched,
tkpi_0825,"Lawar penyu, masakan","lawar penyu, masakan",TKPI,https://www.panganku.org/id-ID/view,Daging,daging,66.3,141.0,23.0,1.5,7.6,0.0,1.6,69.0,141.0,6.0,174.89996,254.31715999999994,2.3721999999999994,0.0,41.69914,0.0,45.68288,,0.1,0.5707999999999999,0.0,0.64,,per 100g,2026-07-01T04:14:08.471742Z,2026-07-01T04:14:08.471742Z,9,0.6087,Seperti urap. Daging penyu dicampur dengan kelapa parut yang sudah berbumbu.,lawar penyu masakan,,not_matched,,,not_matched,,,not_matched,,,not_matched,,,not_matched,,,not_matched,
tkpi_0826,"Lawara jangang, masakan","lawara jangang, masakan",TKPI,https://www.panganku.org/id-ID/view,Daging,daging,72.4,159.0,5.0,10.9,10.1,5.544,1.6,57.0,107.0,1.5,400.0,2.368,0.1,1.0,14.0,538.68324,613.28,,0.25,0.16,2.1839999999999997,11.9,,per 100g,2026-07-01T04:14:08.471742Z,2026-07-01T04:14:08.471742Z,7,0.6957,,lawara jangang masakan,,not_matched,,,not_matched,,,not_matched,,,not_matched,,,not_matched,,,not_matched,
tkpi_0827,"Naan maran sapi, masakan","naan maran sapi, masakan",TKPI,https://www.panganku.org/id-ID/view,Daging,daging,14.8,478.0,38.3,33.9,5.1,0.6439999999999999,7.9,30.0,390.0,11.8,220.0,320.0,0.6,3.9,33.0,31.12,62.9802,,0.3942,0.34379999999999994,0.2,0.16,,per 100g,2026-07-01T04:14:08.471742Z,2026-07-01T04:14:08.471742Z,8,0.6522,,naan maran sapi masakan,,not_matched,,,not_matched,,,not_matched,,,not_matched,,,not_matched,,,not_matched,
tkpi_0828,"Nasu likku, masakan","nasu likku, masakan",TKPI,https://www.panganku.org/id-ID/view,Daging,daging,59.0,196.0,14.5,8.3,15.9,1.8000000000000003,2.3,69.0,157.0,1.0,386.0,470.0,0.3,2.0,51.9724,0.7099799999999999,7.166259999999999,,0.2,0.24,1.5,0.92,,per 100g,2026-07-01T04:14:08.471742Z,2026-07-01T04:14:08.471742Z,7,0.6957,"Ayam dengan irisan lengkuas yang halus, irisan serai yang halus (1/2 kg ayam dan 1/2 kg lengkuas dan serai). Dimasak dalam santan",nasu likku masakan,,not_matched,,,not_matched,,,not_matched,,,not_matched,,,not_matched,,,not_matched,
tkpi_0829,"Oramu ninahu ndawa olaho, masakan","oramu ninahu ndawa olaho, masakan",TKPI,https://www.panganku.org/id-ID/view,Daging,daging,74.9,117.0,13.7,5.0,4.3,1.0099999999999998,0.1,964.0,804.0,2.0,133.92394000000002,727.0,0.3,1.5,4.095,187.98,201.64854,,0.77,0.04,1.7,19.88,,per 100g,2026-07-01T04:14:08.471742Z,2026-07-01T04:14:08.471742Z,7,0.6957,Sup iga dengan daun kedondong,oramu ninahu ndawa olaho masakan,,not_matched,,,not_matched,,,not_matched,,,not_matched,,,not_matched,,,not_matched,
tkpi_0830,"Paniki masak santan, masakan","paniki masak santan, masakan",TKPI,https://www.panganku.org/id-ID/view,Daging,daging,25.4,460.0,28.5,35.2,7.2,9.194,3.7,188.0,357.0,5.5,2.002,532.0,0.4,2.5,954.0,104.89668,586.08,,0.27,0.19,2.688,14.2,,per 100g,2026-07-01T04:14:08.471742Z,2026-07-01T04:14:08.471742Z,7,0.6957,Masakan kelelawar dimasak didalam  santan,paniki santan masakan,,not_matched,,,not_matched,,,not_matched,,,not_matched,,,not_matched,,,not_matched,
tkpi_0831,"Pelolah manuk, masakan","pelolah manuk, masakan",TKPI,https://www.panganku.org/id-ID/view,Daging,daging,60.0,219.0,19.7,13.6,4.4,0.11599999999999999,2.3,33.0,160.0,1.6,577.0,302.4560000000001,0.3167999999999998,1.5720000000000005,137.0,4.7288,1.94,,0.42,0.25,2.784,0.0,,per 100g,2026-07-01T04:14:08.471742Z,2026-07-01T04:14:08.471742Z,9,0.6087,"Masakan ayam: Ayam dimasak dengan bumbu (bwang merah + bawang putih, cabe merah  dan terasi yang digiling halus dan santan)",pelolah manuk masakan,,not_matched,,,not_matched,,,not_matched,,,not_matched,,,not_matched,,,not_matched,
tkpi_0832,"Rawon, masakan","rawon, masakan",TKPI,https://www.panganku.org/id-ID/view,Daging,daging,86.0,60.0,5.4,2.5,4.0,0.662,2.1,272.0,153.0,3.3,129.78511999999998,210.95924000000002,0.25239999999999985,1.0699999999999996,10.0,12.05114,1.235,,0.09,0.17699999999999994,1.8960000000000001,0.0,,per 100g,2026-07-01T04:14:08.471742Z,2026-07-01T04:14:08.471742Z,10,0.5652,Masakan daging sapi berkuah hitam yang berasal dari kluwek,rawon masakan,,not_matched,,,not_matched,,,not_matched,,,not_matched,,,not_matched,,,not_matched,
tkpi_0833,"Rendang sapi, masakan","rendang sapi, masakan",TKPI,https://www.panganku.org/id-ID/view,Daging,daging,57.9,193.0,22.6,7.9,7.8,0.0,3.8,474.0,211.0,14.9,264.47208,167.75846,0.6358,2.9580000000000006,21.0,403.66,534.0,,0.12,0.24200000000000002,0.0,0.38,,per 100g,2026-07-01T04:14:08.471742Z,2026-07-01T04:14:08.471742Z,9,0.6087,,rendang sapi masakan,,not_matched,,,not_matched,,,not_matched,,,not_matched,,,not_matched,,,not_matched,
tkpi_0834,"RW, anjing, masakan","rw, anjing, masakan",TKPI,https://www.panganku.org/id-ID/view,Daging,daging,60.8,198.0,24.6,10.7,0.9,0.5680000000000001,3.0,1.071,876.0,4.0,1.604,226.0,0.1,2.8,256.0,293.75885999999997,470.34,,0.35,0.2,10.614000000000003,1.88,,per 100g,2026-07-01T04:14:08.471742Z,2026-07-01T04:14:08.471742Z,7,0.6957,Masakan daging anjing,anjing masakan,,not_matched,,,not_matched,,,not_matched,,,not_matched,,,not_matched,,,not_matched,
tkpi_0835,"Sate, penyu, masakan","sate, penyu, masakan",TKPI,https://www.panganku.org/id-ID/view,Daging,daging,57.4,179.0,22.5,3.5,13.3,0.0,3.3,187.0,238.0,14.4,153.33996,251.07783999999992,2.4787999999999997,0.0,33.90858,0.0,18.38932,,0.1,0.6345999999999998,0.0,0.26,,per 100g,2026-07-01T04:14:08.471742Z,2026-07-01T04:14:08.471742Z,9,0.6087,,sate penyu masakan,,not_matched,,,not_matched,,,not_matched,,,not_matched,,,not_matched,,,not_matched,
tkpi_0836,"Sate pusut, masakan","sate pusut, masakan",TKPI,https://www.panganku.org/id-ID/view,Daging,daging,52.1,274.0,12.9,18.6,13.6,1.288,2.8,63.0,190.0,2.7,609.0,232.1027,0.2807999999999999,1.4560000000000004,133.0,0.0,88.92240000000001,,0.06,0.23000000000000004,0.0,0.2,,per 100g,2026-07-01T04:14:08.471742Z,2026-07-01T04:14:08.471742Z,9,0.6087,"Daging diling (sapi, babi), kelapa parut diberi bumbu (bawang, cabai, terasi, dan garam) dibentuk bulat panjang (lonjong) ditusuk lalu dibakar.",sate pusut masakan,,not_matched,,,not_matched,,,not_matched,,,not_matched,,,not_matched,,,not_matched,
tkpi_0837,"Penyu, serapah, masakan","penyu, serapah, masakan",TKPI,https://www.panganku.org/id-ID/view,Daging,daging,71.3,174.0,13.1,12.2,2.2,0.0,1.2,72.0,186.0,9.5,91.67422,507.0,0.8,2.4,1.302,3.89148,38.9568,,0.249,0.2973999999999999,2.3320000000000003,1.1,,per 100g,2026-07-01T04:14:08.471742Z,2026-07-01T04:14:08.471742Z,9,0.6087,,penyu serapah masakan,,not_matched,,,not_matched,,,not_matched,,,not_matched,,,not_matched,,,not_matched,
tkpi_0838,"Sie reuboh, masakan","sie reuboh, masakan",TKPI,https://www.panganku.org/id-ID/view,Daging,daging,32.4,474.0,11.2,42.5,11.7,2.0260000000000002,2.2,26.0,62.0,1.3,677.0,176.0,2.4,3.2,141.0,9.0,82.42928,,0.46,0.26,2.3880000000000003,0.18,,per 100g,2026-07-01T04:14:08.471742Z,2026-07-01T04:14:08.471742Z,6,0.7391,Daging Sapi/Kerbau direbus dengan bumbu pedas,sie reuboh masakan,,not_matched,,,not_matched,,,not_matched,,,not_matched,,,not_matched,,,not_matched,
tkpi_0839,"Sop buntut, masakan","sop buntut, masakan",TKPI,https://www.panganku.org/id-ID/view,Daging,daging,86.1,71.0,7.5,3.6,2.2,0.442,0.6,286.0,38.0,3.2,490.0,185.1992,0.31659999999999994,1.148,119.0,13.4013,2.9,,0.14,0.17100000000000004,2.1520000000000006,0.0,,per 100g,2026-07-01T04:14:08.471742Z,2026-07-01T04:14:08.471742Z,9,0.6087,,sop buntut masakan,,not_matched,,,not_matched,,,not_matched,,,not_matched,,,not_matched,,,not_matched,
tkpi_0840,"Sop daging sapi, masakan","sop daging sapi, masakan",TKPI,https://www.panganku.org/id-ID/view,Daging,daging,87.5,49.0,5.8,0.5,5.3,2.502,0.9,158.0,48.0,2.2,391.0,223.84583999999998,0.30079999999999985,1.2719999999999998,101.0,21.847600000000003,3.32,,0.37,0.1548,1.6580000000000004,0.0,,per 100g,2026-07-01T04:14:08.471742Z,2026-07-01T04:14:08.471742Z,9,0.6087,,sop daging sapi masakan,,not_matched,,,not_matched,,,not_matched,,,not_matched,,,not_matched,,,not_matched,
tkpi_0841,"Sop kaki sapi, masakan","sop kaki sapi, masakan",TKPI,https://www.panganku.org/id-ID/view,Daging,daging,84.5,68.0,9.0,1.9,3.7,0.8080000000000003,0.9,302.0,15.0,2.2,435.0,214.99588,1.9086000000000019,2.168,48.0,47.38,150.0,,0.46,0.2507999999999999,1.5859999999999996,0.0,,per 100g,2026-07-01T04:14:08.471742Z,2026-07-01T04:14:08.471742Z,9,0.6087,,sop kaki sapi masakan,,not_matched,,,not_matched,,,not_matched,,,not_matched,,,not_matched,,,not_matched,
tkpi_0842,"Sop kambing, masakan","sop kambing, masakan",TKPI,https://www.panganku.org/id-ID/view,Daging,daging,91.6,34.0,5.5,0.8,1.1,1.2500000000000002,1.0,145.0,37.0,1.6,348.0,250.17600000000002,0.2499999999999999,0.87,48.0,90.28,80.0,,0.57,0.1776,1.8220000000000007,0.0,,per 100g,2026-07-01T04:14:08.471742Z,2026-07-01T04:14:08.471742Z,9,0.6087,,sop kambing masakan,,not_matched,,,not_matched,,,not_matched,,,not_matched,,,not_matched,,,not_matched,
tkpi_0843,"Sop konro, masakan","sop konro, masakan",TKPI,https://www.panganku.org/id-ID/view,Daging,daging,85.0,71.0,7.4,2.6,4.5,0.7460000000000002,0.5,17.0,60.0,4.6,184.0,25.0,0.3,1.3,19.51066,20.171980000000005,35.513380000000005,,0.12,0.02,10.9,0.0,,per 100g,2026-07-01T04:14:08.471742Z,2026-07-01T04:14:08.471742Z,6,0.7391,Bahan dasar terdiri dari iga sapi  bumbu kluwek.,sop konro masakan,,not_matched,,,not_matched,,,not_matched,,,not_matched,,,not_matched,,,not_matched,
tkpi_0844,"Sop saudara, masakan","sop saudara, masakan",TKPI,https://www.panganku.org/id-ID/view,Daging,daging,82.4,89.0,7.2,5.0,3.9,0.23999999999999996,1.5,10.0,174.0,9.0,274.0,50.0,0.2,1.1,93.38,473.84,683.56,,0.09,0.12,2.0,0.0,,per 100g,2026-07-01T04:14:08.471742Z,2026-07-01T04:14:08.471742Z,6,0.7391,Bahan dasar terdiri dari daging sapi tanpa kluwek.,sop saudara masakan,,not_matched,,,not_matched,,,not_matched,,,not_matched,,,not_matched,,,not_matched,
tkpi_0845,"Soto bandung, masakan","soto bandung, masakan",TKPI,https://www.panganku.org/id-ID/view,Daging,daging,89.9,42.0,3.9,1.7,2.8,0.4,1.8,74.0,75.0,1.8,117.30666,217.00999999999996,0.21139999999999992,0.8319999999999997,6.0,20.0,0.0,,0.1184,0.12499999999999999,0.0,0.0,,per 100g,2026-07-01T04:14:08.471742Z,2026-07-01T04:14:08.471742Z,8,0.6522,"Kuah bening. Bahan dasar terdiri dari Daging sapi, lobak, dan kacang kedelai goreng. Biasa ditambahkan kecap manis.",soto bandung masakan,,not_matched,,,not_matched,,,not_matched,,,not_matched,,,not_matched,,,not_matched,
tkpi_0846,"Soto banjar, masakan","soto banjar, masakan",TKPI,https://www.panganku.org/id-ID/view,Daging,daging,83.7,110.0,2.9,9.5,3.2,0.5379999999999999,0.7,28.0,28.0,0.3,36.0,6.0,0.0,0.2,12.0,634.0377000000001,770.0,,0.05,0.20400000000000001,1.4120000000000004,0.0,,per 100g,2026-07-01T04:14:08.471742Z,2026-07-01T04:14:08.471742Z,6,0.7391,"Kuah bening. Bahan dasar terdiri dari Ayam dan rempah-rempah (kayu manis, biji pali dan cengkeh)",soto banjar masakan,,not_matched,,,not_matched,,,not_matched,,,not_matched,,,not_matched,,,not_matched,
tkpi_0847,"Soto betawi, masakan","soto betawi, masakan",TKPI,https://www.panganku.org/id-ID/view,Daging,daging,75.9,135.0,2.5,8.8,11.5,0.5,1.3,222.0,72.0,1.9,148.6366,208.66,0.1066,0.352,6.0,213.39154000000002,336.0,,0.04,0.09140000000000001,0.0,0.0,,per 100g,2026-07-01T04:14:08.471742Z,2026-07-01T04:14:08.471742Z,8,0.6522,Kuah bening/ santan. Bahan dasar terdiri dari daging sapi dan atau jeroan ditambah emping,soto betawi masakan,,not_matched,,,not_matched,,,not_matched,,,not_matched,,,not_matched,,,not_matched,
tkpi_0848,"Soto jeroan, masakan","soto jeroan, masakan",TKPI,https://www.panganku.org/id-ID/view,Daging,daging,81.4,92.0,11.8,4.3,1.4,0.004,1.1,218.0,48.0,1.9,363.0,237.80200000000002,0.17919999999999991,1.0259999999999998,85.0,182.65052,440.0,,0.36,0.13699999999999998,1.0220000000000005,0.0,,per 100g,2026-07-01T04:14:08.471742Z,2026-07-01T04:14:08.471742Z,9,0.6087,,soto jeroan masakan,,not_matched,,,not_matched,,,not_matched,,,not_matched,,,not_matched,,,not_matched,
tkpi_0849,"Soto kudus, masakan","soto kudus, masakan",TKPI,https://www.panganku.org/id-ID/view,Daging,daging,91.6,38.0,2.6,2.3,1.8,0.2,1.7,237.0,67.0,1.7,213.5,251.1343,0.17679999999999993,0.7619999999999998,23.0,90.1,128.0,,0.06,0.11340000000000001,0.5,0.0,,per 100g,2026-07-01T04:14:08.471742Z,2026-07-01T04:14:08.471742Z,8,0.6522,Kuah bening. Bahan dasar terdiri dari ayam dan taoge,soto kudus masakan,,not_matched,,,not_matched,,,not_matched,,,not_matched,,,not_matched,,,not_matched,
tkpi_0850,"Soto madura, masakan","soto madura, masakan",TKPI,https://www.panganku.org/id-ID/view,Daging,daging,89.8,60.0,3.5,4.5,1.3,0.0,0.9,361.0,126.0,3.8,289.38,163.49399999999997,0.2047999999999999,0.858,26.0,87.5,121.0,,0.06,0.19159999999999994,0.0,0.0,,per 100g,2026-07-01T04:14:08.471742Z,2026-07-01T04:14:08.471742Z,8,0.6522,Kuah bening. Bahan dasar : ayam atau daging,soto madura masakan,,not_matched,,,not_matched,,,not_matched,,,not_matched,,,not_matched,,,not_matched,
tkpi_0851,"Soto padang, masakan","soto padang, masakan",TKPI,https://www.panganku.org/id-ID/view,Daging,daging,75.0,127.0,5.9,6.6,11.0,0.7,2.0,298.0,94.0,1.5,208.1336,233.06799999999996,0.17559999999999998,0.8819999999999999,12.0,206.8,204.0,,0.22,0.08719999999999999,0.0,0.0,,per 100g,2026-07-01T04:14:08.471742Z,2026-07-01T04:14:08.471742Z,8,0.6522,"Kuah bening. Bahan dasar terdiri dari daging sapi, bumbu pekak dan kapulaga",soto padang masakan,,not_matched,,,not_matched,,,not_matched,,,not_matched,,,not_matched,,,not_matched,
tkpi_0852,"Soto pekalongan, masakan","soto pekalongan, masakan",TKPI,https://www.panganku.org/id-ID/view,Daging,daging,83.8,94.0,3.0,6.8,5.1,0.3,1.3,322.0,79.0,2.0,412.26,200.18649999999997,0.20499999999999996,1.0160000000000002,14.0,54.64,119.0,,0.29,0.137,0.0,0.0,,per 100g,2026-07-01T04:14:08.471742Z,2026-07-01T04:14:08.471742Z,8,0.6522,Kuah bening. Bahan dasar terdiri dari daging sapi dan tauco,soto pekalongan masakan,,not_matched,,,not_matched,,,not_matched,,,not_matched,,,not_matched,,,not_matched,
tkpi_0853,"Soto pemalang, masakan","soto pemalang, masakan",TKPI,https://www.panganku.org/id-ID/view,Daging,daging,86.0,75.0,3.6,5.2,3.5,0.0,1.7,170.0,80.0,2.1,242.27094,184.6645,0.16139999999999996,0.6659999999999999,16.0,20.7858,30.0,,0.13,0.1482,0.0,0.0,,per 100g,2026-07-01T04:14:08.471742Z,2026-07-01T04:14:08.471742Z,8,0.6522,"Kuah bening. Bahan dasar terdiri dari daging sapi, tauco, kelapa parut sangrai, dan kluwek",soto pemalang masakan,,not_matched,,,not_matched,,,not_matched,,,not_matched,,,not_matched,,,not_matched,
tkpi_0854,"Soto sukaraja, masakan","soto sukaraja, masakan",TKPI,https://www.panganku.org/id-ID/view,Daging,daging,75.9,80.0,3.2,3.5,9.0,0.3,1.1,347.0,77.0,2.3,167.997,236.14800000000002,0.23459999999999995,0.7540000000000003,12.0,31.133699999999997,89.0,,0.04,0.09760000000000002,0.0,0.0,,per 100g,2026-07-01T04:14:08.471742Z,2026-07-01T04:14:08.471742Z,8,0.6522,"Kuah bening. Bahan dasar terdiri dari daging sapi, soun, taoge, dan sambal kacang",soto sukaraja masakan,,not_matched,,,not_matched,,,not_matched,,,not_matched,,,not_matched,,,not_matched,
tkpi_0855,"Soto sulung, masakan","soto sulung, masakan",TKPI,https://www.panganku.org/id-ID/view,Daging,daging,88.1,86.0,2.3,8.5,0.0,0.0,1.1,200.0,120.0,2.9,217.46,191.736,0.15139999999999995,0.8159999999999998,20.0,72.66,105.0,,0.08,0.17759999999999995,0.0,0.0,,per 100g,2026-07-01T04:14:08.471742Z,2026-07-01T04:14:08.471742Z,8,0.6522,"Kuah bening. Bahan dasar terdiri dari daging sapi, ayam, jeroan, dan telur",soto sulung masakan,,not_matched,,,not_matched,,,not_matched,,,not_matched,,,not_matched,,,not_matched,
tkpi_0856,"Sukiyaki, masakan","sukiyaki, masakan",TKPI,https://www.panganku.org/id-ID/view,Daging,daging,81.0,75.0,5.6,0.4,12.2,0.2,0.8,109.0,59.0,0.5,426.0,257.33799999999997,0.18359999999999987,0.7499999999999999,41.0,4.5465800000000005,1.2,,0.37,0.17,1.2000000000000002,0.0,,per 100g,2026-07-01T04:14:08.471742Z,2026-07-01T04:14:08.471742Z,8,0.6522,Irisan tipis daging sapi dicelupkan ke dalam kocokan telur ayam,sukiyaki masakan,,not_matched,,,not_matched,,,not_matched,,,not_matched,,,not_matched,,,not_matched,
tkpi_0857,"Tedong pallu basa, masakan","tedong pallu basa, masakan",TKPI,https://www.panganku.org/id-ID/view,Daging,daging,81.7,83.0,10.4,3.4,2.8,0.046000000000000006,1.7,10.0,139.0,2.6,397.0,34.0,0.6,1.3,36.47744,32.62744000000001,24.015519999999995,,0.09,0.53,9.0,0.0,,per 100g,2026-07-01T04:14:08.471742Z,2026-07-01T04:14:08.471742Z,6,0.7391,Hidangan berkuah kental dari campuran daging dan jeroan (organ bagian dalam)kerbau,tedong pallu basa masakan,,not_matched,,,not_matched,,,not_matched,,,not_matched,,,not_matched,,,not_matched,
tkpi_0858,"Tikus rica, masakan","tikus rica, masakan",TKPI,https://www.panganku.org/id-ID/view,Daging,daging,54.9,257.0,18.8,18.5,3.8,0.9140000000000001,4.0,232.0,293.0,6.5,1.724,308.0,0.5,2.3,674.0,42.29245999999999,548.1664,,0.28,0.38,2.0160000000000005,12.2,,per 100g,2026-07-01T04:14:08.471742Z,2026-07-01T04:14:08.471742Z,7,0.6957,Tikus sawah masak cabai,tikus rica masakan,,not_matched,,,not_matched,,,not_matched,,,not_matched,,,not_matched,,,not_matched,
tkpi_0859,"Tinoransa, masakan","tinoransa, masakan",TKPI,https://www.panganku.org/id-ID/view,Daging,daging,31.6,516.0,17.7,49.5,0.0,1.202,1.2,698.0,648.0,3.5,1.307,320.0,0.1,1.8,710.0,103.81012000000001,592.74,,0.29,0.17,1.8480000000000008,9.02,,per 100g,2026-07-01T04:14:08.471742Z,2026-07-01T04:14:08.471742Z,7,0.6957,Masakan daging babi,tinoransa masakan,,not_matched,,,not_matched,,,not_matched,,,not_matched,,,not_matched,,,not_matched,
tkpi_0860,"Belut, segar (Asian swamp eel, fresh)","belut, segar (asian swamp eel, fresh)",TKPI,https://www.panganku.org/id-ID/view,Ikan/Kerang/Udang dll,ikan/kerang/udang dll,81.5,70.0,14.6,0.8,1.0,0.0,2.1,49.0,155.0,1.5,55.0,169.0,0.2,1.2,485.74,0.0,524.7583999999999,,0.22,0.12,7.7,20.48,,per 100g,2026-07-01T04:14:08.471742Z,2026-07-01T04:14:08.471742Z,5,0.7826,,belut asian swamp eel,39.17045454545455,USDA_category_mean,0.3337,0.153515625,USDA_category_mean,0.3337,1.0472270588235293,USDA_category_mean,0.3337,72.53030303030303,USDA_category_mean,0.3337,0.284030888030888,USDA_category_mean,0.3337,4.861969111969112,USDA_category_mean,0.3337
tkpi_0861,"Belut,laut, segar (Eel, fresh)","belut,laut, segar (eel, fresh)",TKPI,https://www.panganku.org/id-ID/view,Ikan/Kerang/Udang dll,ikan/kerang/udang dll,79.5,93.0,12.8,1.5,6.1,0.0,4.1,60.0,199.0,3.0,33.0,175.9,0.1,1.0,51.0,3.0,71.0,,0.06,0.0,2.7,1.1,,per 100g,2026-07-01T04:14:08.471742Z,2026-07-01T04:14:08.471742Z,3,0.8696,,belut laut eel,39.17045454545455,USDA_category_mean,0.3775,0.153515625,USDA_category_mean,0.3775,1.0472270588235293,USDA_category_mean,0.3775,72.53030303030303,USDA_category_mean,0.3775,0.284030888030888,USDA_category_mean,0.3775,4.861969111969112,USDA_category_mean,0.3775
tkpi_0862,"Cumi-cumi, segar (Squid, fresh)","cumi-cumi, segar (squid, fresh)",TKPI,https://www.panganku.org/id-ID/view,Ikan/Kerang/Udang dll,ikan/kerang/udang dll,82.2,75.0,16.1,0.7,0.1,0.0,0.9,32.0,200.0,1.8,37.0,204.1,1.6,1.3,0.0,20.0,0.0,,0.08,0.0,2.5,0.0,,per 100g,2026-07-01T04:14:08.471742Z,2026-07-01T04:14:08.471742Z,2,0.913,,cumi cumi squid,39.17045454545455,USDA_category_mean,0.2925,0.153515625,USDA_category_mean,0.2925,1.0472270588235293,USDA_category_mean,0.2925,72.53030303030303,USDA_category_mean,0.2925,0.284030888030888,USDA_category_mean,0.2925,4.861969111969112,USDA_category_mean,0.2925
tkpi_0863,"Ikan bader, segar (Silver barb, fresh)","ikan bader, segar (silver barb, fresh)",TKPI,https://www.panganku.org/id-ID/view,Ikan/Kerang/Udang dll,ikan/kerang/udang dll,66.0,193.0,19.0,13.0,0.0,0.0,2.0,48.0,150.0,0.4,118.0,264.9,0.1,0.2,45.0,0.0,13.989780000000003,,0.01,0.1,4.1,0.0,,per 100g,2026-07-01T04:14:08.471742Z,2026-07-01T04:14:08.471742Z,3,0.8696,,ikan bader silver barb,,not_matched,,,not_matched,,,not_matched,,,not_matched,,,not_matched,,,not_matched,
tkpi_0864,"Ikan balong, segar","ikan balong, segar",TKPI,https://www.panganku.org/id-ID/view,Ikan/Kerang/Udang dll,ikan/kerang/udang dll,76.5,107.0,16.5,3.9,1.5,0.0,1.5,54.0,202.0,2.0,86.0,253.4,0.5,1.0,25.0,0.0,0.0,,0.05,0.1,2.5,0.0,,per 100g,2026-07-01T04:14:08.471742Z,2026-07-01T04:14:08.471742Z,2,0.913,,ikan balong,,not_matched,,,not_matched,,,not_matched,,,not_matched,,,not_matched,,,not_matched,
tkpi_0865,"Ikan bambangan, segar (Humphead Snapper, fresh)","ikan bambangan, segar (humphead snapper, fresh)",TKPI,https://www.panganku.org/id-ID/view,Ikan/Kerang/Udang dll,ikan/kerang/udang dll,73.7,112.0,20.0,1.3,3.7,0.0,1.3,98.0,120.0,3.0,148.0,258.7,0.0,0.1,0.0,0.0,0.0,,0.07,0.0,0.3,0.0,,per 100g,2026-07-01T04:14:08.471742Z,2026-07-01T04:14:08.471742Z,2,0.913,,ikan bambangan humphead snapper,32.0,USDA_direct_medium,0.4067,0.0,USDA_direct_medium,0.4067,0.285,USDA_direct_medium,0.4067,37.0,USDA_direct_medium,0.4067,0.4,USDA_direct_medium,0.4067,3.0,USDA_direct_medium,0.4067
tkpi_0866,"Ikan bandeng, segar (Milkfish, raw)","ikan bandeng, segar (milkfish, raw)",TKPI,https://www.panganku.org/id-ID/view,Ikan/Kerang/Udang dll,ikan/kerang/udang dll,74.0,123.0,20.0,4.8,0.0,0.0,1.2,20.0,150.0,2.0,67.0,271.1,0.0,0.9,45.0,21.0,40.62456,,0.05,0.1,6.0,0.0,,per 100g,2026-07-01T04:14:08.471742Z,2026-07-01T04:14:08.471742Z,3,0.8696,,ikan bandeng milkfish,30.0,USDA_direct_high,0.6608,,USDA_direct_high,0.6608,1.66,USDA_direct_high,0.6608,52.0,USDA_direct_high,0.6608,0.423,USDA_direct_high,0.6608,3.4,USDA_direct_high,0.6608
tkpi_0867,"Ikan banjar, segar","ikan banjar, segar",TKPI,https://www.panganku.org/id-ID/view,Ikan/Kerang/Udang dll,ikan/kerang/udang dll,73.5,111.0,19.4,0.9,4.8,0.0,1.4,68.0,278.0,7.3,99.0,338.7,0.2,0.6,0.0,62.0,0.0,,0.03,0.2,7.3,0.0,,per 100g,2026-07-01T04:14:08.471742Z,2026-07-01T04:14:08.471742Z,2,0.913,,ikan banjar,,not_matched,,,not_matched,,,not_matched,,,not_matched,,,not_matched,,,not_matched,
tkpi_0868,"Ikan baronang, segar (Golden-lined spinefoot, fresh)","ikan baronang, segar (golden-lined spinefoot, fresh)",TKPI,https://www.panganku.org/id-ID/view,Ikan/Kerang/Udang dll,ikan/kerang/udang dll,80.0,78.0,14.5,0.6,3.7,0.0,1.2,26.0,521.0,3.8,26.0,692.0,4.7,4.1,732.0,0.0,529.7092,,0.2,0.04,3.0,0.0,,per 100g,2026-07-01T04:14:08.471742Z,2026-07-01T04:14:08.471742Z,3,0.8696,,ikan baronang golden lined spinefoot,,not_matched,,,not_matched,,,not_matched,,,not_matched,,,not_matched,,,not_matched,
tkpi_0869,"Ikan batung, segar (Indonesian-Shortfin Eel)","ikan batung, segar (indonesian-shortfin eel)",TKPI,https://www.panganku.org/id-ID/view,Ikan/Kerang/Udang dll,ikan/kerang/udang dll,75.7,115.0,14.5,4.6,4.2,0.0,1.1,92.84,207.0,0.0,42.0,361.0,0.2,0.9,523.62,0.0,493.7552000000001,,1.2,0.04,1.1,7.64,,per 100g,2026-07-01T04:14:08.471742Z,2026-07-01T04:14:08.471742Z,6,0.7391,,ikan batung indonesian shortfin eel,39.17045454545455,USDA_category_mean,0.3037,0.153515625,USDA_category_mean,0.3037,1.0472270588235293,USDA_category_mean,0.3037,72.53030303030303,USDA_category_mean,0.3037,0.284030888030888,USDA_category_mean,0.3037,4.861969111969112,USDA_category_mean,0.3037
tkpi_0870,"Ikan baung, segar (Asian river catfish, fresh)","ikan baung, segar (asian river catfish, fresh)",TKPI,https://www.panganku.org/id-ID/view,Ikan/Kerang/Udang dll,ikan/kerang/udang dll,74.9,123.0,15.1,5.5,3.3,0.0,1.2,5.0,146.0,1.3,32.0,349.0,0.1,0.7,15.143979999999999,0.0,16.82254,,0.2,0.03,1.2,1.3,,per 100g,2026-07-01T04:14:08.471742Z,2026-07-01T04:14:08.471742Z,5,0.7826,,ikan baung asian river catfish,39.17045454545455,USDA_category_mean,0.2425,0.153515625,USDA_category_mean,0.2425,1.0472270588235293,USDA_category_mean,0.2425,72.53030303030303,USDA_category_mean,0.2425,0.284030888030888,USDA_category_mean,0.2425,4.861969111969112,USDA_category_mean,0.2425
tkpi_0871,"Ikan bawal, segar (Silver Pomfret, fresh)","ikan bawal, segar (silver pomfret, fresh)",TKPI,https://www.panganku.org/id-ID/view,Ikan/Kerang/Udang dll,ikan/kerang/udang dll,78.0,91.0,19.0,1.7,0.0,0.0,1.3,20.0,150.0,2.0,129.0,233.3,0.1,0.3,45.0,0.0,10.97518,,0.05,0.1,1.8,0.0,,per 100g,2026-07-01T04:14:08.471742Z,2026-07-01T04:14:08.471742Z,3,0.8696,,ikan bawal silver pomfret,,not_matched,,,not_matched,,,not_matched,,,not_matched,,,not_matched,,,not_matched,
tkpi_0872,"Ikan Belida, segar (Indonesian featherback, fresh)","ikan belida, segar (indonesian featherback, fresh)",TKPI,https://www.panganku.org/id-ID/view,Ikan/Kerang/Udang dll,ikan/kerang/udang dll,79.2,80.0,14.7,1.4,2.2,0.0,2.3,303.0,315.0,1.3,41.0,356.0,0.0,0.8,613.42,0.0,456.0152000000001,,1.2,0.14,1.4,30.0,,per 100g,2026-07-01T04:14:08.471742Z,2026-07-01T04:14:08.471742Z,5,0.7826,,ikan belida indonesian featherback,,not_matched,,,not_matched,,,not_matched,,,not_matched,,,not_matched,,,not_matched,
tkpi_0873,"Ikan beunteur, segar (Spotted Barb, fresh)","ikan beunteur, segar (spotted barb, fresh)",TKPI,https://www.panganku.org/id-ID/view,Ikan/Kerang/Udang dll,ikan/kerang/udang dll,70.0,109.0,17.0,4.0,0.0,0.0,9.0,500.0,500.0,1.0,109.0,323.5,0.6,1.3,45.0,3.4255800000000005,30.1353,,0.05,0.1,2.6,0.0,,per 100g,2026-07-01T04:14:08.471742Z,2026-07-01T04:14:08.471742Z,4,0.8261,,ikan beunteur spotted barb,,not_matched,,,not_matched,,,not_matched,,,not_matched,,,not_matched,,,not_matched,
tkpi_0874,"Ikan biawan, segar (Kissing goorami, fresh)","ikan biawan, segar (kissing goorami, fresh)",TKPI,https://www.panganku.org/id-ID/view,Ikan/Kerang/Udang dll,ikan/kerang/udang dll,79.1,90.0,14.9,2.5,2.1,0.0,1.4,125.0,265.0,1.0,35.0,207.0,0.4,0.6,25.92376,3.3906,23.600820000000002,,0.36,0.03,2.9,3.92,,per 100g,2026-07-01T04:14:08.471742Z,2026-07-01T04:14:08.471742Z,6,0.7391,,ikan biawan kissing goorami,,not_matched,,,not_matched,,,not_matched,,,not_matched,,,not_matched,,,not_matched,
tkpi_0875,"Ikan bili, segar (Minnows, fresh)","ikan bili, segar (minnows, fresh)",TKPI,https://www.panganku.org/id-ID/view,Ikan/Kerang/Udang dll,ikan/kerang/udang dll,68.3,88.0,14.2,0.7,6.2,0.0,10.6,27.0,1.76,1.5,217.0,202.0,0.0,4.1,115.17924,0.0,91.56660000000002,,0.72,0.09,2.7,24.16,,per 100g,2026-07-01T04:14:08.471742Z,2026-07-01T04:14:08.471742Z,5,0.7826,,ikan bili minnows,,not_matched,,,not_matched,,,not_matched,,,not_matched,,,not_matched,,,not_matched,
tkpi_0876,"Ikan bubara, segar","ikan bubara, segar",TKPI,https://www.panganku.org/id-ID/view,Ikan/Kerang/Udang dll,ikan/kerang/udang dll,75.5,100.0,14.7,2.4,4.9,0.44199999999999995,1.6,90.0,90.0,0.4,390.0,390.0,0.7,0.8,128.94322,2.50316,29.027179999999998,,0.3082,0.1474,2.3040000000000003,1.4,,per 100g,2026-07-01T04:14:08.471742Z,2026-07-01T04:14:08.471742Z,10,0.5652,,ikan bubara,,not_matched,,,not_matched,,,not_matched,,,not_matched,,,not_matched,,,not_matched,
tkpi_0877,"Ikan bulan-bulan, segar (Indo-Pacifik Tarpon, fresh)","ikan bulan-bulan, segar (indo-pacifik tarpon, fresh)",TKPI,https://www.panganku.org/id-ID/view,Ikan/Kerang/Udang dll,ikan/kerang/udang dll,66.7,134.0,25.5,1.3,5.0,0.556,1.5,29.0,29.0,0.5,197.0,489.0,0.1,0.5,51.72562,20.66,61.70146,,0.3,0.02,0.8,2.62,,per 100g,2026-07-01T04:14:08.471742Z,2026-07-01T04:14:08.471742Z,7,0.6957,,ikan bulan bulan indo pacifik tarpon,,not_matched,,,not_matched,,,not_matched,,,not_matched,,,not_matched,,,not_matched,
tkpi_0878,"Ikan cakalang, segar (Scipjack tuna, fresh)","ikan cakalang, segar (scipjack tuna, fresh)",TKPI,https://www.panganku.org/id-ID/view,Ikan/Kerang/Udang dll,ikan/kerang/udang dll,73.0,107.0,19.6,0.7,5.5,0.0,1.2,23.0,242.0,2.9,66.0,239.0,0.2,0.6,386.0,0.0,530.69,,0.17,0.05,21.7,0.0,,per 100g,2026-07-01T04:14:08.471742Z,2026-07-01T04:14:08.471742Z,3,0.8696,,ikan cakalang scipjack tuna,39.17045454545455,USDA_category_mean,0.2565,0.153515625,USDA_category_mean,0.2565,1.0472270588235293,USDA_category_mean,0.2565,72.53030303030303,USDA_category_mean,0.2565,0.284030888030888,USDA_category_mean,0.2565,4.861969111969112,USDA_category_mean,0.2565
tkpi_0879,"Ikan cakalang, hati, segar (Scipjack tuna, fresh)","ikan cakalang, hati, segar (scipjack tuna, fresh)",TKPI,https://www.panganku.org/id-ID/view,Ikan/Kerang/Udang dll,ikan/kerang/udang dll,73.4,120.0,11.3,3.9,10.0,3.7219999999999995,1.4,30.0,30.0,0.9,420.0,280.0,1.6,4.3,139.91364,61.35190000000001,132.78135999999998,,0.3720000000000001,0.5372,0.2,32.46,,per 100g,2026-07-01T04:14:08.471742Z,2026-07-01T04:14:08.471742Z,9,0.6087,,ikan cakalang hati scipjack tuna,39.17045454545455,USDA_category_mean,0.207,0.153515625,USDA_category_mean,0.207,1.0472270588235293,USDA_category_mean,0.207,72.53030303030303,USDA_category_mean,0.207,0.284030888030888,USDA_category_mean,0.207,4.861969111969112,USDA_category_mean,0.207
tkpi_0880,"Ikan cakalang, jantung, segar (Scipjack tuna, fresh)","ikan cakalang, jantung, segar (scipjack tuna, fresh)",TKPI,https://www.panganku.org/id-ID/view,Ikan/Kerang/Udang dll,ikan/kerang/udang dll,76.3,116.0,11.2,1.2,10.2,12.372000000000003,1.1,10.0,40.0,3.4,360.0,250.0,0.5,1.9,908.0,338.24,468.72,,0.4534000000000002,0.1436,0.1,0.0,,per 100g,2026-07-01T04:14:08.471742Z,2026-07-01T04:14:08.471742Z,7,0.6957,,ikan cakalang jantung scipjack tuna,39.17045454545455,USDA_category_mean,0.207,0.153515625,USDA_category_mean,0.207,1.0472270588235293,USDA_category_mean,0.207,72.53030303030303,USDA_category_mean,0.207,0.284030888030888,USDA_category_mean,0.207,4.861969111969112,USDA_category_mean,0.207
tkpi_0881,"Ikan cakalang, perut, segar (Scipjack tuna, fresh)","ikan cakalang, perut, segar (scipjack tuna, fresh)",TKPI,https://www.panganku.org/id-ID/view,Ikan/Kerang/Udang dll,ikan/kerang/udang dll,79.1,86.0,10.2,1.1,8.7,3.606,0.9,20.0,110.0,2.1,230.0,210.0,0.3,9.3,117.3934,29.317420000000002,253.74775999999994,,0.24,0.7945999999999998,0.3,49.68,,per 100g,2026-07-01T04:14:08.471742Z,2026-07-01T04:14:08.471742Z,8,0.6522,,ikan cakalang perut scipjack tuna,39.17045454545455,USDA_category_mean,0.207,0.153515625,USDA_category_mean,0.207,1.0472270588235293,USDA_category_mean,0.207,72.53030303030303,USDA_category_mean,0.207,0.284030888030888,USDA_category_mean,0.207,4.861969111969112,USDA_category_mean,0.207
tkpi_0882,"Ikan daun, segar (Leaffish, fresh)","ikan daun, segar (leaffish, fresh)",TKPI,https://www.panganku.org/id-ID/view,Ikan/Kerang/Udang dll,ikan/kerang/udang dll,78.6,101.0,11.5,4.1,4.6,0.0,1.2,80.0,210.0,0.8,120.0,270.0,0.1,0.9,0.0,1.1493,1.21814,,0.08,0.07,0.1,0.0,,per 100g,2026-07-01T04:14:08.471742Z,2026-07-01T04:14:08.471742Z,4,0.8261,,ikan daun leaffish,,not_matched,,,not_matched,,,not_matched,,,not_matched,,,not_matched,,,not_matched,
tkpi_0883,"Ikan ekor kuning, segar (Yellowtail, fish, fresh)","ikan ekor kuning, segar (yellowtail, fish, fresh)",TKPI,https://www.panganku.org/id-ID/view,Ikan/Kerang/Udang dll,ikan/kerang/udang dll,74.1,108.0,22.3,1.2,2.1,0.0,0.3,30.0,220.0,0.5,50.0,230.0,0.1,0.6,40.0,29.0,60.35976000000001,,0.0,0.1,0.2,0.92,,per 100g,2026-07-01T04:14:08.471742Z,2026-07-01T04:14:08.471742Z,4,0.8261,,ikan ekor kuning yellowtail fish,30.0,USDA_direct_medium,0.4551,,USDA_direct_medium,0.4551,1.28,USDA_direct_medium,0.4551,55.0,USDA_direct_medium,0.4551,0.16,USDA_direct_medium,0.4551,1.3,USDA_direct_medium,0.4551
tkpi_0884,"Ikan gabus, segar (Asian snakehead, fresh)","ikan gabus, segar (asian snakehead, fresh)",TKPI,https://www.panganku.org/id-ID/view,Ikan/Kerang/Udang dll,ikan/kerang/udang dll,79.6,80.0,16.2,0.5,2.6,0.0,1.1,170.0,139.0,0.1,65.0,254.0,0.3,0.4,335.0,82.45487999999999,572.748,,0.4,0.2,0.1,11.52,,per 100g,2026-07-01T04:14:08.471742Z,2026-07-01T04:14:08.471742Z,5,0.7826,,ikan gabus asian snakehead,,not_matched,,,not_matched,,,not_matched,,,not_matched,,,not_matched,,,not_matched,
tkpi_0885,"Ikan heu, segar","ikan heu, segar",TKPI,https://www.panganku.org/id-ID/view,Ikan/Kerang/Udang dll,ikan/kerang/udang dll,75.6,81.0,10.0,1.6,6.6,2.6180000000000003,6.2,1.91,990.0,2.1,240.0,210.0,0.1,2.7,536.04472,293.425,443.3,,0.87,0.3087999999999998,0.2,16.66,,per 100g,2026-07-01T04:14:08.471742Z,2026-07-01T04:14:08.471742Z,8,0.6522,,ikan heu,,not_matched,,,not_matched,,,not_matched,,,not_matched,,,not_matched,,,not_matched,
tkpi_0886,"Ikan hitam, segar (Black Sharkminnow, fresh)","ikan hitam, segar (black sharkminnow, fresh)",TKPI,https://www.panganku.org/id-ID/view,Ikan/Kerang/Udang dll,ikan/kerang/udang dll,78.2,101.0,10.3,3.7,6.7,0.0,1.1,50.0,140.0,0.4,70.0,210.0,0.07860000000000003,0.4,67.0,19.098959999999998,63.04,,0.0,0.1,0.1,2.06,,per 100g,2026-07-01T04:14:08.471742Z,2026-07-01T04:14:08.471742Z,6,0.7391,,ikan hitam black sharkminnow,39.17045454545455,USDA_category_mean,0.2361,0.153515625,USDA_category_mean,0.2361,1.0472270588235293,USDA_category_mean,0.2361,72.53030303030303,USDA_category_mean,0.2361,0.284030888030888,USDA_category_mean,0.2361,4.861969111969112,USDA_category_mean,0.2361
tkpi_0887,"Ikan hiu, segar (Fish, shark, fresh)","ikan hiu, segar (fish, shark, fresh)",TKPI,https://www.panganku.org/id-ID/view,Ikan/Kerang/Udang dll,ikan/kerang/udang dll,85.7,57.0,10.7,0.3,2.2,0.0,1.1,75.0,206.0,2.0,299.66,237.21800000000002,0.02,0.748,55.42,12.470060000000004,0.0,,0.05,0.19099999999999992,1.7120000000000006,0.0,,per 100g,2026-07-01T04:14:08.471742Z,2026-07-01T04:14:08.471742Z,9,0.6087,,ikan hiu fish shark,49.0,USDA_direct_medium,0.5374,0.0,USDA_direct_medium,0.5374,0.925,USDA_direct_medium,0.5374,51.0,USDA_direct_medium,0.5374,0.4,USDA_direct_medium,0.5374,1.49,USDA_direct_medium,0.5374
tkpi_0888,"Ikan kacangan, segar","ikan kacangan, segar",TKPI,https://www.panganku.org/id-ID/view,Ikan/Kerang/Udang dll,ikan/kerang/udang dll,80.7,77.0,15.6,0.9,1.6,0.0,1.2,94.0,170.0,1.7,233.98,231.49399999999994,0.33299999999999974,0.8140000000000002,18.0,4.45564,0.0,,0.07,0.09779999999999996,2.08,0.0,,per 100g,2026-07-01T04:14:08.471742Z,2026-07-01T04:14:08.471742Z,9,0.6087,,ikan kacangan,,not_matched,,,not_matched,,,not_matched,,,not_matched,,,not_matched,,,not_matched,
tkpi_0889,"Ikan kakap, segar","ikan kakap, segar",TKPI,https://www.panganku.org/id-ID/view,Ikan/Kerang/Udang dll,ikan/kerang/udang dll,77.0,92.0,20.0,0.7,0.0,0.0,2.3,20.0,200.0,1.0,68.03726,283.664,0.28619999999999995,1.7280000000000006,9.0,4.77546,1.45284,,0.05,0.1364,5.6579999999999995,0.0,,per 100g,2026-07-01T04:14:08.471742Z,2026-07-01T04:14:08.471742Z,10,0.5652,,ikan kakap,,not_matched,,,not_matched,,,not_matched,,,not_matched,,,not_matched,,,not_matched,
tkpi_0890,"Ikan kakatua, segar","ikan kakatua, segar",TKPI,https://www.panganku.org/id-ID/view,Ikan/Kerang/Udang dll,ikan/kerang/udang dll,79.7,82.0,11.4,1.2,6.4,1.9400000000000004,1.3,20.0,160.0,0.4,90.0,300.0,0.1,0.3,18.0,4.72398,19.379840000000005,,0.13219999999999998,0.08960000000000001,0.2,13.08,,per 100g,2026-07-01T04:14:08.471742Z,2026-07-01T04:14:08.471742Z,8,0.6522,,ikan kakatua,,not_matched,,,not_matched,,,not_matched,,,not_matched,,,not_matched,,,not_matched,
tkpi_0891,"Ikan kalaban, segar (Minnows, fresh)","ikan kalaban, segar (minnows, fresh)",TKPI,https://www.panganku.org/id-ID/view,Ikan/Kerang/Udang dll,ikan/kerang/udang dll,80.3,77.0,16.4,0.7,1.3,0.0,1.3,182.0,248.0,0.9,40.0,334.0,0.7,0.8,523.56,63.640600000000006,551.2472,,0.16,0.15,1.9,22.84,,per 100g,2026-07-01T04:14:08.471742Z,2026-07-01T04:14:08.471742Z,6,0.7391,,ikan kalaban minnows,,not_matched,,,not_matched,,,not_matched,,,not_matched,,,not_matched,,,not_matched,
tkpi_0892,"Ikan kamera (kakap merah), segar","ikan kamera (kakap merah), segar",TKPI,https://www.panganku.org/id-ID/view,Ikan/Kerang/Udang dll,ikan/kerang/udang dll,78.5,86.0,19.7,0.8,0.0,0.0,1.3,50.0,170.0,0.3,90.0,290.0,0.3,0.1,26.0,143.9,221.6684,,0.24419999999999997,0.08,0.1,4.74,,per 100g,2026-07-01T04:14:08.471742Z,2026-07-01T04:14:08.471742Z,6,0.7391,,ikan kamera kakap merah,,not_matched,,,not_matched,,,not_matched,,,not_matched,,,not_matched,,,not_matched,
tkpi_0893,"Ikan kapar, segar (Malay Combtail, fresh)","ikan kapar, segar (malay combtail, fresh)",TKPI,https://www.panganku.org/id-ID/view,Ikan/Kerang/Udang dll,ikan/kerang/udang dll,74.2,132.0,17.0,6.7,0.8,0.0,1.3,151.0,272.0,1.2,78.0,229.0,0.9,0.7,10.72584,2.64748,5.4826,,0.07,0.03,2.3440000000000007,0.16,,per 100g,2026-07-01T04:14:08.471742Z,2026-07-01T04:14:08.471742Z,7,0.6957,,ikan kapar malay combtail,,not_matched,,,not_matched,,,not_matched,,,not_matched,,,not_matched,,,not_matched,
tkpi_0894,"Ikan kawalinya, segar (Indian mackerel, fresh)","ikan kawalinya, segar (indian mackerel, fresh)",TKPI,https://www.panganku.org/id-ID/view,Ikan/Kerang/Udang dll,ikan/kerang/udang dll,76.1,110.0,12.6,4.2,5.4,1.0459999999999996,1.7,80.0,300.0,1.5,340.0,300.0,0.2,1.4,146.0,24.0,173.832,,0.33880000000000005,0.1024,0.2,1.44,,per 100g,2026-07-01T04:14:08.471742Z,2026-07-01T04:14:08.471742Z,8,0.6522,,ikan kawalinya indian mackerel,60.0,USDA_direct_medium,0.4288,0.0,USDA_direct_medium,0.4288,7.148,USDA_direct_medium,0.4288,95.0,USDA_direct_medium,0.4288,0.41,USDA_direct_medium,0.4288,12.0,USDA_direct_medium,0.4288
tkpi_0895,"Ikan keru-keru, segar (Puffers, fresh)","ikan keru-keru, segar (puffers, fresh)",TKPI,https://www.panganku.org/id-ID/view,Ikan/Kerang/Udang dll,ikan/kerang/udang dll,77.2,93.0,16.5,2.1,0.8,0.0,3.4,65.0,217.0,2.4,137.0,255.3,0.34,0.7,0.0,1.63048,0.0,,0.01,0.09,1.6,0.0,,per 100g,2026-07-01T04:14:08.471742Z,2026-07-01T04:14:08.471742Z,3,0.8696,,ikan keru keru puffers,,not_matched,,,not_matched,,,not_matched,,,not_matched,,,not_matched,,,not_matched,
tkpi_0896,"Ikan kima, segar (Clam, shell, fresh)","ikan kima, segar (clam, shell, fresh)",TKPI,https://www.panganku.org/id-ID/view,Ikan/Kerang/Udang dll,ikan/kerang/udang dll,82.1,70.0,10.8,0.7,5.2,1.4380000000000002,1.2,53.0,72.0,2.0,342.0,101.0,0.5,0.5,401.0,358.99665999999996,628.0464,,0.22,0.05,5.8,10.24,,per 100g,2026-07-01T04:14:08.471742Z,2026-07-01T04:14:08.471742Z,6,0.7391,,ikan kima clam shell,39.17045454545455,USDA_category_mean,0.3281,0.153515625,USDA_category_mean,0.3281,1.0472270588235293,USDA_category_mean,0.3281,72.53030303030303,USDA_category_mean,0.3281,0.284030888030888,USDA_category_mean,0.3281,4.861969111969112,USDA_category_mean,0.3281
tkpi_0897,"Ikan lais, segar (Sheatfish, fresh)","ikan lais, segar (sheatfish, fresh)",TKPI,https://www.panganku.org/id-ID/view,Ikan/Kerang/Udang dll,ikan/kerang/udang dll,65.0,161.0,11.9,11.5,2.4,0.0,9.2,70.0,237.0,0.0,114.0393,268.40312000000006,0.45740000000000003,1.504,0.0,1.12,0.0,,0.05,0.14279999999999998,4.467999999999996,0.0,,per 100g,2026-07-01T04:14:08.471742Z,2026-07-01T04:14:08.471742Z,9,0.6087,,ikan lais sheatfish,,not_matched,,,not_matched,,,not_matched,,,not_matched,,,not_matched,,,not_matched,
tkpi_0898,"Ikan layang, segar (Indian scad, fresh)","ikan layang, segar (indian scad, fresh)",TKPI,https://www.panganku.org/id-ID/view,Ikan/Kerang/Udang dll,ikan/kerang/udang dll,74.0,109.0,22.0,1.7,0.0,0.0,2.3,50.0,150.0,2.0,143.12,262.8699999999999,0.3041999999999999,0.8299999999999998,45.0,0.0,41.79204,,0.05,0.11539999999999996,2.4619999999999997,0.0,,per 100g,2026-07-01T04:14:08.471742Z,2026-07-01T04:14:08.471742Z,9,0.6087,,ikan layang indian scad,,not_matched,,,not_matched,,,not_matched,,,not_matched,,,not_matched,,,not_matched,
tkpi_0899,"Ikan layur, segar (Hairtail, fresh)","ikan layur, segar (hairtail, fresh)",TKPI,https://www.panganku.org/id-ID/view,Ikan/Kerang/Udang dll,ikan/kerang/udang dll,80.1,82.0,18.0,1.0,0.4,0.0,0.5,48.0,229.0,2.2,66.66486,235.99312,0.35100000000000003,1.2520000000000004,4.0,5.9084,0.0,,0.04,0.14239999999999997,2.8679999999999994,0.0,,per 100g,2026-07-01T04:14:08.471742Z,2026-07-01T04:14:08.471742Z,9,0.6087,,ikan layur hairtail,,not_matched,,,not_matched,,,not_matched,,,not_matched,,,not_matched,,,not_matched,
tkpi_0900,"Ikan lehoma, segar (Indian mackerel, fresh)","ikan lehoma, segar (indian mackerel, fresh)",TKPI,https://www.panganku.org/id-ID/view,Ikan/Kerang/Udang dll,ikan/kerang/udang dll,77.6,90.0,20.4,0.9,0.0,0.0,1.1,88.0,270.0,0.7,56.0,281.0,0.3,0.9,1.047,4.64526,11.235640000000004,,0.32,0.03,0.2,3.2,,per 100g,2026-07-01T04:14:08.471742Z,2026-07-01T04:14:08.471742Z,6,0.7391,,ikan lehoma indian mackerel,60.0,USDA_direct_medium,0.4288,0.0,USDA_direct_medium,0.4288,7.148,USDA_direct_medium,0.4288,95.0,USDA_direct_medium,0.4288,0.41,USDA_direct_medium,0.4288,12.0,USDA_direct_medium,0.4288
tkpi_0901,"Ikan lemuru, segar (Bali sardinella, fresh)","ikan lemuru, segar (bali sardinella, fresh)",TKPI,https://www.panganku.org/id-ID/view,Ikan/Kerang/Udang dll,ikan/kerang/udang dll,76.0,112.0,20.0,3.0,0.0,0.0,1.0,20.0,100.0,1.0,132.68,284.49199999999996,0.3413999999999999,0.9060000000000001,30.0,0.0,1.35862,,0.05,0.10759999999999997,3.014000000000001,0.0,,per 100g,2026-07-01T04:14:08.471742Z,2026-07-01T04:14:08.471742Z,9,0.6087,,ikan lemuru bali sardinella,,not_matched,,,not_matched,,,not_matched,,,not_matched,,,not_matched,,,not_matched,
tkpi_0902,"Ikan lidah, segar (Flatfishes, fresh)","ikan lidah, segar (flatfishes, fresh)",TKPI,https://www.panganku.org/id-ID/view,Ikan/Kerang/Udang dll,ikan/kerang/udang dll,78.3,104.0,15.6,3.2,2.0,0.0,0.9,30.0,143.0,2.0,224.7,267.95599999999996,0.18459999999999993,0.782,33.0,1.59918,0.0,,0.03,0.09739999999999999,1.2640000000000002,0.0,,per 100g,2026-07-01T04:14:08.471742Z,2026-07-01T04:14:08.471742Z,9,0.6087,,ikan lidah flatfishes,,not_matched,,,not_matched,,,not_matched,,,not_matched,,,not_matched,,,not_matched,
tkpi_0903,"Ikan malalugis, segar","ikan malalugis, segar",TKPI,https://www.panganku.org/id-ID/view,Ikan/Kerang/Udang dll,ikan/kerang/udang dll,75.6,99.0,20.6,1.4,0.9,0.0,1.5,164.0,330.0,0.5,76.0,282.0,0.2,0.9,661.0,126.93408,549.6080000000001,,0.3,0.02,0.5,4.46,,per 100g,2026-07-01T04:14:08.471742Z,2026-07-01T04:14:08.471742Z,6,0.7391,,ikan malalugis,,not_matched,,,not_matched,,,not_matched,,,not_matched,,,not_matched,,,not_matched,
tkpi_0904,"Ikan mamar merah, segar","ikan mamar merah, segar",TKPI,https://www.panganku.org/id-ID/view,Ikan/Kerang/Udang dll,ikan/kerang/udang dll,75.0,115.0,15.3,4.0,4.4,0.0,1.3,60.0,190.0,1.6,120.0,240.0,0.2,1.0,15.760420000000002,0.52284,9.29922,,0.2,0.1,0.1,0.46,,per 100g,2026-07-01T04:14:08.471742Z,2026-07-01T04:14:08.471742Z,6,0.7391,,ikan mamar merah,,not_matched,,,not_matched,,,not_matched,,,not_matched,,,not_matched,,,not_matched,
tkpi_0905,"Ikan mas, segar (Common carp, fresh)","ikan mas, segar (common carp, fresh)",TKPI,https://www.panganku.org/id-ID/view,Ikan/Kerang/Udang dll,ikan/kerang/udang dll,80.0,86.0,16.0,2.0,0.0,0.0,2.0,20.0,150.0,2.0,65.0,276.7,0.1,1.1,45.0,8.0,13.76274,,0.05,0.1,2.6,0.0,,per 100g,2026-07-01T04:14:08.471742Z,2026-07-01T04:14:08.471742Z,3,0.8696,,ikan mas common carp,29.0,USDA_direct_medium,0.5285,0.0,USDA_direct_medium,0.5285,1.083,USDA_direct_medium,0.5285,66.0,USDA_direct_medium,0.5285,0.19,USDA_direct_medium,0.5285,1.53,USDA_direct_medium,0.5285
tkpi_0906,"Ikan mayong, segar","ikan mayong, segar",TKPI,https://www.panganku.org/id-ID/view,Ikan/Kerang/Udang dll,ikan/kerang/udang dll,78.2,97.0,17.9,2.0,0.4,0.0,1.5,40.0,100.0,2.5,210.7,234.01399999999995,0.37299999999999983,0.9220000000000005,21.0,2.38686,0.0,,0.1,0.11339999999999996,2.0980000000000003,0.0,,per 100g,2026-07-01T04:14:08.471742Z,2026-07-01T04:14:08.471742Z,9,0.6087,,ikan mayong,,not_matched,,,not_matched,,,not_matched,,,not_matched,,,not_matched,,,not_matched,
tkpi_0907,"Ikan mujahir, segar (Mozambique tilapia, fresh)","ikan mujahir, segar (mozambique tilapia, fresh)",TKPI,https://www.panganku.org/id-ID/view,Ikan/Kerang/Udang dll,ikan/kerang/udang dll,79.7,89.0,18.7,1.0,0.0,0.0,1.1,96.0,209.0,1.5,51.0,265.8,0.0,0.2,6.0,3.0,5.0,,0.03,0.1,2.0,0.0,,per 100g,2026-07-01T04:14:08.471742Z,2026-07-01T04:14:08.471742Z,2,0.913,,ikan mujahir mozambique tilapia,27.0,USDA_direct_medium,0.5311,0.0,USDA_direct_medium,0.5311,0.585,USDA_direct_medium,0.5311,50.0,USDA_direct_medium,0.5311,0.162,USDA_direct_medium,0.5311,1.58,USDA_direct_medium,0.5311
tkpi_0908,"Ikan nasu metti, segar","ikan nasu metti, segar",TKPI,https://www.panganku.org/id-ID/view,Ikan/Kerang/Udang dll,ikan/kerang/udang dll,65.3,154.0,16.8,5.0,10.5,2.68,2.4,80.0,244.0,1.6,421.0,488.0,0.2,1.2,108.45252,65.71666,67.79764000000002,,0.47,0.15,9.6,6.16,,per 100g,2026-07-01T04:14:08.471742Z,2026-07-01T04:14:08.471742Z,7,0.6957,,ikan nasu metti,,not_matched,,,not_matched,,,not_matched,,,not_matched,,,not_matched,,,not_matched,
tkpi_0909,"Ikan oci, kembung, segar (Indian mackerels, fresh)","ikan oci, kembung, segar (indian mackerels, fresh)",TKPI,https://www.panganku.org/id-ID/view,Ikan/Kerang/Udang dll,ikan/kerang/udang dll,71.4,125.0,21.3,3.4,2.2,0.018000000000000002,1.7,136.0,69.0,0.8,214.0,245.0,0.2,1.1,54.64134,1.5742600000000002,11.562279999999998,,0.26,0.03,0.2,0.18,,per 100g,2026-07-01T04:14:08.471742Z,2026-07-01T04:14:08.471742Z,7,0.6957,,ikan oci kembung indian mackerels,,not_matched,,,not_matched,,,not_matched,,,not_matched,,,not_matched,,,not_matched,
tkpi_0910,"Ikan paling, segar","ikan paling, segar",TKPI,https://www.panganku.org/id-ID/view,Ikan/Kerang/Udang dll,ikan/kerang/udang dll,58.0,303.0,14.0,27.0,0.0,0.0,1.0,20.0,200.0,1.0,43.0,285.97444000000013,0.2742000000000001,1.8020000000000014,485.0,0.0,504.8092,,0.1,0.19700000000000006,6.514000000000001,2.0,,per 100g,2026-07-01T04:14:08.471742Z,2026-07-01T04:14:08.471742Z,8,0.6522,,ikan paling,,not_matched,,,not_matched,,,not_matched,,,not_matched,,,not_matched,,,not_matched,
tkpi_0911,"Ikan papuyu/ betok, segar (Climbing perch, fresh)","ikan papuyu/ betok, segar (climbing perch, fresh)",TKPI,https://www.panganku.org/id-ID/view,Ikan/Kerang/Udang dll,ikan/kerang/udang dll,75.0,120.0,14.3,4.9,4.6,0.0,1.2,329.0,436.0,1.5,240.0,169.0,0.8,1.1,49.0,0.0,36.53132,,0.0,0.05,3.1,3.36,,per 100g,2026-07-01T04:14:08.471742Z,2026-07-01T04:14:08.471742Z,5,0.7826,,ikan papuyu betok climbing perch,39.17045454545455,USDA_category_mean,0.3378,0.153515625,USDA_category_mean,0.3378,1.0472270588235293,USDA_category_mean,0.3378,72.53030303030303,USDA_category_mean,0.3378,0.284030888030888,USDA_category_mean,0.3378,4.861969111969112,USDA_category_mean,0.3378
tkpi_0912,"Ikan patin, segar (Striped catfish, fresh)","ikan patin, segar (striped catfish, fresh)",TKPI,https://www.panganku.org/id-ID/view,Ikan/Kerang/Udang dll,ikan/kerang/udang dll,74.4,132.0,17.0,6.6,1.1,0.0,0.9,31.0,173.0,1.6,77.0,346.0,0.7,0.8,9.21,7.0,10.667579999999997,,0.2,0.03,1.7,1.36,,per 100g,2026-07-01T04:14:08.471742Z,2026-07-01T04:14:08.471742Z,5,0.7826,,ikan patin striped catfish,39.17045454545455,USDA_category_mean,0.3848,0.153515625,USDA_category_mean,0.3848,1.0472270588235293,USDA_category_mean,0.3848,72.53030303030303,USDA_category_mean,0.3848,0.284030888030888,USDA_category_mean,0.3848,4.861969111969112,USDA_category_mean,0.3848
tkpi_0913,"Ikan pomo, segar","ikan pomo, segar",TKPI,https://www.panganku.org/id-ID/view,Ikan/Kerang/Udang dll,ikan/kerang/udang dll,68.3,147.0,22.5,5.2,2.6,0.0,1.4,80.0,230.0,1.3,195.08,380.0,0.2,0.7,89.0,77.52,215.4912,,0.38,0.12319999999999995,1.8359999999999996,2.06,,per 100g,2026-07-01T04:14:08.471742Z,2026-07-01T04:14:08.471742Z,10,0.5652,,ikan pomo,,not_matched,,,not_matched,,,not_matched,,,not_matched,,,not_matched,,,not_matched,
tkpi_0914,"Ikan puntin, segar (Bagrdi catfish, fresh)","ikan puntin, segar (bagrdi catfish, fresh)",TKPI,https://www.panganku.org/id-ID/view,Ikan/Kerang/Udang dll,ikan/kerang/udang dll,81.1,76.0,14.4,1.1,2.2,0.0,1.2,28.0,166.0,0.0,125.76,325.0,0.1,0.6,23.46094,5.5878,14.404220000000004,,0.31,0.11,2.006000000000001,6.36,,per 100g,2026-07-01T04:14:08.471742Z,2026-07-01T04:14:08.471742Z,9,0.6087,,ikan puntin bagrdi catfish,39.17045454545455,USDA_category_mean,0.255,0.153515625,USDA_category_mean,0.255,1.0472270588235293,USDA_category_mean,0.255,72.53030303030303,USDA_category_mean,0.255,0.284030888030888,USDA_category_mean,0.255,4.861969111969112,USDA_category_mean,0.255
tkpi_0915,"Ikan saluang, segar (Rasboras fish, fresh)","ikan saluang, segar (rasboras fish, fresh)",TKPI,https://www.panganku.org/id-ID/view,Ikan/Kerang/Udang dll,ikan/kerang/udang dll,74.8,113.0,13.9,4.9,3.4,0.0,3.0,642.0,646.0,1.9,51.0,182.0,0.8,3.6,24.09034,10.490499999999999,42.22165999999999,,0.21,0.02,1.8,7.68,,per 100g,2026-07-01T04:14:08.471742Z,2026-07-01T04:14:08.471742Z,6,0.7391,,ikan saluang rasboras fish,,not_matched,,,not_matched,,,not_matched,,,not_matched,,,not_matched,,,not_matched,
tkpi_0916,"Ikan sarden, segar (Herrings, fresh)","ikan sarden, segar (herrings, fresh)",TKPI,https://www.panganku.org/id-ID/view,Ikan/Kerang/Udang dll,ikan/kerang/udang dll,72.7,109.0,19.9,1.8,3.4,0.0,2.2,95.0,597.0,1.3,266.0,227.0,0.3,2.0,195.0,0.0,207.0742,,0.26,0.03,4.4,3.78,,per 100g,2026-07-01T04:14:08.471742Z,2026-07-01T04:14:08.471742Z,4,0.8261,,ikan sarden herrings,,not_matched,,,not_matched,,,not_matched,,,not_matched,,,not_matched,,,not_matched,
tkpi_0917,"Ikan selar, segar (Scadfish, fresh)","ikan selar, segar (scadfish, fresh)",TKPI,https://www.panganku.org/id-ID/view,Ikan/Kerang/Udang dll,ikan/kerang/udang dll,75.4,100.0,18.8,2.2,0.0,0.0,3.6,40.0,179.0,0.5,43.0,392.6,0.1,0.3,45.0,0.0,25.853720000000003,,0.37,0.2,3.4,0.0,,per 100g,2026-07-01T04:14:08.471742Z,2026-07-01T04:14:08.471742Z,3,0.8696,,ikan selar scadfish,,not_matched,,,not_matched,,,not_matched,,,not_matched,,,not_matched,,,not_matched,
tkpi_0918,"Ikan sepat, segar (Snakeskin gourami, fresh)","ikan sepat, segar (snakeskin gourami, fresh)",TKPI,https://www.panganku.org/id-ID/view,Ikan/Kerang/Udang dll,ikan/kerang/udang dll,78.8,84.0,15.2,0.6,4.7,0.0,0.8,68.0,171.0,2.1,211.0,198.0,0.7,0.6,43.76,0.0,14.745920000000002,,0.16,0.03,1.9,1.46,,per 100g,2026-07-01T04:14:08.471742Z,2026-07-01T04:14:08.471742Z,5,0.7826,,ikan sepat snakeskin gourami,,not_matched,,,not_matched,,,not_matched,,,not_matched,,,not_matched,,,not_matched,
tkpi_0919,"Ikan sidat, segar (Shortfin Eel, fresh)","ikan sidat, segar (shortfin eel, fresh)",TKPI,https://www.panganku.org/id-ID/view,Ikan/Kerang/Udang dll,ikan/kerang/udang dll,71.3,81.0,11.4,1.9,3.8,0.0,11.6,118.0,174.0,3.0,46.0,245.9,0.0,1.5,15.0,0.0,0.0,,0.0,0.4,3.2,0.0,,per 100g,2026-07-01T04:14:08.471742Z,2026-07-01T04:14:08.471742Z,2,0.913,,ikan sidat shortfin eel,39.17045454545455,USDA_category_mean,0.3471,0.153515625,USDA_category_mean,0.3471,1.0472270588235293,USDA_category_mean,0.3471,72.53030303030303,USDA_category_mean,0.3471,0.284030888030888,USDA_category_mean,0.3471,4.861969111969112,USDA_category_mean,0.3471
tkpi_0920,"Ikan sunu, segar (Leopard coralgrouper, fresh)","ikan sunu, segar (leopard coralgrouper, fresh)",TKPI,https://www.panganku.org/id-ID/view,Ikan/Kerang/Udang dll,ikan/kerang/udang dll,75.5,111.0,13.3,3.4,6.7,1.096,1.1,86.0,174.0,1.2,91.0,197.0,0.0,0.6,309.0,228.7668,527.5516,,1.03,0.1,0.2,4.4,,per 100g,2026-07-01T04:14:08.471742Z,2026-07-01T04:14:08.471742Z,6,0.7391,,ikan sunu leopard coralgrouper,,not_matched,,,not_matched,,,not_matched,,,not_matched,,,not_matched,,,not_matched,
tkpi_0921,"Ikan tahuman, segar","ikan tahuman, segar",TKPI,https://www.panganku.org/id-ID/view,Ikan/Kerang/Udang dll,ikan/kerang/udang dll,77.4,88.0,15.9,0.9,4.1,0.0,1.8,221.0,223.0,0.0,24.0,364.0,0.4,0.7,522.02,55.60898,525.6256,,0.2,0.25,1.6,17.5,,per 100g,2026-07-01T04:14:08.471742Z,2026-07-01T04:14:08.471742Z,6,0.7391,,ikan tahuman,,not_matched,,,not_matched,,,not_matched,,,not_matched,,,not_matched,,,not_matched,
tkpi_0922,"Ikan tarmon, segar","ikan tarmon, segar",TKPI,https://www.panganku.org/id-ID/view,Ikan/Kerang/Udang dll,ikan/kerang/udang dll,76.7,96.0,19.5,1.1,2.0,0.0,0.8,9.0,129.0,0.3,43.0,154.0,0.1,0.5,205.74,226.11863999999997,595.4,,0.15,0.02,1.7,2.48,,per 100g,2026-07-01T04:14:08.471742Z,2026-07-01T04:14:08.471742Z,6,0.7391,,ikan tarmon,,not_matched,,,not_matched,,,not_matched,,,not_matched,,,not_matched,,,not_matched,
tkpi_0923,"Ikan telan, segar (spiny eel, fresh)","ikan telan, segar (spiny eel, fresh)",TKPI,https://www.panganku.org/id-ID/view,Ikan/Kerang/Udang dll,ikan/kerang/udang dll,75.3,95.0,15.8,0.7,6.5,0.0,1.7,503.0,354.0,0.2,58.0,294.0,1.6,1.2,26.080940000000002,18.504080000000002,41.50392,,0.18,0.02,1.9,6.74,,per 100g,2026-07-01T04:14:08.471742Z,2026-07-01T04:14:08.471742Z,6,0.7391,,ikan telan spiny eel,39.17045454545455,USDA_category_mean,0.3527,0.153515625,USDA_category_mean,0.3527,1.0472270588235293,USDA_category_mean,0.3527,72.53030303030303,USDA_category_mean,0.3527,0.284030888030888,USDA_category_mean,0.3527,4.861969111969112,USDA_category_mean,0.3527
tkpi_0924,"Ikan tembang, segar (Bonga shad, fresh)","ikan tembang, segar (bonga shad, fresh)",TKPI,https://www.panganku.org/id-ID/view,Ikan/Kerang/Udang dll,ikan/kerang/udang dll,65.0,204.0,16.0,15.0,0.0,0.0,4.0,20.0,200.0,2.0,341.0,291.0,0.4,2.6,30.0,0.0,17.0164,,0.05,0.0,5.6,0.0,,per 100g,2026-07-01T04:14:08.471742Z,2026-07-01T04:14:08.471742Z,3,0.8696,,ikan tembang bonga shad,39.17045454545455,USDA_category_mean,0.3514,0.153515625,USDA_category_mean,0.3514,1.0472270588235293,USDA_category_mean,0.3514,72.53030303030303,USDA_category_mean,0.3514,0.284030888030888,USDA_category_mean,0.3514,4.861969111969112,USDA_category_mean,0.3514
tkpi_0925,"Ikan tempahas, segar","ikan tempahas, segar",TKPI,https://www.panganku.org/id-ID/view,Ikan/Kerang/Udang dll,ikan/kerang/udang dll,78.9,101.0,15.1,4.1,1.0,0.0,0.9,32.0,163.0,0.0,50.0,320.0,0.7,0.6,13.56,2.5699400000000003,7.218500000000001,,0.02,0.05,1.5,1.06,,per 100g,2026-07-01T04:14:08.471742Z,2026-07-01T04:14:08.471742Z,6,0.7391,,ikan tempahas,,not_matched,,,not_matched,,,not_matched,,,not_matched,,,not_matched,,,not_matched,
tkpi_0926,"Ikan terbang, segar (Flyingfishes, fresh)","ikan terbang, segar (flyingfishes, fresh)",TKPI,https://www.panganku.org/id-ID/view,Ikan/Kerang/Udang dll,ikan/kerang/udang dll,76.1,98.0,19.6,1.7,1.0,0.0,1.6,90.0,190.0,0.6,90.0,320.0,0.1,0.5,39.0,0.0,7.62894,,0.0,0.1,0.1,0.0,,per 100g,2026-07-01T04:14:08.471742Z,2026-07-01T04:14:08.471742Z,4,0.8261,,ikan terbang flyingfishes,,not_matched,,,not_matched,,,not_matched,,,not_matched,,,not_matched,,,not_matched,
tkpi_0927,"Ikan teri, segar (Anchovies, fresh)","ikan teri, segar (anchovies, fresh)",TKPI,https://www.panganku.org/id-ID/view,Ikan/Kerang/Udang dll,ikan/kerang/udang dll,80.0,74.0,10.3,1.4,4.1,0.0,4.2,972.0,253.0,3.9,554.0,126.1,305.2,0.2,13.0,0.0,28.0,,0.24,0.1,1.9,0.0,,per 100g,2026-07-01T04:14:08.471742Z,2026-07-01T04:14:08.471742Z,2,0.913,,ikan teri anchovies,,not_matched,,,not_matched,,,not_matched,,,not_matched,,,not_matched,,,not_matched,
tkpi_0928,"Ikan titang, segar (Spotted scat,fresh)","ikan titang, segar (spotted scat,fresh)",TKPI,https://www.panganku.org/id-ID/view,Ikan/Kerang/Udang dll,ikan/kerang/udang dll,78.8,82.0,17.4,0.4,2.3,0.0,1.1,145.0,130.0,1.8,110.0,275.0,0.1,0.8,581.0,98.49588,488.2232000000001,,0.64,0.03,1.5,8.5,,per 100g,2026-07-01T04:14:08.471742Z,2026-07-01T04:14:08.471742Z,5,0.7826,,ikan titang spotted scat,,not_matched,,,not_matched,,,not_matched,,,not_matched,,,not_matched,,,not_matched,
tkpi_0929,"Ikan tongkol, segar (Tuna, fresh)","ikan tongkol, segar (tuna, fresh)",TKPI,https://www.panganku.org/id-ID/view,Ikan/Kerang/Udang dll,ikan/kerang/udang dll,74.7,100.0,13.7,1.5,8.0,0.0,2.1,92.0,606.0,1.7,202.0,227.0,0.2,1.6,181.0,0.0,201.2452,,0.35,0.03,6.6,3.66,,per 100g,2026-07-01T04:14:08.471742Z,2026-07-01T04:14:08.471742Z,4,0.8261,,ikan tongkol tuna,39.17045454545455,USDA_category_mean,0.2844,0.153515625,USDA_category_mean,0.2844,1.0472270588235293,USDA_category_mean,0.2844,72.53030303030303,USDA_category_mean,0.2844,0.284030888030888,USDA_category_mean,0.2844,4.861969111969112,USDA_category_mean,0.2844
tkpi_0930,"Ikan turi, segar","ikan turi, segar",TKPI,https://www.panganku.org/id-ID/view,Ikan/Kerang/Udang dll,ikan/kerang/udang dll,76.9,96.0,19.2,2.0,0.2,0.002,2.1,340.0,340.0,0.8,370.0,300.0,0.1,2.0,26.0,495.42,453.02,,0.42499999999999993,0.25,1.71,2.9,,per 100g,2026-07-01T04:14:08.471742Z,2026-07-01T04:14:08.471742Z,9,0.6087,,ikan turi,,not_matched,,,not_matched,,,not_matched,,,not_matched,,,not_matched,,,not_matched,
tkpi_0931,"Keong, segar (Snail, fresh)","keong, segar (snail, fresh)",TKPI,https://www.panganku.org/id-ID/view,Ikan/Kerang/Udang dll,ikan/kerang/udang dll,81.0,64.0,12.0,1.0,2.0,0.0,4.0,217.0,78.0,1.7,231.0,259.78136000000006,0.37,0.1,0.0,244.0,347.14166,,0.2048,0.14359999999999998,2.1660000000000004,12.18,,per 100g,2026-07-01T04:14:08.471742Z,2026-07-01T04:14:08.471742Z,8,0.6522,,keong snail,250.0,USDA_direct_medium,0.5862,0.0,USDA_direct_medium,0.5862,0.361,USDA_direct_medium,0.5862,50.0,USDA_direct_medium,0.5862,0.13,USDA_direct_medium,0.5862,0.5,USDA_direct_medium,0.5862
tkpi_0932,"Kepiting, segar (Crab, fresh)","kepiting, segar (crab, fresh)",TKPI,https://www.panganku.org/id-ID/view,Ikan/Kerang/Udang dll,ikan/kerang/udang dll,68.1,151.0,13.8,3.8,14.1,0.0,0.2,210.0,250.0,1.1,236.79094,253.72999999999996,0.41,0.9180000000000001,61.0,1.1150000000000002,6.894199999999999,,0.05,0.09939999999999997,1.9080000000000001,0.0,,per 100g,2026-07-01T04:14:08.471742Z,2026-07-01T04:14:08.471742Z,10,0.5652,,kepiting crab,39.17045454545455,USDA_category_mean,0.3371,0.153515625,USDA_category_mean,0.3371,1.0472270588235293,USDA_category_mean,0.3371,72.53030303030303,USDA_category_mean,0.3371,0.284030888030888,USDA_category_mean,0.3371,4.861969111969112,USDA_category_mean,0.3371
tkpi_0933,"Kerang, segar","kerang, segar",TKPI,https://www.panganku.org/id-ID/view,Ikan/Kerang/Udang dll,ikan/kerang/udang dll,78.2,101.0,14.4,2.6,3.9,0.0,0.9,321.0,270.0,15.6,68.14476,271.3972,0.6673999999999998,1.348,0.0,9.984399999999999,0.0,,0.01,0.22220000000000006,3.827999999999999,0.0,,per 100g,2026-07-01T04:14:08.471742Z,2026-07-01T04:14:08.471742Z,9,0.6087,,kerang,,not_matched,,,not_matched,,,not_matched,,,not_matched,,,not_matched,,,not_matched,
tkpi_0934,"Kodok, segar (Frog, fresh)","kodok, segar (frog, fresh)",TKPI,https://www.panganku.org/id-ID/view,Ikan/Kerang/Udang dll,ikan/kerang/udang dll,81.9,73.0,16.4,0.3,0.0,0.0,1.4,18.0,147.0,1.1,83.17202000000002,278.7065,0.35739999999999994,1.2120000000000004,0.0,8.7798,3.6782,,0.14,0.1328,4.89,0.0,,per 100g,2026-07-01T04:14:08.471742Z,2026-07-01T04:14:08.471742Z,10,0.5652,,kodok frog,20.0,USDA_direct_medium,0.4673,0.0,USDA_direct_medium,0.4673,0.076,USDA_direct_medium,0.4673,50.0,USDA_direct_medium,0.4673,0.12,USDA_direct_medium,0.4673,0.4,USDA_direct_medium,0.4673
tkpi_0935,"Kura-kura, segar (Turtles, fresh)","kura-kura, segar (turtles, fresh)",TKPI,https://www.panganku.org/id-ID/view,Ikan/Kerang/Udang dll,ikan/kerang/udang dll,80.0,83.0,19.1,0.2,0.0,0.0,0.7,27.0,87.0,0.7,94.44,275.756,0.35839999999999983,0.9460000000000002,0.0,6.2960199999999995,11.67814,,0.2,0.12,2.985999999999999,0.0,,per 100g,2026-07-01T04:14:08.471742Z,2026-07-01T04:14:08.471742Z,10,0.5652,,kura kura turtles,,not_matched,,,not_matched,,,not_matched,,,not_matched,,,not_matched,,,not_matched,
tkpi_0936,"Kuro, segar (Threadfin, fresh)","kuro, segar (threadfin, fresh)",TKPI,https://www.panganku.org/id-ID/view,Ikan/Kerang/Udang dll,ikan/kerang/udang dll,79.9,87.0,16.0,2.2,1.0,0.0,0.9,75.0,136.0,1.0,74.39702,261.42711999999995,0.37499999999999994,0.676,6.0,2.72,0.0,,0.04,0.09239999999999997,1.8699999999999997,0.0,,per 100g,2026-07-01T04:14:08.471742Z,2026-07-01T04:14:08.471742Z,9,0.6087,,kuro threadfin,,not_matched,,,not_matched,,,not_matched,,,not_matched,,,not_matched,,,not_matched,
tkpi_0937,"Lokan, segar","lokan, segar",TKPI,https://www.panganku.org/id-ID/view,Ikan/Kerang/Udang dll,ikan/kerang/udang dll,80.9,217.0,11.0,1.7,5.1,0.42,1.3,20.0,390.0,10.9,3.0,7.0,0.2,2.7,492.62,397.43600000000004,610.2541600000001,,0.45,0.07,3.2719999999999994,15.18,,per 100g,2026-07-01T04:14:08.471742Z,2026-07-01T04:14:08.471742Z,8,0.6522,,lokan,,not_matched,,,not_matched,,,not_matched,,,not_matched,,,not_matched,,,not_matched,
tkpi_0938,"Rajungan, segar","rajungan, segar",TKPI,https://www.panganku.org/id-ID/view,Ikan/Kerang/Udang dll,ikan/kerang/udang dll,80.2,76.0,12.1,2.0,2.4,0.0,2.7,721.0,214.0,2.2,69.0,192.0,1.7,2.9,599.0,40.0,515.03224,,0.2,0.25,0.2,19.72,,per 100g,2026-07-01T04:14:08.471742Z,2026-07-01T04:14:08.471742Z,4,0.8261,,rajungan,,not_matched,,,not_matched,,,not_matched,,,not_matched,,,not_matched,,,not_matched,
tkpi_0939,"Rebon, udang kecil, segar","rebon, udang kecil, segar",TKPI,https://www.panganku.org/id-ID/view,Ikan/Kerang/Udang dll,ikan/kerang/udang dll,79.0,81.0,16.2,1.2,0.7,0.0,2.9,757.0,292.0,2.2,169.0,202.9,0.7,1.2,18.0,0.0,16.859479999999998,,0.04,0.1,2.4,0.0,,per 100g,2026-07-01T04:14:08.471742Z,2026-07-01T04:14:08.471742Z,3,0.8696,,rebon udang kecil,,not_matched,,,not_matched,,,not_matched,,,not_matched,,,not_matched,,,not_matched,
tkpi_0940,Rusip,rusip,TKPI,https://www.panganku.org/id-ID/view,Ikan/Kerang/Udang dll,ikan/kerang/udang dll,58.5,110.0,11.5,2.0,11.7,0.0,16.3,479.0,348.0,7.1,23.911659999999994,330.33200000000005,0.5440000000000002,1.9479999999999997,0.0,20.00968,0.0,,0.04,0.17459999999999995,3.286000000000001,0.0,,per 100g,2026-07-01T04:14:08.471742Z,2026-07-01T04:14:08.471742Z,9,0.6087,,rusip,,not_matched,,,not_matched,,,not_matched,,,not_matched,,,not_matched,,,not_matched,
tkpi_0941,"Udang galah, segar (Giant river prawn, fresh)","udang galah, segar (giant river prawn, fresh)",TKPI,https://www.panganku.org/id-ID/view,Ikan/Kerang/Udang dll,ikan/kerang/udang dll,79.0,81.0,16.5,0.3,3.0,0.0,1.2,87.0,167.0,0.7,95.0,132.0,0.7,1.2,16.935840000000002,3.0,31.35958,,0.24,0.03,2.9,2.8,,per 100g,2026-07-01T04:14:08.471742Z,2026-07-01T04:14:08.471742Z,5,0.7826,,udang galah giant river prawn,,not_matched,,,not_matched,,,not_matched,,,not_matched,,,not_matched,,,not_matched,
tkpi_0942,"Udang, besar, segar (Tiger prawn, fresh)","udang, besar, segar (tiger prawn, fresh)",TKPI,https://www.panganku.org/id-ID/view,Ikan/Kerang/Udang dll,ikan/kerang/udang dll,85.5,56.0,11.4,0.6,1.2,0.0,1.3,30.0,20.0,0.3,190.0,210.0,0.4,0.8,42.02,0.0,47.08886,,0.14,0.0,0.1,6.7,,per 100g,2026-07-01T04:14:08.471742Z,2026-07-01T04:14:08.471742Z,5,0.7826,,udang besar tiger prawn,,not_matched,,,not_matched,,,not_matched,,,not_matched,,,not_matched,,,not_matched,
tkpi_0943,"Udang, segar (Shrimp, fresh)","udang, segar (shrimp, fresh)",TKPI,https://www.panganku.org/id-ID/view,Ikan/Kerang/Udang dll,ikan/kerang/udang dll,75.0,91.0,21.0,0.2,0.1,0.0,3.7,136.0,170.0,8.0,178.0,222.4,0.3,1.3,18.0,4.0,34.78696,,0.01,0.4,3.7,0.0,,per 100g,2026-07-01T04:14:08.471742Z,2026-07-01T04:14:08.471742Z,3,0.8696,,udang shrimp,35.0,USDA_direct_medium,0.5446,,USDA_direct_medium,0.5446,0.101,USDA_direct_medium,0.5446,161.0,USDA_direct_medium,0.5446,,USDA_direct_medium,0.5446,,USDA_direct_medium,0.5446
tkpi_0944,"Bekicot, dendeng, mentah","bekicot, dendeng, mentah",TKPI,https://www.panganku.org/id-ID/view,Ikan/Kerang/Udang dll,ikan/kerang/udang dll,6.7,441.0,48.7,20.3,15.8,0.0,8.4,692.0,523.0,16.6,152.27228000000002,511.00692000000004,2.19166,7.825999999999999,6.0,95.22914,1.408,,0.56,1.143,23.412000000000003,69.0,,per 100g,2026-07-01T04:14:08.471742Z,2026-07-01T04:14:08.471742Z,9,0.6087,,bekicot dendeng,,not_matched,,,not_matched,,,not_matched,,,not_matched,,,not_matched,,,not_matched,
tkpi_0945,"Belut, goreng (Asian swamp eel, fresh)","belut, goreng (asian swamp eel, fresh)",TKPI,https://www.panganku.org/id-ID/view,Ikan/Kerang/Udang dll,ikan/kerang/udang dll,11.2,417.0,25.9,19.4,32.0,0.0,11.5,840.0,872.0,4.9,71.0,217.7,0.3,1.8,0.0,22.263999999999996,0.0,,0.0,0.2,10.5,0.0,,per 100g,2026-07-01T04:14:08.471742Z,2026-07-01T04:14:08.471742Z,3,0.8696,,belut asian swamp eel,39.17045454545455,USDA_category_mean,0.3337,0.153515625,USDA_category_mean,0.3337,1.0472270588235293,USDA_category_mean,0.3337,72.53030303030303,USDA_category_mean,0.3337,0.284030888030888,USDA_category_mean,0.3337,4.861969111969112,USDA_category_mean,0.3337
tkpi_0946,"Cumi-cumi, goreng (Squid, fried)","cumi-cumi, goreng (squid, fried)",TKPI,https://www.panganku.org/id-ID/view,Ikan/Kerang/Udang dll,ikan/kerang/udang dll,54.2,265.0,40.6,10.1,0.0,0.0,3.1,62.0,270.0,2.7,86.0,81.9,0.5808,3.262,0.0,56.0,0.0,,0.09,0.0,6.3,0.0,,per 100g,2026-07-01T04:14:08.471742Z,2026-07-01T04:14:08.471742Z,4,0.8261,,cumi cumi squid,39.17045454545455,USDA_category_mean,0.2925,0.153515625,USDA_category_mean,0.2925,1.0472270588235293,USDA_category_mean,0.2925,72.53030303030303,USDA_category_mean,0.2925,0.284030888030888,USDA_category_mean,0.2925,4.861969111969112,USDA_category_mean,0.2925
tkpi_0947,"Ikan asin, kering","ikan asin, kering",TKPI,https://www.panganku.org/id-ID/view,Ikan/Kerang/Udang dll,ikan/kerang/udang dll,40.0,193.0,42.0,1.5,0.0,0.0,16.5,200.0,300.0,0.0,358.38023999999996,339.00111999999996,1.2431999999999996,3.4840000000000004,89.24781999999999,99.08362000000001,188.63999999999996,,0.01,0.27519999999999994,2.457999999999999,0.0,,per 100g,2026-07-01T04:14:08.471742Z,2026-07-01T04:14:08.471742Z,11,0.5217,,ikan asin,,not_matched,,,not_matched,,,not_matched,,,not_matched,,,not_matched,,,not_matched,
tkpi_0948,"Ikan bandeng presto, masakan","ikan bandeng presto, masakan",TKPI,https://www.panganku.org/id-ID/view,Ikan/Kerang/Udang dll,ikan/kerang/udang dll,45.3,296.0,17.1,20.3,11.3,0.0,6.0,1.422,659.0,1.9,199.30718000000005,330.0440000000001,0.9033999999999999,4.3199999999999985,6.0,0.0,400.0,,0.14,0.7201999999999998,6.3039999999999985,69.0,,per 100g,2026-07-01T04:14:08.471742Z,2026-07-01T04:14:08.471742Z,8,0.6522,,ikan bandeng presto masakan,,not_matched,,,not_matched,,,not_matched,,,not_matched,,,not_matched,,,not_matched,
tkpi_0949,"Ikan baung bakar (Asian river catfish, fresh)","ikan baung bakar (asian river catfish, fresh)",TKPI,https://www.panganku.org/id-ID/view,Ikan/Kerang/Udang dll,ikan/kerang/udang dll,69.8,144.0,17.8,5.8,5.2,1.306,1.4,18.0,169.0,0.0,168.0,236.0,0.1,0.7,34.57092,1.2074799999999999,6.92232,,0.0,0.0,1.3,4.46,,per 100g,2026-07-01T04:14:08.471742Z,2026-07-01T04:14:08.471742Z,7,0.6957,,ikan baung bakar asian river catfish,39.17045454545455,USDA_category_mean,0.2186,0.153515625,USDA_category_mean,0.2186,1.0472270588235293,USDA_category_mean,0.2186,72.53030303030303,USDA_category_mean,0.2186,0.284030888030888,USDA_category_mean,0.2186,4.861969111969112,USDA_category_mean,0.2186
tkpi_0950,"Ikan Belida bakar (Indonesian featherback, fresh)","ikan belida bakar (indonesian featherback, fresh)",TKPI,https://www.panganku.org/id-ID/view,Ikan/Kerang/Udang dll,ikan/kerang/udang dll,68.2,128.0,18.0,3.0,7.2,0.0,3.6,58.0,134.0,0.0,293.0,198.0,0.1,0.4,224.00886,0.0,37.8572,,1.8,0.17,1.5,2.62,,per 100g,2026-07-01T04:14:08.471742Z,2026-07-01T04:14:08.471742Z,5,0.7826,,ikan belida bakar indonesian featherback,,not_matched,,,not_matched,,,not_matched,,,not_matched,,,not_matched,,,not_matched,
tkpi_0951,"Ikan cakalang asap, mentah (Skipjack tuna, fish,smoked, raw)","ikan cakalang asap, mentah (skipjack tuna, fish,smoked, raw)",TKPI,https://www.panganku.org/id-ID/view,Ikan/Kerang/Udang dll,ikan/kerang/udang dll,56.9,204.0,34.2,5.6,1.9,0.054000000000000006,1.4,14.0,399.0,1.3,176.0,588.0,0.3,0.7,1.546,30.82,67.97776,,0.53,0.07,4.198,0.52,,per 100g,2026-07-01T04:14:08.471742Z,2026-07-01T04:14:08.471742Z,7,0.6957,,ikan cakalang asap skipjack tuna fish,34.0,USDA_direct_high,0.6673,,USDA_direct_high,0.6673,0.328,USDA_direct_high,0.6673,47.0,USDA_direct_high,0.6673,0.85,USDA_direct_high,0.6673,1.9,USDA_direct_high,0.6673
tkpi_0952,"Ikan cakalang asin, mentah (Skipjack tuna,fish, salted, raw)","ikan cakalang asin, mentah (skipjack tuna,fish, salted, raw)",TKPI,https://www.panganku.org/id-ID/view,Ikan/Kerang/Udang dll,ikan/kerang/udang dll,41.7,198.0,36.5,2.2,5.5,0.0,14.1,236.0,346.0,3.7,4.304,302.1,0.7594,2.342,0.0,33.58,0.0,,0.06,0.26219999999999993,4.702,0.0,,per 100g,2026-07-01T04:14:08.471742Z,2026-07-01T04:14:08.471742Z,7,0.6957,,ikan cakalang asin skipjack tuna fish,34.0,USDA_direct_high,0.6734,,USDA_direct_high,0.6734,0.328,USDA_direct_high,0.6734,47.0,USDA_direct_high,0.6734,0.85,USDA_direct_high,0.6734,1.9,USDA_direct_high,0.6734
tkpi_0953,"Ikan calo/ peda, mentah","ikan calo/ peda, mentah",TKPI,https://www.panganku.org/id-ID/view,Ikan/Kerang/Udang dll,ikan/kerang/udang dll,71.3,81.0,11.4,1.9,3.8,0.0,11.6,743.0,174.0,22.6,333.58786,218.47152000000003,0.8148000000000002,1.8199999999999994,15.0,23.08282,0.0,,0.0,0.2734000000000001,3.6199999999999983,0.0,,per 100g,2026-07-01T04:14:08.471742Z,2026-07-01T04:14:08.471742Z,9,0.6087,,ikan calo peda,,not_matched,,,not_matched,,,not_matched,,,not_matched,,,not_matched,,,not_matched,
tkpi_0954,"Ikan Gabus asap, mentah (Asian snakehead, fish, smoked)","ikan gabus asap, mentah (asian snakehead, fish, smoked)",TKPI,https://www.panganku.org/id-ID/view,Ikan/Kerang/Udang dll,ikan/kerang/udang dll,26.4,261.0,38.1,2.3,21.9,0.0,11.3,2.51,1.84,2.9,320.0,410.0,0.4,0.8,114.0,151.78438,292.0371,,0.1,0.1,14.5,1.6,,per 100g,2026-07-01T04:14:08.471742Z,2026-07-01T04:14:08.471742Z,5,0.7826,,ikan gabus asap asian snakehead fish,,not_matched,,,not_matched,,,not_matched,,,not_matched,,,not_matched,,,not_matched,
tkpi_0955,"Ikan Gabus, kering (Asian snakehead, fish, dried)","ikan gabus, kering (asian snakehead, fish, dried)",TKPI,https://www.panganku.org/id-ID/view,Ikan/Kerang/Udang dll,ikan/kerang/udang dll,24.0,268.0,58.0,4.0,0.0,0.0,14.0,15.0,100.0,0.1,443.35661999999996,320.95164,1.4128,3.0660000000000003,30.0,224.42,321.82,,0.1,0.207,6.412000000000001,0.0,,per 100g,2026-07-01T04:14:08.471742Z,2026-07-01T04:14:08.471742Z,10,0.5652,,ikan gabus asian snakehead fish,,not_matched,,,not_matched,,,not_matched,,,not_matched,,,not_matched,,,not_matched,
tkpi_0956,"Ikan gete, goreng","ikan gete, goreng",TKPI,https://www.panganku.org/id-ID/view,Ikan/Kerang/Udang dll,ikan/kerang/udang dll,44.7,267.0,23.1,19.4,0.2,0.13799999999999998,12.6,2.34,1.24,0.8,590.0,440.0,0.1,1.9,168.9323,189.57872,350.57880000000006,,0.7808000000000006,0.36839999999999995,0.2,1.1,,per 100g,2026-07-01T04:14:08.471742Z,2026-07-01T04:14:08.471742Z,9,0.6087,,ikan gete,,not_matched,,,not_matched,,,not_matched,,,not_matched,,,not_matched,,,not_matched,
tkpi_0957,"Ikan hiu, kering (Shark, fish, dried)","ikan hiu, kering (shark, fish, dried)",TKPI,https://www.panganku.org/id-ID/view,Ikan/Kerang/Udang dll,ikan/kerang/udang dll,23.1,298.0,46.3,3.6,20.2,13.801999999999998,6.8,335.0,846.0,2.5,957.0,1.457,0.5,2.0,661.0,228.4151,547.88456,,0.84,0.11,22.5,25.98,,per 100g,2026-07-01T04:14:08.471742Z,2026-07-01T04:14:08.471742Z,6,0.7391,,ikan hiu shark fish,49.0,USDA_direct_medium,0.5374,0.0,USDA_direct_medium,0.5374,0.925,USDA_direct_medium,0.5374,51.0,USDA_direct_medium,0.5374,0.4,USDA_direct_medium,0.5374,1.49,USDA_direct_medium,0.5374
tkpi_0958,"Ikan katombo, asin (Pargy, fish, salted)","ikan katombo, asin (pargy, fish, salted)",TKPI,https://www.panganku.org/id-ID/view,Ikan/Kerang/Udang dll,ikan/kerang/udang dll,44.7,162.0,31.7,2.8,0.3,0.0,15.5,279.0,609.0,4.6,4.393,342.2,2.8,2.708,0.0,5.351800000000001,0.0,,0.09,0.22639999999999985,5.044,0.0,,per 100g,2026-07-01T04:14:08.471742Z,2026-07-01T04:14:08.471742Z,6,0.7391,,ikan katombo asin pargy fish,,not_matched,,,not_matched,,,not_matched,,,not_matched,,,not_matched,,,not_matched,
tkpi_0959,"Ikan kayu, kering","ikan kayu, kering",TKPI,https://www.panganku.org/id-ID/view,Ikan/Kerang/Udang dll,ikan/kerang/udang dll,23.1,302.0,70.7,1.9,0.4,0.0,3.9,313.0,22.0,4.1,345.0,1.045,10.203400000000002,1.8,197.1,258.0671,588.15264,,1.4,0.04,20.0,0.44,,per 100g,2026-07-01T04:14:08.471742Z,2026-07-01T04:14:08.471742Z,7,0.6957,,ikan kayu,,not_matched,,,not_matched,,,not_matched,,,not_matched,,,not_matched,,,not_matched,
tkpi_0960,Ikan Lais bakar,ikan lais bakar,TKPI,https://www.panganku.org/id-ID/view,Ikan/Kerang/Udang dll,ikan/kerang/udang dll,69.4,147.0,17.5,6.5,5.4,0.9319999999999999,1.2,54.0,194.0,0.1,142.0,209.0,0.16559999999999991,0.5,30.99076,0.62,6.592940000000001,,0.08620000000000003,0.056600000000000004,1.304,2.2,,per 100g,2026-07-01T04:14:08.471742Z,2026-07-01T04:14:08.471742Z,11,0.5217,,ikan lais bakar,,not_matched,,,not_matched,,,not_matched,,,not_matched,,,not_matched,,,not_matched,
tkpi_0961,"Ikan lomak asin, mentah","ikan lomak asin, mentah",TKPI,https://www.panganku.org/id-ID/view,Ikan/Kerang/Udang dll,ikan/kerang/udang dll,21.6,258.0,40.3,2.3,18.9,0.0,16.9,140.0,279.0,2.3,6.227,485.1,2.3,2.7140000000000004,1.77826,57.2,28.31906,,0.1,0.3,6.0,0.0,,per 100g,2026-07-01T04:14:08.471742Z,2026-07-01T04:14:08.471742Z,7,0.6957,,ikan lomak asin,,not_matched,,,not_matched,,,not_matched,,,not_matched,,,not_matched,,,not_matched,
tkpi_0962,Ikan Mas pepes,ikan mas pepes,TKPI,https://www.panganku.org/id-ID/view,Ikan/Kerang/Udang dll,ikan/kerang/udang dll,57.5,209.0,15.2,11.3,11.8,0.5,4.3,686.0,530.0,6.1,74.0,276.7,0.1,1.9,3.0,211.78,315.0,,0.13,0.1,2.4,0.0,,per 100g,2026-07-01T04:14:08.471742Z,2026-07-01T04:14:08.471742Z,3,0.8696,,ikan mas pepes,,not_matched,,,not_matched,,,not_matched,,,not_matched,,,not_matched,,,not_matched,
tkpi_0963,Ikan mujahir goreng,ikan mujahir goreng,TKPI,https://www.panganku.org/id-ID/view,Ikan/Kerang/Udang dll,ikan/kerang/udang dll,44.7,416.0,46.9,23.9,0.0,0.0,2.2,346.0,654.0,0.9,54.0,278.9,0.0,0.2,12.0,3.0,8.0,,0.12,0.1,2.2,0.0,,per 100g,2026-07-01T04:14:08.471742Z,2026-07-01T04:14:08.471742Z,2,0.913,,ikan mujahir,,not_matched,,,not_matched,,,not_matched,,,not_matched,,,not_matched,,,not_matched,
tkpi_0964,Ikan Mujahir pepes,ikan mujahir pepes,TKPI,https://www.panganku.org/id-ID/view,Ikan/Kerang/Udang dll,ikan/kerang/udang dll,73.7,121.0,21.7,2.8,0.8,0.0,1.0,83.0,248.0,1.6,58.0,265.8,0.0,0.3,8.0,4.01336,6.0,,0.0,0.1,1.9,0.0,,per 100g,2026-07-01T04:14:08.471742Z,2026-07-01T04:14:08.471742Z,3,0.8696,,ikan mujahir pepes,,not_matched,,,not_matched,,,not_matched,,,not_matched,,,not_matched,,,not_matched,
tkpi_0965,"Ikan mujahir, dendeng, mentah","ikan mujahir, dendeng, mentah",TKPI,https://www.panganku.org/id-ID/view,Ikan/Kerang/Udang dll,ikan/kerang/udang dll,15.2,582.0,68.3,15.2,37.2,0.0,14.1,3.258,1.699,4.3,471.5579,345.46686,17.109199999999998,4.2639999999999985,15.0,51.468,20.0,,0.27,0.28619999999999995,9.446000000000002,0.0,,per 100g,2026-07-01T04:14:08.471742Z,2026-07-01T04:14:08.471742Z,9,0.6087,,ikan mujahir dendeng,,not_matched,,,not_matched,,,not_matched,,,not_matched,,,not_matched,,,not_matched,
tkpi_0966,"Ikan Papuyu, bakar","ikan papuyu, bakar",TKPI,https://www.panganku.org/id-ID/view,Ikan/Kerang/Udang dll,ikan/kerang/udang dll,66.6,152.0,17.6,6.1,6.7,0.0,3.0,244.0,227.0,3.4,320.0,224.0,0.2,1.0,44.52,0.32606,27.813499999999998,,0.1056,0.12239999999999993,2.5159999999999996,0.12,,per 100g,2026-07-01T04:14:08.471742Z,2026-07-01T04:14:08.471742Z,9,0.6087,,ikan papuyu bakar,,not_matched,,,not_matched,,,not_matched,,,not_matched,,,not_matched,,,not_matched,
tkpi_0967,"Ikan Patin, bakar","ikan patin, bakar",TKPI,https://www.panganku.org/id-ID/view,Ikan/Kerang/Udang dll,ikan/kerang/udang dll,70.3,144.0,17.5,6.3,4.3,0.026000000000000002,1.6,191.0,232.0,1.4,379.0,230.0,0.1,0.7,170.76,457.74,485.06919999999997,,0.3440000000000001,0.14839999999999998,2.0820000000000003,1.12,,per 100g,2026-07-01T04:14:08.471742Z,2026-07-01T04:14:08.471742Z,10,0.5652,,ikan patin bakar,,not_matched,,,not_matched,,,not_matched,,,not_matched,,,not_matched,,,not_matched,
tkpi_0968,"Ikan peda banjar, mentah","ikan peda banjar, mentah",TKPI,https://www.panganku.org/id-ID/view,Ikan/Kerang/Udang dll,ikan/kerang/udang dll,46.0,156.0,28.0,4.0,2.0,0.0,20.0,174.0,316.0,3.1,59.0,368.8,0.0,0.5,33.0,4.0,15.4014,,0.1,0.1,4.7,0.12,,per 100g,2026-07-01T04:14:08.471742Z,2026-07-01T04:14:08.471742Z,4,0.8261,,ikan peda banjar,,not_matched,,,not_matched,,,not_matched,,,not_matched,,,not_matched,,,not_matched,
tkpi_0969,"Ikan pepetek, mentah (Ponyfish, fresh)","ikan pepetek, mentah (ponyfish, fresh)",TKPI,https://www.panganku.org/id-ID/view,Ikan/Kerang/Udang dll,ikan/kerang/udang dll,33.0,176.0,32.0,4.4,2.0,0.0,28.6,120.0,200.0,1.0,79.0,1.0,62.17119999999999,2.3720000000000003,15.0,270.688,579.71862,,0.05,0.1,2.4,0.0,,per 100g,2026-07-01T04:14:08.471742Z,2026-07-01T04:14:08.471742Z,6,0.7391,,ikan pepetek ponyfish,,not_matched,,,not_matched,,,not_matched,,,not_matched,,,not_matched,,,not_matched,
tkpi_0970,"Ikan Pindang banjar, mentah","ikan pindang banjar, mentah",TKPI,https://www.panganku.org/id-ID/view,Ikan/Kerang/Udang dll,ikan/kerang/udang dll,59.0,157.0,28.0,4.2,1.8,0.0,7.0,50.0,100.0,1.0,298.29094000000003,238.67999999999995,0.2805999999999999,1.1340000000000001,45.0,0.32838,14.467540000000001,,0.1,0.12079999999999994,2.3079999999999994,0.0,,per 100g,2026-07-01T04:14:08.471742Z,2026-07-01T04:14:08.471742Z,10,0.5652,,ikan pindang banjar,,not_matched,,,not_matched,,,not_matched,,,not_matched,,,not_matched,,,not_matched,
tkpi_0971,"Ikan Pindang benggol, mentah","ikan pindang benggol, mentah",TKPI,https://www.panganku.org/id-ID/view,Ikan/Kerang/Udang dll,ikan/kerang/udang dll,57.0,170.0,31.0,4.2,0.0,0.0,7.8,50.0,100.0,1.0,348.04,249.85983999999996,0.3257999999999999,1.8940000000000003,45.0,0.8824599999999999,25.176040000000004,,0.1,0.18419999999999995,11.032000000000005,0.0,,per 100g,2026-07-01T04:14:08.471742Z,2026-07-01T04:14:08.471742Z,10,0.5652,,ikan pindang benggol,,not_matched,,,not_matched,,,not_matched,,,not_matched,,,not_matched,,,not_matched,
tkpi_0972,"Ikan Pindang layang, mentah","ikan pindang layang, mentah",TKPI,https://www.panganku.org/id-ID/view,Ikan/Kerang/Udang dll,ikan/kerang/udang dll,60.0,153.0,30.0,2.8,0.0,0.0,7.2,60.0,200.0,3.0,333.56,263.67763999999994,0.3011999999999999,1.554,61.0,1.4852,28.721239999999998,,0.07,0.13439999999999996,2.5839999999999996,0.0,,per 100g,2026-07-01T04:14:08.471742Z,2026-07-01T04:14:08.471742Z,10,0.5652,,ikan pindang layang,,not_matched,,,not_matched,,,not_matched,,,not_matched,,,not_matched,,,not_matched,
tkpi_0973,"Ikan Pindang selar, mentah","ikan pindang selar, mentah",TKPI,https://www.panganku.org/id-ID/view,Ikan/Kerang/Udang dll,ikan/kerang/udang dll,60.0,142.0,27.0,3.0,0.0,0.0,10.0,60.0,200.0,3.0,336.66,275.34319999999997,0.24559999999999993,1.422,61.0,1.48,28.56604,,0.07,0.15519999999999992,3.2159999999999993,0.0,,per 100g,2026-07-01T04:14:08.471742Z,2026-07-01T04:14:08.471742Z,10,0.5652,,ikan pindang selar,,not_matched,,,not_matched,,,not_matched,,,not_matched,,,not_matched,,,not_matched,
tkpi_0974,"Ikan sale, mentah","ikan sale, mentah",TKPI,https://www.panganku.org/id-ID/view,Ikan/Kerang/Udang dll,ikan/kerang/udang dll,8.5,534.0,40.2,39.3,4.9,2.0,7.1,199.0,1.244,2.7,673.0,673.0,0.3,2.6,111.88256,410.0,0.0,,0.02,0.5,0.0,0.0,,per 100g,2026-07-01T04:14:08.471742Z,2026-07-01T04:14:08.471742Z,3,0.8696,,ikan sale,,not_matched,,,not_matched,,,not_matched,,,not_matched,,,not_matched,,,not_matched,
tkpi_0975,"Ikan sale lais, mentah (Sheatfish)","ikan sale lais, mentah (sheatfish)",TKPI,https://www.panganku.org/id-ID/view,Ikan/Kerang/Udang dll,ikan/kerang/udang dll,12.4,415.0,61.3,17.6,2.9,0.0,5.8,258.0,919.0,7.0,381.0,488.0,17.6,1.0,0.0,70.0865,0.0,,0.03,0.1,17.3,0.0,,per 100g,2026-07-01T04:14:08.471742Z,2026-07-01T04:14:08.471742Z,3,0.8696,,ikan sale lais sheatfish,,not_matched,,,not_matched,,,not_matched,,,not_matched,,,not_matched,,,not_matched,
tkpi_0976,"Ikan saluang, kering, mentah (Rasborafish)","ikan saluang, kering, mentah (rasborafish)",TKPI,https://www.panganku.org/id-ID/view,Ikan/Kerang/Udang dll,ikan/kerang/udang dll,33.6,284.0,34.1,9.9,14.6,0.0,7.8,1.426,1.103,9.5,1.767,263.0,1.3,18.7,116.54700000000001,249.8391,413.18784,,0.49,0.03,16.492000000000004,4.68,,per 100g,2026-07-01T04:14:08.471742Z,2026-07-01T04:14:08.471742Z,7,0.6957,,ikan saluang rasborafish,,not_matched,,,not_matched,,,not_matched,,,not_matched,,,not_matched,,,not_matched,
tkpi_0977,"Ikan sanggang, masakan","ikan sanggang, masakan",TKPI,https://www.panganku.org/id-ID/view,Ikan/Kerang/Udang dll,ikan/kerang/udang dll,42.6,240.0,21.7,7.7,20.7,17.438,7.3,159.0,362.0,9.8,2.041,159.0,1.5,8.8,612.4,144.2488,590.15064,,0.51,0.02,7.02,12.32,,per 100g,2026-07-01T04:14:08.471742Z,2026-07-01T04:14:08.471742Z,8,0.6522,,ikan sanggang masakan,,not_matched,,,not_matched,,,not_matched,,,not_matched,,,not_matched,,,not_matched,
tkpi_0978,"Ikan selar kuning, cue, mentah (Black-banded trevally)","ikan selar kuning, cue, mentah (black-banded trevally)",TKPI,https://www.panganku.org/id-ID/view,Ikan/Kerang/Udang dll,ikan/kerang/udang dll,59.0,138.0,27.0,3.3,0.0,0.0,0.7,50.0,100.0,2.0,253.74,247.90999999999997,0.3275999999999999,0.956,45.0,0.2444,17.305280000000003,,0.1,0.10599999999999996,1.8079999999999998,0.0,,per 100g,2026-07-01T04:14:08.471742Z,2026-07-01T04:14:08.471742Z,10,0.5652,,ikan selar kuning cue black banded trevally,,not_matched,,,not_matched,,,not_matched,,,not_matched,,,not_matched,,,not_matched,
tkpi_0979,"Ikan selar, kering, mentah (Trevally yellow-banded)","ikan selar, kering, mentah (trevally yellow-banded)",TKPI,https://www.panganku.org/id-ID/view,Ikan/Kerang/Udang dll,ikan/kerang/udang dll,43.0,194.0,38.0,3.5,0.0,0.0,15.5,20.0,200.0,1.0,140.51649999999998,260.46514,0.389,2.1260000000000003,0.0,0.0,33.6,,0.01,0.11539999999999999,7.551999999999998,0.0,,per 100g,2026-07-01T04:14:08.471742Z,2026-07-01T04:14:08.471742Z,9,0.6087,,ikan selar trevally yellow banded,,not_matched,,,not_matched,,,not_matched,,,not_matched,,,not_matched,,,not_matched,
tkpi_0980,"Ikan sepat, kering, mentah (Siamese gourami)","ikan sepat, kering, mentah (siamese gourami)",TKPI,https://www.panganku.org/id-ID/view,Ikan/Kerang/Udang dll,ikan/kerang/udang dll,30.0,289.0,38.0,14.0,0.0,0.0,18.0,40.0,100.0,0.7,153.00302,260.09312,0.6847999999999999,3.2200000000000006,0.0,0.0,46.18600000000001,,0.0,0.20619999999999997,4.374,0.0,,per 100g,2026-07-01T04:14:08.471742Z,2026-07-01T04:14:08.471742Z,9,0.6087,,ikan sepat siamese gourami,,not_matched,,,not_matched,,,not_matched,,,not_matched,,,not_matched,,,not_matched,
tkpi_0981,"Ikan sunu, asin, mentah (Coral trout)","ikan sunu, asin, mentah (coral trout)",TKPI,https://www.panganku.org/id-ID/view,Ikan/Kerang/Udang dll,ikan/kerang/udang dll,34.7,199.0,34.1,3.8,7.1,1.4239999999999997,20.3,94.0,92.0,2.2,377.0,57.0,0.1,3.2,2.481,25.53334,45.1364,,1.5,0.13,7.2,0.76,,per 100g,2026-07-01T04:14:08.471742Z,2026-07-01T04:14:08.471742Z,6,0.7391,,ikan sunu asin coral trout,39.17045454545455,USDA_category_mean,0.3087,0.153515625,USDA_category_mean,0.3087,1.0472270588235293,USDA_category_mean,0.3087,72.53030303030303,USDA_category_mean,0.3087,0.284030888030888,USDA_category_mean,0.3087,4.861969111969112,USDA_category_mean,0.3087
tkpi_0982,"Ikan, tepung, mentah","ikan, tepung, mentah",TKPI,https://www.panganku.org/id-ID/view,Ikan/Kerang/Udang dll,ikan/kerang/udang dll,4.3,316.0,60.1,6.5,22.4,0.0,6.7,3.196,1.976,16.6,346.74983999999995,260.42350000000005,1.9310000000000003,4.445999999999999,320.0,0.0,0.0,,0.0,0.36399999999999993,6.842000000000001,0.0,,per 100g,2026-07-01T04:14:08.471742Z,2026-07-01T04:14:08.471742Z,8,0.6522,,ikan tepung,,not_matched,,,not_matched,,,not_matched,,,not_matched,,,not_matched,,,not_matched,
tkpi_0983,"Ikan Teri nasi, kering, mentah","ikan teri nasi, kering, mentah",TKPI,https://www.panganku.org/id-ID/view,Ikan/Kerang/Udang dll,ikan/kerang/udang dll,34.5,144.0,32.5,0.6,0.0,0.0,32.4,1.0,1.0,3.0,312.0,262.5192400000001,1.1587999999999992,9.338,61.0,313.36362,505.48,,0.1,0.49620000000000014,12.212000000000003,0.0,,per 100g,2026-07-01T04:14:08.471742Z,2026-07-01T04:14:08.471742Z,9,0.6087,,ikan teri nasi,,not_matched,,,not_matched,,,not_matched,,,not_matched,,,not_matched,,,not_matched,
tkpi_0984,"Ikan Teri, bubuk, mentah","ikan teri, bubuk, mentah",TKPI,https://www.panganku.org/id-ID/view,Ikan/Kerang/Udang dll,ikan/kerang/udang dll,15.0,277.0,60.0,2.3,1.8,0.0,20.9,1.209,1.225,3.0,419.27259999999995,272.8022800000001,1.8334000000000001,4.944,90.0,303.88362,450.48,,0.1,0.358,9.920000000000003,0.0,,per 100g,2026-07-01T04:14:08.471742Z,2026-07-01T04:14:08.471742Z,10,0.5652,,ikan teri bubuk,,not_matched,,,not_matched,,,not_matched,,,not_matched,,,not_matched,,,not_matched,
tkpi_0985,"Ikan teri, kering, mentah (Anchovy)","ikan teri, kering, mentah (anchovy)",TKPI,https://www.panganku.org/id-ID/view,Ikan/Kerang/Udang dll,ikan/kerang/udang dll,37.8,170.0,33.4,3.0,0.0,0.0,25.8,1.2,1.5,3.6,388.40052,250.10091999999997,0.7765999999999997,4.898,64.0,294.38362,468.56,,0.15,0.33,10.164000000000001,0.0,,per 100g,2026-07-01T04:14:08.471742Z,2026-07-01T04:14:08.471742Z,10,0.5652,,ikan teri anchovy,41.0,USDA_direct_medium,0.5052,0.0,USDA_direct_medium,0.5052,1.282,USDA_direct_medium,0.5052,60.0,USDA_direct_medium,0.5052,0.143,USDA_direct_medium,0.5052,0.62,USDA_direct_medium,0.5052
tkpi_0986,"Ikan Teri, kering, tawar, mentah","ikan teri, kering, tawar, mentah",TKPI,https://www.panganku.org/id-ID/view,Ikan/Kerang/Udang dll,ikan/kerang/udang dll,16.7,331.0,68.7,4.2,0.0,0.0,10.4,2.381,1.5,23.4,392.52538,253.19328,2.096,9.187999999999999,61.0,349.62,438.68,,0.1,0.7284000000000002,9.728000000000002,0.0,,per 100g,2026-07-01T04:14:08.471742Z,2026-07-01T04:14:08.471742Z,10,0.5652,,ikan teri tawar,,not_matched,,,not_matched,,,not_matched,,,not_matched,,,not_matched,,,not_matched,
tkpi_0987,"Ikan Teri, tepung, mentah","ikan teri, tepung, mentah",TKPI,https://www.panganku.org/id-ID/view,Ikan/Kerang/Udang dll,ikan/kerang/udang dll,5.2,347.0,48.8,6.4,19.6,0.0,20.0,4.608,1.2,18.6,379.22509999999994,294.49362,1.6180599999999996,5.369999999999997,61.0,0.0,130.0,,1.12,0.4832000000000001,11.676000000000004,0.0,,per 100g,2026-07-01T04:14:08.471742Z,2026-07-01T04:14:08.471742Z,8,0.6522,,ikan teri tepung,,not_matched,,,not_matched,,,not_matched,,,not_matched,,,not_matched,,,not_matched,
tkpi_0988,"Kerang, asap, mentah","kerang, asap, mentah",TKPI,https://www.panganku.org/id-ID/view,Ikan/Kerang/Udang dll,ikan/kerang/udang dll,9.3,393.0,38.9,13.3,29.4,15.286000000000001,9.1,420.0,410.0,8.5,160.0,50.0,0.6,3.7,611.7,289.2924,542.0,,0.3,1.7,0.2,77.16,,per 100g,2026-07-01T04:14:08.471742Z,2026-07-01T04:14:08.471742Z,7,0.6957,,kerang asap,,not_matched,,,not_matched,,,not_matched,,,not_matched,,,not_matched,,,not_matched,
tkpi_0989,"Kerang, dendeng, mentah","kerang, dendeng, mentah",TKPI,https://www.panganku.org/id-ID/view,Ikan/Kerang/Udang dll,ikan/kerang/udang dll,18.3,357.0,41.1,10.0,25.6,0.0,5.0,217.0,904.0,5.2,106.3891,430.50212,7.9694,2.946,0.0,179.38,329.0,,0.27,0.21579999999999985,11.434000000000003,0.0,,per 100g,2026-07-01T04:14:08.471742Z,2026-07-01T04:14:08.471742Z,9,0.6087,,kerang dendeng,,not_matched,,,not_matched,,,not_matched,,,not_matched,,,not_matched,,,not_matched,
tkpi_0990,"Rebon, kering, mentah","rebon, kering, mentah",TKPI,https://www.panganku.org/id-ID/view,Ikan/Kerang/Udang dll,ikan/kerang/udang dll,21.6,299.0,59.4,3.6,3.2,0.0,12.2,2.306,625.0,21.4,344.6608,365.60104,10.2086,4.561999999999999,0.0,0.0,59.24518,,0.06,0.26080000000000003,8.962000000000002,0.0,,per 100g,2026-07-01T04:14:08.471742Z,2026-07-01T04:14:08.471742Z,9,0.6087,,rebon,,not_matched,,,not_matched,,,not_matched,,,not_matched,,,not_matched,,,not_matched,
tkpi_0991,"Rebung laut, mentah","rebung laut, mentah",TKPI,https://www.panganku.org/id-ID/view,Ikan/Kerang/Udang dll,ikan/kerang/udang dll,18.2,320.0,7.2,4.2,63.3,20.266,7.1,240.0,570.0,6.6,20.0,1.04,1.5,6.2,917.0,276.4724,534.32854,,0.0,0.0,4.9,19.9,,per 100g,2026-07-01T04:14:08.471742Z,2026-07-01T04:14:08.471742Z,6,0.7391,,rebung laut,,not_matched,,,not_matched,,,not_matched,,,not_matched,,,not_matched,,,not_matched,
tkpi_0992,Sardines dalam kaleng,sardines dalam kaleng,TKPI,https://www.panganku.org/id-ID/view,Ikan/Kerang/Udang dll,ikan/kerang/udang dll,47.1,338.0,21.1,27.0,1.0,0.0,3.8,354.0,434.0,3.5,302.78622,232.86834000000002,0.3942,2.2540000000000004,76.0,0.0,47.20130000000003,,0.1,0.2674000000000001,1.54,0.0,,per 100g,2026-07-01T04:14:08.471742Z,2026-07-01T04:14:08.471742Z,9,0.6087,,sardines dalam kaleng,,not_matched,,,not_matched,,,not_matched,,,not_matched,,,not_matched,,,not_matched,
tkpi_0993,"Teripang, dendeng, mentah","teripang, dendeng, mentah",TKPI,https://www.panganku.org/id-ID/view,Ikan/Kerang/Udang dll,ikan/kerang/udang dll,12.5,462.0,39.1,32.4,3.5,0.0,12.5,499.0,616.0,96.4,315.0,402.5,1.7498399999999998,4.500000000000001,2.0,0.0,144.0,,1.37,0.0,5.3,0.0,,per 100g,2026-07-01T04:14:08.471742Z,2026-07-01T04:14:08.471742Z,4,0.8261,,teripang dendeng,,not_matched,,,not_matched,,,not_matched,,,not_matched,,,not_matched,,,not_matched,
tkpi_0994,"Udang kering, mentah","udang kering, mentah",TKPI,https://www.panganku.org/id-ID/view,Ikan/Kerang/Udang dll,ikan/kerang/udang dll,14.9,278.0,62.6,4.1,2.2,0.10400000000000001,16.2,760.0,510.0,5.2,540.0,360.0,2.4,3.2,39.0,57.42,70.20236000000001,,0.3655999999999999,0.22559999999999988,0.1,0.94,,per 100g,2026-07-01T04:14:08.471742Z,2026-07-01T04:14:08.471742Z,8,0.6522,,udang,,not_matched,,,not_matched,,,not_matched,,,not_matched,,,not_matched,,,not_matched,
tkpi_0995,"Udang papay, mentah","udang papay, mentah",TKPI,https://www.panganku.org/id-ID/view,Ikan/Kerang/Udang dll,ikan/kerang/udang dll,24.5,273.0,47.8,3.8,12.5,23.778,11.5,1.109,789.0,2.4,651.0,802.0,2.6,10.8,388.81642,131.37434000000002,237.54287999999997,,0.7241999999999998,1.0680000000000005,21.434,52.58,,per 100g,2026-07-01T04:14:08.471742Z,2026-07-01T04:14:08.471742Z,10,0.5652,,udang papay,,not_matched,,,not_matched,,,not_matched,,,not_matched,,,not_matched,,,not_matched,
tkpi_0996,Abon ikan,abon ikan,TKPI,https://www.panganku.org/id-ID/view,Ikan/Kerang/Udang dll,ikan/kerang/udang dll,6.4,435.0,27.2,20.2,36.1,5.7379999999999995,10.1,236.38378,548.624,13.922000000000002,298.23566,382.1143600000001,1.9246599999999998,5.388000000000001,135.65016,46.811040000000006,52.00894,,0.36219999999999997,0.8,24.3,45.02,,per 100g,2026-07-01T04:14:08.471742Z,2026-07-01T04:14:08.471742Z,15,0.3478,,abon ikan,,not_matched,,,not_matched,,,not_matched,,,not_matched,,,not_matched,,,not_matched,
tkpi_0997,"Betok wadi, masakan (Climbing gouramy)","betok wadi, masakan (climbing gouramy)",TKPI,https://www.panganku.org/id-ID/view,Ikan/Kerang/Udang dll,ikan/kerang/udang dll,69.2,145.0,16.3,7.0,4.1,0.0,3.4,405.0,523.0,1.8,69.0,203.0,1.0,1.3,20.39908,16.29052,33.76664,,0.22,0.11599999999999991,2.1760000000000006,2.08,,per 100g,2026-07-01T04:14:08.471742Z,2026-07-01T04:14:08.471742Z,9,0.6087,"Ikan betok yang dibersihkan lalu difermentasi dengan garam dalam wadah beling, setalah itu dimasak sesuai selera, digoreng atau disayur.",betok wadi masakan climbing gouramy,,not_matched,,,not_matched,,,not_matched,,,not_matched,,,not_matched,,,not_matched,
tkpi_0998,"Bou ninahu ndamate, masakan","bou ninahu ndamate, masakan",TKPI,https://www.panganku.org/id-ID/view,Ikan/Kerang/Udang dll,ikan/kerang/udang dll,79.5,79.0,6.3,1.0,1.1,1.5239999999999998,2.1,362.94496,175.88,8.234,67.0,163.36499999999998,11.661000000000003,4.619999999999997,691.0,335.90782,495.46584,,0.1,0.0,0.1,36.62,,per 100g,2026-07-01T04:14:08.471742Z,2026-07-01T04:14:08.471742Z,12,0.4783,Ikan gabus segar dimasak dengan tomat (Sup gabus),bou ninahu ndamate masakan,,not_matched,,,not_matched,,,not_matched,,,not_matched,,,not_matched,,,not_matched,
tkpi_0999,"Bouiki ninahu nggaluku, masakan","bouiki ninahu nggaluku, masakan",TKPI,https://www.panganku.org/id-ID/view,Ikan/Kerang/Udang dll,ikan/kerang/udang dll,73.9,94.0,7.8,2.2,10.8,4.1160000000000005,5.3,178.46991999999997,191.6,7.081999999999999,58.0,179.4,0.44480000000000003,1.5,9.38472,20.3329,41.15263999999999,,0.5,0.03,2.4,25.96,,per 100g,2026-07-01T04:14:08.471742Z,2026-07-01T04:14:08.471742Z,11,0.5217,Keong sawah / tutut dimasak dengan santan,bouiki ninahu nggaluku masakan,,not_matched,,,not_matched,,,not_matched,,,not_matched,,,not_matched,,,not_matched,
tkpi_1000,Cakalang asar (asap),cakalang asar (asap),TKPI,https://www.panganku.org/id-ID/view,Ikan/Kerang/Udang dll,ikan/kerang/udang dll,64.3,155.0,20.1,3.8,10.2,2.822000000000001,1.6,20.0,240.0,2.1,90.0,390.0,0.3,0.1,86.0,41.18,173.87169999999998,,0.4760000000000001,0.7,0.2,3.56,,per 100g,2026-07-01T04:14:08.471742Z,2026-07-01T04:14:08.471742Z,7,0.6957,,cakalang asar asap,,not_matched,,,not_matched,,,not_matched,,,not_matched,,,not_matched,,,not_matched,
tkpi_1001,"Dendeng belut, goreng, masakan","dendeng belut, goreng, masakan",TKPI,https://www.panganku.org/id-ID/view,Ikan/Kerang/Udang dll,ikan/kerang/udang dll,8.2,382.0,55.7,14.1,8.0,0.0,14.0,1.069,654.0,15.4,517.56,446.48092000000014,1.94506,4.829999999999999,28.0,39.536,1.48,,0.48,0.3974,8.474000000000004,0.0,,per 100g,2026-07-01T04:14:08.471742Z,2026-07-01T04:14:08.471742Z,9,0.6087,,dendeng belut masakan,,not_matched,,,not_matched,,,not_matched,,,not_matched,,,not_matched,,,not_matched,
tkpi_1002,"Dendeng mujahir, goreng, masakan","dendeng mujahir, goreng, masakan",TKPI,https://www.panganku.org/id-ID/view,Ikan/Kerang/Udang dll,ikan/kerang/udang dll,6.5,598.0,74.3,26.9,9.2,0.0,13.1,1.957,1.447,7.4,425.80550000000005,388.12886,21.08939999999999,4.335999999999999,18.0,58.84606000000001,25.0,,0.19,0.31659999999999994,11.636000000000003,0.0,,per 100g,2026-07-01T04:14:08.471742Z,2026-07-01T04:14:08.471742Z,9,0.6087,,dendeng mujahir masakan,,not_matched,,,not_matched,,,not_matched,,,not_matched,,,not_matched,,,not_matched,
tkpi_1003,Fillet o-fish,fillet o-fish,TKPI,https://www.panganku.org/id-ID/view,Ikan/Kerang/Udang dll,ikan/kerang/udang dll,51.0,270.0,12.3,15.9,19.3,0.2,1.5,239.0,272.0,1.8,439.0,147.1319,0.34019999999999995,1.3460000000000008,34.0,376.28,580.0,,0.59,0.20400000000000007,2.7220000000000004,0.0,,per 100g,2026-07-01T04:14:08.471742Z,2026-07-01T04:14:08.471742Z,8,0.6522,,fillet fish,,not_matched,,,not_matched,,,not_matched,,,not_matched,,,not_matched,,,not_matched,
tkpi_1004,"Gete kuah asam, masakan","gete kuah asam, masakan",TKPI,https://www.panganku.org/id-ID/view,Ikan/Kerang/Udang dll,ikan/kerang/udang dll,80.1,75.0,8.2,2.0,6.0,2.7080000000000006,3.8,1.62,880.0,0.8,260.0,150.0,0.1,1.5,499.8,399.21398,567.74,,0.6899999999999998,0.22179999999999991,0.1,16.6,,per 100g,2026-07-01T04:14:08.471742Z,2026-07-01T04:14:08.471742Z,9,0.6087,,gete kuah asam masakan,,not_matched,,,not_matched,,,not_matched,,,not_matched,,,not_matched,,,not_matched,
tkpi_1005,"Gulai asam keueung, masakan","gulai asam keueung, masakan",TKPI,https://www.panganku.org/id-ID/view,Ikan/Kerang/Udang dll,ikan/kerang/udang dll,86.0,52.0,10.0,0.5,1.8,1.0900000000000003,1.7,62.0,102.0,0.3,332.0,141.0,0.0,1.0,252.86,389.93168,602.4664,,0.18,0.34,2.9419999999999997,25.28,,per 100g,2026-07-01T04:14:08.471742Z,2026-07-01T04:14:08.471742Z,8,0.6522,"Ikan yang dimasak dengan asam kanti, biasanya ikan kakap, ikan bandeng, tongkol, patin, dan kembung",gulai asam keueung masakan,,not_matched,,,not_matched,,,not_matched,,,not_matched,,,not_matched,,,not_matched,
tkpi_1006,"Gulai ikan, masakan","gulai ikan, masakan",TKPI,https://www.panganku.org/id-ID/view,Ikan/Kerang/Udang dll,ikan/kerang/udang dll,75.7,106.0,16.5,3.3,2.5,0.4040000000000001,2.0,306.0,196.0,4.8,743.0,235.43716000000003,0.3581999999999999,1.3020000000000003,86.0,38.68978,2.76,,0.32,0.22460000000000002,3.744,0.0,,per 100g,2026-07-01T04:14:08.471742Z,2026-07-01T04:14:08.471742Z,9,0.6087,,gulai ikan masakan,,not_matched,,,not_matched,,,not_matched,,,not_matched,,,not_matched,,,not_matched,
tkpi_1007,"Gulai ikan paya, masakan","gulai ikan paya, masakan",TKPI,https://www.panganku.org/id-ID/view,Ikan/Kerang/Udang dll,ikan/kerang/udang dll,72.1,148.0,10.0,9.8,5.0,0.5780000000000001,3.1,103.0,82.0,0.7,525.0,256.0,0.1,0.9,82.70962,0.7662,7.7811400000000015,,0.26,0.02,0.9520000000000006,2.48,,per 100g,2026-07-01T04:14:08.471742Z,2026-07-01T04:14:08.471742Z,8,0.6522,,gulai ikan paya masakan,,not_matched,,,not_matched,,,not_matched,,,not_matched,,,not_matched,,,not_matched,
tkpi_1008,"Gulai keumamah, masakan","gulai keumamah, masakan",TKPI,https://www.panganku.org/id-ID/view,Ikan/Kerang/Udang dll,ikan/kerang/udang dll,81.4,110.0,5.9,8.2,3.2,0.25799999999999995,1.3,32.0,96.0,1.0,335.0,121.0,0.2,0.9,78.96054,7.035839999999999,5.29174,,0.33,0.04,1.1320000000000003,1.5,,per 100g,2026-07-01T04:14:08.471742Z,2026-07-01T04:14:08.471742Z,8,0.6522,"Keumamah atau katshibushi atau ikan kayu (jenis ikan: tongkol/tuna/cakalang). Ikan direbus, dikeringkan beberapa hari hingga mengeras, lalu diiris kecil-kecil. Keumamah dimasak dengan santan",gulai keumamah masakan,,not_matched,,,not_matched,,,not_matched,,,not_matched,,,not_matched,,,not_matched,
tkpi_1009,"Gulai tiram, masakan","gulai tiram, masakan",TKPI,https://www.panganku.org/id-ID/view,Ikan/Kerang/Udang dll,ikan/kerang/udang dll,73.1,132.0,9.0,7.2,7.8,2.7800000000000007,2.9,53.0,134.0,3.7,285.0,133.0,1.1,0.7,389.0,374.5471,664.00784,,0.29,0.12,2.9479999999999995,5.68,,per 100g,2026-07-01T04:14:08.471742Z,2026-07-01T04:14:08.471742Z,7,0.6957,,gulai tiram masakan,,not_matched,,,not_matched,,,not_matched,,,not_matched,,,not_matched,,,not_matched,
tkpi_1010,"Gurame asem manis, masakan","gurame asem manis, masakan",TKPI,https://www.panganku.org/id-ID/view,Ikan/Kerang/Udang dll,ikan/kerang/udang dll,63.1,192.0,12.7,10.1,12.7,0.0,2.4,283.0,169.0,1.1,293.257,242.84311999999997,0.3215999999999999,1.1140000000000005,19.0,0.15038,1.44,,0.1,0.10539999999999994,1.2860000000000003,0.0,,per 100g,2026-07-01T04:14:08.471742Z,2026-07-01T04:14:08.471742Z,9,0.6087,,gurame asem manis masakan,,not_matched,,,not_matched,,,not_matched,,,not_matched,,,not_matched,,,not_matched,
tkpi_1011,"Ikan asar merah, masakan","ikan asar merah, masakan",TKPI,https://www.panganku.org/id-ID/view,Ikan/Kerang/Udang dll,ikan/kerang/udang dll,69.2,146.0,17.7,5.9,5.6,1.1440000000000001,1.6,100.0,240.0,4.0,170.0,310.0,0.3,1.4,224.0,0.0,228.31919999999994,,0.2906,0.10019999999999998,1.474,1.3,,per 100g,2026-07-01T04:14:08.471742Z,2026-07-01T04:14:08.471742Z,8,0.6522,,ikan asar merah masakan,,not_matched,,,not_matched,,,not_matched,,,not_matched,,,not_matched,,,not_matched,
tkpi_1012,"Jambal goreng, masakan","jambal goreng, masakan",TKPI,https://www.panganku.org/id-ID/view,Ikan/Kerang/Udang dll,ikan/kerang/udang dll,13.4,286.0,48.5,9.2,2.3,0.08200000000000002,26.6,207.0,457.0,3.3,511.76453999999995,425.6674,1.4080000000000001,3.2279999999999998,109.0,56.98,160.0,,0.4,0.30139999999999995,3.1,0.0,,per 100g,2026-07-01T04:14:08.471742Z,2026-07-01T04:14:08.471742Z,9,0.6087,,jambal masakan,,not_matched,,,not_matched,,,not_matched,,,not_matched,,,not_matched,,,not_matched,
tkpi_1013,"Jukku pallu kaloa, masakan","jukku pallu kaloa, masakan",TKPI,https://www.panganku.org/id-ID/view,Ikan/Kerang/Udang dll,ikan/kerang/udang dll,69.4,15.0,15.2,4.3,8.8,3.2239999999999998,2.3,40.0,170.0,1.1,605.0,153.0,0.6,1.1,297.0,260.76254,657.778,,0.3,0.14,7.5,24.64,,per 100g,2026-07-01T04:14:08.471742Z,2026-07-01T04:14:08.471742Z,7,0.6957,"Masakan ikan cangkalang dengan bumbu lengkuas, serai, cabai merah, kecap, dan garam",jukku pallu kaloa masakan,,not_matched,,,not_matched,,,not_matched,,,not_matched,,,not_matched,,,not_matched,
tkpi_1014,"Kaholeo, masakan","kaholeo, masakan",TKPI,https://www.panganku.org/id-ID/view,Ikan/Kerang/Udang dll,ikan/kerang/udang dll,11.2,413.0,28.7,19.8,29.8,7.928000000000001,10.5,909.0,1.291,0.0,0.0,1.171,0.1,3.1,4.236,348.44686,386.19036,,1.34,0.03,5.7,6.3,,per 100g,2026-07-01T04:14:08.471742Z,2026-07-01T04:14:08.471742Z,6,0.7391,Sambal goreng kering teri,kaholeo masakan,,not_matched,,,not_matched,,,not_matched,,,not_matched,,,not_matched,,,not_matched,
tkpi_1015,Lawara penjah,lawara penjah,TKPI,https://www.panganku.org/id-ID/view,Ikan/Kerang/Udang dll,ikan/kerang/udang dll,64.5,207.0,7.4,15.4,9.6,4.364000000000001,2.9,114.0,219.0,5.9,683.0,117.0,0.5,0.7,0.0,38.0,53.720200000000006,,0.19,0.04,2.0360000000000005,14.0,,per 100g,2026-07-01T04:14:08.471742Z,2026-07-01T04:14:08.471742Z,5,0.7826,Ikan penja dimasak dan dicampur dengan kelapa parut yang sudah berbumbu (seperti urap),lawara penjah,,not_matched,,,not_matched,,,not_matched,,,not_matched,,,not_matched,,,not_matched,
tkpi_1016,"Model, masakan","model, masakan",TKPI,https://www.panganku.org/id-ID/view,Ikan/Kerang/Udang dll,ikan/kerang/udang dll,83.9,79.0,2.2,4.0,8.6,4.01,1.3,8.0,33.0,0.8,147.0,34.0,0.1,0.5,191.58,374.08,560.94,,0.16,0.02,0.686,18.36,,per 100g,2026-07-01T04:14:08.471742Z,2026-07-01T04:14:08.471742Z,8,0.6522,"Dibuat dari adonan yang sama dengan�pempek�kapal selam. Bedanya, model diisi dengan�tahu�dan digoreng sebelum disaji. Dihidangkan dengan kuah model yang terbuat dari�kaldu�udang. Lalu dicampur dengan�bihun, timun,�dan�ebi",model masakan,,not_matched,,,not_matched,,,not_matched,,,not_matched,,,not_matched,,,not_matched,
tkpi_1017,"Mujahir acar kuning, masakan","mujahir acar kuning, masakan",TKPI,https://www.panganku.org/id-ID/view,Ikan/Kerang/Udang dll,ikan/kerang/udang dll,43.1,330.0,17.8,23.4,12.1,1.1,4.6,154.0,357.0,5.3,467.7082,298.99672000000004,0.5914000000000003,2.0740000000000003,24.0,0.36652,4.13,,0.15,0.2678,1.9539999999999997,0.0,,per 100g,2026-07-01T04:14:08.471742Z,2026-07-01T04:14:08.471742Z,9,0.6087,,mujahir acar kuning masakan,,not_matched,,,not_matched,,,not_matched,,,not_matched,,,not_matched,,,not_matched,
tkpi_1018,"Parede baleh, masakan","parede baleh, masakan",TKPI,https://www.panganku.org/id-ID/view,Ikan/Kerang/Udang dll,ikan/kerang/udang dll,80.0,87.0,10.5,2.5,5.5,1.7000000000000006,1.5,35.0,215.0,0.9,416.0,59.0,0.1,0.2,251.06,391.97488,619.9952000000001,,0.24,0.0,0.7,9.68,,per 100g,2026-07-01T04:14:08.471742Z,2026-07-01T04:14:08.471742Z,7,0.6957,Masakan ikan dengan mangga,parede baleh masakan,,not_matched,,,not_matched,,,not_matched,,,not_matched,,,not_matched,,,not_matched,
tkpi_1019,"Pempek adaan, masakan","pempek adaan, masakan",TKPI,https://www.panganku.org/id-ID/view,Ikan/Kerang/Udang dll,ikan/kerang/udang dll,62.6,162.0,4.9,3.0,27.8,2.596,1.7,26.0,116.0,1.0,488.0,119.0,0.1,0.2,150.54,439.4024199999999,578.178,,0.3,0.03,1.0,0.6,,per 100g,2026-07-01T04:14:08.471742Z,2026-07-01T04:14:08.471742Z,7,0.6957,,pempek adaan masakan,,not_matched,,,not_matched,,,not_matched,,,not_matched,,,not_matched,,,not_matched,
tkpi_1020,"Pempek belida, masakan","pempek belida, masakan",TKPI,https://www.panganku.org/id-ID/view,Ikan/Kerang/Udang dll,ikan/kerang/udang dll,61.4,156.0,4.2,1.4,31.6,0.2,1.4,100.0,55.0,3.3,74.32664,268.20586000000003,0.29539999999999983,0.9039999999999999,0.0,0.0,0.0,,0.03,0.10999999999999995,1.2120000000000002,0.0,,per 100g,2026-07-01T04:14:08.471742Z,2026-07-01T04:14:08.471742Z,9,0.6087,,pempek belida masakan,,not_matched,,,not_matched,,,not_matched,,,not_matched,,,not_matched,,,not_matched,
tkpi_1021,"Pempek kapal selam, masakan","pempek kapal selam, masakan",TKPI,https://www.panganku.org/id-ID/view,Ikan/Kerang/Udang dll,ikan/kerang/udang dll,63.4,152.0,4.5,2.3,28.2,2.9900000000000007,1.6,19.0,115.0,1.6,628.0,91.0,0.1,0.2,127.34,415.40324,589.3952,,0.2,0.03,1.0,1.64,,per 100g,2026-07-01T04:14:08.471742Z,2026-07-01T04:14:08.471742Z,7,0.6957,,pempek kapal selam masakan,,not_matched,,,not_matched,,,not_matched,,,not_matched,,,not_matched,,,not_matched,
tkpi_1022,"Pempek kelesan, masakan","pempek kelesan, masakan",TKPI,https://www.panganku.org/id-ID/view,Ikan/Kerang/Udang dll,ikan/kerang/udang dll,53.0,211.0,12.3,6.1,26.6,0.4,2.0,840.0,176.0,1.8,501.27207999999996,160.8073,0.7188,3.393999999999998,14.0,381.54,888.0,,0.25,0.3657999999999999,3.9479999999999995,0.0,,per 100g,2026-07-01T04:14:08.471742Z,2026-07-01T04:14:08.471742Z,9,0.6087,,pempek kelesan masakan,,not_matched,,,not_matched,,,not_matched,,,not_matched,,,not_matched,,,not_matched,
tkpi_1023,"Pempek kulit, masakan","pempek kulit, masakan",TKPI,https://www.panganku.org/id-ID/view,Ikan/Kerang/Udang dll,ikan/kerang/udang dll,45.7,243.0,5.2,7.3,39.1,2.442000000000001,2.7,16.0,96.0,2.0,555.0,102.0,0.1,0.6,151.82,367.81434,613.658,,0.2,0.02,0.9,1.04,,per 100g,2026-07-01T04:14:08.471742Z,2026-07-01T04:14:08.471742Z,7,0.6957,,pempek kulit masakan,,not_matched,,,not_matched,,,not_matched,,,not_matched,,,not_matched,,,not_matched,
tkpi_1024,"Pempek telur, masakan","pempek telur, masakan",TKPI,https://www.panganku.org/id-ID/view,Ikan/Kerang/Udang dll,ikan/kerang/udang dll,62.4,156.0,4.7,2.7,28.3,1.838,1.9,13.0,83.0,1.3,448.0,48.0,0.1,0.6,105.06,416.91524,626.44,,0.2,0.05,1.1,1.04,,per 100g,2026-07-01T04:14:08.471742Z,2026-07-01T04:14:08.471742Z,7,0.6957,,pempek telur masakan,,not_matched,,,not_matched,,,not_matched,,,not_matched,,,not_matched,,,not_matched,
tkpi_1025,"Pempek tenggiri, masakan","pempek tenggiri, masakan",TKPI,https://www.panganku.org/id-ID/view,Ikan/Kerang/Udang dll,ikan/kerang/udang dll,56.3,173.0,7.2,1.2,33.4,0.2,1.9,164.0,80.0,3.1,41.05718000000001,226.07586000000006,0.3288,1.1880000000000002,0.0,0.0,0.0,,0.02,0.13199999999999995,1.646,0.0,,per 100g,2026-07-01T04:14:08.471742Z,2026-07-01T04:14:08.471742Z,9,0.6087,,pempek tenggiri masakan,,not_matched,,,not_matched,,,not_matched,,,not_matched,,,not_matched,,,not_matched,
tkpi_1026,"Pencok lele, masakan","pencok lele, masakan",TKPI,https://www.panganku.org/id-ID/view,Ikan/Kerang/Udang dll,ikan/kerang/udang dll,47.5,372.0,7.8,36.3,3.5,0.0,4.9,289.0,295.0,5.3,319.39524,372.746,1.2477999999999998,2.426,64.0,0.0,12.07,,0.12,0.2898,1.2720000000000007,0.0,,per 100g,2026-07-01T04:14:08.471742Z,2026-07-01T04:14:08.471742Z,8,0.6522,,pencok lele masakan,,not_matched,,,not_matched,,,not_matched,,,not_matched,,,not_matched,,,not_matched,
tkpi_1027,Pinda,pinda,TKPI,https://www.panganku.org/id-ID/view,Ikan/Kerang/Udang dll,ikan/kerang/udang dll,71.0,107.0,15.9,0.6,0.4,0.14400000000000002,3.1,375.0,336.0,1.9,526.0,330.0,0.2,1.0,896.0,309.13742,417.3896000000001,,0.89,0.05,0.5,9.36,,per 100g,2026-07-01T04:14:08.471742Z,2026-07-01T04:14:08.471742Z,6,0.7391,Ikan boto - boto dimasak asam,pinda,,not_matched,,,not_matched,,,not_matched,,,not_matched,,,not_matched,,,not_matched,
tkpi_1028,"Pindang kenari, masakan","pindang kenari, masakan",TKPI,https://www.panganku.org/id-ID/view,Ikan/Kerang/Udang dll,ikan/kerang/udang dll,80.1,124.0,9.5,9.6,0.0,0.10400000000000001,2.8,120.0,220.0,1.3,370.0,270.0,0.3,1.2,18.0,381.0,422.38,,0.28339999999999993,0.14979999999999996,0.1,1.16,,per 100g,2026-07-01T04:14:08.471742Z,2026-07-01T04:14:08.471742Z,7,0.6957,"Ikan tongkol dimasak dengan terong, lalu ditambahkan kacang kenari sebagai bumbunya dan daun kemangi",pindang kenari masakan,,not_matched,,,not_matched,,,not_matched,,,not_matched,,,not_matched,,,not_matched,
tkpi_1029,"Saboko gurita, masakan","saboko gurita, masakan",TKPI,https://www.panganku.org/id-ID/view,Ikan/Kerang/Udang dll,ikan/kerang/udang dll,76.2,87.0,15.7,1.5,2.6,0.0,4.1,60.0,14.0,2.1,200.0,180.0,0.9,4.0,38.0,16.840619999999998,36.68062,,0.21119999999999997,0.4128,2.256,17.02,,per 100g,2026-07-01T04:14:08.471742Z,2026-07-01T04:14:08.471742Z,9,0.6087,"Gurita dibumbui dengan cabe, bawang, daun asam muda yang kemudian dibungkus dengan daun lontar dan dibakar",saboko gurita masakan,,not_matched,,,not_matched,,,not_matched,,,not_matched,,,not_matched,,,not_matched,
tkpi_1030,"Saboko saltan, masakan","saboko saltan, masakan",TKPI,https://www.panganku.org/id-ID/view,Ikan/Kerang/Udang dll,ikan/kerang/udang dll,76.0,113.0,17.1,3.6,3.0,0.002,0.3,240.0,60.0,0.5,40.0,350.0,0.2,0.6,27.0,36.04,76.98736,,0.3546,0.0972,0.1,5.0,,per 100g,2026-07-01T04:14:08.471742Z,2026-07-01T04:14:08.471742Z,8,0.6522,"Ikan saltan dibumbui dengan cabe, bawang, daun asam muda yang kemudian dibungkus dengan daun lontar dan dibakar",saboko saltan masakan,,not_matched,,,not_matched,,,not_matched,,,not_matched,,,not_matched,,,not_matched,
tkpi_1031,"Saboko sardin, masakan","saboko sardin, masakan",TKPI,https://www.panganku.org/id-ID/view,Ikan/Kerang/Udang dll,ikan/kerang/udang dll,70.0,110.0,12.9,4.3,4.9,0.43399999999999994,7.9,220.0,520.0,6.0,200.0,280.0,0.2,3.9,37.0,25.6866,27.45508,,0.18619999999999998,0.5378000000000003,9.756,11.28,,per 100g,2026-07-01T04:14:08.471742Z,2026-07-01T04:14:08.471742Z,9,0.6087,"Ikan sarden dibumbui dengan cabe, bawang, daun asam muda yang kemudian dibungkus dengan daun lontar dan dibakar",saboko sardin masakan,,not_matched,,,not_matched,,,not_matched,,,not_matched,,,not_matched,,,not_matched,
tkpi_1032,Sate Bandeng,sate bandeng,TKPI,https://www.panganku.org/id-ID/view,Ikan/Kerang/Udang dll,ikan/kerang/udang dll,47.1,283.0,12.1,16.8,20.9,2.0,3.1,118.0,186.0,1.2,543.0,199.0,0.2,0.9,42.34,2.0,0.0,,0.02,0.02,0.0,0.0,,per 100g,2026-07-01T04:14:08.471742Z,2026-07-01T04:14:08.471742Z,3,0.8696,Pangan tunggal terolah/ produk yang berbahan baku ikan bandeng,sate bandeng,,not_matched,,,not_matched,,,not_matched,,,not_matched,,,not_matched,,,not_matched,
tkpi_1033,"Sepi, masakan","sepi, masakan",TKPI,https://www.panganku.org/id-ID/view,Ikan/Kerang/Udang dll,ikan/kerang/udang dll,66.1,88.0,7.9,1.6,10.6,10.586000000000002,13.8,924.0,350.0,2.3,873.0,258.0,1.0,1.1,783.0,278.84344000000004,428.28584,,0.5845999999999999,0.2471999999999999,4.613999999999999,24.78,,per 100g,2026-07-01T04:14:08.471742Z,2026-07-01T04:14:08.471742Z,9,0.6087,Makanan yang terbuat dari udang rebon (anak udang yang sangat kecil yang di Bima disebut Sepi Bou),sepi masakan,,not_matched,,,not_matched,,,not_matched,,,not_matched,,,not_matched,,,not_matched,
tkpi_1034,"Tekwan, masakan","tekwan, masakan",TKPI,https://www.panganku.org/id-ID/view,Ikan/Kerang/Udang dll,ikan/kerang/udang dll,86.7,53.0,1.9,0.9,9.4,3.8299999999999983,1.1,9.0,41.0,1.0,174.0,42.0,0.0,0.0,99.0,191.42793999999998,538.27896,,0.1,0.02,0.4,17.92,,per 100g,2026-07-01T04:14:08.471742Z,2026-07-01T04:14:08.471742Z,6,0.7391,,tekwan masakan,,not_matched,,,not_matched,,,not_matched,,,not_matched,,,not_matched,,,not_matched,
tkpi_1035,"Teri belado, masakan","teri belado, masakan",TKPI,https://www.panganku.org/id-ID/view,Ikan/Kerang/Udang dll,ikan/kerang/udang dll,25.8,365.0,23.7,22.3,17.5,0.0,10.9,869.0,348.0,4.0,428.08988,248.91016000000002,0.5712000000000002,2.5660000000000003,27.0,9.658959999999999,1.567,,0.13,0.34340000000000004,4.893999999999999,0.0,,per 100g,2026-07-01T04:14:08.471742Z,2026-07-01T04:14:08.471742Z,9,0.6087,,teri belado masakan,,not_matched,,,not_matched,,,not_matched,,,not_matched,,,not_matched,,,not_matched,
tkpi_1036,"Tumis bandeng, masakan","tumis bandeng, masakan",TKPI,https://www.panganku.org/id-ID/view,Ikan/Kerang/Udang dll,ikan/kerang/udang dll,70.5,189.0,11.3,15.7,0.6,0.002,1.9,56.0,129.0,0.4,314.0,280.0,0.1,0.7,579.0,63.2,246.9579999999999,,0.46,0.02,0.8840000000000002,6.5,,per 100g,2026-07-01T04:14:08.471742Z,2026-07-01T04:14:08.471742Z,7,0.6957,,tumis bandeng masakan,,not_matched,,,not_matched,,,not_matched,,,not_matched,,,not_matched,,,not_matched,
tkpi_1037,Tumis keumamah,tumis keumamah,TKPI,https://www.panganku.org/id-ID/view,Ikan/Kerang/Udang dll,ikan/kerang/udang dll,45.7,300.0,14.5,20.0,15.5,4.5,4.3,114.6936,340.40206,7.741999999999999,76.14808000000001,343.25224000000003,1.2862,3.1959999999999997,2.73914,8.0,25.600459999999995,,0.63,0.04,1.602,7.0,,per 100g,2026-07-01T04:14:08.471742Z,2026-07-01T04:14:08.471742Z,12,0.4783,"Keumamah atau katshibushi atau ikan kayu (jenis ikan: tongkol/tuna/cakalang). Ikan direbus, dikeingkan beberapa hari hingga mengeras, lalu diiris kecil-kecil. Keumamah dimasak tumis",tumis keumamah,,not_matched,,,not_matched,,,not_matched,,,not_matched,,,not_matched,,,not_matched,
tkpi_1038,"Telur ayam kampung, segar (Feral chicken, egg, fresh)","telur ayam kampung, segar (feral chicken, egg, fresh)",TKPI,https://www.panganku.org/id-ID/view,Telur,telur,73.1,174.0,10.8,14.0,1.2,0.0,0.9,68.0,268.0,4.9,190.0,141.0,0.6,1.5,203.0,23.0,125.0,,0.78,0.62,0.2,0.46,,per 100g,2026-07-01T04:14:08.471742Z,2026-07-01T04:14:08.471742Z,3,0.8696,,telur ayam kampung feral chicken egg,27.27611940298507,USDA_category_mean,0.2468,9.044745098039217,USDA_category_mean,0.2468,7.532806896551724,USDA_category_mean,0.2468,94.60627177700349,USDA_category_mean,0.2468,0.1071716417910447,USDA_category_mean,0.2468,0.9377611940298508,USDA_category_mean,0.2468
tkpi_1039,"Telur ayam ras, segar (Domestic chicken, egg, fresh)","telur ayam ras, segar (domestic chicken, egg, fresh)",TKPI,https://www.panganku.org/id-ID/view,Telur,telur,74.3,154.0,12.4,10.8,0.7,0.0,0.8,86.0,258.0,3.0,142.0,118.5,0.16,1.0,61.0,22.0,104.0,,0.12,0.38,0.2,0.0,,per 100g,2026-07-01T04:14:08.471742Z,2026-07-01T04:14:08.471742Z,2,0.913,,telur ayam ras domestic chicken egg,27.27611940298507,USDA_category_mean,0.2633,9.044745098039217,USDA_category_mean,0.2633,7.532806896551724,USDA_category_mean,0.2633,94.60627177700349,USDA_category_mean,0.2633,0.1071716417910447,USDA_category_mean,0.2633,0.9377611940298508,USDA_category_mean,0.2633
tkpi_1040,"Telur ayam ras, bagian kuning, segar (Domestic chicken, egg, yolk, raw)","telur ayam ras, bagian kuning, segar (domestic chicken, egg, yolk, raw)",TKPI,https://www.panganku.org/id-ID/view,Telur,telur,49.4,355.0,16.3,31.9,0.7,0.0,1.7,147.0,586.0,7.2,111.0,107.5,0.2,2.5,606.0,63.0,455.6332,,0.27,0.51,0.2,0.0,,per 100g,2026-07-01T04:14:08.471742Z,2026-07-01T04:14:08.471742Z,3,0.8696,,telur ayam ras bagian kuning domestic chicken egg yolk,27.27611940298507,USDA_category_mean,0.3817,9.044745098039217,USDA_category_mean,0.3817,7.532806896551724,USDA_category_mean,0.3817,94.60627177700349,USDA_category_mean,0.3817,0.1071716417910447,USDA_category_mean,0.3817,0.9377611940298508,USDA_category_mean,0.3817
tkpi_1041,"Telur aAyam ras, bagian putih, segar (Domestic chicken, egg, white, raw)","telur aayam ras, bagian putih, segar (domestic chicken, egg, white, raw)",TKPI,https://www.panganku.org/id-ID/view,Telur,telur,87.8,50.0,10.8,0.0,0.8,0.0,0.6,6.0,17.0,0.2,164.0,138.5,0.03,0.4,0.0,0.0,11.92,,0.0,0.26,0.4,0.0,,per 100g,2026-07-01T04:14:08.471742Z,2026-07-01T04:14:08.471742Z,3,0.8696,,telur aayam ras bagian putih domestic chicken egg white,27.27611940298507,USDA_category_mean,0.3573,9.044745098039217,USDA_category_mean,0.3573,7.532806896551724,USDA_category_mean,0.3573,94.60627177700349,USDA_category_mean,0.3573,0.1071716417910447,USDA_category_mean,0.3573,0.9377611940298508,USDA_category_mean,0.3573
tkpi_1042,"Telur bebek alabio, segar (Duck, alabio, egg, fresh)","telur bebek alabio, segar (duck, alabio, egg, fresh)",TKPI,https://www.panganku.org/id-ID/view,Telur,telur,70.0,187.0,11.8,14.2,3.0,0.0,1.0,60.0,268.0,6.0,115.0,80.0,0.6,1.7,180.0,437.0,570.32,,1.55,0.37,0.1,0.6,,per 100g,2026-07-01T04:14:08.471742Z,2026-07-01T04:14:08.471742Z,4,0.8261,,telur bebek alabio duck alabio egg,27.27611940298507,USDA_category_mean,0.3851,9.044745098039217,USDA_category_mean,0.3851,7.532806896551724,USDA_category_mean,0.3851,94.60627177700349,USDA_category_mean,0.3851,0.1071716417910447,USDA_category_mean,0.3851,0.9377611940298508,USDA_category_mean,0.3851
tkpi_1043,"Telur bebek, bagian kuning, segar (Duck, egg, yolk, fresh)","telur bebek, bagian kuning, segar (duck, egg, yolk, fresh)",TKPI,https://www.panganku.org/id-ID/view,Telur,telur,47.0,386.0,17.0,35.0,0.8,0.0,0.2,150.0,400.0,7.0,106.0,90.7,0.09,2.5,870.0,747.0,535.6116000000001,,0.6,0.68,1.4,0.0,,per 100g,2026-07-01T04:14:08.471742Z,2026-07-01T04:14:08.471742Z,3,0.8696,,telur bebek bagian kuning duck egg yolk,17.0,USDA_direct_medium,0.4625,0.93,USDA_direct_medium,0.4625,3.681,USDA_direct_medium,0.4625,884.0,USDA_direct_medium,0.4625,0.25,USDA_direct_medium,0.4625,5.4,USDA_direct_medium,0.4625
tkpi_1044,"Telur bebek, bagian putih, segar (Duck, egg, white, fresh)","telur bebek, bagian putih, segar (duck, egg, white, fresh)",TKPI,https://www.panganku.org/id-ID/view,Telur,telur,88.0,54.0,11.0,0.0,0.8,0.0,0.2,21.0,20.0,0.1,184.0,150.2,0.13,0.1,0.0,0.0,31.140500000000003,,0.01,0.02,0.1,0.0,,per 100g,2026-07-01T04:14:08.471742Z,2026-07-01T04:14:08.471742Z,3,0.8696,,telur bebek bagian putih duck egg white,17.0,USDA_direct_medium,0.4669,0.93,USDA_direct_medium,0.4669,3.681,USDA_direct_medium,0.4669,884.0,USDA_direct_medium,0.4669,0.25,USDA_direct_medium,0.4669,5.4,USDA_direct_medium,0.4669
tkpi_1045,"Telur bebek tambak, segar (Domestic duck, egg, fresh)","telur bebek tambak, segar (domestic duck, egg, fresh)",TKPI,https://www.panganku.org/id-ID/view,Telur,telur,67.7,187.0,10.9,12.4,7.9,0.0,1.1,64.0,295.0,5.4,209.0,146.0,0.4,1.8,378.0,471.0,375.0,,1.62,0.03,0.1,0.56,,per 100g,2026-07-01T04:14:08.471742Z,2026-07-01T04:14:08.471742Z,3,0.8696,,telur bebek tambak domestic duck egg,17.0,USDA_direct_medium,0.491,0.93,USDA_direct_medium,0.491,3.681,USDA_direct_medium,0.491,884.0,USDA_direct_medium,0.491,0.25,USDA_direct_medium,0.491,5.4,USDA_direct_medium,0.491
tkpi_1046,"Telur burung maleo, segar (Maleo, bird, egg , fresh)","telur burung maleo, segar (maleo, bird, egg , fresh)",TKPI,https://www.panganku.org/id-ID/view,Telur,telur,36.0,436.0,26.5,36.3,0.4,0.322,0.8,154.0,120.0,4.3,77.0,333.0,0.4,2.9,3.987,47.086679999999994,90.47242,,0.3018,1.0,0.2,7.48,,per 100g,2026-07-01T04:14:08.471742Z,2026-07-01T04:14:08.471742Z,7,0.6957,,telur burung maleo maleo bird egg,,not_matched,,,not_matched,,,not_matched,,,not_matched,,,not_matched,,,not_matched,
tkpi_1047,"Telur penyu, segar (Turtle, egg)","telur penyu, segar (turtle, egg)",TKPI,https://www.panganku.org/id-ID/view,Telur,telur,7.4,136.0,8.6,10.1,2.7,0.0,1.2,66.0,282.0,3.4,478.0,115.0,0.5,1.4,82.0,17.0,95.35580000000002,,0.21,0.02,0.0,0.0,,per 100g,2026-07-01T04:14:08.471742Z,2026-07-01T04:14:08.471742Z,3,0.8696,,telur penyu turtle egg,27.27611940298507,USDA_category_mean,0.3063,9.044745098039217,USDA_category_mean,0.3063,7.532806896551724,USDA_category_mean,0.3063,94.60627177700349,USDA_category_mean,0.3063,0.1071716417910447,USDA_category_mean,0.3063,0.9377611940298508,USDA_category_mean,0.3063
tkpi_1048,"Telur burung puyuh, segar (Quail, egg, fress)","telur burung puyuh, segar (quail, egg, fress)",TKPI,https://www.panganku.org/id-ID/view,Telur,telur,79.8,116.0,10.7,7.0,1.6,0.0,0.9,65.0,191.0,3.5,111.0,11.0,0.05,1.2,95.0,80.0,235.50639999999999,,0.13,0.65,0.1,0.0,,per 100g,2026-07-01T04:14:08.471742Z,2026-07-01T04:14:08.471742Z,3,0.8696,,telur burung puyuh quail egg fress,13.0,USDA_direct_medium,0.5042,0.4,USDA_direct_medium,0.5042,3.557,USDA_direct_medium,0.5042,844.0,USDA_direct_medium,0.5042,0.15,USDA_direct_medium,0.5042,1.58,USDA_direct_medium,0.5042
tkpi_1049,"Telur ayam, dadar, masakan","telur ayam, dadar, masakan",TKPI,https://www.panganku.org/id-ID/view,Telur,telur,61.9,251.0,16.3,19.4,1.4,0.0,1.0,62.0,250.0,2.5,353.19996,196.63399999999993,0.4383999999999999,2.2879999999999994,36.0,112.94,221.0,,0.21,0.0,2.9960000000000004,0.0,,per 100g,2026-07-01T04:14:08.471742Z,2026-07-01T04:14:08.471742Z,8,0.6522,,telur ayam dadar masakan,,not_matched,,,not_matched,,,not_matched,,,not_matched,,,not_matched,,,not_matched,
tkpi_1050,"Telur bebek, asin, mentah (Duck, egg, salted, raw)","telur bebek, asin, mentah (duck, egg, salted, raw)",TKPI,https://www.panganku.org/id-ID/view,Telur,telur,66.5,179.0,13.6,13.3,4.4,0.0,2.2,120.0,157.0,1.8,483.0,140.1,0.5677999999999999,4.066,253.0,13.0,113.6232,,0.28,0.98,0.6,0.0,,per 100g,2026-07-01T04:14:08.471742Z,2026-07-01T04:14:08.471742Z,5,0.7826,,telur bebek asin duck egg,17.0,USDA_direct_medium,0.5607,0.93,USDA_direct_medium,0.5607,3.681,USDA_direct_medium,0.5607,884.0,USDA_direct_medium,0.5607,0.25,USDA_direct_medium,0.5607,5.4,USDA_direct_medium,0.5607
tkpi_1051,"Telur bebek, dadar, masakan","telur bebek, dadar, masakan",TKPI,https://www.panganku.org/id-ID/view,Telur,telur,55.1,301.0,20.0,23.7,0.0,0.0,1.2,71.0,600.0,9.2,421.43208,186.31148000000002,0.7630600000000003,3.2140000000000004,122.0,402.06,613.0,,0.35,0.39940000000000003,5.308000000000001,0.0,,per 100g,2026-07-01T04:14:08.471742Z,2026-07-01T04:14:08.471742Z,9,0.6087,,telur bebek dadar masakan,,not_matched,,,not_matched,,,not_matched,,,not_matched,,,not_matched,,,not_matched,
tkpi_1052,"Ikan, telur, asin, mentah (Roe, (fish egg), fresh)","ikan, telur, asin, mentah (roe, (fish egg), fresh)",TKPI,https://www.panganku.org/id-ID/view,Telur,telur,37.8,358.0,20.7,26.4,9.4,0.0,5.7,48.0,311.0,15.1,2.684,59.0,0.4,3.0,1.866,0.0,28.328280000000003,,0.21,0.54,2.1,0.06,,per 100g,2026-07-01T04:14:08.471742Z,2026-07-01T04:14:08.471742Z,4,0.8261,,ikan telur asin roe fish egg,27.27611940298507,USDA_category_mean,0.2348,9.044745098039217,USDA_category_mean,0.2348,7.532806896551724,USDA_category_mean,0.2348,94.60627177700349,USDA_category_mean,0.2348,0.1071716417910447,USDA_category_mean,0.2348,0.9377611940298508,USDA_category_mean,0.2348
tkpi_1053,"Bayau mi balu, masakan","bayau mi balu, masakan",TKPI,https://www.panganku.org/id-ID/view,Telur,telur,36.1,313.0,6.0,12.2,44.8,13.108000000000002,0.9,142.08204,173.82,5.654000000000001,390.96988,416.4641999999999,1.4129999999999998,2.8399999999999994,783.0,89.0,270.89984,,0.14,0.27,9.7,14.24,,per 100g,2026-07-01T04:14:08.471742Z,2026-07-01T04:14:08.471742Z,12,0.4783,Kuning telur dibuat seperti kue dadar kemudian dimasak dengan sirup gula putih,bayau balu masakan,,not_matched,,,not_matched,,,not_matched,,,not_matched,,,not_matched,,,not_matched,
tkpi_1054,"Cucuru bayau, masakan","cucuru bayau, masakan",TKPI,https://www.panganku.org/id-ID/view,Telur,telur,35.0,349.0,6.8,18.7,38.3,1.6199999999999997,1.2,146.6,109.34,3.37,414.20614,217.79168,0.3175999999999999,1.656,98.02402000000001,123.0,234.44247999999996,,0.06,0.25,0.0,0.22,,per 100g,2026-07-01T04:14:08.471742Z,2026-07-01T04:14:08.471742Z,13,0.4348,"Snack dari kuning telur yang dikocok dengan sedikit gula, lalu dikukus dalam cetakan kecil - kecil bersama sirup gula putih",cucuru bayau masakan,,not_matched,,,not_matched,,,not_matched,,,not_matched,,,not_matched,,,not_matched,
tkpi_1055,"Kalio telur, masakan","kalio telur, masakan",TKPI,https://www.panganku.org/id-ID/view,Telur,telur,79.0,193.0,10.6,12.4,9.7,0.9239999999999996,1.4,148.0,246.0,3.8,540.0,222.74596000000003,0.4,1.5280000000000005,160.0,6.4228000000000005,3.6,,0.44,0.27319999999999994,1.324,0.0,,per 100g,2026-07-01T04:14:08.471742Z,2026-07-01T04:14:08.471742Z,9,0.6087,,kalio telur masakan,,not_matched,,,not_matched,,,not_matched,,,not_matched,,,not_matched,,,not_matched,
tkpi_1056,"Kepala susu - krim, segar","kepala susu - krim, segar",TKPI,https://www.panganku.org/id-ID/view,Susu,susu,72.5,204.0,2.6,20.0,4.0,0.0,0.9,97.0,77.0,0.1,154.6882,201.76399999999995,0.27339999999999987,1.096,252.0,191.0,471.69239999999996,,0.03,0.2,0.1,1.0,,per 100g,2026-07-01T04:14:08.471742Z,2026-07-01T04:14:08.471742Z,7,0.6957,,kepala susu krim,,not_matched,,,not_matched,,,not_matched,,,not_matched,,,not_matched,,,not_matched,
tkpi_1057,Susu ibu - ASI,susu ibu - asi,TKPI,https://www.panganku.org/id-ID/view,Susu,susu,88.1,62.0,1.5,3.2,7.0,0.0,0.2,34.0,20.0,0.2,15.0,41.0,0.01,0.4,27.94094,7.0,13.751779999999998,,0.01,0.03,0.2,8.96,,per 100g,2026-07-01T04:14:08.471742Z,2026-07-01T04:14:08.471742Z,5,0.7826,,susu ibu asi,,not_matched,,,not_matched,,,not_matched,,,not_matched,,,not_matched,,,not_matched,
tkpi_1058,"Susu kambing, segar","susu kambing, segar",TKPI,https://www.panganku.org/id-ID/view,Susu,susu,85.9,64.0,4.3,2.3,6.6,0.0,0.9,98.0,78.0,2.7,35.0,160.0,0.33,0.1,38.0,0.0,16.62756,,0.06,0.45,0.3,1.0,,per 100g,2026-07-01T04:14:08.471742Z,2026-07-01T04:14:08.471742Z,3,0.8696,,susu kambing,,not_matched,,,not_matched,,,not_matched,,,not_matched,,,not_matched,,,not_matched,
tkpi_1059,"Susu kerbau, segar","susu kerbau, segar",TKPI,https://www.panganku.org/id-ID/view,Susu,susu,73.8,160.0,6.3,12.0,7.1,1.3799999999999997,0.8,216.0,101.0,0.2,82.0,237.55111999999997,0.09919999999999994,0.3,24.0,0.97962,2.8845599999999996,,0.04,0.07,1.0880000000000003,1.0,,per 100g,2026-07-01T04:14:08.471742Z,2026-07-01T04:14:08.471742Z,8,0.6522,,susu kerbau,,not_matched,,,not_matched,,,not_matched,,,not_matched,,,not_matched,,,not_matched,
tkpi_1060,"Susu kuda, segar","susu kuda, segar",TKPI,https://www.panganku.org/id-ID/view,Susu,susu,91.0,40.0,2.0,1.1,5.4,0.0,0.4,78.7,92.24,1.8800000000000003,85.02,37.4,0.0,0.0,22.16188,1.0,21.020460000000003,,0.0,0.2,0.2,7.76,,per 100g,2026-07-01T04:14:08.471742Z,2026-07-01T04:14:08.471742Z,9,0.6087,,susu kuda,,not_matched,,,not_matched,,,not_matched,,,not_matched,,,not_matched,,,not_matched,
tkpi_1061,"Susu sapi, segar","susu sapi, segar",TKPI,https://www.panganku.org/id-ID/view,Susu,susu,88.3,61.0,3.2,3.5,4.3,0.0,0.7,143.0,60.0,1.7,36.0,149.0,0.02,0.3,39.0,12.0,12.458700000000006,,0.03,0.18,0.2,1.0,,per 100g,2026-07-01T04:14:08.471742Z,2026-07-01T04:14:08.471742Z,3,0.8696,,susu sapi,,not_matched,,,not_matched,,,not_matched,,,not_matched,,,not_matched,,,not_matched,
tkpi_1062,Es krim,es krim,TKPI,https://www.panganku.org/id-ID/view,Susu,susu,62.1,210.0,4.0,12.5,20.6,0.0,0.8,123.0,99.0,0.1,78.0,193.4,0.0,0.7,158.0,0.0,400.066,,0.04,0.23,0.1,1.0,,per 100g,2026-07-01T04:14:08.471742Z,2026-07-01T04:14:08.471742Z,3,0.8696,,krim,,not_matched,,,not_matched,,,not_matched,,,not_matched,,,not_matched,,,not_matched,
tkpi_1063,Hangop,hangop,TKPI,https://www.panganku.org/id-ID/view,Susu,susu,84.0,65.0,10.0,1.0,3.5,0.0,1.5,180.0,190.0,0.2,126.0,374.4,0.0,0.8380000000000001,32.62792,22.0,68.65799999999999,,0.03,0.43,0.2,7.5,,per 100g,2026-07-01T04:14:08.471742Z,2026-07-01T04:14:08.471742Z,6,0.7391,Sejenis yoghurt,hangop,,not_matched,,,not_matched,,,not_matched,,,not_matched,,,not_matched,,,not_matched,
tkpi_1064,Keju,keju,TKPI,https://www.panganku.org/id-ID/view,Susu,susu,38.5,326.0,22.8,20.3,13.1,0.0,5.3,777.0,338.0,1.5,1.41,82.7,0.03,3.1,227.0,128.0,464.0824,,0.01,0.37,0.1,1.0,,per 100g,2026-07-01T04:14:08.471742Z,2026-07-01T04:14:08.471742Z,3,0.8696,,keju,,not_matched,,,not_matched,,,not_matched,,,not_matched,,,not_matched,,,not_matched,
tkpi_1065,Kwark (Quark),kwark (quark),TKPI,https://www.panganku.org/id-ID/view,Susu,susu,59.0,242.0,19.0,17.0,3.0,0.0,2.0,300.0,350.0,0.5,37.0,72.7,0.01,0.2,173.0,0.0,416.5272,,0.03,0.38,0.0,0.78,,per 100g,2026-07-01T04:14:08.471742Z,2026-07-01T04:14:08.471742Z,4,0.8261,Produk susu segar yang dibuat dengan pemanasan asam susu sampai tingkat kekentalan yang diinginkan tercapai,kwark quark,,not_matched,,,not_matched,,,not_matched,,,not_matched,,,not_matched,,,not_matched,
tkpi_1066,"Susu asam untuk bayi, bubuk","susu asam untuk bayi, bubuk",TKPI,https://www.panganku.org/id-ID/view,Susu,susu,2.5,418.0,19.0,9.0,65.5,0.0,4.0,800.0,600.0,7.0,188.0,486.5,0.0,0.0,303.0,83.0,267.29566,,1.0,1.31,0.7,30.0,,per 100g,2026-07-01T04:14:08.471742Z,2026-07-01T04:14:08.471742Z,3,0.8696,,susu asam untuk bayi bubuk,,not_matched,,,not_matched,,,not_matched,,,not_matched,,,not_matched,,,not_matched,
tkpi_1067,Susu bubuk,susu bubuk,TKPI,https://www.panganku.org/id-ID/view,Susu,susu,3.5,513.0,24.6,30.0,36.2,0.0,5.7,904.0,694.0,0.6,380.0,1.33,0.02,4.1,476.0,118.0,285.2276,,0.29,1.39,1.6,6.0,,per 100g,2026-07-01T04:14:08.471742Z,2026-07-01T04:14:08.471742Z,3,0.8696,,susu bubuk,,not_matched,,,not_matched,,,not_matched,,,not_matched,,,not_matched,,,not_matched,
tkpi_1068,Susu kental manis,susu kental manis,TKPI,https://www.panganku.org/id-ID/view,Susu,susu,25.0,343.0,8.2,10.0,55.0,0.0,1.8,275.0,209.0,0.2,150.0,320.0,0.02,1.0,155.0,46.0,271.34927999999996,,0.05,0.43,0.4,1.0,,per 100g,2026-07-01T04:14:08.471742Z,2026-07-01T04:14:08.471742Z,3,0.8696,,susu kental manis,,not_matched,,,not_matched,,,not_matched,,,not_matched,,,not_matched,,,not_matched,
tkpi_1069,Susu kental tak manis,susu kental tak manis,TKPI,https://www.panganku.org/id-ID/view,Susu,susu,73.7,138.0,7.0,7.9,9.9,1.5200000000000002,1.5,243.0,195.0,0.2,140.0,303.0,0.16519999999999993,0.7319999999999999,121.0,106.68,334.21224,,0.05,0.1638,0.0,1.0,,per 100g,2026-07-01T04:14:08.471742Z,2026-07-01T04:14:08.471742Z,8,0.6522,,susu kental tak manis,,not_matched,,,not_matched,,,not_matched,,,not_matched,,,not_matched,,,not_matched,
tkpi_1070,"Susu skim, bubuk","susu skim, bubuk",TKPI,https://www.panganku.org/id-ID/view,Susu,susu,3.5,359.0,35.6,1.0,52.0,0.0,7.9,1.3,1.03,0.6,470.0,1.745,0.04,4.1,254.95049999999995,10.0,200.72063999999997,,0.35,1.05,1.2,7.0,,per 100g,2026-07-01T04:14:08.471742Z,2026-07-01T04:14:08.471742Z,4,0.8261,,susu skim bubuk,27.27611940298507,USDA_category_mean,0.3058,9.044745098039217,USDA_category_mean,0.3058,7.532806896551724,USDA_category_mean,0.3058,94.60627177700349,USDA_category_mean,0.3058,0.1071716417910447,USDA_category_mean,0.3058,0.9377611940298508,USDA_category_mean,0.3058
tkpi_1071,"Susu skim, segar","susu skim, segar",TKPI,https://www.panganku.org/id-ID/view,Susu,susu,90.5,36.0,3.5,0.1,5.1,1.5419999999999994,0.8,123.0,97.0,0.1,38.0,250.33000000000004,0.14939999999999995,0.596,0.0,67.02,143.19868,,0.04,0.11599999999999998,0.746,1.0,,per 100g,2026-07-01T04:14:08.471742Z,2026-07-01T04:14:08.471742Z,10,0.5652,,susu skim,19.0,USDA_direct_medium,0.4129,7.68,USDA_direct_medium,0.4129,0.116,USDA_direct_medium,0.4129,2.0,USDA_direct_medium,0.4129,0.053,USDA_direct_medium,0.4129,0.61,USDA_direct_medium,0.4129
tkpi_1072,"Yoghurt, segar","yoghurt, segar",TKPI,https://www.panganku.org/id-ID/view,Susu,susu,88.0,52.0,3.3,2.5,4.0,0.0,2.2,120.0,90.0,0.1,40.0,299.0,0.01,0.6,22.0,10.0,6.59428,,0.04,0.1,0.2,0.0,,per 100g,2026-07-01T04:14:08.471742Z,2026-07-01T04:14:08.471742Z,3,0.8696,,yoghurt,,not_matched,,,not_matched,,,not_matched,,,not_matched,,,not_matched,,,not_matched,
tkpi_1073,"Kelapa setengah tua, daging, segar (Coconut flesh, half mature, fresh)","kelapa setengah tua, daging, segar (coconut flesh, half mature, fresh)",TKPI,https://www.panganku.org/id-ID/view,Minyak/Lemak,minyak/lemak,70.0,180.0,4.0,15.0,10.0,2.4,1.0,8.0,55.0,1.3,4.0,317.7,0.29,2.9,2.2,0.0,10.0,,0.05,0.01,0.1,4.0,,per 100g,2026-07-01T04:14:08.471742Z,2026-07-01T04:14:08.471742Z,3,0.8696,,kelapa setengah tua daging coconut flesh half,2.0246305418719213,USDA_category_mean,0.2705,3.341595744680851,USDA_category_mean,0.2705,19.469212962962963,USDA_category_mean,0.2705,27.903846153846153,USDA_category_mean,0.2705,0.0868514851485148,USDA_category_mean,0.2705,0.2530964467005076,USDA_category_mean,0.2705
tkpi_1074,"Kelapa tua, daging, segar (Coconut, flesh, old, fresh)","kelapa tua, daging, segar (coconut, flesh, old, fresh)",TKPI,https://www.panganku.org/id-ID/view,Minyak/Lemak,minyak/lemak,46.9,359.0,3.4,34.7,14.0,4.7,1.0,21.0,98.0,2.0,3.0,293.9,0.44,1.1,0.0,0.0,6.15638,,0.1,0.0,0.0,2.0,,per 100g,2026-07-01T04:14:08.471742Z,2026-07-01T04:14:08.471742Z,3,0.8696,,kelapa tua daging coconut flesh old,2.0246305418719213,USDA_category_mean,0.2974,3.341595744680851,USDA_category_mean,0.2974,19.469212962962963,USDA_category_mean,0.2974,27.903846153846153,USDA_category_mean,0.2974,0.0868514851485148,USDA_category_mean,0.2974,0.2530964467005076,USDA_category_mean,0.2974
tkpi_1075,"Lemak babi  (lard) (pork, fat, lord)","lemak babi (lard) (pork, fat, lord)",TKPI,https://www.panganku.org/id-ID/view,Minyak/Lemak,minyak/lemak,0.0,902.0,0.0,100.0,0.0,0.0,0.0,0.0,0.0,0.0,0.0,0.0,9.0,0.1,0.0,0.0,136.94436,,0.0,0.0,0.0,0.0,,per 100g,2026-07-01T04:14:08.471742Z,2026-07-01T04:14:08.471742Z,3,0.8696,,lemak babi lard pork fat lord,0.0,USDA_direct_medium,0.4057,0.0,USDA_direct_medium,0.4057,39.2,USDA_direct_medium,0.4057,95.0,USDA_direct_medium,0.4057,0.0,USDA_direct_medium,0.4057,0.0,USDA_direct_medium,0.4057
tkpi_1076,"Lemak babi (bacon) (pork, fat, bacon)","lemak babi (bacon) (pork, fat, bacon)",TKPI,https://www.panganku.org/id-ID/view,Minyak/Lemak,minyak/lemak,20.0,626.0,9.1,65.0,1.1,0.0,4.8,13.0,108.0,0.8,0.0,0.0,0.0,0.9,0.0,0.0,150.171,,0.38,0.0,0.0,0.0,,per 100g,2026-07-01T04:14:08.471742Z,2026-07-01T04:14:08.471742Z,3,0.8696,,lemak babi bacon pork fat bacon,6.0,USDA_direct_medium,0.4496,2.0,USDA_direct_medium,0.4496,5.435,USDA_direct_medium,0.4496,4.0,USDA_direct_medium,0.4496,0.08,USDA_direct_medium,0.4496,0.09,USDA_direct_medium,0.4496
tkpi_1077,"Lemak ikan (Fish, fat)","lemak ikan (fish, fat)",TKPI,https://www.panganku.org/id-ID/view,Minyak/Lemak,minyak/lemak,43.3,372.0,12.0,29.4,14.4,0.0,0.3,20.0,230.0,32.7,60.0,52.0,0.4,1.1,288.2,353.32,581.9916000000001,,0.49,0.13,3.029999999999999,4.34,,per 100g,2026-07-01T04:14:08.471742Z,2026-07-01T04:14:08.471742Z,7,0.6957,,lemak ikan fish fat,2.0246305418719213,USDA_category_mean,0.2769,3.341595744680851,USDA_category_mean,0.2769,19.469212962962963,USDA_category_mean,0.2769,27.903846153846153,USDA_category_mean,0.2769,0.0868514851485148,USDA_category_mean,0.2769,0.2530964467005076,USDA_category_mean,0.2769
tkpi_1078,"Lemak kerbau (lemak sapi) (fat, buffalo)","lemak kerbau (lemak sapi) (fat, buffalo)",TKPI,https://www.panganku.org/id-ID/view,Minyak/Lemak,minyak/lemak,5.0,818.0,1.5,90.0,0.0,0.0,3.5,0.0,0.0,0.0,29.0,25.8,0.0,0.0,0.0,283.0,321.39416,,0.0,0.0,0.7,0.0,,per 100g,2026-07-01T04:14:08.471742Z,2026-07-01T04:14:08.471742Z,3,0.8696,,lemak kerbau lemak sapi fat buffalo,,not_matched,,,not_matched,,,not_matched,,,not_matched,,,not_matched,,,not_matched,
tkpi_1079,"Minyak hiu, hati (shark, fish, liver, oil)","minyak hiu, hati (shark, fish, liver, oil)",TKPI,https://www.panganku.org/id-ID/view,Minyak/Lemak,minyak/lemak,0.0,902.0,0.0,100.0,0.0,0.0,0.0,0.0,0.0,0.0,0.0,0.0,0.0,0.0,21.212,0.0,138.41364,,0.0,0.0,0.0,0.0,,per 100g,2026-07-01T04:14:08.471742Z,2026-07-01T04:14:08.471742Z,3,0.8696,,minyak hiu hati shark fish liver oil,0.0,USDA_direct_medium,0.4136,,USDA_direct_medium,0.4136,22.608,USDA_direct_medium,0.4136,570.0,USDA_direct_medium,0.4136,0.0,USDA_direct_medium,0.4136,0.0,USDA_direct_medium,0.4136
tkpi_1080,"Minyak ikan (Fish, oil)","minyak ikan (fish, oil)",TKPI,https://www.panganku.org/id-ID/view,Minyak/Lemak,minyak/lemak,0.0,902.0,0.0,100.0,0.0,0.0,0.0,0.0,0.0,0.0,0.0,0.0,0.0,0.0,24.242,0.0,138.41364,,0.0,0.0,0.0,0.0,,per 100g,2026-07-01T04:14:08.471742Z,2026-07-01T04:14:08.471742Z,3,0.8696,,minyak ikan fish oil,2.0246305418719213,USDA_category_mean,0.3421,3.341595744680851,USDA_category_mean,0.3421,19.469212962962963,USDA_category_mean,0.3421,27.903846153846153,USDA_category_mean,0.3421,0.0868514851485148,USDA_category_mean,0.3421,0.2530964467005076,USDA_category_mean,0.3421
tkpi_1081,Minyak kacang tanah (Peanut oil),minyak kacang tanah (peanut oil),TKPI,https://www.panganku.org/id-ID/view,Minyak/Lemak,minyak/lemak,0.0,902.0,0.0,100.0,0.0,0.0,0.0,0.0,0.0,0.0,0.0,0.0,0.0,0.0,0.0,0.0,138.40436,,0.0,0.0,0.0,0.0,,per 100g,2026-07-01T04:14:08.471742Z,2026-07-01T04:14:08.471742Z,3,0.8696,,minyak kacang tanah peanut oil,2.0246305418719213,USDA_category_mean,0.3845,3.341595744680851,USDA_category_mean,0.3845,19.469212962962963,USDA_category_mean,0.3845,27.903846153846153,USDA_category_mean,0.3845,0.0868514851485148,USDA_category_mean,0.3845,0.2530964467005076,USDA_category_mean,0.3845
tkpi_1082,Minyak kedelai (Soybean oil),minyak kedelai (soybean oil),TKPI,https://www.panganku.org/id-ID/view,Minyak/Lemak,minyak/lemak,0.1,883.0,0.0,99.9,0.0,0.0,0.0,0.0,0.0,0.0,0.0,0.1,0.0,0.0,0.0,0.0,138.40436,,0.0,0.0,0.0,0.0,,per 100g,2026-07-01T04:14:08.471742Z,2026-07-01T04:14:08.471742Z,3,0.8696,,minyak kedelai soybean oil,2.0246305418719213,USDA_category_mean,0.2899,3.341595744680851,USDA_category_mean,0.2899,19.469212962962963,USDA_category_mean,0.2899,27.903846153846153,USDA_category_mean,0.2899,0.0868514851485148,USDA_category_mean,0.2899,0.2530964467005076,USDA_category_mean,0.2899
tkpi_1083,Minyak kelapa (Coconut oil),minyak kelapa (coconut oil),TKPI,https://www.panganku.org/id-ID/view,Minyak/Lemak,minyak/lemak,0.0,870.0,1.0,98.0,0.0,0.0,1.0,0.0,0.0,0.0,0.0,0.0,0.0,0.0,0.0,0.0,138.40436,,0.0,0.0,0.0,0.0,,per 100g,2026-07-01T04:14:08.471742Z,2026-07-01T04:14:08.471742Z,3,0.8696,,minyak kelapa coconut oil,0.0,USDA_direct_medium,0.5625,0.0,USDA_direct_medium,0.5625,82.475,USDA_direct_medium,0.5625,0.0,USDA_direct_medium,0.5625,0.0,USDA_direct_medium,0.5625,0.0,USDA_direct_medium,0.5625
tkpi_1084,Minyak kelapa sawit (Palm oil),minyak kelapa sawit (palm oil),TKPI,https://www.panganku.org/id-ID/view,Minyak/Lemak,minyak/lemak,0.0,884.0,0.0,100.0,0.0,0.0,0.0,0.0,0.0,0.0,0.0,0.0,0.0,0.0,341.91454,18.181,416.96479999999997,,0.0,0.0,0.0,0.0,,per 100g,2026-07-01T04:14:08.471742Z,2026-07-01T04:14:08.471742Z,4,0.8261,,minyak kelapa sawit palm oil,0.0,USDA_direct_medium,0.4144,0.0,USDA_direct_medium,0.4144,49.3,USDA_direct_medium,0.4144,0.0,USDA_direct_medium,0.4144,0.0,USDA_direct_medium,0.4144,0.0,USDA_direct_medium,0.4144
tkpi_1085,Minyak wijen (Sesame oil),minyak wijen (sesame oil),TKPI,https://www.panganku.org/id-ID/view,Minyak/Lemak,minyak/lemak,0.1,881.0,0.2,99.7,0.0,0.0,0.0,10.0,5.0,0.1,2.0,20.0,0.0,0.0,0.0,0.0,26.90452,,0.01,0.07,0.1,0.0,,per 100g,2026-07-01T04:14:08.471742Z,2026-07-01T04:14:08.471742Z,3,0.8696,,minyak wijen sesame oil,0.0,USDA_direct_medium,0.4575,0.0,USDA_direct_medium,0.4575,14.2,USDA_direct_medium,0.4575,0.0,USDA_direct_medium,0.4575,0.0,USDA_direct_medium,0.4575,0.0,USDA_direct_medium,0.4575
tkpi_1086,Minyak Zaitun (Olive oil),minyak zaitun (olive oil),TKPI,https://www.panganku.org/id-ID/view,Minyak/Lemak,minyak/lemak,0.0,884.0,0.0,100.0,0.0,0.0,0.0,14.0,0.0,1.2,7.0,0.0,0.0,0.0,6.14281,0.0,30.019700000000004,,0.0,0.0,5.0,0.1,,per 100g,2026-07-01T04:14:08.471742Z,2026-07-01T04:14:08.471742Z,5,0.7826,,minyak zaitun olive oil,0.0,USDA_direct_medium,0.438,0.0,USDA_direct_medium,0.438,13.808,USDA_direct_medium,0.438,0.0,USDA_direct_medium,0.438,0.0,USDA_direct_medium,0.438,0.0,USDA_direct_medium,0.438
tkpi_1087,Margarin (Butter),margarin (butter),TKPI,https://www.panganku.org/id-ID/view,Minyak/Lemak,minyak/lemak,15.5,720.0,0.6,81.0,0.4,0.0,2.5,20.0,16.0,0.0,760.0,25.9,0.0,0.0,606.0,633.0,449.51027999999997,,0.0,0.0,0.0,0.0,,per 100g,2026-07-01T04:14:08.471742Z,2026-07-01T04:14:08.471742Z,3,0.8696,,margarin butter,2.0246305418719213,USDA_category_mean,0.3429,3.341595744680851,USDA_category_mean,0.3429,19.469212962962963,USDA_category_mean,0.3429,27.903846153846153,USDA_category_mean,0.3429,0.0868514851485148,USDA_category_mean,0.3429,0.2530964467005076,USDA_category_mean,0.3429
tkpi_1088,Mentega (Margarine),mentega (margarine),TKPI,https://www.panganku.org/id-ID/view,Minyak/Lemak,minyak/lemak,16.0,742.0,0.5,81.6,1.4,0.0,1.9,15.0,16.0,1.1,653.0,103.0,0.0,0.4,1.0,155.0,132.6646,,0.0,0.1,0.0,0.04,,per 100g,2026-07-01T04:14:08.471742Z,2026-07-01T04:14:08.471742Z,4,0.8261,,mentega margarine,2.0246305418719213,USDA_category_mean,0.2527,3.341595744680851,USDA_category_mean,0.2527,19.469212962962963,USDA_category_mean,0.2527,27.903846153846153,USDA_category_mean,0.2527,0.0868514851485148,USDA_category_mean,0.2527,0.2530964467005076,USDA_category_mean,0.2527
tkpi_1089,Santan (dengan air) (Coconut milk mixed with water),santan (dengan air) (coconut milk mixed with water),TKPI,https://www.panganku.org/id-ID/view,Minyak/Lemak,minyak/lemak,80.0,122.0,2.0,10.0,7.6,1.4,0.4,25.0,30.0,0.1,9.0,162.4,0.16,0.4,0.0,28.82,37.08456,,0.02,0.0,0.5,2.0,,per 100g,2026-07-01T04:14:08.471742Z,2026-07-01T04:14:08.471742Z,4,0.8261,,santan dengan air coconut milk mixed water,2.0246305418719213,USDA_category_mean,0.263,3.341595744680851,USDA_category_mean,0.263,19.469212962962963,USDA_category_mean,0.263,27.903846153846153,USDA_category_mean,0.263,0.0868514851485148,USDA_category_mean,0.263,0.2530964467005076,USDA_category_mean,0.263
tkpi_1090,"Santan murni (Coconut milk, pured)","santan murni (coconut milk, pured)",TKPI,https://www.panganku.org/id-ID/view,Minyak/Lemak,minyak/lemak,54.9,324.0,4.2,34.3,5.6,0.0,1.0,14.0,45.0,1.9,18.0,514.1,0.37,0.9,0.0,0.0,3.6003,,0.02,0.0,0.5,2.0,,per 100g,2026-07-01T04:14:08.471742Z,2026-07-01T04:14:08.471742Z,3,0.8696,,santan murni coconut milk pured,2.0246305418719213,USDA_category_mean,0.3203,3.341595744680851,USDA_category_mean,0.3203,19.469212962962963,USDA_category_mean,0.3203,27.903846153846153,USDA_category_mean,0.3203,0.0868514851485148,USDA_category_mean,0.3203,0.2530964467005076,USDA_category_mean,0.3203
tkpi_1091,"Coklat manis, batang (Chocolate, bar)","coklat manis, batang (chocolate, bar)",TKPI,https://www.panganku.org/id-ID/view,Konfeksioneri,konfeksioneri,1.4,527.0,2.0,29.8,62.7,6.5,4.1,63.0,287.0,2.8,6.0,499.5,0.0,0.0,8.5,73.22882,30.0,,0.03,0.02,0.0,0.0,,per 100g,2026-07-01T04:14:08.471742Z,2026-07-01T04:14:08.471742Z,4,0.8261,,coklat manis batang chocolate bar,,not_matched,,,not_matched,,,not_matched,,,not_matched,,,not_matched,,,not_matched,
tkpi_1092,"Coklat pahit,batang (Chocolate,dark, bar)","coklat pahit,batang (chocolate,dark, bar)",TKPI,https://www.panganku.org/id-ID/view,Konfeksioneri,konfeksioneri,2.3,615.0,5.5,42.6,29.2,10.8,10.1,98.0,446.0,4.4,20.0,708.3,1.7,3.3,7.17654,2.0,60.0,,0.05,0.08,1.0,0.0,,per 100g,2026-07-01T04:14:08.471742Z,2026-07-01T04:14:08.471742Z,3,0.8696,,coklat pahit batang chocolate dark bar,35.81666666666667,USDA_category_mean,0.3355,42.15437086092715,USDA_category_mean,0.3355,5.790073313782991,USDA_category_mean,0.3355,8.912181303116148,USDA_category_mean,0.3355,0.069267558528428,USDA_category_mean,0.3355,0.1920138888888888,USDA_category_mean,0.3355
tkpi_1093,"Coklat susu, batang (Chocolate, dairy milk, bar)","coklat susu, batang (chocolate, dairy milk, bar)",TKPI,https://www.panganku.org/id-ID/view,Konfeksioneri,konfeksioneri,1.0,565.0,9.0,35.0,53.6,3.4,1.4,200.0,200.0,2.0,100.0,405.5,0.49,2.3,4.8597399999999995,54.0,30.0,,0.08,0.45,0.5,0.0,,per 100g,2026-07-01T04:14:08.471742Z,2026-07-01T04:14:08.471742Z,3,0.8696,,coklat susu batang chocolate dairy milk bar,35.81666666666667,USDA_category_mean,0.2611,42.15437086092715,USDA_category_mean,0.2611,5.790073313782991,USDA_category_mean,0.2611,8.912181303116148,USDA_category_mean,0.2611,0.069267558528428,USDA_category_mean,0.2611,0.1920138888888888,USDA_category_mean,0.2611
tkpi_1094,"Coklat bubuk (Cacao, powder)","coklat bubuk (cacao, powder)",TKPI,https://www.panganku.org/id-ID/view,Konfeksioneri,konfeksioneri,3.9,311.0,8.0,4.0,48.9,32.6,15.4,125.0,715.0,11.6,378.56415999999996,650.4975,1.5166,7.958000000000001,286.2,70.2908,30.0,,0.12,0.44739999999999996,0.6,4.62,,per 100g,2026-07-01T04:14:08.471742Z,2026-07-01T04:14:08.471742Z,10,0.5652,,coklat bubuk cacao powder,35.81666666666667,USDA_category_mean,0.3181,42.15437086092715,USDA_category_mean,0.3181,5.790073313782991,USDA_category_mean,0.3181,8.912181303116148,USDA_category_mean,0.3181,0.069267558528428,USDA_category_mean,0.3181,0.1920138888888888,USDA_category_mean,0.3181
tkpi_1095,"Gula aren (Sugar, palm)","gula aren (sugar, palm)",TKPI,https://www.panganku.org/id-ID/view,Konfeksioneri,konfeksioneri,7.0,368.0,0.0,0.0,92.0,0.0,1.0,75.0,35.0,3.0,15.0,390.4,0.04,26.4,0.0,0.0,86.00028,,0.0,0.01,0.5,0.0,,per 100g,2026-07-01T04:14:08.471742Z,2026-07-01T04:14:08.471742Z,3,0.8696,,gula aren sugar palm,90.46745562130178,USDA_category_mean,0.254,16.4268253968254,USDA_category_mean,0.254,4.805689655172414,USDA_category_mean,0.254,3.411764705882353,USDA_category_mean,0.254,0.4938479532163743,USDA_category_mean,0.254,0.675688622754491,USDA_category_mean,0.254
tkpi_1096,Gula kelapa,gula kelapa,TKPI,https://www.panganku.org/id-ID/view,Konfeksioneri,konfeksioneri,10.0,386.0,3.0,10.0,76.0,0.0,1.0,76.0,37.0,2.6,2.0,0.0,0.0,0.0,0.0,0.0,11.59096,,0.0,0.34,0.5,0.0,,per 100g,2026-07-01T04:14:08.471742Z,2026-07-01T04:14:08.471742Z,3,0.8696,,gula kelapa,,not_matched,,,not_matched,,,not_matched,,,not_matched,,,not_matched,,,not_matched,
tkpi_1097,Gula putih (Sugar cane),gula putih (sugar cane),TKPI,https://www.panganku.org/id-ID/view,Konfeksioneri,konfeksioneri,5.4,394.0,0.0,0.0,94.0,0.0,0.6,5.0,1.0,0.1,1.0,4.8,0.0,0.0,0.0,0.0,12.669479999999998,,0.0,0.0,0.0,0.0,,per 100g,2026-07-01T04:14:08.471742Z,2026-07-01T04:14:08.471742Z,3,0.8696,,gula putih sugar cane,10.0,USDA_direct_medium,0.4316,73.2,USDA_direct_medium,0.4316,0.0,USDA_direct_medium,0.4316,0.0,USDA_direct_medium,0.4316,0.0,USDA_direct_medium,0.4316,0.0,USDA_direct_medium,0.4316
tkpi_1098,"Jam, selai (Jam)","jam, selai (jam)",TKPI,https://www.panganku.org/id-ID/view,Konfeksioneri,konfeksioneri,34.0,239.0,0.5,0.6,64.5,1.0,0.4,20.0,20.0,1.0,30.0,73.1,0.09,0.0,0.0,0.0,3.32,,0.01,0.07,0.0,0.0,,per 100g,2026-07-01T04:14:08.471742Z,2026-07-01T04:14:08.471742Z,3,0.8696,,jam selai jam,,not_matched,,,not_matched,,,not_matched,,,not_matched,,,not_matched,,,not_matched,
tkpi_1099,"Kopi bubuk instant (Coffee, instant)","kopi bubuk instant (coffee, instant)",TKPI,https://www.panganku.org/id-ID/view,Konfeksioneri,konfeksioneri,2.6,129.0,12.3,0.5,35.0,0.0,9.7,179.0,383.0,5.6,72.0,3.256,0.14,0.0,17.08546,0.0,0.0,,0.0,0.21,30.6,0.0,,per 100g,2026-07-01T04:14:08.471742Z,2026-07-01T04:14:08.471742Z,3,0.8696,,kopi bubuk instant coffee instant,45.0,USDA_direct_medium,0.4069,67.86,USDA_direct_medium,0.4069,0.825,USDA_direct_medium,0.4069,0.0,USDA_direct_medium,0.4069,0.012,USDA_direct_medium,0.4069,0.0,USDA_direct_medium,0.4069
tkpi_1100,Madu (Honey),madu (honey),TKPI,https://www.panganku.org/id-ID/view,Konfeksioneri,konfeksioneri,20.0,294.0,0.3,0.0,79.5,0.2,0.2,5.0,16.0,0.9,6.0,26.9,0.04,0.2,0.0,0.0,3.48,,0.0,0.04,0.1,4.0,,per 100g,2026-07-01T04:14:08.471742Z,2026-07-01T04:14:08.471742Z,3,0.8696,,madu honey,2.0,USDA_direct_medium,0.6298,82.12,USDA_direct_medium,0.6298,0.0,USDA_direct_medium,0.6298,0.0,USDA_direct_medium,0.6298,0.024,USDA_direct_medium,0.6298,0.0,USDA_direct_medium,0.6298
tkpi_1101,Markisa squash,markisa squash,TKPI,https://www.panganku.org/id-ID/view,Konfeksioneri,konfeksioneri,46.7,217.0,2.5,1.0,49.6,4.7379999999999995,0.2,6.0,83.0,0.6,14.0,65.0,0.0,0.1,0.0,23.0,75.0,,0.07,0.02,0.0,14.0,,per 100g,2026-07-01T04:14:08.471742Z,2026-07-01T04:14:08.471742Z,4,0.8261,,markisa squash,,not_matched,,,not_matched,,,not_matched,,,not_matched,,,not_matched,,,not_matched,
tkpi_1102,"Markisa squash, BD (Squash, markisa)","markisa squash, bd (squash, markisa)",TKPI,https://www.panganku.org/id-ID/view,Konfeksioneri,konfeksioneri,74.4,104.0,1.2,0.5,23.7,5.762,0.2,1.0,88.0,0.5,40.0,40.0,0.0,0.1,0.0,7.0,40.0,,0.2,0.02,0.0,12.0,,per 100g,2026-07-01T04:14:08.471742Z,2026-07-01T04:14:08.471742Z,4,0.8261,,markisa squash squash markisa,,not_matched,,,not_matched,,,not_matched,,,not_matched,,,not_matched,,,not_matched,
tkpi_1103,Melase,melase,TKPI,https://www.panganku.org/id-ID/view,Konfeksioneri,konfeksioneri,21.2,276.0,18.026000000000003,0.1,71.0,0.0,7.7,6.0,83.0,0.6,14.0,249.60069999999996,0.0,0.3,0.0,0.0,44.48443999999999,,0.04,0.28119999999999995,24.090000000000003,0.0,,per 100g,2026-07-01T04:14:08.471742Z,2026-07-01T04:14:08.471742Z,7,0.6957,"Bagian dari gula yang tidak mengering setelah dimasak dengan banyaknya campuran yang ditambahkan, dimanfaatkan dalam pembuatan sirop, arak, spiritus, atau sebagai campuran pakan ternak",melase,,not_matched,,,not_matched,,,not_matched,,,not_matched,,,not_matched,,,not_matched,
tkpi_1104,Sirup (syrup),sirup (syrup),TKPI,https://www.panganku.org/id-ID/view,Konfeksioneri,konfeksioneri,44.0,213.0,0.0,0.0,55.0,0.0,1.0,0.0,0.0,0.0,3.0,4.2,17.6106,1.8959999999999997,2.1460399999999997,0.0,24.650879999999997,,0.0,0.0,0.0,6.78,,per 100g,2026-07-01T04:14:08.471742Z,2026-07-01T04:14:08.471742Z,7,0.6957,,sirup syrup,1.0,USDA_direct_medium,0.4579,53.0,USDA_direct_medium,0.4579,0.0,USDA_direct_medium,0.4579,0.0,USDA_direct_medium,0.4579,0.001,USDA_direct_medium,0.4579,0.0,USDA_direct_medium,0.4579
tkpi_1105,"Sirup pirous (syrup, pirous)","sirup pirous (syrup, pirous)",TKPI,https://www.panganku.org/id-ID/view,Konfeksioneri,konfeksioneri,43.3,228.0,0.2,0.4,55.9,0.0,0.2,470.0,93.0,29.5,3.0,4.2,5.346800000000003,1.2699999999999998,6.22414,0.0,0.0,,0.0,0.0,0.0,8.0,,per 100g,2026-07-01T04:14:08.471742Z,2026-07-01T04:14:08.471742Z,5,0.7826,,sirup pirous syrup pirous,35.81666666666667,USDA_category_mean,0.2329,42.15437086092715,USDA_category_mean,0.2329,5.790073313782991,USDA_category_mean,0.2329,8.912181303116148,USDA_category_mean,0.2329,0.069267558528428,USDA_category_mean,0.2329,0.1920138888888888,USDA_category_mean,0.2329
tkpi_1106,"Teh hijau daun kering (Tea, leaf, green, dried)","teh hijau daun kering (tea, leaf, green, dried)",TKPI,https://www.panganku.org/id-ID/view,Konfeksioneri,konfeksioneri,7.7,300.0,28.3,4.8,53.6,9.6,5.6,245.0,415.0,18.9,60.0,5.873,0.5,0.0,557.34,8.4,521.082,,0.38,1.24,4.6,230.0,,per 100g,2026-07-01T04:14:08.471742Z,2026-07-01T04:14:08.471742Z,4,0.8261,,teh hijau daun tea leaf green,,not_matched,,,not_matched,,,not_matched,,,not_matched,,,not_matched,,,not_matched,
tkpi_1107,"Teh hitam daun kering (tea, leaf, black, dried)","teh hitam daun kering (tea, leaf, black, dried)",TKPI,https://www.panganku.org/id-ID/view,Konfeksioneri,konfeksioneri,8.0,293.0,24.5,2.8,58.8,8.7,5.9,327.0,313.0,24.3,50.0,5.854,0.0,0.0,0.0,2.7,56.03656000000001,,0.07,0.8,7.6,9.0,,per 100g,2026-07-01T04:14:08.471742Z,2026-07-01T04:14:08.471742Z,3,0.8696,,teh hitam daun tea leaf black,,not_matched,,,not_matched,,,not_matched,,,not_matched,,,not_matched,,,not_matched,
tkpi_1108,"Teh melati daun kering (Tea, jasmine, black, dried)","teh melati daun kering (tea, jasmine, black, dried)",TKPI,https://www.panganku.org/id-ID/view,Konfeksioneri,konfeksioneri,8.1,299.0,24.1,3.5,59.0,9.7,5.3,320.0,185.0,31.6,70.0,5.848,0.53,0.0,0.0,8.4,57.9854,,0.07,0.79,7.3,85.0,,per 100g,2026-07-01T04:14:08.471742Z,2026-07-01T04:14:08.471742Z,3,0.8696,,teh melati daun tea jasmine black,,not_matched,,,not_matched,,,not_matched,,,not_matched,,,not_matched,,,not_matched,
tkpi_1109,"Asam arang coklat, segar","asam arang coklat, segar",TKPI,https://www.panganku.org/id-ID/view,Bumbu,bumbu,66.1,130.0,0.5,1.1,30.9,1.5,1.4,79.0,113.0,4.3,13.0,162.89136,0.0,0.20999999999999994,0.04,745.0,0.0,,0.01,0.2,0.0,0.0,,per 100g,2026-07-01T04:14:08.471742Z,2026-07-01T04:14:08.471742Z,5,0.7826,,asam arang coklat,,not_matched,,,not_matched,,,not_matched,,,not_matched,,,not_matched,,,not_matched,
tkpi_1110,"Asam arang merah, segar (Mysore Gamboge, fresh)","asam arang merah, segar (mysore gamboge, fresh)",TKPI,https://www.panganku.org/id-ID/view,Bumbu,bumbu,75.9,99.0,0.8,1.6,20.3,2.8,1.4,69.0,300.0,4.6,2.0,95.7,0.0,0.1,1.28,529.0,0.0,,0.01,0.34,1.6,0.0,,per 100g,2026-07-01T04:14:08.471742Z,2026-07-01T04:14:08.471742Z,3,0.8696,,asam arang merah mysore gamboge,,not_matched,,,not_matched,,,not_matched,,,not_matched,,,not_matched,,,not_matched,
tkpi_1111,"Asan kandis, kering (Mysore Gamboge, dry)","asan kandis, kering (mysore gamboge, dry)",TKPI,https://www.panganku.org/id-ID/view,Bumbu,bumbu,32.2,261.0,0.9,1.6,63.3,5.0,2.0,192.0,657.0,4.4,26.0,341.4,0.4,0.3,3.29092,0.0,0.0,,0.0,0.0,0.4,0.0,,per 100g,2026-07-01T04:14:08.471742Z,2026-07-01T04:14:08.471742Z,3,0.8696,,asan kandis mysore gamboge,,not_matched,,,not_matched,,,not_matched,,,not_matched,,,not_matched,,,not_matched,
tkpi_1112,"Asam kandis, segar (Mysore Gamboge, fresh)","asam kandis, segar (mysore gamboge, fresh)",TKPI,https://www.panganku.org/id-ID/view,Bumbu,bumbu,81.5,75.0,0.2,1.1,16.1,3.4,1.1,63.0,139.0,2.5,93.0,93.2,0.1,0.1,0.96,41.0,0.0,,0.01,0.0,0.1,0.0,,per 100g,2026-07-01T04:14:08.471742Z,2026-07-01T04:14:08.471742Z,3,0.8696,,asam kandis mysore gamboge,,not_matched,,,not_matched,,,not_matched,,,not_matched,,,not_matched,,,not_matched,
tkpi_1113,"Asam masak pohon, segar (Tamarind, fresh)","asam masak pohon, segar (tamarind, fresh)",TKPI,https://www.panganku.org/id-ID/view,Bumbu,bumbu,31.4,267.0,2.8,0.6,62.5,1.2,2.7,74.0,113.0,0.6,9.0,139.5,0.09,0.1,0.44,9.0,30.0,,0.34,0.04,0.7,2.0,,per 100g,2026-07-01T04:14:08.471742Z,2026-07-01T04:14:08.471742Z,3,0.8696,,asam pohon tamarind,,not_matched,,,not_matched,,,not_matched,,,not_matched,,,not_matched,,,not_matched,
tkpi_1114,"Asam payak, segar (Asam paya/ kelubi/ kuwai-kuwai)","asam payak, segar (asam paya/ kelubi/ kuwai-kuwai)",TKPI,https://www.panganku.org/id-ID/view,Bumbu,bumbu,65.1,135.0,0.8,0.4,32.1,10.0,1.6,60.0,39.0,5.7,0.0,415.14868000000007,0.3847999999999998,0.9899999999999998,0.0,143.62480000000002,0.0,,0.0,0.2681999999999999,1.4560000000000008,0.0,,per 100g,2026-07-01T04:14:08.471742Z,2026-07-01T04:14:08.471742Z,9,0.6087,,asam payak asam paya kelubi kuwai kuwai,,not_matched,,,not_matched,,,not_matched,,,not_matched,,,not_matched,,,not_matched,
tkpi_1115,"Bawang merah, segar (Shallot)","bawang merah, segar (shallot)",TKPI,https://www.panganku.org/id-ID/view,Bumbu,bumbu,88.0,46.0,1.5,0.3,9.2,1.7,1.0,36.0,40.0,0.8,7.0,178.6,0.06,0.2,0.0,2.0,6.17,,0.03,0.04,0.2,2.0,,per 100g,2026-07-01T04:14:08.471742Z,2026-07-01T04:14:08.471742Z,4,0.8261,,bawang merah shallot,,not_matched,,,not_matched,,,not_matched,,,not_matched,,,not_matched,,,not_matched,
tkpi_1116,"Bawang putih, segar (Garlic)","bawang putih, segar (garlic)",TKPI,https://www.panganku.org/id-ID/view,Bumbu,bumbu,71.0,112.0,4.5,0.2,23.1,0.6,1.8,42.0,134.0,1.0,46.0,665.7,0.09,0.4,0.0,0.0,8.018120000000001,,0.22,0.07,0.3,15.0,,per 100g,2026-07-01T04:14:08.471742Z,2026-07-01T04:14:08.471742Z,4,0.8261,,bawang putih garlic,77.0,USDA_direct_medium,0.4073,2.43,USDA_direct_medium,0.4073,0.249,USDA_direct_medium,0.4073,0.0,USDA_direct_medium,0.4073,1.654,USDA_direct_medium,0.4073,0.0,USDA_direct_medium,0.4073
tkpi_1117,"Boros kunci, segar (Rhizomes / Kaemper / Chinesedey)","boros kunci, segar (rhizomes / kaemper / chinesedey)",TKPI,https://www.panganku.org/id-ID/view,Bumbu,bumbu,90.0,40.0,1.0,0.8,7.2,1.0,1.0,50.0,50.0,2.0,33.0,480.0,0.02,0.3,5.9162799999999995,0.0,5.0,,0.08,0.68,1.7,50.0,,per 100g,2026-07-01T04:14:08.471742Z,2026-07-01T04:14:08.471742Z,3,0.8696,,boros kunci rhizomes kaemper chinesedey,,not_matched,,,not_matched,,,not_matched,,,not_matched,,,not_matched,,,not_matched,
tkpi_1118,"Boros laja (lengkuas), segar (Rhizomes / Galanga)","boros laja (lengkuas), segar (rhizomes / galanga)",TKPI,https://www.panganku.org/id-ID/view,Bumbu,bumbu,93.0,26.0,1.0,0.3,4.7,1.1,1.0,50.0,50.0,2.0,24.0,137.1,0.07,0.3,0.0,5.0,5.0,,0.08,0.06,0.3,50.0,,per 100g,2026-07-01T04:14:08.471742Z,2026-07-01T04:14:08.471742Z,3,0.8696,,boros laja lengkuas rhizomes galanga,,not_matched,,,not_matched,,,not_matched,,,not_matched,,,not_matched,,,not_matched,
tkpi_1119,"Cabai gembor merah, segar (Chili papper)","cabai gembor merah, segar (chili papper)",TKPI,https://www.panganku.org/id-ID/view,Bumbu,bumbu,90.8,38.0,1.6,0.8,6.3,1.6,0.6,49.0,41.0,1.1,7.0,275.3,0.12,0.2,0.0,5.897,3.24,,0.21,0.12,0.0,16.0,,per 100g,2026-07-01T04:14:08.471742Z,2026-07-01T04:14:08.471742Z,3,0.8696,,cabai gembor merah chili papper,14.29045643153527,USDA_category_mean,0.2521,4.653980099502488,USDA_category_mean,0.2521,1.20485306122449,USDA_category_mean,0.2521,4.821276595744681,USDA_category_mean,0.2521,0.0719829059829059,USDA_category_mean,0.2521,0.287196261682243,USDA_category_mean,0.2521
tkpi_1120,"Cabai hijau, segar (Chili papper)","cabai hijau, segar (chili papper)",TKPI,https://www.panganku.org/id-ID/view,Bumbu,bumbu,93.4,26.0,0.7,0.3,5.2,2.6,0.4,14.0,23.0,0.4,7.0,151.0,0.08,0.2,8.04,44.0,260.0,,0.05,0.06,0.4,84.0,,per 100g,2026-07-01T04:14:08.471742Z,2026-07-01T04:14:08.471742Z,3,0.8696,,cabai hijau chili papper,14.29045643153527,USDA_category_mean,0.2789,4.653980099502488,USDA_category_mean,0.2789,1.20485306122449,USDA_category_mean,0.2789,4.821276595744681,USDA_category_mean,0.2789,0.0719829059829059,USDA_category_mean,0.2789,0.287196261682243,USDA_category_mean,0.2789
tkpi_1121,"Cabai merah, kering (Chili papper)","cabai merah, kering (chili papper)",TKPI,https://www.panganku.org/id-ID/view,Bumbu,bumbu,10.0,367.0,15.9,6.2,61.8,26.9,6.1,160.0,370.0,2.3,25.0,181.5,1.2,1.8,620.5,10.955,576.0,,0.4,1.36,4.4,50.0,,per 100g,2026-07-01T04:14:08.471742Z,2026-07-01T04:14:08.471742Z,3,0.8696,,cabai merah chili papper,14.29045643153527,USDA_category_mean,0.2987,4.653980099502488,USDA_category_mean,0.2987,1.20485306122449,USDA_category_mean,0.2987,4.821276595744681,USDA_category_mean,0.2987,0.0719829059829059,USDA_category_mean,0.2987,0.287196261682243,USDA_category_mean,0.2987
tkpi_1122,"Cabai merah, segar (Chili papper)","cabai merah, segar (chili papper)",TKPI,https://www.panganku.org/id-ID/view,Bumbu,bumbu,90.9,36.0,1.0,0.3,7.3,1.4,0.5,29.0,24.0,0.5,23.0,272.4,0.12,0.2,341.86,5.833,470.0,,0.05,0.09,3.0,18.0,,per 100g,2026-07-01T04:14:08.471742Z,2026-07-01T04:14:08.471742Z,3,0.8696,,cabai merah chili papper,14.29045643153527,USDA_category_mean,0.2987,4.653980099502488,USDA_category_mean,0.2987,1.20485306122449,USDA_category_mean,0.2987,4.821276595744681,USDA_category_mean,0.2987,0.0719829059829059,USDA_category_mean,0.2987,0.287196261682243,USDA_category_mean,0.2987
tkpi_1123,"Cabai rawit, segar (Chili papper)","cabai rawit, segar (chili papper)",TKPI,https://www.panganku.org/id-ID/view,Bumbu,bumbu,71.2,120.0,4.7,2.4,19.9,15.2,1.8,45.0,85.0,2.5,34.0,706.2,0.29,0.6,0.0,1.694,11.05,,0.24,0.09,1.7,70.0,,per 100g,2026-07-01T04:14:08.471742Z,2026-07-01T04:14:08.471742Z,3,0.8696,,cabai rawit chili papper,14.29045643153527,USDA_category_mean,0.2789,4.653980099502488,USDA_category_mean,0.2789,1.20485306122449,USDA_category_mean,0.2789,4.821276595744681,USDA_category_mean,0.2789,0.0719829059829059,USDA_category_mean,0.2789,0.287196261682243,USDA_category_mean,0.2789
tkpi_1124,"Cengkeh, kering (Cloves, dried)","cengkeh, kering (cloves, dried)",TKPI,https://www.panganku.org/id-ID/view,Bumbu,bumbu,23.3,330.0,5.2,8.9,57.4,10.0,5.2,740.0,100.0,4.9,282.0,961.0,0.3,0.0,273.01624,265.0,318.05944,,200.0,0.0,0.0,27.12,,per 100g,2026-07-01T04:14:08.471742Z,2026-07-01T04:14:08.471742Z,5,0.7826,,cengkeh cloves,259.0,USDA_direct_medium,0.4965,2.38,USDA_direct_medium,0.4965,3.952,USDA_direct_medium,0.4965,0.0,USDA_direct_medium,0.4965,0.391,USDA_direct_medium,0.4965,0.0,USDA_direct_medium,0.4965
tkpi_1125,"Daun salam,  bubuk (Bay-leaf)","daun salam, bubuk (bay-leaf)",TKPI,https://www.panganku.org/id-ID/view,Bumbu,bumbu,13.1,301.0,14.2,10.9,49.0,9.4,12.8,86.0,250.0,44.1,180.0,619.0,1.31,0.7,0.0,5.4,73.37758,,0.1,0.32,5.0,0.0,,per 100g,2026-07-01T04:14:08.471742Z,2026-07-01T04:14:08.471742Z,3,0.8696,,daun salam bubuk bay leaf,120.0,USDA_direct_medium,0.5561,,USDA_direct_medium,0.5561,2.28,USDA_direct_medium,0.5561,0.0,USDA_direct_medium,0.5561,1.74,USDA_direct_medium,0.5561,0.0,USDA_direct_medium,0.5561
tkpi_1126,"Jahe, segar (Ginger, root)","jahe, segar (ginger, root)",TKPI,https://www.panganku.org/id-ID/view,Bumbu,bumbu,55.0,51.0,1.5,1.0,10.1,12.0,1.2,21.0,39.0,1.6,12.0,441.7,0.48,0.7,1.72,0.0,9.0,,0.02,0.17,3.3,4.0,,per 100g,2026-07-01T04:14:08.471742Z,2026-07-01T04:14:08.471742Z,3,0.8696,,jahe ginger root,214.0,USDA_direct_medium,0.4009,3.39,USDA_direct_medium,0.4009,2.599,USDA_direct_medium,0.4009,0.0,USDA_direct_medium,0.4009,0.626,USDA_direct_medium,0.4009,0.0,USDA_direct_medium,0.4009
tkpi_1127,Kemiri (Candle nut),kemiri (candle nut),TKPI,https://www.panganku.org/id-ID/view,Bumbu,bumbu,7.0,675.0,19.0,63.0,8.0,3.0,3.0,80.0,200.0,2.0,25.0,430.7,0.23,0.8,5.28308,0.0,0.0,,0.06,0.06,0.4,0.0,,per 100g,2026-07-01T04:14:08.471742Z,2026-07-01T04:14:08.471742Z,3,0.8696,,kemiri candle nut,,not_matched,,,not_matched,,,not_matched,,,not_matched,,,not_matched,,,not_matched,
tkpi_1128,"Ketumbar, kering (Coriander, seed)","ketumbar, kering (coriander, seed)",TKPI,https://www.panganku.org/id-ID/view,Bumbu,bumbu,11.2,418.0,14.1,16.1,54.2,12.3,4.4,630.0,370.0,17.9,91.0,1.787,0.95,4.6,2.17126,75.0,1.57,,0.2,0.35,1.8,0.0,,per 100g,2026-07-01T04:14:08.471742Z,2026-07-01T04:14:08.471742Z,3,0.8696,,ketumbar coriander seed,330.0,USDA_direct_high,0.6762,,USDA_direct_high,0.6762,0.99,USDA_direct_high,0.6762,0.0,USDA_direct_high,0.6762,,USDA_direct_high,0.6762,0.0,USDA_direct_high,0.6762
tkpi_1129,Kluwek (Pucungmit),kluwek (pucungmit),TKPI,https://www.panganku.org/id-ID/view,Bumbu,bumbu,51.0,310.0,10.0,24.0,13.5,4.4959999999999996,1.5,40.0,100.0,2.0,408.88614,309.65644000000003,0.503,1.7799999999999998,85.4201,33.30274,0.0,,0.15,0.4219999999999998,2.1279999999999997,30.0,,per 100g,2026-07-01T04:14:08.471742Z,2026-07-01T04:14:08.471742Z,11,0.5217,,kluwek pucungmit,,not_matched,,,not_matched,,,not_matched,,,not_matched,,,not_matched,,,not_matched,
tkpi_1130,"Kunyit, segar (Turmeric)","kunyit, segar (turmeric)",TKPI,https://www.panganku.org/id-ID/view,Bumbu,bumbu,84.9,69.0,2.0,2.7,9.1,0.6,1.3,24.0,78.0,3.3,6.0,406.7,0.05,0.4,0.78,12.0,7.952600000000001,,0.03,0.02,0.4,1.0,,per 100g,2026-07-01T04:14:08.471742Z,2026-07-01T04:14:08.471742Z,4,0.8261,,kunyit turmeric,208.0,USDA_direct_medium,0.4965,3.21,USDA_direct_medium,0.4965,1.838,USDA_direct_medium,0.4965,0.0,USDA_direct_medium,0.4965,0.107,USDA_direct_medium,0.4965,0.0,USDA_direct_medium,0.4965
tkpi_1131,"Merica, kering (Pepper)","merica, kering (pepper)",TKPI,https://www.panganku.org/id-ID/view,Bumbu,bumbu,12.9,365.0,11.5,6.8,64.4,1.0,4.4,460.0,200.0,16.4,4.0,99.7,0.89,1.1,9.56,0.0,89.61637999999999,,0.2,0.1,2.5,0.0,,per 100g,2026-07-01T04:14:08.471742Z,2026-07-01T04:14:08.471742Z,5,0.7826,,merica pepper,205.85,USDA_category_mean,0.3911,4.4195,USDA_category_mean,0.3911,1.9768548387096776,USDA_category_mean,0.3911,0.0,USDA_category_mean,0.3911,0.7262631578947368,USDA_category_mean,0.3911,0.0,USDA_category_mean,0.3911
tkpi_1132,"Pala, biji, kering (Nutmeg)","pala, biji, kering (nutmeg)",TKPI,https://www.panganku.org/id-ID/view,Bumbu,bumbu,14.3,518.0,7.5,36.4,40.1,3.5,1.7,120.0,240.0,4.6,2.0,78.7,0.94,2.0,0.73628,7.0,10.4676,,0.2,0.02,0.5,0.0,,per 100g,2026-07-01T04:14:08.471742Z,2026-07-01T04:14:08.471742Z,4,0.8261,,pala biji nutmeg,183.0,USDA_direct_medium,0.4009,2.99,USDA_direct_medium,0.4009,25.94,USDA_direct_medium,0.4009,0.0,USDA_direct_medium,0.4009,0.16,USDA_direct_medium,0.4009,0.0,USDA_direct_medium,0.4009
tkpi_1133,Balichong (Tiny shrimp fermented),balichong (tiny shrimp fermented),TKPI,https://www.panganku.org/id-ID/view,Bumbu,bumbu,59.9,152.0,13.2,0.8,22.9,1.5,3.6,380.0,210.0,2.9,120.0,310.0,0.8,1.1,34.0,0.0,13.792940000000002,,0.01,0.08,0.2,4.06,,per 100g,2026-07-01T04:14:08.471742Z,2026-07-01T04:14:08.471742Z,4,0.8261,Udang kecil yang difermentasi,balichong tiny shrimp fermented,14.29045643153527,USDA_category_mean,0.3096,4.653980099502488,USDA_category_mean,0.3096,1.20485306122449,USDA_category_mean,0.3096,4.821276595744681,USDA_category_mean,0.3096,0.0719829059829059,USDA_category_mean,0.3096,0.287196261682243,USDA_category_mean,0.3096
tkpi_1134,Bekasam (Tiny shrimp fermented),bekasam (tiny shrimp fermented),TKPI,https://www.panganku.org/id-ID/view,Bumbu,bumbu,65.5,116.0,11.9,4.9,6.1,3.5,11.6,704.0,757.0,7.5,711.0,176.0,0.8,1.9,93.75374000000002,0.0,54.178000000000004,,0.0,0.03,2.1,15.68,,per 100g,2026-07-01T04:14:08.471742Z,2026-07-01T04:14:08.471742Z,5,0.7826,Udang kecil yang difermentasi,bekasam tiny shrimp fermented,14.29045643153527,USDA_category_mean,0.3096,4.653980099502488,USDA_category_mean,0.3096,1.20485306122449,USDA_category_mean,0.3096,4.821276595744681,USDA_category_mean,0.3096,0.0719829059829059,USDA_category_mean,0.3096,0.287196261682243,USDA_category_mean,0.3096
tkpi_1135,Bekasang (Fermented fish),bekasang (fermented fish),TKPI,https://www.panganku.org/id-ID/view,Bumbu,bumbu,67.1,78.0,11.4,2.0,3.6,0.4,15.9,54.0,97.0,2.6,4.016,121.0,0.2,4.8,292.48,338.40288,622.54,,0.15,0.12,0.6,46.28,,per 100g,2026-07-01T04:14:08.471742Z,2026-07-01T04:14:08.471742Z,6,0.7391,Ikan yang difermentasi,bekasang fermented fish,1.0,USDA_direct_medium,0.4292,0.09,USDA_direct_medium,0.4292,0.133,USDA_direct_medium,0.4292,0.0,USDA_direct_medium,0.4292,0.01,USDA_direct_medium,0.4292,0.1,USDA_direct_medium,0.4292
tkpi_1136,Cuka (vinegar),cuka (vinegar),TKPI,https://www.panganku.org/id-ID/view,Bumbu,bumbu,94.5,21.0,0.1,0.1,5.0,0.0,0.3,7.0,10.0,0.5,21.0,37.8,0.0,0.0,10.56606,0.0,68.98066,,0.24,0.0,0.7,17.88,,per 100g,2026-07-01T04:14:08.471742Z,2026-07-01T04:14:08.471742Z,5,0.7826,,cuka vinegar,5.0,USDA_direct_medium,0.4033,0.4,USDA_direct_medium,0.4033,0.0,USDA_direct_medium,0.4033,0.0,USDA_direct_medium,0.4033,0.0,USDA_direct_medium,0.4033,0.0,USDA_direct_medium,0.4033
tkpi_1137,Kecap (Soyabean sauce),kecap (soyabean sauce),TKPI,https://www.panganku.org/id-ID/view,Bumbu,bumbu,63.0,71.0,5.7,1.3,9.0,0.0,21.0,123.0,96.0,5.7,1.114,192.93289999999996,0.04,2.4279999999999995,0.0,275.6443,305.32694,,0.0,0.2919999999999999,14.110000000000003,0.0,,per 100g,2026-07-01T04:14:08.471742Z,2026-07-01T04:14:08.471742Z,8,0.6522,,kecap soyabean sauce,14.29045643153527,USDA_category_mean,0.2175,4.653980099502488,USDA_category_mean,0.2175,1.20485306122449,USDA_category_mean,0.2175,4.821276595744681,USDA_category_mean,0.2175,0.0719829059829059,USDA_category_mean,0.2175,0.287196261682243,USDA_category_mean,0.2175
tkpi_1138,"Petis ikan (fish,fermented, paste (petis))","petis ikan (fish,fermented, paste (petis))",TKPI,https://www.panganku.org/id-ID/view,Bumbu,bumbu,56.0,165.0,20.0,0.2,20.8,2.2540000000000004,3.0,37.0,36.0,2.8,359.62246,321.67576,6.4769999999999985,1.3220000000000005,41.9,13.47192,0.0,,0.01,0.2,0.8,0.0,,per 100g,2026-07-01T04:14:08.471742Z,2026-07-01T04:14:08.471742Z,9,0.6087,,petis ikan fish fermented paste petis,14.29045643153527,USDA_category_mean,0.2572,4.653980099502488,USDA_category_mean,0.2572,1.20485306122449,USDA_category_mean,0.2572,4.821276595744681,USDA_category_mean,0.2572,0.0719829059829059,USDA_category_mean,0.2572,0.287196261682243,USDA_category_mean,0.2572
tkpi_1139,"Petis udang kering (shrimp, fermented, dried (petis))","petis udang kering (shrimp, fermented, dried (petis))",TKPI,https://www.panganku.org/id-ID/view,Bumbu,bumbu,8.3,345.0,23.8,1.4,59.3,0.0,7.1,221.0,397.0,3.8,11.998,462.8,0.75,1.9,15.199819999999999,0.0,232.0,,1.02,0.4,2.2,0.0,,per 100g,2026-07-01T04:14:08.471742Z,2026-07-01T04:14:08.471742Z,3,0.8696,,petis udang shrimp fermented petis,14.29045643153527,USDA_category_mean,0.237,4.653980099502488,USDA_category_mean,0.237,1.20485306122449,USDA_category_mean,0.237,4.821276595744681,USDA_category_mean,0.237,0.0719829059829059,USDA_category_mean,0.237,0.287196261682243,USDA_category_mean,0.237
tkpi_1140,"Petis udang pasta (shrimp, fermented, paste (petis))","petis udang pasta (shrimp, fermented, paste (petis))",TKPI,https://www.panganku.org/id-ID/view,Bumbu,bumbu,39.0,220.0,15.0,0.9,38.0,2.3,7.1,37.0,36.0,2.8,7.981,307.9,0.5,1.3,5.32472,0.0,0.0,,0.01,0.13,1.7,0.0,,per 100g,2026-07-01T04:14:08.471742Z,2026-07-01T04:14:08.471742Z,3,0.8696,,petis udang pasta shrimp fermented paste petis,14.29045643153527,USDA_category_mean,0.2076,4.653980099502488,USDA_category_mean,0.2076,1.20485306122449,USDA_category_mean,0.2076,4.821276595744681,USDA_category_mean,0.2076,0.0719829059829059,USDA_category_mean,0.2076,0.287196261682243,USDA_category_mean,0.2076
tkpi_1141,"Saos tomat (Tomato, sauce)","saos tomat (tomato, sauce)",TKPI,https://www.panganku.org/id-ID/view,Bumbu,bumbu,69.5,110.0,2.0,0.4,24.5,0.9,3.6,12.0,18.0,0.8,890.0,129.6,0.18,0.3,133.38,357.0,570.0,,0.09,0.06,1.7,11.0,,per 100g,2026-07-01T04:14:08.471742Z,2026-07-01T04:14:08.471742Z,3,0.8696,,saos tomat tomato sauce,14.29045643153527,USDA_category_mean,0.3001,4.653980099502488,USDA_category_mean,0.3001,1.20485306122449,USDA_category_mean,0.3001,4.821276595744681,USDA_category_mean,0.3001,0.0719829059829059,USDA_category_mean,0.3001,0.287196261682243,USDA_category_mean,0.3001
tkpi_1142,"Tempoya (durian, fermented)","tempoya (durian, fermented)",TKPI,https://www.panganku.org/id-ID/view,Bumbu,bumbu,70.1,110.0,1.7,1.3,21.9,2.6,5.0,190.0,45.0,2.9,597.0,486.3,5.2976,0.7380000000000001,39.78402,71.0,105.79024000000003,,0.3,0.04,1.1,0.0,,per 100g,2026-07-01T04:14:08.471742Z,2026-07-01T04:14:08.471742Z,6,0.7391,Daging durian yang difermentasi,tempoya durian fermented,,not_matched,,,not_matched,,,not_matched,,,not_matched,,,not_matched,,,not_matched,
tkpi_1143,"Terasi (Fish, fermented, paste (terasi))","terasi (fish, fermented, paste (terasi))",TKPI,https://www.panganku.org/id-ID/view,Bumbu,bumbu,33.8,155.0,22.3,2.9,9.9,2.7,31.1,3.812,726.0,78.5,1.664,821.4,0.99,2.4,13.52914,0.0,0.0,,0.24,0.0,3.3,0.0,,per 100g,2026-07-01T04:14:08.471742Z,2026-07-01T04:14:08.471742Z,3,0.8696,,terasi fish fermented paste terasi,14.29045643153527,USDA_category_mean,0.2811,4.653980099502488,USDA_category_mean,0.2811,1.20485306122449,USDA_category_mean,0.2811,4.821276595744681,USDA_category_mean,0.2811,0.0719829059829059,USDA_category_mean,0.2811,0.287196261682243,USDA_category_mean,0.2811
tkpi_1144,Terasi dobo,terasi dobo,TKPI,https://www.panganku.org/id-ID/view,Bumbu,bumbu,58.4,191.0,33.1,3.6,6.6,1.6,11.5,2.25,1.13,22.9,650.0,1.26,2.9,5.0,134.07634,0.0,109.77756000000004,,3.74,0.22,2.0,0.52,,per 100g,2026-07-01T04:14:08.471742Z,2026-07-01T04:14:08.471742Z,5,0.7826,Udang yang difermentasi,terasi dobo,,not_matched,,,not_matched,,,not_matched,,,not_matched,,,not_matched,,,not_matched,
tkpi_1145,Terasi merah,terasi merah,TKPI,https://www.panganku.org/id-ID/view,Bumbu,bumbu,40.0,174.0,30.0,3.5,5.6,2.2,20.4,100.0,150.0,3.1,7.85,302.8,0.49,1.2,5.39898,0.0,0.0,,0.0,0.12,1.7,0.0,,per 100g,2026-07-01T04:14:08.471742Z,2026-07-01T04:14:08.471742Z,3,0.8696,,terasi merah,,not_matched,,,not_matched,,,not_matched,,,not_matched,,,not_matched,,,not_matched,
tkpi_1146,"Kelapa muda, air, segar (Coconut, young,  water, fresh)","kelapa muda, air, segar (coconut, young, water, fresh)",TKPI,https://www.panganku.org/id-ID/view,Minuman Non Alkohol,minuman non alkohol,95.5,17.0,0.2,0.1,3.8,0.0,0.4,15.0,8.0,0.2,1.0,149.0,0.04,0.1,0.0,0.0,57.98269999999999,,0.0,0.0,0.0,1.0,,per 100g,2026-07-01T04:14:08.471742Z,2026-07-01T04:14:08.471742Z,3,0.8696,,kelapa muda air coconut young water,28.9211356466877,USDA_category_mean,0.3227,12.50324414715719,USDA_category_mean,0.3227,0.5430918032786886,USDA_category_mean,0.3227,1.824675324675325,USDA_category_mean,0.3227,0.1994950819672131,USDA_category_mean,0.3227,0.3178859060402684,USDA_category_mean,0.3227
